time,q1,q2,q3,q4,q5,q6,dq1,dq2,dq3,dq4,dq5,dq6,ddq1,ddq2,ddq3,ddq4,ddq5,ddq6
0.0,-73.80034026888194,32.496041858259886,-9.239208908053204,164.33937325406123,-41.5167708067945,123.80709894071948,-3.8862043599455647,-2.8400556321100208,-5.266967790525685,-18.070431360110295,2.1603525461009,-23.630262325928182,560.4918628247875,-1591.8127731885986,-1426.8918302703723,117.47122327458906,34.49665090857188,-1955.849721010631
0.0066711140760507,-73.95464676060145,32.37883073134667,-9.453199289177144,163.61638156861753,-41.430223857952875,122.85695201704917,-3.8240217064518616,-3.0163670979576858,-5.425316211138306,-18.053895611010738,2.1640720766941564,-23.844254307183565,558.0619159972332,-1579.585765602425,-1421.3852546385576,179.9383531242674,32.45031749048703,-1893.3604915954909
0.0133422281521014,-74.10646963896787,32.25459005777802,-9.673515159824774,162.89419059293309,-41.34353240348106,121.89837909545604,-3.7621050890243457,-3.1912884334990848,-5.583020937738526,-18.030426740763442,2.167577483000431,-24.051272924237377,555.7069980479657,-1566.807618479554,-1415.3131765399535,242.18000771647564,30.645322113058825,-1830.4162815831612
0.0200133422281521,-74.25581938295257,32.12337670394499,-9.900129497258114,162.17307731647387,-41.25670447555843,120.93166029368551,-3.700445969854688,-3.3647585339030046,-5.740019136923735,-18.000051216977102,2.1708957088067207,-24.251268738966406,553.4306134734554,-1553.481492136155,-1408.6763900184303,304.17106044267774,29.083631240151323,-1767.0377855938082
0.0266844563042028,-74.40270612205933,31.985249974874748,-10.133012765655128,161.45331761348424,-41.16974702361753,119.95707766216175,-3.639035426808248,-3.5367166573649227,-5.896248075707363,-17.962798293364234,2.174053909083818,-24.44419462285144,551.2361707046804,-1539.6107562832615,-1401.4759073396342,365.886523198839,27.767076993352486,-1703.2458529620376
0.0333555703802535,-74.54713962115652,31.84027159923427,-10.372132920614712,160.73518613178499,-41.08266590619093,118.97491509120296,-3.577864164215573,-3.707102448354729,-6.051645145788918,-17.918699993768097,2.1770794349877463,-24.63000577377692,549.1269801301127,-1525.1989894029668,-1393.712959102359,427.30155668883026,26.697356053562523,-1639.061480487434
0.0400266844563042,-74.68912926574528,31.688505713405025,-10.617455414633373,160.01895618223247,-40.99546588336072,117.98545821758016,-3.5169225238805453,-3.8758559607903686,-6.206147887831527,-17.867791095047988,2.1799998187427603,-24.80865973202082,547.1062521756852,-1510.249978039568,-1385.3889942618637,488.3914806547854,25.87602862839297,-1574.5058051225508
0.046697798532354895,-74.82868404767244,31.530018844631744,-10.868943203553581,159.3048996288861,-40.9081506098153,116.98899433045283,-3.4562004962988118,-4.042917681127947,-6.359694015737148,-17.810109108831384,2.182842758413165,-24.9801163954284,545.1770954426796,-1494.7677160057203,-1376.5056800649468,549.1317840301014,25.304517485877767,-1509.6000966010797
0.0533689126084056,-74.96581255129695,31.364879893248744,-11.12655675398358,158.5932867799285,-40.82072262851797,115.98581227671319,-3.395687732079958,-4.208228551358834,-6.512221440909681,-17.745694262141704,2.185636102571468,-25.14433803376297,543.342514904457,-1478.7564035036955,-1367.0649018966333,609.4981350108047,24.98410705496347,-1444.3657500089355
0.06004002668445631,-75.1005229401172,31.193160113987844,-11.390254051687979,157.88438627938382,-40.733183364990964,114.97620236577279,-3.335373553566911,-4.3717299919043695,-6.663668296496073,-17.674589476911,2.1884078348702007,-25.30128930222774,541.6054101629078,-1462.220446161874,-1357.0687630383613,669.4663910410371,24.91594259321402,-1378.824278301044
0.066711140760507,-75.23282294386723,31.014933096372005,-11.659990610948029,157.17846499967746,-40.645533122218936,113.9604562738247,-3.2752469666458053,-4.533363924398737,-6.813972961595661,-17.596840348387413,2.1911860585249903,-25.450937254152656,539.9685737654897,-1445.1644539866406,-1346.519584337596,729.0126087084719,25.10102942213325,-1312.9973047666222
0.07338225483655769,-75.36271984608963,30.83027474419951,-11.935719484890095,156.47578793508305,-40.55777107617518,112.93886694761436,-3.215296672739571,-4.6930727943505826,-6.963074085427801,-17.51249512244759,2.193998980716365,-25.59325135284083,538.4346895836688,-1427.5932402298838,-1335.4199037888282,788.1130535454952,25.540232230480996,-1246.9065554457773
0.0800533689126084,-75.49022047219167,30.639263254123644,-12.217391276780518,155.77661809609828,-40.46989527197359,111.9117285077534,-3.1555110809783824,-4.850799593674077,-7.1109106114480465,-17.42160467182475,2.1968748969179046,-25.72820348256919,537.0063312535656,-1409.5118201723324,-1323.7724760259678,846.744209732036,26.234274445920715,-1180.5738515002677
0.0867244829886591,-75.61533117799235,30.441979093333266,-12.504954152284542,155.08121640479436,-40.381902620649434,110.87933615161027,-3.095878320539959,-5.0064878830799975,-7.2574218014028915,-17.32422247126367,2.199842175158345,-25.85576795873847,535.685960679569,-1390.925409823016,-1311.5802717261613,904.8827896959835,27.18373767531151,-1114.0211015412929
0.09339559706470979,-75.7380578387665,30.23850497634014,-12.798353852686677,154.38984159118144,-40.29378889657116,109.84198605581135,-3.036386253152739,-5.160081814317591,-7.4025472593133825,-17.22040457161405,2.2029292402252625,-25.975921537167917,534.475926601653,-1371.8394245351453,-1298.8464769251102,962.5057436071552,28.38906121391914,-1047.2702939171947
0.1000667111407605,-75.8584058387925,30.0289258408791,-13.09753370906952,153.7027500906309,-40.205548735485415,108.79997527838736,-2.9770224857547425,-5.311526152257889,-7.546226955377622,-17.110209572874428,2.2061645578180658,-26.0886434225304,533.378463227095,-1352.2594775387665,-1285.574492244003,1019.5902687608535,29.850541623793923,-980.3434889639789
0.1067378252168112,-75.9763800614097,29.813328822927662,-13.40243465744739,153.02019594239908,-40.11717563319753,107.7536016605998,-2.9177743833009853,-5.460766296809277,-7.688401249782454,-16.993698596199117,2.2095766186579158,-26.19391527592394,532.3956889272725,-1332.1913783905663,-1271.7679320282132,1076.1138188470757,31.56833238152839,-913.2628112215798
0.1134089392928619,-76.09198487959132,29.591803230851895,-13.712995254851299,152.34243068929032,-40.02866194488848,106.70316372848079,-2.8586290817121176,-5.607748304656128,-7.8290109164144805,-16.870935254881037,2.2131939225624033,-26.291721221576086,531.5296050001673,-1311.6411313412498,-1257.4306233979412,1132.0541131015123,33.54244359557351,-846.0504416187949
0.1200800533689126,-76.20522414703832,29.364440518685885,-14.029151696360556,151.66970327850305,-39.93999888506997,105.64896059412297,-2.7995735009569893,-5.75241891081133,-7.9679971664606155,-16.741985624323878,2.2170449624926265,-26.382047852677722,530.7820944991889,-1290.6149336209346,-1242.566605211033,1187.3891453345054,35.77274179326597,-778.728609629868
0.12675116744496331,-76.31610118979967,29.131334258552407,-14.350837833076879,151.00225996369699,-39.851176528178584,104.59129185675262,-2.7405943582617076,-5.894725549973655,-8.105301671888498,-16.606918211017298,2.221158208580486,-26.464884236343377,530.1549211288911,-1269.1191736430608,-1227.1801269382358,1242.0971928342099,38.258949777679796,-711.3195854056602
0.133422281521014,-76.42461879842335,28.892580112232775,-14.677985191035665,150.3403442083223,-39.76218380980933,103.53045750362215,-2.6816781814377433,-6.034616377680918,-8.24086658879692,-16.465803920529446,2.2255620921439503,-26.540221917695348,529.649728208113,-1247.1604291273238,-1211.2756474511787,1296.1568251402452,41.00064655438669,-643.8456718824166
0.1400933955970647,-76.53077922064354,28.648275801894236,-15.010522991049157,149.68419659024903,-39.673008528589335,102.46675781075655,-2.622811322321531,-6.1720402912499575,-8.374634580626747,-16.31871602453128,2.2302849896980765,-26.608054923069396,529.2680377010597,-1224.7454651422045,-1194.857833723428,1349.546912684188,43.99726732817869,-576.3291968711035
0.1467645096731154,-76.63458415460751,28.398521079983617,-15.348378169475726,149.034054707736,-39.58363734869127,101.40049324358911,-2.563979970318022,-6.306946950494535,-8.506548841222537,-16.165730126867825,2.2353552069695275,-26.668379762339818,529.0112493167935,-1201.881232067675,-1177.9315594449772,1402.246635293318,47.24810356976728,-508.79250513033094
0.1534356237491661,-76.7360347426467,28.14341769829631,-15.691475399909065,148.39015308677597,-39.494055802986615,100.33196435752188,-2.505170166040516,-6.4392867982123025,-8.63655311773534,-16.00692412869165,2.240800962922435,-26.721195430362513,528.8806396775695,-1178.574863478717,-1160.5019035505932,1454.235490554082,50.75230315245151,-441.2579504258716
0.1601067378252168,-76.83513156559563,27.883069376229994,-16.039737115780817,147.7527230898555,-39.40424829683781,99.26147169844594,-2.4463678150391255,-6.569011080432084,-8.764591733357094,-15.842378192674445,2.246650373803306,-26.766503407534525,528.8773615564257,-1154.833673950308,-1142.5741486624502,1505.4933020318215,54.5088705587026,-373.7478875797931
0.1667778519012675,-76.93187463766185,27.61758176823289,-16.393083533869582,147.12199282616504,-39.314198112528544,98.18931570325684,-2.387558701610149,-6.696071866412766,-8.890609609877151,-15.672174706312841,2.252931437212818,-26.80430765946906,529.0024431844013,-1130.6651567845754,-1124.1537794475473,1556.0002273433452,58.51666715659092,-306.2846645122431
0.1734489659773182,-77.0262634018501,27.34706243045656,-16.751432678709143,146.4981870632959,-39.22388741433108,97.11579660040107,-2.328728502678567,-6.820422068385193,-9.014552290051403,-15.49639824434498,2.259672016212185,-26.834614635785535,529.2567876277094,-1106.0769816608445,-1105.2464808904188,1605.7367660790314,62.774411545940026,-238.89061427891286
0.1801200800533689,-77.11829672594361,27.071620786623914,-17.114700407888087,145.88152714045899,-39.13329725420868,96.04121431048846,-2.269862801745894,-6.942015461028512,-9.136365959774745,-15.315135530294821,2.2668998234719373,-26.85743326801407,529.6411722351785,-1081.076992209348,-1085.8581364816994,1654.683767571166,67.28067997407054,-171.58804710721955
0.1867911941294196,-77.20797289904472,26.791368093122983,-17.482800438232854,145.2722308832598,-39.0424075781518,94.96586834700614,-2.210947102895554,-7.060806700672579,-9.255997470047411,-15.128475397161369,2.2746424054707237,-26.872774966614738,530.1562481562255,-1055.6732035093921,-1065.9948263231329,1702.822438505344,72.0339068209502,-104.39924243425907
0.1934623082054703,-77.29528962867724,26.50641740333778,-17.855644372865765,144.67051252006405,-38.951197233145386,93.89005771716974,-2.151966844847901,-7.1767513442179975,-9.373394358726063,-14.93650874727056,2.282927126751952,-26.880653617111637,530.802539929587,-1029.8737995128072,-1045.6628251496522,1750.1343503717756,77.03238515354546,-37.346440949561995
0.200133422281521,-77.3802440384521,26.21688353122761,-18.233141729129155,144.07658259998655,-38.85964397476514,92.81408082294683,-2.0929074150570486,-7.289805867765601,-9.488504872050337,-14.73932851130766,2.2917811542458746,-26.881085575342762,531.5804451430196,-1003.6871303935518,-1024.868600269191,1796.60144675346,82.27426734913897,29.548163354289986
0.20680453635757168,-77.46283266629811,25.922883014166676,-18.615199967366596,143.49064791253582,-38.76772447539988,91.73823536228825,-2.0337541638415515,-7.399927684947162,-9.601277985935809,-14.537029606548565,2.3012314416648176,-26.874089661826545,532.4902341641201,-977.121709824361,-1003.6188094209324,1842.206050448226,87.75756578733018,96.26243112015132
0.2134756504336224,-77.54305146325875,25.624534075056033,-19.001724520551427,142.91291140894654,-38.67541433309703,90.66281823060261,-1.9744924185410857,-7.50707516494931,-9.711663427024337,-14.329708894308585,2.3113047139791365,-26.859687155246522,533.5320499424065,-950.1862121813699,-981.9202985527237,1886.9308704217326,93.48015361042387,162.77428555084867
0.22014676450967313,-77.62089579285602,25.321956583720457,-19.39261882475303,142.34357212523068,-38.58268808102745,89.58812542250907,-1.915107497691151,-7.611207650222676,-9.819611693482786,-14.117465136627711,2.322027451981506,-26.83790178505579,534.7059078827394,-922.8894696776716,-959.7800995184239,1930.759008588585,99.4397655518685,229.06172031673327
0.2268178785857238,-77.69636043102206,25.015272017602836,-19.78778435043026,141.7828251069768,-38.48951919756653,88.51445193390403,-1.8555847252078783,-7.71228547386842,-9.925074075541371,-13.900398952211582,2.33342587694712,-26.80875972320342,536.0116957901505,-895.240469426801,-937.2054276959931,1973.6739664188144,105.63399883237079,295.1028074432085
0.23348899266177447,-77.76943956659818,24.704603421769264,-20.187120634541767,141.23086133592795,-38.395880116987016,87.44209166437602,-1.7959094445750143,-7.810269976694436,-10.028002675762764,-13.67861277164776,2.345525935397199,-26.772289574985034,537.449173886106,-867.2483504371704,-914.2036795271582,2015.6596513670238,112.06031412329865,360.8757051751959
0.2401601067378252,-77.84012680240211,24.390075368238122,-20.59052531346193,140.68786765836606,-38.30174224075969,86.37133732000483,-1.7360670330251053,-7.905123523933564,-10.128350429033333,-13.452210791917146,2.3583532839734143,-26.728522369020492,539.0179748961737,-838.922400538505,-890.7824299795294,2056.7003831215998,118.71603657692896,426.3586658155214
0.24683122081387593,-77.90841515686255,24.071813914646956,-20.997894156691395,140.15402671533084,-38.207075949456915,85.3024803165788,-1.6760429157069887,-7.996809521616353,-10.226071122267953,-13.221298930220707,2.371933274430497,-26.677491546361626,540.7176042090744,-810.2720532413716,-866.9494299320676,2096.7808996714643,125.59835692309102,491.53004353419647
0.25350233488992663,-77.97429706621995,23.74994656227095,-21.409121101350383,139.62951687470039,-38.11185061525466,84.23581068326573,-1.6158225798316213,-8.085292432590986,-10.321119413819877,-12.985984777141914,2.3862909387544655,-26.61923294873346,542.5474401070084,-781.3068845309041,-842.7126034848507,2135.886363187917,132.70433263170412,556.3683021455876
0.26017344896597727,-78.03776438729366,23.42460221340743,-21.82409828744286,139.11451216515923,-38.0160346150273,83.17161696677155,-1.555391588788341,-8.170537792183088,-10.413450852587353,-12.746377549165603,2.4014509744137755,-26.553784805912546,544.5067340671598,-752.0366095958835,-818.0800451941017,2174.0023657191996,140.03088914069082,620.852022850473
0.266844563042028,-78.09880840081276,23.095911128140813,-22.242716093879395,138.60918221207987,-37.919595344030114,82.11018613602151,-1.494735596223669,-8.252512223488353,-10.503021896808693,-12.502588040574212,2.4174377297505427,-26.481187722246823,546.5946111342142,-722.4710794943318,-793.0600172334935,2211.1149346955103,147.57482114871473,684.959911940003
0.2735156771180787,-78.15741981530986,22.764004880503027,-22.66486317524575,138.11369217534104,-37.82249923016362,81.05180348739799,-1.4338403600747367,-8.331183452290913,-10.589789932537682,-12.25472857474257,2.43427518951915,-26.4014846623209,548.8100703637105,-692.6202777568334,-767.6609464827565,2247.210538242257,155.33279397215114,748.6708084585742
0.2801867911941294,-78.21358877157547,22.429016314044237,-23.090426499304655,137.62820268910818,-37.72471174881363,79.99675255056903,-1.372691756549502,-8.406520321600686,-10.673713291791273,-12.002912954852674,2.4519869605792146,-26.314720935771934,551.1519853360018,-662.4943169288098,-741.8914215446698,2282.276090299439,163.30134496568743,811.9636918226763
0.28685790527018007,-78.26730484767079,22.09107949682959,-23.51929138521713,137.152869803597,-37.626197438260746,78.94531499494175,-1.31127579404591,-8.478492805802917,-10.754751270361705,-11.747256414050174,2.4705962577500267,-26.22094418126095,553.6191047405639,-632.1034350530057,-715.7601896915266,2316.298955545135,171.47688500590309,874.8176893927468
0.2935290193462308,-78.3185570644962,21.750329675877353,-23.951341542470008,136.68784492884367,-37.52691991565276,77.897770536774,-1.249578627002174,-8.547072024413344,-10.83286414528524,-11.487875565064396,2.4901258898334406,-26.120204349604965,556.2100530303726,-601.457992093477,-689.2761537422135,2349.266954121141,179.85570003716109,937.2120839951037
0.3002001334222815,-78.36733389191282,21.406903231054542,-24.386459110495633,136.23327478050103,-37.42684189353301,76.85439684697792,-1.1875865696704373,-8.612230255432635,-10.908013191959856,-11.224888349314028,2.510598245812036,-26.0125536860758,558.9233311460129,-570.568466302387,-662.4483688710636,2381.1683661589086,188.43395267910591,999.1263213910562
0.3068712474983322,-78.41362325541354,21.06093762844613,-24.8245246989696,135.789301327683,-37.3259251969175,75.81546945964851,-1.1252861098060543,-8.673940948293657,-10.980160700904422,-10.958413985520794,2.5320352812294233,-25.898046711871437,561.757317309163,-539.4454505309577,-635.2860393496701,2411.991936104019,197.2076838950449,1060.5400176902806
0.31354236157438287,-78.45741254334006,20.71257137321422,-25.26541742877195,135.35606174287403,-37.224130780913576,74.78126168135047,-1.062663922264803,-8.732178736395623,-11.049269994151915,-10.688572917853552,2.554458504759406,-25.776740204766373,564.7102678850658,-508.0996484859352,-607.7985152228964,2441.7268768374993,206.17281472044607,1121.4329667055947
0.3202134756504336,-78.49868861464276,20.361943961964013,-25.70901497359722,134.9336883539243,-37.12141874887202,73.75204450119574,-0.999706882500413,-8.786919449218983,-11.115305441269486,-10.415486763625575,2.577888964970597,-25.648693178947596,567.7803183135475,-476.5418709329642,-579.9952889203223,2470.362873592406,215.32514805077446,1181.7851472462755
0.3268845897264843,-78.53743780717791,20.00919583463316,-26.155193602197954,134.52230859814625,-37.017748371065224,72.72808650174439,-0.9364020799547582,-8.838140124015347,-11.1782324749982,-10.139278260567767,2.6023472372931167,-25.51396686404325,570.9654841081373,-444.78303184828536,-551.8859918044107,2497.8900876641605,224.66037048784864,1241.5767303470793
0.333555703802535,-78.57364594653922,19.654468325921986,-26.603828221246633,134.12204497853,-36.9130781038826,71.70965377076084,-0.8727368313332164,-8.885819017066707,-11.23801760650556,-9.860071213700953,2.62785341119378,-25.372624683351205,574.2636619227774,-412.83414452019656,-523.4803906567062,2524.2991599132256,234.1740542438776,1300.7880864301678
0.34022681787858566,-78.60729835541802,19.297903616281626,-27.054792418800194,133.73301502209281,-36.80736560953528,70.69700981385743,-0.8086986937576893,-8.929935614508452,-11.294628440243947,-9.577990441830208,2.6544270775661243,-25.224732231275183,577.6726306856086,-380.70631760173796,-494.78838410340023,2549.5812140588214,243.86165910231117,1359.3997923971383
0.3468979319546364,-78.63837986348751,18.939644682477855,-27.507958508351297,133.3553312403777,-36.700567776261,69.6904154680572,-0.7442754777898646,-8.970470642710914,-11.348033688408348,-9.29316172368478,2.6820873163416272,-25.07035724997641,581.1900527992599,-348.4107511160944,-465.819998981626,2573.727859762416,253.7185344346104,1417.392638648411
0.3535690460306871,-78.6668748178054,18.579835247748257,-27.96319757345017,132.9891010921139,-36.59264073902031,68.69012881630613,-0.6794552603173383,-9.007406078214157,-11.398203184986802,-9.005711743726838,2.7108526843281693,-24.909569605248915,584.8134754070533,-315.9587324162177,-436.58538664787534,2596.7311954998927,263.73992127201217,1474.7476360272287
0.3602401601067378,-78.69276709372943,18.218619731570758,-28.420379512880494,132.63442694805352,-36.48353990067512,67.6964051029672,-0.6142263972953383,-9.040725157211092,-11.4451078993973,-8.715768037652673,2.740741203281888,-24.74244126162716,588.5403317244994,-283.36163210020385,-407.0948192299526,2618.5838112213205,273.92095443135315,1531.4460226855751
0.36691127418278846,-78.71604010634039,17.85614319906172,-28.879373086372976,132.29140605799475,-36.37321995363965,66.70949665032526,-0.5485775363367927,-9.070412384574047,-11.488719949704802,-8.423458937610047,2.771770348218356,-24.56904625673465,592.3679424354165,-250.63089988397564,-377.3586858239091,2639.2787907973816,284.2566646939702,1587.4692708693162
0.3735823882588392,-78.73667682236507,17.492551310021977,-29.340045960839152,131.9601305200032,-36.26163490199461,65.72965277613432,-0.482497629143608,-9.096453542420146,-11.529012615412523,-8.128913517155455,2.803957035968919,-24.389460674882827,596.293517151993,-217.77806043284778,-347.38748863742757,2658.80971425161,294.741981036687,1642.799093619939
0.3802535023348899,-78.75465977259432,17.127990267649253,-29.80226475710879,131.6406872518415,-36.14873808405424,64.75711971223582,-0.41597594377210356,-9.118835698211,-11.565960349821417,-7.832261535975072,2.8373176139879246,-24.20376261992958,600.3141559380623,-184.81470915356184,-317.19183908114076,2677.1706597776542,305.3717329138709,1697.41745139025
0.3869246164109406,-78.76997106478818,16.762606766935825,-30.26589509715325,131.3331579646158,-36.03448219537636,63.79214052427882,-0.34900207672558076,-9.137547212382403,-11.599538791952313,-7.533633384393473,2.8718678494164878,-24.012032187406994,604.4268508948447,-151.75250794840997,-286.7824538094111,2694.3562055409125,316.1406525895072,1751.3065585714635
0.39359573048699126,-78.78259239706136,16.396547942770287,-30.73080165177697,131.03761913864685,-35.91881931220488,62.83495503256909,-0.2815659648671679,-9.152577745499942,-11.629724778025084,-7.23316002769399,2.907622918408265,-23.8143514359286,608.6284878083645,-118.60318093307606,-256.17015071210017,2710.361431263941,327.04337751823005,1804.4488899291175
0.400266844563042,-78.7925050717424,16.02996131776238,-31.196848188759823,130.75414200157368,-35.80170091533424,61.88579973407805,-0.21365789714607597,-9.163918264936534,-11.656496352489487,-6.930972950274861,2.9445973957226754,-23.61080435788606,612.9158478577333,-85.37851011984385,-225.36584485889406,2725.1819195951693,338.0744527742183,1856.8271869453151
0.4069379586390927,-78.79969000969758,15.662994749810242,-31.663897621431662,130.48279250869504,-35.68307791438494,60.94490772563805,-0.14526852613060276,-9.17156105106815,-11.679832778602535,-6.627204099665282,2.982805244590717,-23.401476849446095,617.2856093834533,-52.09033106784311,-194.38054439776926,2738.813757260524,349.2283335268421,1908.4244640647814
0.41360907271514336,-78.80412776511317,15.295796379429355,-32.13181205766122,130.22363132555407,-35.562900672479294,60.012508628352435,-0.07638887934121272,-9.175499702984169,-11.69971454854738,-6.321985830425467,3.0222598068586555,-23.186456679858445,621.7343497148638,-18.750528502011772,-163.22534640920003,2751.2535359976637,360.4993875619311,1959.2240148423216
0.42028018679119405,-78.80579854072678,14.928514576862637,-32.600452849240696,129.97671381277104,-35.441119031305796,59.08882851324791,-0.007010370377196806,-9.175729143708962,-11.7161233930888,-6.015450847954932,3.0629737934144723,-22.9658334600858,626.2585470558345,14.628968097518106,-131.91143271773382,2762.498353272624,371.88189784749954,2009.2094179892522
0.4269513008672448,-78.80468220349995,14.561297888991469,-33.06968064164759,129.74209001312536,-35.317682336561205,58.174089828195875,0.06287519016953295,-9.172245624931499,-11.729042290760749,-5.707732152233246,3.1049592749020465,-22.739698610767284,630.8545824277605,48.03618893389872,-100.45006566258402,2772.5458127787806,383.37006514276015,2058.3645433164293
0.4336224149432955,-78.8007583007233,14.1942949860672,-33.5393554241647,129.51980464089192,-35.19253946375833,57.268511326129065,0.13327558401981981,-9.165046731240025,-11.738455476581457,-5.3989629815173386,3.148227672727724,-22.50814532952701,635.5187416689114,81.45912835817998,-68.85258382889815,2781.394024718087,394.95801064922955,2106.6735575715666
0.44029352901934626,-78.7940060765451,13.827654608283181,-34.00933658033952,129.30989707343042,-35.065638844387905,56.37230799457984,0.20419817473801277,-9.15413138385893,-11.74434845029178,-5.089276756019682,3.1927897503639704,-22.27126855763948,640.2472174891384,114.88574935830808,-37.130397741390375,2789.041605864702,406.6397787027012,2154.1209301685203
0.4469646430953969,-78.78440448891435,13.461525512207217,-34.47948293876378,129.11240134502972,-34.93692849242252,55.48569098656522,0.2756498974942277,-9.139499843885263,-11.746707984112739,-4.778807021591499,3.2386556049545354,-22.029164946064267,645.0361115789235,148.30398807075454,-5.294985522037041,2795.487679411158,418.4093395048576,2200.69143880632
0.4536357571714476,-78.77193222692908,13.096056417094484,-34.94965282415372,128.92734614300505,-34.806356031150436,54.608867552844124,0.3476372490640407,-9.121153715022423,-11.745522130018355,-4.4676873934351,3.285834659225461,-21.78193282086201,649.8814367717307,181.70175831300523,26.64211148644562,2800.7318745973666,430.2605918932675,2246.370174975706
0.4603068712474983,-78.75656772857977,12.731395951101197,-35.41970410871187,128.75475480604857,-34.67386872032708,53.74204097557064,0.42016627807154416,-9.099095945808845,-11.740780226520052,-4.156051499869584,3.334335653706185,-21.529672148004657,654.7791192585835,215.06695613512287,58.66929312960351,2804.774326122795,442.1873661484899,2291.1425493510424
0.46697798532354895,-78.73828919887845,12.367692597419106,-35.88949426375037,128.59464532482772,-34.5394134836315,52.88541050336829,0.49324257548148165,-9.073330831339621,-11.73247290495908,-3.844032926173885,3.384166639264706,-21.27248449759251,659.7250008537806,248.387464388593,90.77490488098213,2807.615673342293,454.18342683700155,2334.994297065449
0.4736490993995997,-78.71707462836349,12.005094640351421,-36.35888041155636,128.4470303448308,-34.40293693641538,52.0391712878477,0.5668712653460632,-9.043864014479292,-11.720592095303756,-3.531765158531261,3.43533496996083,-21.010473007491555,664.7148413106211,281.6511573106467,122.94724231082502,2809.2570592461266,466.2424756886373,2377.9114828670995
0.4803202134756504,-78.69290181196939,11.643750111350224,-36.82771937747947,128.31191717145316,-34.26438541373155,51.203514321591356,0.6410569958120196,-9.010702486564082,-11.70513103144825,-3.219381528099151,3.487847296221137,-20.743742346403977,669.7443206859976,314.84590512224355,155.1745555819557,2809.700129224837,478.35815450722146,2419.880506154644
0.4869913275517011,-78.6657483682511,11.28380673503613,-37.29586774222131,128.18930777731865,-34.12370499862935,50.3786263776278,0.7158039303931936,-8.973854587592335,-11.686084256010108,-2.9070151552282693,3.541709558339416,-20.472398676385765,674.8090417526842,347.959578637898,187.44505397105286,2808.947029619697,490.5240481130537,2460.8881058897678
0.49366244162775186,-78.6355917589526,10.92541187522058,-37.76318189430692,128.0791988118321,-33.98084155070343,49.56468995041665,0.7911157395139603,-8.933330005901741,-11.663447624623743,-2.594798893854769,3.596926980305924,-20.19654961482498,679.9045324581238,380.9800538855086,219.74691041350255,2807.00040605957,502.7336873158936,2500.921365384957
0.5003335557038026,-78.60240930890821,10.56871248095129,-38.22951808271801,127.98158161295171,-33.83574073488301,48.76188319836624,0.8669955923285447,-8.889139777332467,-11.637218309727347,-2.2828652760891575,3.653504063968838,-19.916304195894735,685.0262484285009,413.89521673435877,252.06826607001543,2803.863401585107,514.9805519170733,2539.967716964571
0.5070046697798533,-78.56617822626578,10.213855032601558,-38.69473246966752,127.89644222117653,-33.68834805044805,47.970379887904414,0.9434461488212231,-8.841296283875376,-11.607394803841013,-1.9713464570255375,3.711444583531076,-19.631772831495024,690.1695755168528,446.69296752943757,284.39723491317227,2799.5396545612884,527.2580737393657,2578.014946497386
0.513675783855904,-78.52687562302057,9.860985488023918,-39.158681183495226,127.82376139573744,-33.53860886025903,47.190349339122726,1.0204695521922198,-8.789813251804688,-11.57397692233377,-1.6603741597946544,3.770751580385432,-19.34306727169792,695.3298323939644,479.3612257302336,316.72190833206173,2794.033296379428,539.5596396832024,2615.051197798817
0.5203468979319547,-78.4844785358478,9.510249228788973,-39.62122037166384,127.76351463298276,-33.38646842018652,46.421956373013515,1.0980674215340007,-8.7347057492947,-11.536965805677836,-1.350079620884115,3.8314273582909624,-19.05030056471046,700.502273180751,511.8879345521387,349.03035975315123,2787.3489489498243,551.8785948078383,2651.0649769010715
0.5270180120080054,-78.43896394722258,9.161791006529821,-40.08220625383495,127.71567218694601,-33.231871908727086,45.66536126031883,1.1762408448024844,-8.675990183520423,-11.496363921188205,-1.0405935357489389,3.8934734788932417,-18.753587016370403,705.6820901208348,544.2610656086064,381.3106492755363,2779.4917219863464,564.2082454360477,2686.0451561895543
0.533689126084056,-78.39030880681541,8.81575488941301,-40.5414951750045,127.68019909208554,-33.074764456791485,44.92071967201012,1.2549903720875824,-8.613684297242115,-11.452175064246209,-0.7320460047355585,3.956890757591055,-18.453042149189418,710.8644162919828,576.4686235521932,413.5508283186942,2770.4672100843436,576.5418622809127,2719.9809784038703
0.5403602401601068,-78.33849005315066,8.472284208756369,-40.998943658676545,127.65705518818093,-32.91509117765136,44.188182631415536,1.3343160091873225,-8.547807164873932,-11.404404359005653,-0.4245664793421196,4.021679259751944,-18.148782660959082,716.0443283550603,608.4986507126209,445.738944280868,2760.2814895933243,588.8726835932691,2752.86206050185
0.5470313542361576,-78.28348463551629,8.13152150581464,-41.45440846005531,127.64619514737417,-32.75279719703036,43.467896468013,1.4142172114896019,-8.478379188037161,-11.353058258580546,-0.11828370883780957,4.087838297278727,-17.840926382934946,721.21684933914,640.3392317299856,477.8630452061949,2748.941115285973,601.193918328356,2784.67839738506
0.5537024683122082,-78.22526953611217,7.79360847875334,-41.90774661923399,127.64756850333924,-32.58782768332571,42.76000277290509,1.4946928781655944,-8.405422090598664,-11.298144544713494,0.186674312736169,4.155366425529152,-17.529592237614132,726.3769514613784,671.97849818124,509.9111844586891,2736.4531168251365,613.498749330209,2815.4203654843204
0.5603735823882589,-78.16382179242451,7.458685929831552,-42.358815514360096,127.66111968256563,-32.42012787794596,42.064638355991754,1.5757413466785233,-8.328958913195383,-11.239672326924154,0.4901803991616742,4.224261440590495,-17.21490019612214,731.5195589802603,703.4046331980815,541.8714254011835,2722.82499503051,625.7803365323274,2845.078726203794
0.5670446964643095,-78.09911851981397,7.126893712814071,-42.807472914756275,127.6867880377382,-32.24964312575056,41.3819352048564,1.6573603876114686,-8.249014007245961,-11.177652041137211,0.7921082242125859,4.294520376910874,-16.89697123522463,736.6395510807931,734.6058760743726,573.7318460773336,2708.0647179468333,638.0318201731401,2873.6446292222904
0.5737158105403601,-78.03113693430376,6.7983706806336155,-43.25357703397573,127.72450788319652,-32.07631890557725,40.712020445379636,1.739547199817686,-8.165613028450782,-11.112095447789775,1.0923323733755994,4.366139505288834,-16.575927293980172,741.7317647902198,765.570526861217,605.48054389477,2692.1807167155066,650.2463240247814,2901.1096156504636
0.5803869246164108,-77.95985437555606,6.473254633323251,-43.69698658277148,127.77420853245499,-31.9001008608427,40.05501630409534,1.8222984058967162,-8.07878292978184,-11.04301562941805,1.3907283951012404,4.43911433122258,-16.251891230049978,746.7909979227934,796.2869509478305,637.1056403075107,2675.1818812515803,662.4169586336914,2927.4656210426424
0.5870580386924616,-77.88524833002249,6.1516822662398,-44.137560821958736,127.83581433776457,-31.720934830201877,39.411040072301795,1.905610047999499,-7.988551953964194,-10.97042698772354,1.6871728515634383,4.513439593620127,-15.924986775680996,751.8120120521522,826.7435836263326,668.5952854957013,2657.0775557282186,674.5368245715406,2952.7049782620884
0.5937291527685123,-77.8072964542558,5.83378911859814,-44.57515961514913,127.90924473169629,-31.538766878251923,38.780204071941064,1.9894775839653795,-7.894949625450836,-10.894345240119181,1.9815433689064672,4.589109263871378,-15.595338493378524,756.7895355098142,856.9289346385984,699.9376630407942,2637.8775338707596,686.5990156949749,2976.8204201985404
0.600400266844563,-77.72597659836993,5.519709522336933,-45.009643481336695,127.994414270725,-31.35354332626592,38.162615623258574,2.073895883793939,-7.798006741893138,-10.81478741575598,2.2737186869581643,4.666116545283087,-15.26307173128502,761.7182664082977,886.8315927033133,731.1209945942431,2617.592054062604,698.5966224126824,2999.805082336967
0.6070713809206137,-77.64126682963415,5.209576551335839,-45.4408736473141,128.09123268079227,-31.165210782941898,37.558377014254425,2.15885922645422,-7.697755365109093,-10.731771851031043,2.563578708388659,4.7444538728774015,-14.92831257828157,766.5928756873615,916.4402300213698,762.1335445378077,2596.2317942652544,710.5227349582589,3021.65250517647
0.6137424949966644,-77.55314545618815,4.903521971004145,-45.86871209989883,128.1996049048254,-30.97371617515272,36.96758547193682,2.2443612970338847,-7.594228811551958,-10.645318184577972,2.8510045472940226,4.824112913554538,-14.591187818828795,771.4080101818408,945.7436067577626,792.9636246335557,2573.807866754881,722.3704466673671,3042.3566364983963
0.6204136090727153,-77.46159105086466,4.601676188260976,-46.29302163794865,128.31943115218905,-30.77900677868208,36.390333135388396,2.330395184230569,-7.487461642281946,-10.55544735174094,3.135878577184658,4.90508456662002,-14.25182488756405,776.1582957095593,974.7305754981398,823.59959866166,2550.3318126778795,734.1328572576772,3061.911833482729
0.6270847231487657,-77.3665824751053,4.304168201926726,-46.71366592414527,128.45060695004582,-30.5810302489322,35.826707030654205,2.416953378187646,-7.377489652443909,-10.462181578533848,3.418084478358388,4.987358964676642,-13.910351823671721,780.8383401777611,1003.3900856781687,854.0298870440819,2525.8155964279654,745.8030761100557,3080.3128646719056
0.6337558372248164,-77.26809890295645,4.011125553545511,-47.13050953652626,128.59302319660003,-30.37973465158841,35.27678904746038,2.504027768676326,-7.264349860254151,-10.3655443750863,3.6975072846385415,5.070925474881325,-13.566897225043723,785.4427367065235,1031.7111879838976,884.2429714522385,2500.2715998474423,757.3742255494993,3097.55491178128
0.6404269513008672,-77.16611984513042,3.7226742786582547,-47.54341801974419,128.74656621619926,-30.175068493226185,34.74065591777171,2.591609643625888,-7.14808049549966,-10.26556052857822,3.9740334294576836,5.155772700566585,-13.22159020224728,789.9660667675814,1059.683038721286,914.227399396762,2473.712616255294,768.8394441242837,3113.63357135548
0.6470980653769179,-77.06062517311908,3.4389388585457294,-47.95225793603281,128.91111781626745,-29.966980751846027,34.218379196194924,2.6796896880037164,-7.028720987553338,-10.162256095665274,4.2475507912678525,5.241888483226499,-12.87456033231709,794.4029033369966,1087.2949041531026,943.9717887974529,2446.1518443049235,780.1918898818157,3128.5448562699967
0.6537691794529686,-76.95159514334487,3.160042172461044,-48.35689691585992,129.0865553460413,-29.755420907321376,33.710025242235304,2.7682579830465226,-6.906311952908892,-10.055658394397337,4.517948738258501,5.329259904866614,-12.525937612389226,798.7478140600953,1114.5361648013857,973.4648325315455,2417.6028816743205,791.424743639663,3142.2851970773913
0.6604402935290192,-76.83901042133556,2.8861054503704917,-48.757203708246664,129.2727517570826,-29.540338971745484,33.21565520441151,2.857304005844131,-6.780895182239408,-9.945795995632563,4.785118172363749,5.417873290717205,-12.17585241319398,802.9953644270822,1141.3963197136795,1002.6953029584042,2388.0797185916276,802.5312122502503,3154.851443197561
0.66711140760507,-76.72285210590884,2.61724822622197,-49.153048230733,129.46957566553786,-29.321685519662214,32.73532500623466,2.9468166292768054,-6.652513626983618,-9.832698713949803,5.048951572540688,5.507714212309118,-11.82443543242508,807.1401209577522,1167.8649906912779,1031.6520564187783,2357.5967311990157,813.5045318577072,3166.240863951588
0.6737825216811207,-76.603101753352,2.353588291759621,-49.544301618969676,129.67689141611461,-29.099411718166458,32.269085334056356,3.036784122307124,-6.521211385464276,-9.716397598062201,5.3093430373010895,5.5987674909111815,-11.471817648002668,811.1766543936866,1193.9319264776975,1060.3240377067539,2326.1686747579856,824.3379711453528,3176.451149438719
0.6804536357571713,-76.47974140158315,2.0952416509034304,-49.930836275916235,129.89455914774567,-28.873469356859978,31.81698162678881,3.127194150627142,-6.387033688543136,-9.596924920735265,5.56618832647889,5.691017201328143,-11.118130271247507,815.099542896344,1219.5870069056466,1088.700284512543,2293.8106766991596,835.0248345723139,3185.480411256136
0.687124749833222,-76.35275359427918,1.8423224747122133,-50.31252592062591,130.12243486090907,-28.643810877647766,31.379054067500988,3.2180337776613452,-6.250026884817212,-9.474314168212615,5.819384902216466,5.784446676057771,-10.76350469998392,818.9033752494353,1244.8202470007377,1116.7699318342718,2260.538229519764,845.5584655977729,3193.3271830611775
0.6937958639092728,-76.22212140495643,1.5949430569481813,-50.68924563659723,130.3603704865729,-28.410389404361023,30.95533757689305,3.3092894659258687,-6.110238425361266,-9.348600029153026,6.068831969152866,5.879038509805691,-10.408072471589,822.5827540639674,1269.6218010402415,1144.5222163569265,2226.3671835320533,855.932249891343,3199.990420975804
0.7004669779853235,-76.08782846099011,1.3532137702613167,-51.060871919673396,130.60821395673216,-28.173158772192206,30.545861808650745,3.4009470787441054,-5.967716848021604,-9.21981838308251,6.314430513797673,5.974774564356333,-10.051965216005586,826.1322989843572,1293.9819665651532,1171.9464807966422,2191.313739465955,866.1396185280881,3205.4695038330915
0.7071380920613742,-75.94985896755755,1.11724302301119,-51.42728272546941,130.86580927650581,-27.93207355692805,30.15065114668096,3.492991882318796,-5.822511761266442,-9.088006288365404,6.556083343074416,6.071635973798185,-9.695314608736652,829.5466498939825,1317.891188343908,1199.0321782085132,2155.3944409293367,876.1740511666903,3209.764233265655
0.7138092061374249,-75.80819773149162,0.8871372167440739,-51.78835751630845,131.1329965977588,-27.687089103966382,29.769724704229056,3.5854085481604123,-5.674673827598363,-8.953201969698572,6.793695122017937,6.169603150101444,-9.338252323838676,832.8204701185716,1341.3400622860495,1225.7688762561388,2118.6261667292956,886.0290792092977,3212.8748336359304
0.7204803202134756,-75.66283018502976,0.6630007043426484,-52.14397730764813,131.4096122942162,-27.43816155710263,29.403096324877065,3.6781811558715156,-5.524254746534457,-8.815444805133133,7.0271724106104045,6.26865578904583,-8.9809099869315,835.9484496258021,1364.3193393042106,1252.1462614411078,2081.0261230579745,895.6982889415713,3214.801951808321
0.7271514342895262,-75.51374240944435,0.44493574886542514,-52.49402471397787,131.69548903803454,-27.185247887072123,29.050774585422495,3.771293196286588,-5.3713072371600505,-8.674775312628228,7.256423699741175,6.368772876496459,-8.623419128242372,838.925308219505,1386.8199291227716,1278.1541432906674,2042.6118355464287,905.17532465148,3215.5466567632902
0.7338225483655769,-75.36092115854052,0.2330424830930949,-52.83838399416888,131.99045587779426,-26.928305919834205,28.71276280063546,3.8647275749666146,-5.215885020261962,-8.531235136141593,7.481359446275955,6.4699326950251415,-8.265911135701593,841.7457987268443,1408.8329040315605,1303.7824585018018,2003.4011411901558,914.4538917253757,3215.1104390534965
0.7404936624416277,-75.20435388200681,0.027418869798106156,-53.176941096257984,132.29433831787816,-26.667294364584578,28.389059029891907,3.958466616047589,-5.058042800047589,-8.384867031261871,7.701892107221282,6.572112830874649,-7.908517208107524,844.4047101768805,1430.3495025830334,1329.0212750400044,1963.4121801499225,923.5277597199298,3213.495210102195
0.7471647765176784,-75.04402874860473,-0.1718393372456124,-53.5095837016475,132.60695839919882,-26.402172841481946,28.079656085679783,4.0524920664418795,-4.897836245456088,-8.235714850387811,7.917936172970567,6.675290181263088,-7.551368308378223,846.8968709688851,1451.3611332313133,1353.8607961910022,1922.6633874316083,932.3907654084687,3210.7033013441333
0.7538358905937291,-74.87993466918316,-0.3646386314969782,-53.836201268702844,132.92813478123796,-26.132901909075567,27.78454154397465,4.146785100391184,-4.735321971068284,-8.083823527459646,8.129408199618538,6.77944096202553,-7.194595116907466,849.2171520288181,1471.8593779115702,1378.2913645637407,1881.1734844488,941.0368158003083,3206.737463209272
0.7605070046697798,-74.7120613195036,-0.5508877911100548,-54.156685075730024,133.25768282536097,-25.859443091420236,27.503697756479454,4.241326324369752,-4.570557517621962,-7.929239062248205,8.336226840331223,6.884540715589738,-6.838327985042396,851.3604699523534,1491.8359955581902,1402.3034660429355,1838.9614704719436,949.4598911316725,3201.600863949692
0.7671781187458305,-74.54039916286199,-0.7304979156085204,-54.47092826331556,133.59541467936737,-25.58175890486541,27.237101864724043,4.336095782336211,-4.403601332139511,-7.772008504207449,8.538312875759043,6.990564319282828,-6.482696888700364,853.3217901328599,1511.282925560221,1425.8877336895277,1796.046613967909,957.6540478267937,3195.29708831014
0.7738492328218812,-74.36493947249342,-0.903382461757237,-54.77882587601157,133.94113936323956,-25.29981288450533,26.98472581601813,4.431072961332284,-4.234512747674873,-7.612179935896278,8.73558924348116,7.09748599396542,-6.127831382142188,855.0961298727516,1530.1922911526185,1449.0349515873959,1752.448443833833,965.6134214278201,3187.830136042701
0.7805203468979318,-74.18567435374592,-1.069457278615555,-55.0802749033486,134.29466285605037,-25.013569610276882,26.746536381250976,4.5262367974264395,-4.063351962687113,-7.449802455975717,8.927981066469354,7.205279312989771,-5.77386055191927,856.6785614766086,1548.5564027418186,1471.7360586346888,1708.1867405292064,973.3322294921466,3179.2044202661646
0.7871914609739825,-74.00259676600943,-1.2286406417576956,-55.37517432015954,134.65578818399035,-24.722994732692676,26.522495174530842,4.621565682000358,-3.890180020047945,-7.2849261617877366,9.11541568056054,7.313917211478151,-5.420912971011684,858.0642153245035,1566.3677611641986,1493.982152278185,1663.2815271101585,980.8047744558303,3169.424765670708
0.7938625750500333,-73.81570054438625,-1.38085328664566,-55.66342512619797,135.02431550947452,-24.428054998196227,26.31255867465595,4.71703746837596,-3.7150587856907356,-7.117602131522076,9.297822660927133,7.423371995917665,-5.069116653174443,859.2482829239534,1583.6190608760162,1515.7644921890824,1617.7530601699634,988.0254464617324,3158.496406568576
0.800533689126084,-73.6249804210895,-1.5260184411405042,-55.94493038503461,135.40004222128846,-24.128718274126957,26.116678248408352,4.812629478780452,-3.5380509269087477,-6.947882405977699,9.475133847535107,7.533615354067483,-4.718599007509083,860.2260199389465,1600.3031930734337,1537.0745038786652,1571.6218206898175,994.9887261510738,3146.4249847914944
0.8072048032021347,-73.43043204655632,-1.6640618571380397,-56.219595262215655,135.78276302573275,-23.824953573282333,25.934800175661305,4.908318511646885,-3.35921989031041,-6.775819969925713,9.647283369580002,7.64461836517436,-4.369486793277433,860.9927491944774,1616.4132487412692,1557.9037822523017,1524.9085048039858,1001.689187417088,3133.2165474356443
0.8138759172781854,-73.23205201026155,-1.7949118413154717,-56.487327062667376,136.17227003872551,-23.516731078065174,25.766865676290365,5.004080849247264,-3.178629879439629,-6.6014687330805515,9.814207668891596,7.756351510492161,-4.021906074974611,861.5438636550648,1631.942521629132,1578.2440951002607,1477.634014483423,1008.121500119484,3118.877544455034
0.8205470313542361,-73.02983786122,-1.9184992849756597,-56.748035267331176,136.56835287882012,-23.20402216420365,25.61281093887704,5.099892265655353,-2.996345832069312,-6.424883510686669,9.97584552229837,7.868784684100956,-3.675982177677914,861.8748293757072,1646.884511153646,1598.0873865238568,1429.8194481420455,1014.2804327584374,3103.4148261042033
0.8272181454302867,-72.82378812816305,-2.0347576929760898,-57.00163156901427,136.97079876109788,-22.886799424032613,25.47256715119403,5.195728035035987,-2.812433397176365,-6.246120003727943,10.132138062943428,7.9818872040211,-3.33183964268847,861.9811884237668,1661.2329252254667,1617.425780295451,1381.4860911698336,1020.1608551068614,3086.8356402312606
0.8338892595063374,-72.61390233937696,-2.143623211730021,-57.24802990744055,137.3793925918922,-22.565036689323918,25.346060532459877,5.291562940257515,-2.626958911606614,-6.065234778767239,10.283028800543992,8.095627823617617,-2.989602183482038,861.858561770268,1674.9816829998576,1636.2515831508751,1332.6554063969659,1025.7577407997092,3069.1476294222607
0.8405603735823881,-72.40018104219024,-2.245034656267575,-57.48714650348721,137.79391706430314,-22.238709053654812,25.233212367350106,5.387371281824002,-2.4399893764382004,-5.882285247423732,10.42846364058697,8.209974743290037,-2.649392641985594,861.5026521491214,1688.1249175495866,1654.5572880128616,1283.3490244932561,1031.0661698790987,3050.3588279980604
0.8472314876584389,-72.18262582209705,-2.3389335363447543,-57.71889989259318,138.21415275445807,-21.907792894302606,25.13393904175201,5.483126887123456,-2.2515924330521697,-5.697329645495722,10.568390902453716,8.324895622442684,-2.3113329451959355,860.9092468827946,1700.656978458964,1672.3355771440904,1233.5887343071256,1036.0813312940495,3030.4776588647796
0.8539026017344896,-71.96123932150407,-2.425264081589055,-57.94321095732438,138.63987821847655,-21.57226589365482,25.04815208024829,5.578803119988285,-2.061836338919076,-5.510427011736863,10.702761336467443,8.44035759173035,-1.9755440621565488,860.0742206729551,1712.5724343378524,1689.5793252284911,1183.3964731484332,1040.7985253536642,3009.512930219115
0.8605737158105403,-71.73602525808869,-2.5039732656702163,-58.16000295908309,139.07087009009663,-21.232107060123553,24.9757581853158,5.67437289056405,-1.8707899431105708,-5.3216371662938435,10.831528139857328,8.556327265574046,-1.6421459613088476,858.9935383546475,1723.8660752545259,1706.281602379478,1132.7943170194526,1045.2131661325814,2987.4738321097507
0.867244829886591,-71.50698844275605,-2.5750108294855703,-58.36920156894743,139.506903178917,-20.887296748553858,24.916659278223165,5.769808665482307,-1.6785226615450495,-5.1310206888137095,10.954646971633748,8.672770754941514,-1.31125756823361,857.66325761256,1734.5329150862638,1722.4356770738016,1081.8044707983404,1049.3207838275748,2964.3699328562275
0.8739159439626417,-71.27413479718271,-2.6383293033492943,-58.57073489762815,139.94775056921364,-20.537816680115114,24.870752541612223,5.865082478333326,-1.4851044519765824,-4.938638896229205,11.072075966369626,8.789653680387033,-0.982996723798486,856.0795316579718,1744.56819378663,1738.0350190097531,1030.4492583794313,1053.1170270641815,2940.211175326628
0.8805870580386925,-71.03747137093542,-2.693884028175601,-58.76453352452978,140.3931837192861,-20.18364996166544,24.837930463746027,5.960165940434154,-1.2906057887364277,-4.744553820230554,11.183775746883342,8.906941185344756,-0.6574801427271638,854.2386118649717,1753.9673795683902,1753.0733018884707,978.7511127747398,1056.5976651522499,2915.0078730755463
0.887258172114743,-70.79700635815287,-2.7416331756461134,-58.95053052590419,140.84297256128892,-19.824781104579035,24.81808088440648,6.055030251887498,-1.095097637236562,-4.5488281844323515,11.289709435819086,9.024597949670055,-0.33482337260557626,852.1368503645724,1762.7261710010632,1767.544406117143,926.732566181027,1059.758590289368,2888.7707063438215
0.8939292861907938,-70.55274911377926,-2.781537767352115,-59.12866150208403,141.29688560150473,-19.46119604302669,24.81108704242405,6.149646212926605,-0.898651428244815,-4.351525381244299,11.389842666121146,9.142588203422834,-0.015140753340562084,849.7707025953556,1770.8404990221482,1781.4424214329142,874.4162400168394,1062.5958197110915,2861.510717921603
0.9006004002668445,-70.3047101693379,-2.8135616929026948,-59.298864603784644,141.75469002101448,-19.092882151699772,24.816827624820537,6.2439842355412685,-0.7013390319412003,-4.15270944845465,11.48414359039898,9.260875740886961,0.30145462291403746,847.1367298092994,1778.3065288610808,1794.761649446351,821.8248349339037,1065.1054977869715,2833.239308876337
0.9072715143428952,-70.05290124823406,-2.8376717269902327,-59.46108055746325,142.2161517767201,-18.71982826296852,24.835176817546742,6.338014355379881,-0.5032327317652348,-3.9524450455353977,11.572582889180463,9.379423934819625,0.6148509513488375,844.2316015314658,1785.120661875021,1807.496606103345,768.9811208072957,1067.2838980613724,2803.968234147355
0.9139426284189459,-69.79733528057596,-2.853837545405072,-59.61525268972403,142.68103570267513,-18.342024683465358,24.86600435779452,6.431706243922366,-0.3044051980640934,-3.7507974296783013,11.65513377805124,9.498195750924545,0.9249377535932021,841.0520979722462,1791.279537295606,1819.642024064363,715.9079267087862,1069.1274252381045,2773.7095980087574
0.9206137424949966,-69.53802641750306,-2.862031739991578,-59.761326950759035,143.14910561167935,-17.959463210084678,24.909175587863622,6.5250292209186,-0.1049294615515243,-3.547832431571036,11.731772013678519,9.617153762542657,1.2316059162978816,837.5951123908796,1796.7800338858367,1831.1928550000034,662.6281308677825,1070.632617107934,2742.4758494023654
0.9272848565710472,-69.27499004501153,-2.8622298325382505,-59.899251936814196,143.62012439709127,-17.572137145390265,24.964551510562423,6.617952267086836,0.09512111341241253,-3.343616430922798,11.802475898718187,9.736260165553881,1.53474772919157,833.8576534089818,1801.6192715062962,1842.1442718018134,609.1646506242869,1071.7961464180314,2710.279777142562
0.9339559706470979,-69.00824279726606,-2.8544102875948765,-60.02897891167115,144.09385413481567,-17.180041312422095,25.0319888461212,6.710444037066586,0.2956728557106777,-3.1382163317488763,11.867226285604604,9.85547679348347,1.8342569225972747,829.8368472728478,1805.7946125899448,1852.4916707074049,555.5404323782869,1072.6148226824666,2677.134504994874
0.9406270847231488,-68.73780256938835,-2.838554524210164,-60.150461827134876,144.5700561854198,-16.783172068894643,25.11134009059588,6.802472872620051,0.49665181451743406,-2.931699537423718,11.926006579222912,9.97476513280638,2.130028704394569,825.5299400633143,1809.3036635247638,1862.2306733389034,501.77844153999337,1073.0855939328894,2643.0534866302264
0.9472981987991994,-68.46368852971239,-2.8146469265837784,-60.26365734251832,145.04849129633413,-16.381527320778577,25.20245357574,6.89400681607635,0.6979837864948117,-2.7241339255122528,11.97880273846426,10.094086338442866,2.4219597964140327,820.9342998519829,1812.1442759435583,1871.3571286538122,447.90165248534055,1073.2055484085338,2608.050500456824
0.9539693128752499,-68.18592113149641,-2.782674853626903,-60.36852484311557,145.52891970409374,-15.975106535258647,25.3051735303219,6.985013624012427,0.8995943431278948,-2.5155878223891714,12.02560327666463,10.21340124943863,2.70994847025035,816.0474188026469,1814.3145479202692,1879.8671148074143,393.93303852114815,1072.9719161847422,2572.1396443316735
0.9606404269513008,-67.90452212408351,-2.7426286474261334,-60.46502645765475,146.01110123657406,-15.56391075306028,25.419340142863508,7.075460781164491,1.101408858187474,-2.306129977656133,12.066399260928772,10.332670404822538,2.993894582480778,810.8669152167689,1815.812825072179,1887.756940925858,339.895561864352,1072.3820707392174,2535.3353301538123
0.9673115410273517,-67.61951456349982,-2.694501640605734,-60.55312707472328,146.49479541517778,-15.147942600138018,25.54478962577657,7.165315514563763,1.303352535310112,-2.0958295383668086,12.101184310340933,10.451854059635002,3.27369960927606,805.3905355218948,1816.6377015674298,1895.023148789121,285.81216363969065,1071.4335304552378,2497.652278341349
0.9739826551034022,-67.3309228224833,-2.6382901625837674,-60.632794358157476,146.9797615569278,-14.72720629871918,25.681354280872075,7.254544807890027,1.505350435684922,-1.8847560230698586,12.129954593064673,10.570912201119958,3.5492666803908195,799.6161562019147,1816.7880210373203,1901.66251442307,231.7057539002163,1070.1239600611043,2459.1055121944637
0.9806537691794528,-67.03877259993351,-2.5739935447180766,-60.703998761390245,147.46575887642211,-14.30170767769611,25.828862566217357,7.343115416036578,1.7073275058364843,-1.6729792956799863,12.152708822334628,10.689804565073324,3.8205006125210463,793.541785668102,1816.2628773928748,1907.6720495998873,177.5992016750057,1068.4511720051198,2419.7103521465747
0.9873248832555037,-66.74309092977414,-2.501614124338453,-60.76671354074885,147.95254658760538,-13.871454182361187,25.987139164315685,7.430993879879788,1.9092086054931734,-1.4605695391872906,12.169448251343397,10.808490652340684,4.087307942016199,787.1655660698914,1815.0616155452187,1913.0490032461523,123.51532504841389,1066.4131277654162,2379.482409905897
0.9939959973315544,-66.4439061892206,-2.421157247661802,-60.8209147676981,148.4398840053149,-13.436454883478486,26.156005051582014,7.518146541246691,2.1109185355302658,-1.247597229215219,12.180176667027379,10.926929745456992,4.349596956934045,780.4857750443896,1813.1838320293425,1917.7908627579204,69.47688127519575,1064.0079390939934,2338.4375824897
1.0006671114076051,-66.14124810644445,-2.332631271587502,-60.86658134002182,148.927530646555,-12.996720485686806,26.335277569088415,7.604539558073558,2.3123820659769683,-1.0341331074375186,12.184900382755734,11.045080925420892,4.6072777284262445,773.5008274036302,1810.629375530857,1921.8953552221683,15.506556935817146,1061.2338691943469,2296.592046153578
1.0073382254836558,-65.83514776762765,-2.236047564370667,-60.90369499193757,149.41524633145707,-12.552263335228664,26.524770494552246,7.6901389197486045,2.5135239640766107,-0.8202481548645942,12.18362822992718,11.162903088596236,4.8602621414433,766.209276758618,1807.3983473153985,1925.3604485440173,-38.37304186375547,1058.0893338321014,2253.9622502180937
1.0140093395597063,-65.52563762339871,-2.131420505171344,-60.93224030314016,149.9027912838822,-12.103097427000277,26.72429411553947,7.7749104626317305,2.714269022389179,-0.6060135650098212,12.176371548479858,11.280354963733393,5.108463924747504,758.6098170792405,1803.4911015603736,1928.1843524791914,-92.13939924353045,1054.5729023780927,2210.5649107952213
1.0206804536357572,-65.2127514946447,-2.018767482478222,-60.95220470676832,150.38992623162102,-11.649238410918123,26.93365530385528,7.858819885744023,2.9145420869252705,-0.3915007169463301,12.163144176319836,11.397395129102676,5.351798680222875,750.7012841891496,1798.9082455887692,1930.3655195711797,-145.77009924797457,1050.6832987833748,2166.4170044170255
1.027351567711808,-64.89652457769166,-1.8981088914057411,-60.96357849629132,150.87641250615007,-11.190703597597468,27.152657591093682,7.941832766619902,3.114268085300598,-0.17678114826493876,12.143962437674467,11.51398202973243,5.590183911471448,742.4826571947401,1793.650640004806,1931.9026459926502,-199.24283548729798,1046.4194024856502,2121.535761569065
1.0340226817878586,-64.57699344884732,-1.7694681298640782,-60.96635483131105,151.36201214189984,-10.72751196333895,27.38110124531715,8.023914577314354,3.3133720549001047,0.03807347205614029,12.118845130377148,11.630073994744068,5.823539051685304,733.9530598473954,1787.7193987312278,1932.7946722906656,-252.5354207173453,1041.7802492466742,2075.938660131045
1.0406937958639093,-64.25419606830047,-1.6328715936017966,-60.96052974227686,151.84648797499284,-10.259684154419553,27.61878334883739,8.10503070055796,3.5117791710407533,0.25299137085908535,12.087813512090491,11.745629254776263,6.051785490784322,725.1117618381955,1781.1158889480967,1933.04078403531,-305.6257963539498,1036.7650319201787,2029.643418727275
1.04736490993996,-63.92817178337053,-1.4883486701214315,-60.9461021341099,152.32960374140936,-9.78724249068447,27.865497877067263,8.18514644605203,3.709414775122037,0.46790069808096885,12.050891285475563,11.860605959490803,6.274846601809702,715.9581800243025,1773.8417309329632,1932.6404123713712,-358.4920419176097,1031.3731011499392,1982.6679899895341
1.0540360240160107,-63.59896133110236,-1.3359317314687502,-60.92307378873442,152.81112417453787,-9.310210968436676,28.121035778414367,8.264227066896295,3.9062044027532226,0.6827295540842094,12.008104582314985,11.974962195151996,6.492647766563628,706.4918795862919,1765.8987978023465,1931.593234472761,-411.11238440440513,1025.603965997593,1935.0305537349611
1.0607071380920614,-63.26660684020097,-1.1756561258967995,-60.891449366514486,153.29081510207004,-8.828615262621664,28.385185055185406,8.342237776141372,4.10207381184636,0.897406017032121,11.959481946598482,12.088656002272081,6.705116400485882,696.7125751157089,1757.2892151544943,1929.8991738993898,-463.46520757909957,1019.4572944998845,1886.749510061648
1.067378252168112,-62.93115183230129,-1.00756016840638,-60.85123640659401,153.76844354219776,-8.34248272830461,28.65773084547099,8.419143763458269,4.296949010664089,1.1118581702987003,11.905054316579678,12.201645393314573,6.912181976758253,686.6201316321757,1748.0153606134238,1927.5584008562728,-515.5290611864049,1012.9329141550253,1837.8434723646167
1.0740493662441628,-62.59264122256856,-0.8316851301649113,-60.80244532613923,154.24377779907093,-7.851842401437842,28.93845550597959,8.494910211917022,4.490756285811278,1.326014129901801,11.844855005813416,12.313888370447787,7.113776049628201,676.2145655294016,1738.0798632742997,1924.5713323546486,-567.2826700764399,1006.0308123378989,1788.3312602749143
1.0807204803202135,-62.25112131962505,-0.6480752268062374,-60.74508941848279,154.71658755747725,-7.356724998917,29.227138695789396,8.56950231486652,4.683422230159487,1.5398020719487453,11.778919683183483,12.425342943340533,7.309832276943272,665.496045449479,1727.485603050225,1920.9386322749774,-618.7049432404311,998.751136643862,1738.2318925245743
1.0873915943962642,-61.9066398247992,-0.4567776056141551,-60.679184850169285,155.1866439767013,-6.857162917923995,29.523557460986186,8.642885292907533,4.874873770693353,1.7531502600834936,11.70728635193084,12.535967146992062,7.5002864418882,654.4648930848857,1716.235709920582,1916.6612113316733,-669.7749827527801,991.0941951609415,1687.5645797402374
1.094062708472315,-61.55924583069374,-0.25784233159321174,-60.60475065690226,155.65371978352505,-6.353190234555929,29.82748632015495,8.715024410950893,5.065038196267918,1.9659870729244038,11.629995327692994,12.645719059588288,7.685076473916962,643.121583907652,1704.333563081087,1911.7402269395234,-720.4720926156253,983.0604566702397,1636.3487171682398
1.1007338225483656,-61.208989819069465,-0.05132237243032323,-60.52180873839339,156.1175893643297,-5.844842701738682,30.138697350693583,8.785884995352614,5.253843185266016,2.1782410314817042,11.547089215565611,12.754556820376298,7.864142468872277,631.4667478251657,1691.7827899957636,1906.1770829817312,-770.7757875021174,974.6505507744153,1584.6038773340044
1.1074049366244163,-60.85592365804156,0.16272641764840837,-60.43038385211475,156.57802885625964,-5.33215774642498,30.456960275915005,8.85543245111789,5.441216833144806,2.38984082654368,11.458612886197788,12.862438647549139,8.037426708285393,619.5011697621483,1678.5872653510858,1899.9734294796008,-820.6658013946305,965.865267954113,1532.3498026386023
1.114076050700467,-60.50010059858627,0.3842453151210928,-60.3305036059558,157.03481623741112,-4.815174466076485,30.782042552905715,8.923632279165643,5.627087679860596,2.600715346020688,11.36461345093292,12.969322856132864,8.20487367784939,607.2257901683518,1664.751109912576,1893.1311621639027,-870.1220961142214,956.7055595522783,1479.6063978953769
1.1207471647765177,-60.14157527035546,0.6131727455085381,-60.22219844978687,157.4877314160061,-4.293933624429938,31.113709461106737,8.990450093645364,5.811384737161132,2.810793702236027,11.26514023600741,13.075167875867846,8.366430085059493,594.641705451561,1650.2786892841825,1885.6524219480038,-919.1248697376648,947.1725376862977,1426.3937228095344
1.1274182788525684,-59.780403676796894,0.8494443028023188,-60.10550166593147,157.93655631851536,-3.768477646547923,31.451724191584102,9.055851639297948,5.994037515734545,3.0200052591527995,11.160244755819951,13.179932269076275,8.52204487601412,581.7501683355339,1635.1746125708098,1877.5395943028914,-967.6545648984712,937.2674750879576,1372.7319844036385
1.134089392928619,-59.41664318957927,1.0929927699765416,-59.980449358550345,158.38107497669324,-3.23885061315478,31.79584793695501,9.119802808852137,6.174976052204255,3.2282796595258128,11.049980685284474,13.283574748507874,8.671669251370938,568.5525881425325,1619.4437309443945,1868.795308534242,-1015.6918769683376,926.9918048712389,1318.641529391964
1.1407605070046696,-59.05035254231981,1.3437481405767822,-59.84708044194043,158.8210736134873,-2.705098254258883,32.14583998193525,9.182269660448135,6.354130935959076,3.435546851967692,10.934403831280278,13.386054195155781,8.815256681452363,555.0505310001383,1603.0911361139915,1859.4224369617607,-1063.2177621155242,916.3471202279952,1264.1428365066856
1.1474316210807205,-58.68159182361467,1.6016376413795037,-59.70543662775216,159.25634072778786,-2.1672679420624026,32.50145779447461,9.243218435080058,6.531433335807914,3.641737117918294,10.813572103213135,13.487329676034598,8.952762920495273,541.2457199720878,1586.1221587003379,1849.4240940010168,-1110.2134452367482,905.3351740516055,1209.2565087788832
1.1541027351567712,-58.31042246937041,1.8665857561146983,-59.55556241112968,159.68666717798092,-1.6254086831604728,32.86245711744526,9.30261557404864,6.706815026448457,3.8467810985066637,10.687545482701681,13.58736046191257,9.08414602004012,527.1400351128844,1568.5423665154242,1838.8036351480732,-1156.6604277591846,893.9578784887129,1154.0032657773884
1.160773849232822,-57.936907254437216,2.1385142502440746,-59.397505055777884,160.11184626427155,-1.0795711100316343,33.22859206084853,9.360427736415772,6.880208414739315,4.0506098212946755,10.556385992403786,13.68610604498997,9.209366341454924,512.7355134459945,1550.3575627476423,1827.5646558672292,-1202.540495309275,882.2173044191983,1098.4039358084872
1.1674449633088724,-57.561110283543286,2.4173421967867093,-59.23131457796186,160.5316738097413,-0.5298074718217958,33.599615194506015,9.416621816452416,7.0515465657651575,4.2531547268916485,10.420157663997731,13.78352615651566,9.328386567589954,498.0343488654575,1531.5737840531006,1815.7109903822472,-1247.8357252450933,870.1156808645763,1042.479448079521
1.1741160773849233,-57.183096981531335,2.7029860031837205,-59.0570437294435,160.94594824010844,0.02382837557544017,33.975277641199405,9.471164961071231,7.220763228684454,4.454347695429241,10.278926505333677,13.879580784333887,9.441171713559227,483.03889196079103,1512.1972985537566,1803.2467103714596,-1292.5284940490494,857.6553943250238,986.2508248294399
1.180787191460974,-56.80293408289762,2.99535943919297,-58.87474797936157,161.35447066215622,0.5812809801393798,34.35532917022444,9.524024587235516,7.387792862349472,4.654121072885881,10.132760466771087,13.974230190353468,9.547689136645365,467.7516497650879,1492.2346037430398,1790.176123567215,-1336.6014845778313,844.838988045287,929.7391734293818
1.1874583055370247,-56.42068962063486,3.294373665804527,-58.68448549506119,161.75704494079832,1.1424933050402566,34.73951829132372,9.57516839933588,7.55257066068832,4.85240769725025,9.981729406718113,14.067434927931355,9.647908545324647,452.1752854262599,1471.6924242996827,1776.5037722601335,-1380.0376931665048,831.6691612097524,872.9656784563359
1.1941294196130752,-56.03643291438035,3.5999372651672292,-58.48631712187961,162.1534777747487,1.7074067406514104,35.12759234896311,9.624564406526043,7.715032577838831,5.049140924513138,9.82590505638939,14.159155859162809,9.741802007409387,436.3126178014001,1450.5777098105152,1762.2344317087063,-1422.8204365837767,818.1487680669838,815.9515937429953
1.200800533689126,-55.65023455787115,3.911956271516029,-58.28030636189509,162.54357877076592,2.275961117251324,35.519297616916305,9.672180940009302,7.875115353024257,5.24425465447726,9.665360983798875,14.249354172070333,9.82934395730518,420.16662097428764,1428.8976324030182,1747.3731084547965,-1464.9333588354912,804.2808169840827,758.7182344068904
1.2074716477651768,-55.26216640570859,4.230334203089767,-58.066519351646555,162.92716051644098,2.8480947184116125,35.91437939312222,9.717986670267056,8.032756535160727,5.437683356374577,9.500172557004877,14.337991397683563,9.910511202380944,403.74042369608316,1406.6595842884544,1731.9250385456448,-1506.3604378135142,790.0684694312312,701.2869688618978
1.2141427618412275,-54.872301559434234,4.554972095028375,-57.84502483883189,163.30403865149924,3.4237442950664714,36.31258209477944,9.76195062422089,8.187894507186641,5.629362094280745,9.330416906624489,14.425029427002391,9.985282928449907,387.0373087493025,1383.8711752164602,1715.8956856630248,-1547.0859917871949,775.5150388968382,643.6792108152373
1.220813875917278,-54.4807143529207,4.885768533238089,-57.61589415799328,163.67403193758776,4.00284508025833,36.7136493536423,9.804042202319676,8.340468510104138,5.819226552316452,9.156172887635162,14.510430527835663,10.053640704360072,370.06071223520195,1360.5402298419874,1699.2907391602216,-1587.0946857347053,760.62398973372,585.9164112530782
1.227484989993329,-54.08748033707986,5.222619689213168,-57.37920120519821,164.0369623265196,4.585330804555232,37.11732411148294,9.844231195543216,8.490418666723007,6.0072130596253706,8.97752104048135,14.594157361507737,10.115568485693167,352.8142227847254,1336.6747850055378,1682.116112007555,-1626.3715375116117,745.3989359367937,528.0200504178595
1.2341561040693796,-53.69267626389248,5.565419355801757,-57.13502241172522,164.3926550269479,5.171133712133904,37.523348715683454,9.882487802313856,8.637686005097407,6.193258615118667,8.794543551504503,14.676172999425372,10.171052617571283,335.3015806932187,1312.2830869276752,1664.3779386472058,-1664.9019238540984,729.8436398527717,470.0116297804537
1.2408272181454303,-53.29638006976287,5.9140589839036535,-56.883436716764265,164.74093856944228,5.760184577523169,37.93146501492251,9.918782645307735,8.78221248164595,6.377300911975965,8.607324212714852,14.756440939497423,10.220081836570708,317.5266769791444,1287.3735883188092,1646.0825727581296,-1702.6715862143644,713.962010822406,411.9126640102858
1.2474983322214808,-52.8986708582027,6.268427720086901,-56.624525539141295,165.0816448699433,6.352412723001411,38.34141445492081,9.953086788157117,8.923941003945753,6.559278361892861,8.415948380923837,14.834925122399783,10.262647271743079,299.4935523670624,1261.9549454053167,1627.2365849319012,-1739.6666364257665,697.7581037558348,353.74467294653704
1.2541694462975317,-52.499628881848665,6.628412445110165,-56.35837274807751,165.41460929156753,6.947746036641887,38.75293817420945,9.985371752035459,9.062815453191257,6.739130119065102,8.220502936256258,14.911589947678298,10.29874244474402,281.20639619518596,1236.0360148730672,1607.8467602603505,-1775.8735621953645,681.2361176416275,295.52917357354573
1.2608405603735824,-52.09933552381884,6.99389781333709,-56.08506463299412,165.73967070474058,7.546110990999301,39.16577709988562,10.015609532116862,9.198780706308682,6.916796103899696,8.021076240061396,14.986400289682244,10.328363269069946,262.66954524785325,1209.6258507294738,1587.920095835893,-1811.2792324216227,664.4003939901551,237.28767200352095
1.267511674449633,-51.69787327841275,7.364766293028929,-55.80468987237353,166.05667154563338,8.1474326624305,39.57967204332,10.043772613901517,9.331782657717076,7.092217026443266,7.817758092242732,15.05932151332108,10.351508048403984,243.88748251329199,1182.7337010852223,1567.4637981655064,-1845.8709023350646,647.2554152119379,179.04165546968449
1.2741827885256836,-51.295325731161036,7.740898207500829,-55.51733950168875,166.3654578728794,8.751634751042246,39.99436379577997,10.069833989398921,9.461768240727155,7.2653344095181565,7.610639688026022,15.130319489637296,10.368177474072423,224.8648358670905,1155.3690048568535,1546.485280499314,-1879.636218459789,629.8058029316566,120.81258433294997
1.2808539026017345,-50.891777538229846,8.122171777127326,-55.22310688041268,166.66587942255072,9.358639601258623,40.40959322393339,10.093767173160602,9.588685448569166,7.43609061155676,7.399813574185821,15.19936061118836,10.378374621613299,205.6063766818214,1127.5413883914314,1524.9921600748123,-1912.5632233938363,612.0563162385342,62.621884105227856
1.2875250166777852,-50.48731440518738,8.508463162181938,-54.92208765811941,166.95778966137087,9.968368222999976,40.825101365197234,10.11554621815417,9.712483355041208,7.60442884912487,7.185373604750581,15.266411807230513,10.38210494645912,186.11701836330525,1099.2606620145236,1502.9922552777612,-1944.6403604064317,594.0118498738425,4.490937492468274
1.2941961307538359,-50.08202306513767,8.899646506495507,-54.614379739690776,167.24104583814537,10.580740313465771,41.240629522895745,10.135145731470557,9.833112134769486,7.770293219124728,6.967414896206968,15.331440558697636,10.37937627873622,166.40181481402928,1070.5368165027965,1480.4935827208478,-1975.8564778502937,575.6774323562919,-53.55892353949784
1.3008672448298864,-49.67599125622952,9.295593981917563,-54.30008324964041,167.5155090333889,11.195674279512614,41.655919361192744,10.152540889856416,9.950523083072321,7.933628720668768,6.746033782223858,15.394414912968289,10.370198817183267,146.46595882427724,1041.3800194825255,1457.5043542412247,-2006.2008333871966,557.0582240461114,-111.50642567322416
1.3075383589059373,-49.26930769854721,9.696175833564716,-53.979300495569134,167.78104420713152,11.81308726061908,42.07071299976296,10.167707455063594,10.064668635419569,8.094381276615064,6.5213277679171,15.455303498414096,10.35458512219215,126.31478039155664,1011.8006117553758,1434.0329738180837,-2035.6630980251125,538.1595151486488,-169.33036211897195
1.314209472981988,-48.86206207039078,10.101260425839746,-53.652135930765276,168.03752024488475,12.432895152428337,42.484753108167425,10.180621789007875,10.175502386479634,8.252497754755689,6.293395483675796,15.514075538722857,10.33255010797448,105.95374496894807,981.8091035528109,1410.0880344114375,-2064.2333599653402,518.9867236583357,-227.0096004620414
1.3208805870580387,-48.45434498395313,10.510714289204676,-53.318696115963924,168.2848100017519,13.055012630859474,42.89778299989762,10.191260868728953,10.282979108746076,8.407925988649234,6.06233663857161,15.570700866989778,10.304111033857575,85.38845164303298,951.4161707205573,1385.6783147233489,-2091.902128258076,499.54539324391584,-284.52309047506867
1.3275517011340892,-48.04624796040298,10.924402167690818,-52.979089680279685,168.52279034466488,13.679353176778195,43.309546726054165,10.199602301143996,10.387054770736174,8.560614798089,5.828251973372291,15.625149939570353,10.269287494713872,64.62463124208763,920.6326508345413,1360.8127758828366,-2118.6603362650153,479.84119107582956,-341.8498718922706
1.33422281521014,-47.63786340438097,11.34218706712869,-52.633427281327506,168.7513421927328,14.305829101216842,43.7197891686249,10.205624337587006,10.487686554753891,8.710514009198402,5.591243213180986,15.67739384968852,10.228101410528183,43.66814437527628,889.4695392497688,1335.5005580557522,-2144.4993449276353,459.87990559670857,-398.96908214264204
1.3408939292861908,-47.22928457791877,11.763930304079885,-52.28182156454678,168.9703505556882,14.934351571134513,44.12825613332847,10.209305888126357,10.584832874209884,8.857574474145329,5.351413019723057,15.727404340793768,10.180577015107685,22.52497940358854,857.9379850836451,1309.7509769809483,-2169.4109458398884,439.667444235926,-455.8599640391032
1.3475650433622415,-46.82060557378919,12.189491555453401,-51.92438712174419,169.17970457041616,15.5648306357063,44.53469444198857,10.210626535652988,10.678453390491343,9.001748090467359,5.108864943302166,15.775153819661128,10.126740843939393,1.201250343325899,826.0492871352465,1283.5735204340663,-2193.387364124153,419.20983106920414,-512.501873420646
1.354236157438292,-46.41192128829733,12.61872890878796,-51.56124044887075,169.37929753555466,16.197175253131935,44.93885202440563,10.209566549731775,10.768509029374634,9.14298781999981,4.863703374447607,15.820615369227914,10.066621721200852,-20.29680529705309,793.8148897420941,1256.9778446203406,-2216.4212611093467,398.513204424284,-568.8742867445204
1.3609072715143429,-46.003327393522326,13.05149891318212,-51.19249990304953,169.56902694415345,16.83129331795268,45.34047800969142,10.206106900208738,10.85496199697383,9.281247707398872,4.6160334952748885,15.863762761161254,10.00025074592951,-41.96282874585873,761.2463785760089,1229.9737704978058,-2238.5057368102152,377.5838144337016,-624.9568086255379
1.3675783855903936,-45.59492030901906,13.487656630853243,-50.818285658869975,169.7487945143807,17.467091688865825,45.739322817033354,10.200229270566785,10.937775795218549,9.416482898252116,4.365961230581765,15.904570468150744,9.927661277356911,-63.79034226199122,728.3554763796392,1202.571280032361,-2259.6343322068865,356.42802053572876,-680.7291793195906
1.3742494996664443,-45.1867971729907,13.92705568930652,-50.43871966396596,169.91850621826725,18.104476217025727,46.13513824585537,10.191916071022872,11.01691523685451,9.548649656768914,4.113593198701974,15.943013675920323,9.848888919414133,-85.7727514927305,695.1540386452948,1174.7805123861428,-2279.8010313238838,335.052288924566,-736.1712821485025
1.3809206137424948,-44.779055812942374,14.369548334094738,-50.05392559389404,170.07807230847953,18.743351774819732,46.5276775653418,10.181150451359489,11.09234645996049,9.677705383043392,3.8590366621389847,15.979068294953846,9.763971504414988,-107.90334789454397,661.6540492377344,1146.6117600407067,-2299.0002631078646,313.46318995090627,-791.2631508633493
1.3875917278185457,-44.371794715826425,14.814985482149392,-49.66402880632949,170.2274073431118,19.383622285107823,46.91669560329214,10.167916313483554,11.164036941975583,9.803608629882822,3.6023994780021646,16.012710971929074,9.672949075924166,-130.17531121593674,627.867615962577,1118.0754648565305,-2317.226903103455,291.66739547398146,-845.9849769434387
1.3942628418945964,-43.96511299769063,15.263216775663262,-49.26915629459763,170.36643020849178,20.02519075091381,47.301948834273645,10.152198323705798,11.231955513230787,9.926319119194401,3.343790048267908,16.043919100854463,9.575863870817491,-152.58171204132262,593.8069660820425,1089.1822140703994,-2334.4762749266292,269.671676166274,-900.3171168281182
1.400933955970647,-43.55911037284085,15.714090636504668,-48.86943664055812,170.49506413999143,20.66795928555646,47.683195467039944,10.13398192473403,11.296072369979155,10.04579775792363,3.083317269888212,16.072670833903775,9.472760300542035,-175.11551439488173,559.4844417797401,1059.9427362322328,-2350.7441515351893,247.48289877204797,-954.2400990786604
1.4076050700466975,-43.15388712252901,16.167454321143122,-48.46499996686038,170.61323674083903,21.31182914320799,48.06019553118369,10.113253347373542,11.356359086918935,10.162006653537604,2.8210904847692797,16.098945091943342,9.363684931583842,-197.76957840332858,524.9124955762422,1030.3678970829633,-2366.0267562959716,225.10802332091495,-1007.7346314674608
1.4142761841227485,-42.74954406317925,16.62315397606605,-48.05597788858859,170.72087999892568,21.956700749867725,48.43271096299153,10.089999621928275,11.412788629204345,10.274909129046838,2.5572194296427777,16.122721574747068,9.248686465151719,-220.53666301648994,490.10368569721385,1000.4686953750858,-2380.32076384851,202.55410029764175,-1060.7816079918455
1.4209472981987992,-42.346182514163395,17.08103469366582,-47.64250346431455,170.8179303016046,22.602473734738492,48.8005056904705,10.06420858929632,11.46533536393882,10.384469737559213,2.2918141858524255,16.143980770894434,9.127815716085463,-243.40942878456733,455.070671395883,970.256258637531,-2393.6233007649826,179.82826776944742,-1113.3621158097992
1.4276184122748499,-41.94390426513873,17.540940568576495,-47.22471114657771,170.90432844847865,23.24904696199247,49.16334571751476,10.035868911753518,11.513975071145673,10.49065427636011,2.02498512907848,16.16270396734671,9.001125590997372,-266.3804406909193,419.8262082316498,939.7418388865343,-2405.931946006332,156.9377484720484,-1165.4574420949525
1.4342895263509003,-41.54281154296045,18.00271475443906,-46.80273673181093,170.98001966217475,23.896318562914047,49.52099920718209,10.004970083419106,11.558684954211508,10.593429800512633,1.7568428790228934,16.178873258697013,8.868671065656226,-289.4421710391847,384.383143306668,908.9368082841956,-2417.244731174574,133.8898468557282,-1217.049080808228
1.4409606404269513,-41.14300697818165,18.466199521074135,-46.37671730973184,171.04495359710404,24.54418596840632,49.873236564050494,9.971502440397321,11.599443649797752,10.692764635972411,1.4874982490777127,16.19247155608974,8.730509161623143,-312.58700239353203,348.7544104622337,877.8526547464511,-2427.5601405613843,110.69194609272729,-1268.1187393835437
1.447631754503002,-40.74459357115408,18.931236312040586,-45.94679121221889,171.0990843462072,25.192545941847747,50.21983051562419,9.935457170589277,11.636231237215922,10.788628392211221,1.2170621959993926,16.20348259580519,8.586698922148903,-335.80723057079337,312.9530254368483,846.5009775021949,-2436.8771109931313,87.35150504727761,-1318.648345325033
1.4543028685790527,-40.34767465774257,19.397665802558624,-45.51309796169203,171.14237044568654,25.841294612285864,50.560556192760934,9.896826323169275,11.669029247262504,10.880991974344314,0.9456457696116956,16.211890947505275,8.437301387342877,-359.09506768321984,276.99208098782896,814.8934826053186,-2445.195031472637,63.87605520960595,-1368.6200527132644
1.4609739826551031,-39.95235387466736,19.86532795777581,-45.07577821901813,171.17477487772493,26.490327507954042,50.89519120909059,9.855602817720076,11.697820670509516,10.969827594756158,0.6733600625596007,16.217682022136373,8.28237956862364,-382.44264523057325,240.88474197835785,783.0419784014349,-2452.5137426180345,40.2731975952558,-1418.016248618
1.467645096731154,-39.55873512448731,20.33406209135367,-44.634973730961065,171.19626507119554,27.13953959009774,51.22351573939683,9.811780453021694,11.722589965046957,11.05510878421974,0.40031616013697596,16.220842079485635,8.121998422462003,-405.84201724022756,204.64424043189183,750.9583709511121,-2458.8335358991494,16.550599611100548,-1466.819559415029
1.4743162108072048,-39.166922540238595,20.8037069243534,-44.190827277196924,171.2068129003653,27.788825287096156,51.54531259693422,9.765353915488438,11.743323063673689,11.13681040250463,0.1266250902103154,16.221358235386983,7.956224823427054,-429.2851634539481,168.2838705558414,718.6546594114131,-2464.155152671973,-7.284008110572722,-1515.0128570047098
1.4809873248832555,-38.77702044974271,21.27410064439826,-43.743482616915024,171.20639468159558,28.438078528865255,51.860367309652226,9.716318787249124,11.760007380533334,11.214908648469342,-0.1476022267389526,16.219218468573423,7.785127536546399,-452.7639925599815,131.8169837364679,686.142931377597,-2468.479783011846,-31.22283490851713,-1562.5792649298403
1.487658438959306,-38.38913333959832,21.74508096509033,-43.29308443502538,171.19499116804667,29.087192781527996,52.16846819529974,9.664671553865437,11.772631817192288,11.289381069633636,-0.42225502743126575,16.214411627172325,7.60877718899192,-476.27034546907163,95.25698350694627,653.4353581868294,-2471.80906434607,-55.258033318100246,-1609.5021643905632
1.4943295530353569,-38.00336581887145,22.216485185659465,-42.83977828799325,171.17258754239128,29.73606108233725,52.46940643538269,9.610409611683703,11.781186768156727,11.360206571226584,-0.6972227554425847,16.206927434840516,7.427246241102524,-499.795998632989,58.61732049055674,620.5441901857752,-2474.145079886772,-79.38170232457409,-1655.7652001540082
1.5010006671114076,-37.61982258249888,22.68815025082172,-42.383710549322416,171.13917340754386,30.384576074837035,52.76297614794882,9.553531274815379,11.785664125826182,11.42736542470661,-0.9723951106727576,16.19675649653617,7.2406089567558425,-523.3326674041439,21.911487320984524,587.4817519639668,-2475.490356864892,-103.5858906426074,-1701.3522863564667
1.5076717811874583,-37.2386083744196,23.15991281082473,-41.9250283547078,171.0947427754144,31.032630044247632,53.04897445917381,9.494035781741768,11.78605728488108,11.490839275749693,-1.2476620986064972,16.183890303924706,7.048941373100869,-546.8720094348297,-14.846986458290626,554.2604375548443,-2475.847864566316,-127.86260002062478,-1746.2476121958991
1.5143428952635087,-36.85982795044946,23.63160928165745,-41.46387954687919,171.03929405369468,31.680114953059434,53.3272015737232,9.431923301538705,11.782361146102136,11.550611151702299,-1.5229140793450588,16.16832124041592,6.852321269663882,-570.4056281146246,-51.64453951351452,520.8927056063923,-2475.221012171196,-152.20378856849192,-1790.4356475126363
1.5210140093395597,-36.483586040914375,24.103075905401205,-41.00041262015738,170.97283003068713,32.32692247682126,53.59746084386542,9.367194939716942,11.774572119619565,11.606665468495766,-1.7980418163868177,16.150042585829965,6.650828136840149,-593.925076044452,-88.4675838570862,487.391074523297,-2473.61364639763,-176.60137410707392,-1833.9011482561825
1.5276851234156104,-36.10998731305765,24.574148810699445,-40.5347766647443,170.8953578581862,32.97294404010774,53.85955883731144,9.299852743674347,11.762688127590335,11.658988037019054,-2.0729365251349936,16.129048520689707,6.444543143784285,-617.4218585457922,-125.3025099988722,453.7681175825784,-2471.030048950966,-201.04723753817612,-1876.6291618360692
1.534356237491661,-35.73913633323662,25.044664073323265,-40.06712131076914,170.80688903242466,33.618070852651186,54.11330540375769,9.229899707756008,11.746708606301976,11.707566068947072,-2.3474899211110944,16.10533413013738,6.233549105712186,-640.887437203517,-162.13569211039984,420.0364580246373,-2467.4749337800154,-225.53322623339085,-1918.6050323547736
1.5410273515677115,-35.37113752892487,25.51445777680944,-39.597596672111884,170.70743937309518,34.26219394562254,54.35851374010831,9.157339777918681,11.726634507701531,11.7523881820219,-2.6215942678525748,16.078895407473407,6.017930450627781,-664.3132334407835,-198.95349319988193,386.2087641217035,-2462.9534441416554,-250.05115744032048,-1959.8144057207205
1.5476984656437625,-35.0060951505357,25.983366073148325,-39.12635329002663,170.59702900046247,34.905204208046456,54.5950004543544,9.082177855995996,11.702468300348666,11.793444404784545,-2.8951424244735406,16.049729257315686,5.797773185488048,-687.6906321244333,-235.7422702960548,352.2977442256442,-2457.471149475275,-274.59282170468754,-2000.2432346394917
1.5543695797198132,-34.644113233082905,26.451225243498246,-38.65354207658651,170.47568231057846,35.546992423335176,54.822585628087985,9.004419803561213,11.674213969791964,11.830726180755025,-3.168027892867466,16.017833498377477,5.573164861819959,-711.0109851993062,-272.4883796387791,318.3161417971358,-2451.034042088673,-299.1499863068001,-2039.877783481376
1.5610406937958639,-34.28529555769494,26.917871758903477,-38.1793142579723,170.34342794861539,36.187449305925966,55.04109287762896,8.924072445384327,11.641877018367884,11.86422637205884,-3.4401448645309958,15.983206865862563,5.344194540803174,-734.2656153498716,-309.1781818743677,284.2767304181795,-2443.64853365707,-323.7143987108517,-2078.704633023465
1.5677118078719143,-33.9297456129991,27.38314234099251,-37.70382131762704,170.20029878033282,36.82646553800673,55.25034941374403,8.841143572480668,11.605464464421846,11.893939262498028,-3.711388266988214,15.945849013476234,5.110952757832527,-757.4458196875603,-345.79804725358514,250.19230878997703,-2435.3214515369928,-348.2777900255151,-2116.7106850645227
1.5743829219479653,-33.577566556391645,27.84687402263369,-37.22721493929884,170.04633186169494,37.463931806314285,55.45018609993688,8.755641944748104,11.564984840951373,11.919860560065418,-3.9816538097948397,15.905760515050888,4.873531486574561,-780.5428734621634,-382.3343608302749,216.0756957181666,-2426.0600348968596,-372.83187847429804,-2153.883166910967
1.581054036024016,-33.22886117521082,28.308904208524925,-36.74964694999431,169.88156840665468,38.09973883899034,55.64043750928994,8.667577293190364,11.520448193671227,11.94198739890064,-4.250838030102099,15.862942865785397,4.632024102532557,-803.5480337956661,-418.77352765856153,181.93972508744312,-2415.8719306661756,-397.3683728741142,-2190.2096357322707
1.5877251501000667,-32.88373184782919,28.769070735694363,-36.271269262864706,169.7060537531241,38.73377744247881,55.820941979837976,8.576960321724048,11.471866078500913,11.960318340686896,-4.518838337760226,15.817398483097277,4.386525346134595,-826.4525434368459,-455.1019779865695,147.7972408275828,-2404.7651893053426,-421.8789761205164,-2225.677982784221
1.5943962641761171,-32.54228050468189,29.22721193388896,-35.7922338200475,169.51983732714788,39.36593853845,55.991541668455206,8.483802708567094,11.419251558475018,11.974853375487697,-4.785553059941766,15.76913070708705,4.137131285359514,-849.247634534974,-491.3061724446127,113.6610918728931,-2392.748260398147,-446.35538867804837,-2260.2764374984836
1.601067378252168,-32.204608589247854,29.68316668582782,-35.31269253548582,169.32297260530166,39.99611320073513,56.152082603237176,8.388117107206675,11.36261920007704,11.98559392202282,-5.050881485264996,15.71814380061433,3.8839392779156667,-871.9245324309359,-527.3726072257939,79.54412711713312,-2379.8299880690843,-470.7893120741459,-2293.99357143698
1.6077384923282187,-31.8708170190007,30.136774487297444,-34.83279723774763,169.11551707533388,40.624192692256585,56.30241473436023,8.289917146944696,11.301985068997775,11.992542827383229,-5.314723907398325,15.66444294898531,3.6270479329875136,-894.4744594640855,-563.2878192569807,45.459190365910715,-2366.0196062277323,-495.1724523950503,-2326.8183021096734
1.6144096064042694,-31.541006146346163,30.587875507065345,-34.35269961286807,168.89753219507315,41.25006850193749,56.44239198340136,8.18921743301924,11.237366725319408,11.995704366184688,-5.576981668126274,15.608034259251516,3.3665570725655405,-916.8886387931224,-599.0383913580804,11.419115288628403,-2351.326733642489,-519.49652378215,-2358.7398966543374
1.62108072048032,-31.215275719563422,31.03631064658984,-33.872551147236514,168.66908334962326,41.87363238157574,56.57187229110223,8.086033546300461,11.168783218126654,11.995084239160214,-5.837557199858468,15.548924759119863,3.1025676923745893,-939.158298229283,-634.6109573876001,-22.563279628022574,-2335.761368846055,-543.7532519272083,-2389.7479753770467
1.6277518345563708,-30.893724843766837,31.481921599502332,-33.39250307055149,168.43023980686777,42.49477638266634,56.69071766356142,7.980382042559718,11.096255079546737,11.990689571191572,-6.09635406756288,15.48712239547425,2.8351819224165586,-961.2746740801385,-669.9922073724232,-56.47519612295132,-2319.3338848750873,-567.9343775649126,-2419.832515152085
1.6344229486324215,-30.57645194190574,31.92455091084002,-32.912706298865324,168.1810746713081,43.113392893157084,56.79879421683991,7.87228045131077,11.019804318219881,11.982528908780404,-6.353277010105144,15.422636032509004,2.5645029871427054,-983.2290150022465,-705.168892619791,-90.30386119793337,-2302.055023846589,-592.0316599611742,-2448.983852680079
1.6410940627084722,-30.263554715819065,32.364042036005365,-32.43331137774149,167.92166483625894,43.72937467412156,56.89597221996524,7.761747274222273,10.9394544122026,11.970612216959683,-6.608231980975867,15.35547544947486,2.290635165271866,-1005.0125858609523,-740.1278308094339,-124.03653214718682,-2283.935891373581,-616.03688039564,-2477.192687603205
1.6477651767845227,-29.955130107362148,32.800239399430836,-31.954468425546587,167.65209093442678,44.34261489633428,56.98212613632052,7.648801983100724,10.855230301305957,11.95495087564647,-6.861126188388234,15.285651338038047,2.0136837492701516,-1026.6166715955744,-774.8559110638505,-157.6605015772568,-2264.987950822764,-639.9418456368375,-2504.4500854763915
1.6544362908605736,-29.65127425962286,33.232988452925134,-31.476327076899402,167.3724372868951,44.95300717673238,57.05713466340488,7.533465017443516,10.767158378871402,11.935557675437162,-7.111868134728517,15.213175299253564,1.733755004508362,-1048.0325810882414,-809.3400989947027,-191.16310241515507,-2245.223017416876,-663.7383914084118,-2530.7474805934644
1.6611074049366243,-29.35208247824426,33.66213573367938,-30.99903642629972,167.08279185054502,45.560445614748325,57.120880770953455,7.415757781561661,10.675266482986986,11.912446812846675,-7.360367655342277,15.138059840153527,1.4509561281133918,-1069.2516510346265,-843.5674417233197,-224.53171290273613,-2224.6532521845515,-687.4183858449046,-2556.076678667276
1.667778519012675,-29.057649192871207,34.08752892191043,-30.52274497195845,166.78324616393596,46.16482482849869,57.17325173740361,7.295702641272129,10.579583887146828,11.885633884993178,-7.606535956639666,15.060318369952025,1.1653952075296174,-1090.265249814821,-877.5250728733254,-257.7537615753011,-2203.291155760571,-710.9737329355171,-2580.4298593628973
1.6744496330887255,-28.76806791873764,34.50901689811916,-30.04760055985181,166.47389529167603,46.766039990812985,57.214139184697935,7.173322920159895,10.480141290357208,11.855135883730236,-7.850285653503035,14.979965195867786,0.8771811788070993,-1111.0647813625942,-911.2002175333708,-290.8167322223826,-2181.1495620394003,-734.396375954321,-2603.799578683026
1.6811207471647764,-28.48343121841242,34.92644979994196,-29.57375032802121,166.1548377673081,47.363986865088016,57.24343911141172,7.048642895409931,10.376970806692517,11.820971189228484,-8.091530805981126,14.897015518566235,0.5864237846324843,-1131.6416890312796,-944.580197188033,-323.7081688287454,-2158.241631685039,-757.6783008753845,-2626.178771204796
1.6877918612408271,-28.20383066372041,35.339679078572956,-29.101340651141253,165.82617553474296,47.95856184095192,57.26105192419613,6.921687793209666,10.27010595430496,11.783159563009118,-8.330186955253591,14.811485427222848,0.2932335321198402,-1151.9874594545192,-977.6524346148668,-356.4156804935522,-2134.580845500227,-780.8115397712766,-2647.5607521672823
1.6944629753168778,-27.929356797856244,35.74855755473564,-28.630517085377203,165.48801388826678,48.54966196972332,57.26688246752705,6.792483783722506,10.15958164389162,11.74172214043178,-8.566171158850745,14.723391894209533,-0.002278349622554883,-1172.0936264001102,-1010.4044587456954,-388.9269463257413,-2110.1809976581417,-803.788174193421,-2667.939219408998
1.7011340893929283,-27.660099097707825,36.152939474181984,-28.16142431355441,165.14046141115458,49.13718499964996,57.26084005175158,6.661057975633395,10.045434166623215,11.696681422639518,-8.799402025113158,14.63275276940634,-0.2999999521322528,-1191.951774615191,-1042.823909490162,-421.22972031359967,-2085.056188799741,-826.6003385327964,-2687.3082551547855
1.7078052034689792,-27.39614593640669,36.552680562697795,-27.69420609066052,164.7836299129197,49.72102941091264,57.24283847942352,6.52743841026734,9.927701181538607,11.648061267963884,-9.029799746876616,14.539586774140567,-0.5998187304231658,-1211.5535436610003,-1074.8985425196493,-453.31183616658404,-2059.22081900001,-849.2402233594594,-2705.662327651543
1.71447631754503,-27.13758454612236,36.94763808059269,-27.229005189702857,164.41763436523064,50.30109445037865,57.212796069921524,6.391654055282305,9.806421702409857,11.595886882793318,-9.257286134367703,14.443913494755943,-0.9016215459893195,-1230.890631735457,-1106.6162340096155,-485.16121212739193,-2032.6895806064008,-871.7000787394014,-2722.9962926522944
1.7211474316210806,-26.884500981117608,37.33767087665414,-26.765963347941767,164.04259283652723,50.87728016609087,57.170635682342144,6.253734797937765,9.681636084082234,11.54018481190825,-9.481784647296351,14.345753375814185,-1.2052947099653677,-1249.9547994817974,-1137.9649853384838,-516.7658557523652,-2005.4774509528077,-893.9722175272428,-2739.305394748172
1.7278185456971311,-26.63698008108154,37.72263944154388,-26.305221213521477,163.65862642536885,51.44948744147707,57.11628473666293,6.113711437940733,9.553386008294432,11.480982928286517,-9.703220426131391,14.245127712932067,-1.5107240264265553,-1268.7378737815166,-1168.9329277411744,-548.1138686582469,-1977.5996849524802,-916.0490186332872,-2754.5852685479344
1.734489659773182,-26.39510543475771,38.10240596061689,-25.84691829251955,163.2658591925467,52.017618029265556,57.04967523316954,5.971615679870956,9.421714468983854,11.418310422382996,-9.921520322546087,14.142058645256526,-1.8177948358114924,-1287.23175152987,-1199.5083269154352,-579.1934512334005,-1949.0718075733384,-937.9229302634611,-2768.831939704721
1.7411607738492327,-26.158959343883467,38.47683436614164,-25.391192896436017,162.8644180919952,52.58157458509225,56.970743770142946,5.827480125187432,9.286665757082597,11.35219779088749,-10.136612929020572,14.03656914758129,-2.1263920584504294,-1305.428403392186,-1229.6795875791065,-609.9929073115359,-1919.9096061991838,-959.5864731306946,-2782.0418257897936
1.7478318879252834,-25.928622787457954,38.8457903889018,-24.93818209014256,162.45443290053473,53.141260700785175,56.879431559802114,5.681338263818384,9.148285444809385,11.282676824965097,-10.348428607588827,13.928683022107968,-2.4364002381823147,-1323.319877539241,-1259.4352579765073,-640.500648806078,-1890.1291228803736,-981.0322436362725,-2794.2117370130645
1.754503002001334,-25.704175386354674,39.209141609159225,-24.488021640313068,162.03603614648122,53.69658093731202,56.77568444249974,5.533224465337204,9.00662036946353,11.209780597983643,-10.556899517718076,13.818424889855265,-2.7477035860433077,-1340.8983033599889,-1288.7640343321175,-670.7052003032693,-1859.7466464775264,-1002.2529170197574,-2805.3388767903075
1.7611741160773848,-25.48569536829584,39.56675750695845,-24.04084596435526,161.60936303715803,54.24744085737703,56.65945289916782,5.3831739697268945,8.86171861672658,11.133543452732741,-10.761959643308893,13.705820181719691,-3.0601860240099463,-1358.15589514989,-1317.6547652497825,-700.5952036121463,-1828.7787047019565,-1023.241250476029,-2815.420842156978
1.7678452301534355,-25.273259533204293,39.91850951175289,-23.59678807986422,161.17455138534407,54.793747057653036,56.530692062011695,5.231222877735872,8.713629503478066,11.054000988139489,-10.963544818804733,13.590895129191653,-3.373731228779701,-1375.0849557731447,-1346.0964560556552,-730.1594222695325,-1797.2420560564804,-1043.9900862380623,-2824.4556240286342
1.7745163442294862,-25.066943218949767,40.26427105133367,-23.155979554617588,160.7317415346952,55.33540720063498,56.389361723451266,5.077408140828152,8.562403560131536,10.971190045485871,-11.161592754400049,13.473676754730748,-3.688222675572003,-1391.6778802971119,-1374.078273083139,-759.3867459982147,-1765.153681680356,-1064.492354624039,-2832.4416073080365
1.7811874583055367,-24.866820267505418,40.60391760004207,-22.718550457132135,160.281076284175,55.87233004610169,56.23542634330859,4.921767550730984,8.40809251249743,10.885148694133106,-11.356043060336546,13.354192861804288,-4.003543681932706,-1407.9271595972111,-1401.5895478981095,-788.2661951164947,-1732.5307771021144,-1084.741077047421,-2839.377570839026
1.7878585723815876,-24.67296299153067,40.93732672624639,-22.284629307801858,159.82270081153098,56.40442548217202,56.06885505424291,4.764339728583484,8.250749263179687,10.7959162167586,-11.546837270277477,13.23247202459329,-4.319577451524784,-1423.825383930636,-1428.6197814626953,-816.7869248972972,-1699.3907439040993,-1104.7293689886312,-2845.262687207388
1.7945296864576383,-24.485442141396422,41.26437813906522,-21.85434303063627,159.35676259585458,56.93160455594259,55.88962166543268,4.605164113689652,8.090427872512745,10.703533094110993,-11.733918863750537,13.108543577370254,-4.636207117888555,-1439.3652464771747,-1455.1586482359644,-844.938229875086,-1665.7511813025744,-1124.4504429269853,-2850.096522388913
1.801200800533689,-24.30432687266827,41.58495373431844,-21.42781690561883,158.8834113392607,57.45377950369346,55.69770466450765,4.444280951879701,7.927183539046334,10.608040989289453,-11.917233287649905,12.982437603553214,-4.953315788154137,-1454.5395468455047,-1481.196000209836,-872.7095480988006,-1631.6298776472559,-1143.897611231572,-2853.879035245002
1.80787191460974,-24.129684714063263,41.898937639688135,-21.0051745217036,158.40279888772625,57.97086378064989,55.493087217731976,4.281731283483418,7.761072579585103,10.509482731553085,-12.096727976789056,12.854184924440714,-5.270786586689507,-1469.3411945432756,-1506.7218708786168,-900.0904653291047,-1597.0448018442244,-1163.0642890097508,-2856.6105768661378
1.8145430286857904,-23.961581535895903,42.206216259071944,-20.586537730469768,157.91507915112507,58.482772090286296,55.275757168442226,4.117556930919911,7.592152408790731,10.407902299666908,-12.272352373495671,12.723817087632513,-5.588502698666973,-1483.7632124093645,-1531.7264791405225,-927.0707191782109,-1562.0140947061395,-1181.9439969119887,-2858.291889763686
1.821214142761841,-23.800081519028375,42.506678316111184,-20.172026600451446,157.42040802249767,58.98942041316093,55.045707033743085,3.951800485907822,7.420481518354031,10.303344804790775,-12.444057946241116,12.591366355140858,-5.906347413531563,-1497.7987400066747,-1556.2002331296521,-953.6402031906129,-1526.5560602337407,-1200.5303638917733,-2858.9241069104874
1.827885256837892,-23.645247124340237,42.80021489687687,-19.761759372161766,156.91894329659445,59.49072603526832,54.80293399946578,3.78450529630065,7.246119455745017,10.195856472917972,-12.611798207296781,12.45686569119753,-6.224204168354153,-1511.4410369738591,-1580.1337339768208,-979.7889708630331,-1490.6891568326575,-1218.8171299193348,-2858.5087506307977
1.8345563709139423,-23.497139062732572,43.086719491696876,-19.35585241382858,156.41084458773273,59.9866075758978,54.54743991339348,3.6157154525517092,7.069126802548761,10.085484626870272,-12.775528729410576,12.320348749761708,-6.541956591053017,-1524.6834863343768,-1603.5177794977626,-1005.5072396019694,-1454.4319884695499,-1236.7981486479614,-2857.047731340194
1.8412274849899928,-23.35581626568106,43.366088036107676,-18.954420177859742,155.89627324700493,60.476985014986106,54.2792312767599,3.4454757738136754,6.8895651523953685,9.972277667856572,-12.935207161496818,12.181849861734168,-6.859488543466803,-1537.519597761317,-1626.343367807185,-1030.785394617195,-1417.8032957716496,-1254.4673900316907,-2854.5433461360985
1.847898599066044,-23.22133585635291,43.63821895091496,-18.55757515805507,155.37539227887916,60.96177971995244,53.998319234026795,3.273831793677603,6.7074970884922225,9.85628505660218,-13.090793243333671,12.041404021883064,-7.176684164262678,-1549.9430107964074,-1648.6017008572317,-1055.6139927496486,-1380.8219470737695,-1271.8189428931892,-2850.998277239644
1.8545697131420944,-23.09375312130147,43.90301318134689,-18.165427847582194,154.84836625723156,61.440914472004415,53.70471956094789,3.100829745556703,6.522986160767174,9.737557294056325,-13.242248819262295,11.899046875487166,-7.4934279116628195,-1561.947498021691,-1670.2841878988957,-1079.9837662321172,-1343.5069294169043,-1288.8470174406605,-2846.4155902896914
1.861240827218145,-22.973121482753122,44.160374235284905,-17.77808669773268,154.31536124084988,61.914313491903975,53.39845265092599,2.9265165477201447,6.336096862631107,9.616145901685242,-13.389537850882824,11.754814704702003,-7.8096046059732815,-1573.526968182318,-1691.3824488650002,-1103.8856263812067,-1305.8773395025319,-1305.5459477326258,-2840.798732489815
1.867911941294196,-22.859492471499976,44.410208220556974,-17.39565807747557,153.77654468844958,62.38190246518195,53.07954349967277,2.750939787982472,6.14689460736892,9.492103401358708,-13.532626428742143,11.608744414655016,-8.125099471898416,-1584.6754692589789,-1711.888317673351,-1127.3106672190509,-1267.9523746067566,-1321.9101940894689,-2834.1515306091746
1.8745830553702467,-22.752915700412366,44.652423881278516,-17.01824623382354,153.23208537324194,62.84360856679101,52.74802168817865,2.574147708054232,5.955445704167615,9.36548329483786,-13.671482783009598,11.460873519275541,-8.439798180625257,-1595.3871914884653,-1731.7938454487328,-1150.2501690233087,-1229.7513234584628,-1337.9343454506359,-2826.478188838233
1.8812541694462972,-22.653438838584194,44.88693263322675,-16.645953253028274,152.6821532970955,63.29936048518594,52.4039213640037,2.396189187559758,5.761817333790843,9.236340042872373,-13.806077293136514,11.311240126865773,-8.753586891661174,-1605.6564703309193,-1751.0913036624302,-1172.6956018039732,-1191.2935570856241,-1353.6131216764247,-2817.7832865003393
1.887925283522348,-22.561107586124763,45.113648598234384,-16.278879022619986,152.12691960433114,63.74908844582145,52.047281220898675,2.2171137277280457,5.566077523908917,9.104729043915183,-13.93638249649652,11.159882925418982,-9.066352294409317,-1615.4777893823048,-1769.7731871879953,-1194.6386287055739,-1152.5985196339875,-1368.9413757933066,-2808.071775620239
1.8945963975983988,-22.475965649609783,45.3324886375892,-15.917121194306537,151.56655649519135,64.19272423405734,51.67814447676745,2.036971434762921,5.368295124093854,8.970706612463127,-14.062373096003641,11.006841167691197,-9.377981649465793,-1624.8457832307051,-1787.8322172720166,-1216.071109333381,-1113.685719162268,-1383.914096181765,-2797.348978350659
1.9012675116744493,-22.39805471820413,45.54337238442617,-15.560775147746826,151.001237139026,64.6302012174613,51.29655884998297,1.855813002898818,5.1685397804888895,8.834329957032136,-14.18402596670578,10.852154656032946,-9.68836282962274,-1633.7552402550348,-1805.2613444186773,-1236.9851030022355,-1074.5747184181114,-1398.5264087056462,-2785.620584258163
1.9079386257505,-22.327414440469486,45.74622227509926,-15.209933955212893,150.43113558723365,65.06145436749999,50.90257653406689,1.6736896971486441,4.966881910162052,8.695657157775447,-14.30132016135191,10.695863726987492,-9.997384360562075,-1642.2011053647846,-1822.0537511869197,-1257.3728719066871,-1035.285125598995,-1412.7735787820409,-2772.8926474694767
1.9146097398265507,-22.264082401867956,45.94096357952067,-14.864688347154978,149.85642668600156,65.48642028060861,50.496254170748124,1.4906533357503795,4.7633926751537645,8.554747143753884,-14.414236914931198,10.538009235662305,-10.304935461224074,-1650.1784826794737,-1838.2028548990768,-1277.226884211118,-995.8365851022812,-1426.6510133907686,-2759.171583679652
1.9212808539026016,-22.20809410297481,46.12752443045523,-14.525126678683089,149.27728598888388,65.9050371986313,50.0776528214114,1.3067562723191506,4.5581439562281085,8.411659669866992,-14.522759648183401,10.378632539880504,-10.610906083835802,-1657.6826381464555,-1853.7023102598591,-1296.5398170586013,-956.2487682686425,-1440.1542630225222,-2744.464167023344
1.9279519679786523,-22.159482938410846,46.305835851758474,-14.191334896978633,148.6938896692604,66.31724502862225,49.64683793695126,1.1220513777117485,4.3512083263380905,8.26645529345427,-14.626873970079778,10.21777548411913,-10.915186953584062,-1664.7090020958035,-1868.5460118846188,-1315.304559497245,-916.541364123065,-1453.279023564799,-2728.777526810686
1.9346230820547032,-22.118280176506868,46.475831785546866,-13.863396509649034,148.10641443271612,66.72298536199979,49.203879326044955,0.9365920216106367,4.142659023814741,8.119195350575616,-14.726567679274723,10.055480383241251,-11.217669607918024,-1671.2531717309773,-1882.7280967358636,-1333.514215322822,-876.7340701176436,-1466.0211381247343,-2712.1191441291453
1.9412941961307535,-22.084514939710182,46.63744911828977,-13.54139255403812,147.51503742938414,67.1222014930457,48.74885112186034,0.7504320538346625,3.9325699252906006,7.969941931980493,-14.821830764528285,9.891790006028954,-11.518246435466564,-1677.3109135540483,-1896.2429464670024,-1351.1621058365165,-836.8465828803728,-1478.3765987880158,-2694.4968483129414
1.9479653102068044,-22.058214185745044,46.79062770581234,-13.22540156750431,146.91993616629117,67.51483843674117,48.28183174721357,0.5636257853837875,3.7210155183676794,7.818757858775166,-14.912655404100772,9.726747558524297,-11.816810714555858,-1682.8781657242364,-1909.085189672376,-1368.2417725166479,-796.8985889741424,-1490.3415483130555,-2675.91881328154
1.9546364242828551,-22.039402689536594,46.935310397199466,-12.915499558678773,146.32128841974833,67.90084294593247,47.80290387819365,0.3762279692254002,3.508070874040623,7.665706657797798,-14.999035964120496,9.560396667185618,-12.113256651312618,-1687.9510403485947,-1921.2497040426276,-1384.7469796032756,-756.9097556701192,-1501.912281759645,-2656.3935537488765
1.9613075383589056,-22.028103025909303,47.07144305759125,-12.611759979714828,145.71927214782832,68.28016352781869,47.31215440627001,0.18829378082971165,3.293811618885439,7.510852536711003,-15.080968995926824,9.392781361866371,-12.407479417338724,-1692.5258257036473,-1932.731618424531,-1400.671716594612,-716.8997217397269,-1513.0852480513418,-2635.929921304935
1.9679786524349565,-22.024335553069033,47.19897458986075,-12.314253699539934,145.11406540296844,68.65275045975476,46.80967439890133,-0.00012120153793730639,3.078313907024638,7.354260358821831,-15.158453232390457,9.223946058624007,-12.699375186943193,-1696.5989883868788,-1943.5263147844303,-1416.0102006542234,-676.8880882693585,-1523.8570514708622,-2614.5371003714445
1.9746497665110072,-22.02811839687892,47.31785695516521,-12.023048978120615,144.5058462447419,69.01855580436325,46.2955590586627,-0.1889610167600674,2.8616543918793673,7.195995617639071,-15.231489583214094,9.053935542366307,-12.988841173917596,-1700.1671753969304,-1953.6294300744562,-1430.7568789280174,-636.89440950203,-1534.224453087787,-2592.2246040334176
1.9813208805870577,-22.039467435937954,47.42804519236271,-11.738211441751144,143.8947926528375,69.37753342394832,45.7699076809107,-0.3781693410372704,2.6439101977196025,7.036124411178049,-15.30008112921636,8.882794949342818,-13.275775667841113,-1703.2272161414685,-1963.0368580007685,-1444.906430770056,-596.9381837100902,-1544.1843721179232,-2569.0022697483746
1.9879919946631088,-22.05839628747146,47.52949743628596,-11.45980405937532,143.28108244028837,69.72963899420577,45.232823610004225,-0.5676895082776457,2.425158891023102,6.874713416023003,-15.364233115602957,8.710569749488922,-13.560078069901854,-1705.7761243716404,-1971.7447506930625,-1458.4537698762877,-557.038844103132,-1553.7338872136722,-2544.8802549350826
1.9946631087391595,-22.084916294041705,47.62217493486639,-11.187887119951364,142.6648931669902,70.07483001722379,44.684414194102466,-0.757464530697175,2.205478451654379,6.711829861157449,-15.423952944228919,8.53730572863036,-13.841648928221085,-1707.8111000421377,-1979.749520274669,-1471.3940463252973,-517.2157497752153,-1562.8702376848346,-2519.8690324437675
2.0013342228152102,-22.119036511087458,47.706042065100824,-10.922518210868612,142.04640205354923,70.41306583376863,44.12479073855775,-0.9474371196227181,1.9849472438745268,6.5475415015727645,-15.47925016485687,8.363048970555838,-14.12038997266735,-1709.3295310958542,-1987.0478403325562,-1483.7226485252465,-477.488176695494,-1571.5908246492393,-2493.9793859096794
2.008005336891261,-22.16076369529991,47.7810663478548,-10.663752197424872,141.42578589550047,70.74430763485014,43.554068457926626,-1.1375497064891849,1.763643987193328,6.381916591665651,-15.53013646541602,8.187845838965726,-14.39620414914749,-1710.3289951722109,-1993.6366472866496,-1495.435205066177,-437.87530874633103,-1579.8932121126911,-2467.2224049920947
2.014676450967312,-22.21010229384282,47.84721846149625,-10.411641203372728,140.80322097793527,71.06851847256257,42.97236642661843,-1.327744464022437,1.5416477270746465,6.215023858434876,-15.576625661267654,8.011742959304522,-14.668995653362117,-1710.8072612382177,-1999.5131416578663,-1506.5275864769292,-398.3962288129168,-1587.7751279777185,-2439.6094805007274
2.0213475650433623,-22.267054434424285,47.90447225435378,-10.16623459254236,140.17888299057896,71.3856632701959,42.37980752820345,-1.517963327599098,1.3190378055064877,6.046932474488003,-15.618733683482946,7.834787200485234,-14.938669964013096,-1710.7622911413819,-2004.6747892343378,-1516.9959068859293,-359.06990992845357,-1595.2344649806273,-2411.1522994116685
2.0280186791194126,-22.331619916226618,47.952804755994414,-9.927578951548597,139.55294694335637,71.6957088316136,41.776518403403806,-1.70814801677472,1.0958938314471767,5.8777120308689295,-15.656478566139489,7.657025656513526,-15.205133875450649,-1710.1922410836253,-2009.1193221353199,-1526.8365255851536,-319.9152064788736,-1602.2692815564512,-2381.8628397749894
2.034689793195464,-22.40379620170131,47.99219618731623,-9.695718073588914,138.92558708248654,71.99862384989288,41.16262939678798,-1.898240056971352,0.8722956511588051,5.707432509716816,-15.6898804326435,7.478505628019748,-15.46829552974858,-1709.0954630153744,-2012.8447397723316,-1536.0460484966382,-280.95084547106507,-1608.877802631345,-2351.753365516152
2.0413609072715144,-22.483578409235108,48.02262996945138,-9.47069294333906,138.29697680714344,72.29437891522467,40.5382745021945,-2.088180801315672,0.648323318439696,5.536164256767555,-15.718961481084754,7.299274603706901,-15.728064448195456,-1707.4705059490584,-2015.8493097071148,-1544.621329540888,-242.19541786854148,-1615.0584203420817,-2320.836421133476
2.0480320213475647,-22.57095930669299,48.0440927314758,-9.252541722952204,137.6672885867224,72.58294652206828,39.903591306905376,-2.2779114526186173,0.42405706476709465,5.363977953708426,-15.743745968632263,7.119380241722684,-15.984351562190747,-1705.3161171912395,-2018.1315684060273,-1552.5594719066469,-203.667369998452,-1620.8096946822668,-2289.12482629386
2.054703135423616,-22.665929305843658,48.05657431692229,-9.041299739167528,137.03669387875004,72.86430107556036,39.258720934596255,-2.4673730854874436,0.19957726936186326,5.190944590397198,-15.764260194978565,6.938870350963776,-16.237069243534407,-1702.6312434926867,-2019.6903218905484,-1559.85782922147,-165.3849950338136,-1626.1303540749877,-2256.6316703291086
2.0613742494996665,-22.768476457672524,48.06006778909392,-8.836999471533316,136.40536304747627,73.13841889717337,38.60380798708611,-2.656506668561128,-0.025035570813414048,5.017135436956565,-15.780532484841359,6.757792872320545,-16.486131334099163,-1699.4150321156978,-2020.5246462836008,-1566.5140066226195,-127.36642455477214,-1631.0192958716013,-2223.370306635143
2.0680453635757168,-22.878586448587228,48.05456943517548,-8.639670541749156,135.7734652831846,73.40527822962271,37.939000484911325,-2.845253086859717,-0.249700871111289,4.842622015755054,-15.792593169531479,6.5761958598704275,-16.7314531748748,-1695.6668318180232,-2020.63388825143,-1572.5258617278319,-89.62962019271271,-1635.4755867763947,-2189.354346976481
2.074716477651768,-22.99624259751945,48.04007876914098,-8.449339704131964,135.14116852225953,73.66485924102014,37.264449806750854,-3.0335531642384894,-0.47433798929953885,4.667476073285659,-15.800474567596536,6.3941274620282105,-16.972951634374002,-1691.3861937527988,-2020.0176653408532,-1577.8915055055354,-52.192365360962185,-1639.4984631969473,-2154.597655698394
2.0813875917278186,-23.121425853927914,48.0165985334555,-8.26603083720929,134.50863936804643,73.91714402827193,36.58031062772638,-3.221347685937425,-0.6988662556930376,4.4917695519532295,-15.804210964550212,6.211635902661507,-17.21054513638967,-1686.572872283894,-2018.6758662116831,-1582.6093030441612,-15.072257075791724,-1643.0873315199574,-2119.114343849149
2.0880587058038693,-23.254114796705323,47.98413469957084,-8.089764936443654,133.87604301254146,74.16211661972059,35.88674085660546,-3.4085774212166466,-0.9232050033055165,4.315574561782058,-15.803838591697232,6.028769462179721,-17.444153687093834,-1681.226825716164,-2016.608650764233,-1586.6778742202105,21.713302128595984,-1646.2417683124318,-2082.918763214844
2.09472981987992,-23.394285633993135,47.94269646721369,-7.920560108090651,133.24354315894652,74.3997629770293,35.18390157193259,-3.5951831460682575,-1.1472735980097901,4.138963352054702,-15.799395604064937,5.845576458604769,-17.673698901468576,-1675.3482169400806,-2013.8164501617878,-1590.096094264789,58.147112187484716,-1648.9615204480851,-2046.0255002692838
2.1014009339559707,-23.541912203906655,47.89229626246698,-7.758431564193509,132.61130194512535,74.63007099630818,34.471956957116426,-3.7811056659951103,-1.3709914686945135,3.962008282893616,-15.79092205745223,5.662105228631964,-17.899104029059654,-1668.9374139903086,-2010.299966748032,-1592.8630942283692,94.21218339187358,-1651.2465051588945,-2008.4493700414994
2.1080720480320214,-23.696965976173104,47.832949734644174,-7.603391618716012,131.97947986799602,74.85303050848306,33.75107423449943,-3.9662858388468494,-1.5942781374060384,3.7847817967966297,-15.778459884607615,5.478404108689256,-18.12029397904387,-1661.9949905177773,-2006.060173859407,-1594.9782613435693,129.89174416999367,-1653.096810011742,-1970.205409903399
2.114743162108072,-23.859416054684697,47.76467575195772,-7.455449684815625,131.34823570889404,75.06863327890542,33.02142359843849,-4.150664597703632,-1.8170532494634564,3.607356390137904,-15.762052870547892,5.294521416003287,-18.337195344601323,-1654.5217261748828,-2001.098315532466,-1596.441239285785,165.16924876062072,-1654.5126928101372,-1931.3088732802141
2.121414276184123,-24.029229180968596,47.687496395982635,-7.3146122732577075,130.7177264599398,75.27687300620532,32.283178147423456,-4.3341829737978115,-2.039236603535381,3.4298045846454634,-15.741746627029983,5.110505429680557,-18.54973642658427,-1646.518606913454,-1995.4159061062887,-1597.2519283315582,200.02838477476425,-1655.4945814210394,-1891.7752232862958
2.128085390260173,-24.20636973857471,47.601436954917546,-7.180882991971804,130.08810725144576,75.47774532038733,31.536513815263305,-4.516782119463913,-2.2607481816665653,3.25219889886696,-15.717588566188313,4.926404371811933,-18.757847256474278,-1637.986825195185,-1989.014729720105,-1597.4104854145935,234.45308064232947,-1656.0430735268244,-1851.6201262889895
2.134756504336224,-24.390799758382773,47.50652591564459,-7.054262546749952,129.45953128039403,75.67124778017057,30.78160930136671,-4.698403331107097,-2.481508179243007,3.0746118196347103,-15.68962787335078,4.742266388608956,-18.961459618619926,-1628.9277801142575,-1981.8968397062754,-1596.9173240793923,268.4275129404607,-1656.1589363024898,-1810.8594454031584
2.141427618412275,-24.58247892482872,47.40279495459173,-6.934748743087133,128.83214974001922,75.8573798695749,30.01864600014839,-4.878988072180411,-2.7014370348835794,2.897115773541784,-15.657915479046663,4.558139531580154,-19.160507071747514,-1619.3430774319152,-1974.0645578788624,-1595.7731143325004,301.93611360025443,-1655.8431060182154,-1769.509233919186
2.1480987324883256,-24.781364583051086,47.290278927399996,-6.822336489162907,128.2061117505271,76.03614299375417,29.247807929587676,-5.05847799616091,-2.9204554602469264,2.7197830984401428,-15.622504030220181,4.374071738755722,-19.35492496973741,-1609.2345295227974,-1965.520473718019,-1593.9787823914203,334.9635769886575,-1655.0966875674185,-1727.5857286670405
2.1547698465643763,-24.98741174695647,47.16901585739982,-6.717017799963319,127.58156429098155,76.20754047407924,28.469281658971546,-5.236814969514966,-3.1384844697417646,2.5426860149725297,-15.58344786066368,4.190110815968776,-19.544650481659193,-1598.6041552328854,-1956.2674434505182,-1591.535510331268,367.4948668623801,-1653.9209539205153,-1685.1053433192847
2.161440960640427,-25.200573108204306,47.039046922899914,-6.618781802541438,126.95865213239001,76.37157754247309,27.683256235849754,-5.41394109464282,-3.3554454101293025,2.3658965981491966,-15.54080296068499,4.006304418201463,-19.72962261105892,-1587.454179648917,-1946.3085890267319,-1588.4447356293092,399.51522319072785,-1652.3173455045828,-1642.0846616356903
2.1681120747164777,-25.420799046109078,46.90041644329407,-6.527614742414367,126.3375177720182,76.52826133500047,26.889923112233415,-5.589798732792595,-3.57125999000611,2.1894867489810257,-15.494626946023528,3.8227000310041848,-19.909782214492207,-1575.7870337792235,-1935.6472969944598,-1584.7081506075392,431.01016884431834,-1650.2874695091868,-1598.5404306523135
2.1747831887925284,-25.648037638459083,46.75317186399004,-6.443499991094626,125.71830136896415,76.6776008847158,26.08947607006729,-5.764330526933884,-3.785850309156046,2.013528166180289,-15.444979026030332,3.6393449519960477,-20.085072019296984,-1563.6053541459285,-1924.287217270013,-1580.3277017735204,461.96551614670494,-1647.8330991186647,-1554.4895538178228
2.181454302868579,-25.882234673249826,46.59736374016655,-6.36641805475241,125.10114068101961,76.81960711377202,25.282111146005086,-5.937479424581065,-3.9991388877599574,1.8380923179402497,-15.391919971127473,3.456286272454784,-20.255436640600422,-1550.9119822885054,-1912.2322618070175,-1575.3055890597298,492.3673732860044,-1644.9561726711675,-1509.94908407988
2.18812541694463,-26.12333366132963,46.433045719364266,-6.296346584005868,124.4861710028493,76.95429282479472,24.468026555520666,-6.1091887005565315,-4.211048695451556,1.663250413805107,-15.335512079562369,3.2735708590042005,-20.420822597554483,-1537.7099641787488,-1899.4866031634442,-1569.6442649617136,522.2021505836678,-1641.6587927448313,-1464.9362169244794
2.1947965310206805,-26.371275849955225,46.260274522916745,-6.233260384835278,123.8735251055132,77.08167269152491,23.64742261638351,-6.279401979683874,-4.4215031802085045,1.4890733766412203,-15.275819143473349,3.091245335407295,-20.58117832879499,-1524.002549547219,-1886.054672967392,-1563.346433575373,551.456566617634,-1637.9432251714463,-1419.46828337102
2.201467645096731,-26.62600023725387,46.079109926228845,-6.17713143061688,123.26333317736213,77.20176324873607,22.820501671532462,-6.4480632594013345,-4.630426297067137,1.3156318147211183,-15.212906414282466,2.909356064473043,-20.736454207119664,-1509.793191121291,-1871.9411602822295,-1556.41504953378,580.1176541971286,-1633.8118979780543,-1373.5627429260885
2.2081387591727815,-26.887443587589072,45.88961473790902,-6.1279288752716745,122.65572276633029,77.31458288142856,21.987468011376457,-6.615116932285611,-4.837742536650035,1.1429959939311323,-15.146840567432495,2.7279491300848013,-20.886602553380445,-1495.0855437749494,-1857.1510098716963,-1548.8533168439099,608.1727661864948,-1629.2674002569154,-1327.2371764987315
2.2148098732488326,-27.15554044782568,45.69185477776417,-6.0856190675239885,122.05081872365373,77.42015181330784,21.148527795555935,-6.7805078084762185,-5.043376953494996,0.9712358101140538,-15.077689666484805,2.5470703193583963,-21.031577649586133,-1479.8834635905396,-1841.6894203656464,-1540.6646876237828,635.6095811754491,-1624.312480964329,-1280.5092792802177
2.2214809873248837,-27.43022316449071,45.48589885366434,-6.050165566264205,121.44874314903679,77.51849209455098,20.303888974194777,-6.944181137990668,-5.247255194174715,0.8004207615575943,-15.005523126595598,2.3667651049376257,-21.171335751211554,-1464.191006832694,-1825.5618423271146,-1531.8528607404837,662.4161089932826,-1618.950047648828,-1233.3968535911245
2.228152101400934,-27.711421901824636,45.2718187372865,-6.021529157009577,120.84961533729357,77.60962758886743,19.45376120867644,-7.106082632920663,-5.449303525195984,0.630619921639861,-14.93041167738765,2.187078627435117,-21.305835098709696,-1448.0124288347204,-1808.7739762214808,-1522.4217803496197,688.5806960645597,-1613.1831651092857,-1185.91780169873
2.2348232154769847,-27.99906466071889,45.049689138746054,-5.999667869456595,120.25355172648707,77.69358395986019,18.598355791974377,-7.266158489499678,-5.64944886066779,0.46190191164260286,-14.852427325235652,2.0080556780262113,-21.435035928223762,-1431.3521827977477,-1791.331770288478,-1512.3756343367857,714.0920306039665,-1607.015053983514,-1138.0901186075866
2.2414943295530354,-28.293077298533838,44.8195876801259,-5.984536996118073,119.66066584758944,77.77038865669314,17.737885568570494,-7.424355410032128,-5.847618789727346,0.29433487374321643,-14.77164331498291,1.829740681203654,-21.55890048149626,-1414.2149185030032,-1773.241418317892,-1501.7188526616603,738.9391476480134,-1600.4490892679714,-1089.9318848262685
2.248165443629086,-28.59338354979144,44.58159486791236,-5.97608911203746,119.07106827568529,77.84007089907165,16.872564853992465,-7.580620624674568,-6.043741603713607,0.12798644419618369,-14.688134091107829,1.6521776777006398,-21.6773930149727,-1396.605480937584,-1754.5093573297997,-1490.456105605388,763.1114339213939,-1593.4887987692045,-1041.4612591131765
2.254836557705137,-28.899905047736752,44.33579406434916,-5.974274095572698,118.48486658274052,77.90266166154319,16.002609354003475,-7.734901913059351,-6.237746323077483,-0.03707627328519032,-14.601975258358562,1.4754103075898153,-21.79047980809771,-1378.5289088341765,-1735.1422651602543,-1478.592301921955,786.5986325358434,-1586.137861487715,-992.696471204422
2.2615076717811875,-29.212561346761714,44.08227145771929,-5.979039150241271,117.90216529195726,77.95819365712488,15.128236083475379,-7.887147625751094,-6.429562724018508,-0.20078673393630267,-14.513243541874717,1.2994817935656835,-21.898129170801695,-1359.9904331251641,-1715.1470579533345,-1466.1325868942843,809.3908475194733,-1578.4001059349353,-943.6558145266648
2.268178785857238,-29.531269945684,43.821116031566646,-5.9903288276178985,117.3230658337341,78.00670132026603,14.249663284979116,-8.037306705526595,-6.619121364837424,-0.36307897812728446,-14.422016746814847,1.124434924417831,-22.000311450176607,-1340.9954753116626,-1694.5308875605592,-1453.0823402958404,831.4785481745644,-1570.279508384058,-894.3576388979284
2.274849899933289,-29.85594631187426,43.55241953286853,-6.0080850512757715,116.74766650325303,78.0482207891527,13.36711034712343,-8.185328708468624,-6.806353611994552,-0.523887657317255,-14.328373717509209,0.9503120387022896,-22.096999036339653,-1321.5496457479876,-1673.301138848652,-1439.4471742585442,852.8525732619431,-1561.7801910554742,-844.8203432192988
2.2815210140093396,-30.186503906223486,43.27627643917128,-6.03224714176181,116.17606241970964,78.08278988736305,12.480797722676128,-8.331163824864412,-6.991191665863768,-0.6831480597662899,-14.232394296156814,0.7771550086181971,-22.188166367483966,-1301.6587418421684,-1651.46542691672,-1425.2329310478653,873.504135010112,-1552.90642023762,-795.0623681605036
2.2881921280853903,-30.522854208943116,42.99278392470125,-6.0627518425961275,115.60834548720564,78.11044810488148,11.590946846498241,-8.474762899899307,-7.173568586172111,-0.840796135994959,-14.13415928108675,0.605005224097029,-22.273789934115914,-1281.3287461731045,-1629.0315942239215,-1410.4456807459767,893.4248229473887,-1543.6626043440394,-745.1021888422829
2.294863242161441,-30.86490674618892,42.70204182546403,-6.099533347285223,115.04460435732064,78.13123657848021,10.697780053325765,-8.616077454136546,-7.3534183171150636,-0.9967685239811345,-14.03375038460318,0.4339035771112894,-22.353848282478697,-1260.5658245250413,-1606.007707628754,-1395.0917188438955,912.6066075553967,-1534.0532919075322,-694.9583075185552
2.301534356237492,-31.212569117500323,42.40415260334508,-6.142523327338419,114.4849243933789,78.14519807147752,9.801520495430623,-8.755059703773938,-7.5306757121377865,-1.1510025740840786,-13.931250190434218,0.26389044620971824,-22.42832201716243,-1239.3763238400368,-1582.4020553411049,-1379.1775637435903,931.0418437423242,-1524.0831695122492,-644.6492462613016
2.3082054703135424,-31.565747024045958,42.09922130922505,-6.19165096127619,113.92938763642708,78.15237695288127,8.902392060192721,-8.891662580668308,-7.7052765583727325,-1.303436373685898,-13.826742110804695,0.09500568128580802,-22.497193802901247,-1217.7667700891711,-1558.2231437882622,-1362.7099541710418,948.7232741344612,-1513.7570596646508,-594.1935396510933
2.3148765843895927,-31.92434429766576,41.78735554512447,-6.24684296461909,113.37807277293746,78.15281917592789,8.000619287617257,-9.025839752118832,-7.877157600724005,-1.4540087715403742,-13.720310343153107,-0.07271141141358965,-22.56044836555808,-1195.7438660632545,-1533.4796943961135,-1345.695846501308,965.6440321846,-1503.0799186042636,-543.6097274762596
2.321547698465644,-32.288262930700185,41.468665425391016,-6.308023620845161,112.83105510424998,78.14657225602598,7.096427287827924,-9.157545640400235,-8.046256565589228,-1.6026594018196414,-13.61203982651325,-0.2392220840329463,-22.61807249229831,-1173.3144890838407,-1508.1806402867821,-1328.1424119966575,981.7976450959583,-1492.0568340551902,-492.91634744355935
2.3282188125416945,-32.65740310659591,41.14326353694529,-6.3751148133037345,112.28840651776727,78.13368524811501,6.1900416585703955,-9.286735442037164,-8.212512184209617,-1.7493287078488902,-13.502016197580994,-0.40448816159952555,-22.670055030953804,-1150.4856886353896,-1482.3351228940094,-1310.0570339588985,997.1780365603958,-1480.6930229193756,-442.1319279033508
2.3348899266177447,-33.031663231277804,40.81126489859912,-6.448036058072804,111.75019545991341,78.11420872344894,5.28168840275625,-9.413365146810857,-8.375864215639261,-1.8939579655198566,-13.39032574648707,-0.5684720562551199,-22.71638688857895,-1127.2646839194488,-1455.9524884975863,-1291.4473047970241,1011.7795293097507,-1468.9938289126237,-391.27498059209785
2.341561040693796,-33.41093996527621,40.47278691946247,-6.526704537746973,111.21648691086908,78.08819474581551,4.371593846082028,-9.5373915564897,-8.53625346932462,-2.0364893063735217,-13.277055372296527,-0.7311367812218765,-22.75706102920088,-1103.6588613317763,-1429.04228467822,-1272.32102301138,1025.5968474792235,-1456.9647201444368,-340.36399339519784
2.3482321547698466,-33.79512825659811,40.12794935645445,-6.611035136142578,110.68734236109259,78.05569684720214,3.4599845547534342,-9.658772303274883,-8.69362182728549,-2.176865740342974,-13.162292538256061,-0.8924459644959236,-22.79207247076637,-1079.6757718633403,-1401.6142566941994,-1252.6861900955496,1038.6251187818211,-1444.6112866427143,-289.4174231329492
2.354903268845897,-34.18412137433104,39.776874270934606,-6.700940473906151,110.16281978963721,78.01677000291906,2.547087253348584,-9.77746586795309,-8.847912265888848,-2.315031178147246,-13.046125226809906,-1.0523638622627909,-22.821418281287954,-1055.3231284261851,-1373.6783437813006,-1232.5510073572111,1050.8598764929538,-1431.9392378244224,-238.4536883725956
2.361574382921948,-34.57781094296727,39.41968598447101,-6.796330945012149,109.64297364427317,77.97147060619122,1.6331287428507235,-9.893431597747544,-8.999068877207094,-2.4509304533272873,-12.928641894405894,-1.2108553720286426,-22.84509757419251,-1030.6088031051759,-1345.24467537737,-1211.9238726592475,1062.2970612443685,-1418.9543999133523,-187.49116226926287
2.3682454969979982,-34.97608697743658,39.05651103376188,-6.897114754135337,109.1278548234227,77.9198564422304,0.7183358188837407,-10.006629723859543,-9.147036889952393,-2.5845093439151507,-12.809931426112497,-1.3678860454614932,-22.863111502875547,-1005.5408243366757,-1316.3235672730873,-1190.8133770824218,1072.9330226266813,-1405.6627133060967,-136.54816543868796
2.3749166110740494,-35.378837918834826,38.6874781247278,-7.003197954883064,108.61751065991456,77.86198666179922,-0.19706480981907745,-10.117021378692256,-9.291762689979013,-2.7157145937278955,-12.690083090068535,-1.5234221009367914,-22.875463254464975,-980.1273740152337,-1286.9255176903916,-1169.22830151096,1082.7645205998845,-1392.070229887426,-85.64295886452153
2.3815877251501,-35.78595067083513,38.31271808579231,-7.114484488872213,108.11198490656538,77.79792175427897,-1.1128466026804176,-10.224568612748856,-9.433193840345686,-2.8444939332775663,-12.569186491786548,-1.6774304357816867,-22.882158042798338,-954.3767845294105,-1257.0612032901452,-1147.1776131424213,1091.7887267112446,-1378.1831102962349,-34.79373684306379
2.388258839226151,-36.19731063676927,37.932363820368124,-7.230876225635306,107.61131772359224,77.72772352025342,-2.0287832682481888,-10.329234411197207,-9.571279100930251,-2.9707961002890535,-12.447331528331722,-1.8298786382126566,-22.88320310061776,-928.2975357278757,-1226.741475110575,-1124.670461923259,1100.003225120147,-1364.0076211432906,15.981380031809804
2.394929953302201,-36.61280175736487,37.54655025856753,-7.352273003339837,107.11554566786153,77.65145504362124,-2.9446488448359087,-10.430982710093431,-9.705968447588857,-3.09457085981748,-12.324608342397408,-1.9807349989611758,-22.87860767098733,-901.8982518169761,-1195.9773544381126,-1101.716176911516,1107.4060134294878,-1349.5501321820036,66.6643518407121
2.401601067378252,-37.032306549125295,37.15541430815501,-7.478572670304687,106.62470168397779,77.56918066324907,-3.8602177808050824,-10.529778412256732,-9.837213090852492,-3.2157690239572894,-12.201107276299142,-2.1299685225822267,-22.868382997937815,-875.1876981909724,-1164.780028612238,-1078.3242625681107,1113.995503323339,-1334.8171134334732,117.23722626509762
2.408272181454303,-37.45570614333764,36.75909480476105,-7.609671127297227,106.13881509721547,77.48096594417876,-4.775265014456745,-10.625587402788128,-9.964965494153372,-3.334342471135002,-12.07691882590838,-2.2775489384406997,-22.852542316343886,-848.1747781962035,-1133.1608467659978,-1054.5043949782228,1119.770521010656,-1319.815132267103,167.68214546510995
2.414943295530353,-37.88288032569489,36.357732461375726,-7.745462370594031,105.6579116082949,77.38687764840111,-5.689566053503371,-10.718376564225816,-10.089179391574335,-3.4502441649780766,-11.952133594547863,-2.4234467113708136,-22.83110084103954,-820.8685298304421,-1101.1313155038526,-1030.2664180042918,1124.7303074749416,-1304.5508504380573,217.98135290627505
2.421614409606404,-38.313707576517075,35.951469817141664,-7.885838535788357,105.18201329000449,77.28698370520966,-6.602897054089562,-10.808113791329921,-10.209809805114197,-3.563428172752298,-11.826842246869889,-2.5676330520037274,-22.804075755177333,-793.2781223787531,-1068.703094518576,-1005.6203393721876,1128.87451852981,-1289.0310210829023,268.117200132308
2.428285523682455,-38.748065111556734,35.54045118546567,-8.030689942326822,104.7111385856692,77.1813531811479,-7.515034899331574,-10.894768005489867,-10.326813061462483,-3.673849683360339,-11.70113546273918,-2.7100799267589455,-22.771486197837845,-765.4128529871942,-1035.8879921489208,-980.5763266921304,1132.2032246805295,-1273.2624856747395,318.07215348139573
2.4349566377585057,-39.18582892337354,35.12482260146879,-8.179905138757587,104.24530230946365,77.07005624956312,-8.42575727734671,-10.978309168747288,-10.440146808277076,-3.7814650248944117,-11.575103891142057,-2.850760067494919,-22.73335325089549,-737.2821431757072,-1002.6979608797967,-955.1447034159618,1134.7169107916798,-1257.2521709392174,367.8288007433314
2.4416277518345564,-39.62687382326218,34.704731768795085,-8.333370948672039,103.78451564857049,76.95316415978127,-9.334842758741239,-11.058708297427971,-10.549770029958344,-3.886231681735888,-11.448838104143187,-2.9896469808146797,-22.68969992514778,-708.8955352916166,-969.145092786756,-929.3359447324112,1136.416475561162,-1241.0070857327682,417.36985775485977
2.448298865910607,-40.07107348371808,34.28032800579884,-8.490972517321877,103.3287861671788,76.83074920591584,-10.242070873529478,-11.135937475376215,-10.65564306291384,-3.988108311195244,-11.322428550911669,-3.126714957022332,-22.64055114571458,-680.2626889051348,-935.2416149265468,-903.160673401994,1137.3032308008953,-1224.5343178844769,466.67817493070766
2.454969979986658,-40.518300481424816,33.85176219113149,-8.652593358892728,102.8781178123226,76.70288469532571,-11.147222187453092,-11.209969866785274,-10.757727610307517,-4.087054759685555,-11.195965511837748,-3.261939078726434,-22.5859337367151,-651.3933771483365,-900.9998846755902,-876.6296555332486,1137.3789005245912,-1207.841031002982,515.7367437276993
2.4616410940627085,-40.968426340746845,33.41918670874826,-8.818115404415822,102.43251092155243,76.5696449167355,-12.05007837767351,-11.280779728617686,-10.85598675628789,-4.18303207842324,-11.069539052761733,-3.395295229086529,-22.525876405229965,-622.297482999066,-866.4323850181823,-849.7537963019911,1136.6456198431201,-1190.9344612498369,564.5287030394871
2.468312208138759,-41.421321577711026,32.982755392356054,-8.987419050298566,101.99196223243719,76.43110510803324,-12.950422307807502,-11.348342422609424,-10.950384979689563,-4.2760025386497365,-10.943238979336313,-3.5267600996990414,-22.460409724556214,-592.9849955112951,-831.5517197863109,-822.5441356153385,1135.1059336680482,-1173.8219140807666,613.0373455193768
2.4749833222148094,-41.876855744460286,32.54262346932336,-9.160383207454583,101.55646489388927,76.28734142375936,-13.848038102279164,-11.412634426851994,-11.040888167202942,-4.365929646368118,-10.817154791543738,-3.656311198119203,-22.38956611676336,-563.4660059934369,-796.3706088529342,-795.0118437222341,1132.762795224024,-1156.5107609562824,661.2461238288272
2.4816544362908606,-42.33489747416228,32.098947504073834,-9.336885351013931,101.12600847930705,76.1384309023024,-14.742711219959205,-11.473633346946846,-11.127463626006936,-4.452778156588709,-10.691375638388944,-3.7839268550155833,-22.31337983455914,-533.7507041361873,-760.9018832806505,-767.1682167722614,1129.6195643707622,-1139.0084360231153,709.1386568091677
2.4883255503669113,-42.79531452635598,31.651885340985107,-9.516801570593556,100.70057900152653,75.98445143281528,-15.634228527065378,-11.53131792672647,-11.210080095859984,-4.536514087078219,-10.565990272789817,-3.9095862309540954,-22.231886942473217,-503.8493740914546,-725.1584804276315,-739.024672324525,1125.680005735485,-1121.322432767955,756.6987355742074
2.4949966644429615,-43.257973832718335,31.20159604681452,-9.70000662110797,100.28015892957494,75.82548172186793,-16.522378369295392,-11.585668058536918,-11.288707760644508,-4.617104731606715,-10.441087006685587,-4.033269322808465,-22.14512529736817,-473.77239050399294,-689.1534390127981,-710.5927448084327,1120.948286656735,-1103.460300644998,803.910329521306
2.5016677785190127,-43.72274154323419,30.74823985267363,-9.88637397410023,99.86472720721585,75.66160125985047,-17.40695064316748,-11.636664793076523,-11.363318259360648,-4.6945186726874315,-10.316753666384269,-4.154956969794367,-22.053134528286613,-443.53021449733956,-652.89989414213,-681.8840809381807,1115.4289749405984,-1085.4296416787922,850.7575922587021
2.508338892595064,-44.18948307275043,30.291978095574112,-10.075775869572322,99.45425927327696,75.49289028714256,-18.28773686654013,-11.684290348785904,-11.433884696564812,-4.768725793804148,-10.193077548169981,-4.274630859124539,-21.95595601564422,-413.13338961572464,-616.4110722981321,-652.9104350828324,1109.127036430408,-1067.238107043929,897.2248674467069
2.515010006671114,-44.65806314789727,29.832973159566553,-10.268083368294942,99.04872708374882,75.31942976006437,-19.164530248287033,-11.728528120784292,-11.50038165224926,-4.839697291121481,-10.070145374190766,-4.392273531282372,-21.853632869777982,-382.5925377236061,-579.7002862943733,-623.6836645938215,1102.0478323911561,-1048.8933936230837,943.2966945506413
2.5216811207471648,-45.128345854358116,29.37138841649559,-10.463166404575347,98.64809913564349,75.14130131662345,-20.037125757099737,-11.769362689347805,-11.562785191158785,-4.907405684673339,-9.948043248647483,-4.507868384911696,-21.74620990886004,-351.91835486451737,-542.7809301971434,-594.2157250918003,1094.197116709839,-1030.4032405449714,988.9578145032192
2.5283522348232155,-45.60019468446932,28.90738816639289,-10.660893839462593,98.2523404926004,74.9585872420743,-20.905320189394562,-11.806779827924972,-11.621072871541086,-4.971824829025194,-9.826856614304166,-4.621399681320588,-21.63373363618693,-321.12160708093916,-505.66647421618603,-564.5186657147066,1085.581032913126,-1011.7754257037526,1034.1931752743142
2.535023348899266,-46.073472585131576,28.441137577531777,-10.861133514369016,97.8614128122263,74.77137043430494,-21.768912236297385,-11.840766510685514,-11.675223753327403,-5.032929923405924,-9.706670209340007,-4.732852548597225,-21.51625221685489,-290.21312619691855,-468.37045956656146,-534.6046243289921,1076.2061110037575,-993.0177622614593,1078.9879373459057
2.541694462975317,-46.548042006014136,27.972802626165496,-11.063752305086446,97.47527437515473,74.57973436906676,-22.627702549683452,-11.87131091959815,-11.725218405740343,-5.090697521305285,-9.587568024563184,-4.8422129853359905,-21.393815453831706,-259.20380556518325,-430.90649330363345,-504.4858227059289,1066.07926411722,-974.1380951350039,1123.327479090216
2.5483655770513676,-47.02376494803253,27.50255003597268,-11.268616176175964,97.09388011581099,74.38376306506295,-23.48149380724703,-11.898402451033666,-11.77103891432608,-5.145105539533178,-9.469633261006239,-4.949467863972204,-21.266474763436168,-228.10459578051334,-393.2882431332427,-474.17456166494907,1055.2077850002656,-955.1442974693578,1167.1974020489379
2.5550366911274183,-47.50050301208148,27.030547217232918,-11.475590235709264,96.71718165486621,74.1835410489115,-24.33009077657773,-11.922031721889644,-11.812668887408199,-5.196133266737186,-9.35294828792285,-5.054604933724033,-21.1342831502361,-196.9265003611459,-355.52943219910867,-443.68321618598196,1043.5993423129771,-936.044267098467,1210.5835361115996
2.561707805203469,-47.978117448002905,26.5569622057554,-11.684538790340246,96.34512733336418,73.97915331999792,-25.17330037822157,-11.9421905752332,-11.850093461960826,-5.24376137137508,-9.237594601205593,-5.157612823140269,-20.9972951813763,-165.68057140002497,-317.6438338495004,-413.02423049274864,1031.26197675614,-916.8459229955196,1253.4719445911435
2.56837891927952,-48.45646920377033,26.081963601584366,-11.89532540068463,95.97766224850425,73.77068531523445,-26.010931747702063,-11.958872085458777,-11.883299308898808,-5.28797190913909,-9.12365278224364,-5.258481042252961,-20.855566960347957,-134.37790518767864,-279.6452663852632,-382.21011310900934,1018.2040970257241,-897.5572017141242,1295.8489291947594
2.5750500333555704,-48.935418974869926,25.605720507504415,-12.107812936985706,95.61472829106125,73.55822287374046,-26.842796296481335,-11.972070562957624,-11.912274637783042,-5.328748329829126,-9.011202457240172,-5.35719998433388,-20.70915610021142,-103.0296378085943,-241.547587791263,-351.25343188976234,1004.4344755964568,-878.186053822048,1337.7010348881902
2.5817211474316206,-49.41482725385869,25.128402467369224,-12.321863635044235,95.25626418442529,73.34185220146095,-27.668707771838083,-11.981781558296388,-11.937009200939183,-5.366075483672229,-8.900322257007588,-5.4537609272541685,-20.558121696283894,-71.64694071288231,-203.36469045332106,-320.1668090293829,989.9622443363934,-858.7404403290652,1379.0150546516506
2.588392261507672,-49.89455438007973,24.65017940427714,-12.537339152390041,94.90220552523948,73.12165983573837,-28.48848231564227,-11.988001865901952,-11.957494296988212,-5.3999396270857964,-8.791089777259993,-5.548156034446526,-20.402524298304705,-40.241016265136686,-165.11049586273654,-288.9629160487378,974.7968899546543,-839.2283291105776,1419.778034125634
2.5950633755837225,-50.37446058951571,24.171221558617283,-12.754100624673248,94.5524848256185,72.89773260985368,-29.301938522005084,-11.99072952725028,-11.973722773787692,-5.430328427882418,-8.683581539420652,-5.64037835546963,-20.242425882090053,-8.823093272303547,-126.79894931046891,-257.6544687632768,958.9482492843669,-819.6576913285653,1459.977276144872
2.6017344896597727,-50.854406064759225,23.69169942600973,-12.972008722252507,94.20703155692361,72.67015761755336,-30.108897493784472,-11.98996383355688,-11.985689030782552,-5.457230969914225,-8.577872951963313,-5.7304218261745445,-20.07788982069001,22.59557750750885,-88.4440145730895,-226.25422223415293,942.4265044031376,-800.0364978515294,1499.600345158808
2.608405603735824,-51.33425098508149,23.211783695163472,-13.190923706957937,93.86577219507544,72.43902217757716,-30.90918289792644,-11.985705327966986,-11.993389020764717,-5.480637757155049,-8.474038272304705,-5.818281268473044,-19.90898085506045,54.00372787342936,-50.05966859258829,-194.7749657043923,925.2421775932562,-780.3727156750051,1538.6350715369445
2.6150767178118746,-51.813855576578305,22.73164518567559,-13.410705489006302,93.52863026737987,72.20441379820325,-31.702621019623013,-11.977955807243555,-11.996820251040939,-5.500540717218844,-8.372150569266292,-5.9039523897081345,-19.735765064262605,85.3900767055237,-11.65989615211854,-163.22951752214811,907.4061261440467,-760.6743043442665,1577.0695557575357
2.621747831887925,-52.29308016237356,22.251454785795914,-13.63121368404544,93.19552640084517,71.96642014182669,-32.48904081526786,-11.966718322951596,-11.995981784008533,-5.516933204312982,-8.272281686122708,-5.9874317816269755,-19.558309835203744,116.74333450185912,26.741315450171527,-131.63072005313072,888.9295369988064,-740.9492123808632,1614.8921724780569
2.628418945963976,-52.77178521286022,21.771383390179984,-13.852307670305844,92.86637837196602,71.72512898958684,-33.26827396419237,-11.951997182137339,-11.990874237138907,-5.529810001625421,-8.174502204253654,-6.068716918956796,-19.376683831931548,148.05220792706547,65.12998172719895,-99.99143458419206,869.8239212487883,-721.205373714556,1652.0915744860622
2.635090060040026,-53.24983139595806,21.291601837655083,-14.07384664583625,92.54110115795017,71.48062820605966,-34.040154919163044,-11.933797947501143,-11.981499782369026,-5.539167323144786,-8.078881407416638,-6.147806157584468,-19.19095696449629,179.3054043704121,103.49212632670937,-68.32453622020246,850.1011084768735,-701.4507041223155,1688.6566965289414
2.6417611741160774,-53.72707962736839,20.812280849021903,-14.295689685800946,92.21960698936226,71.23300570403083,-34.804520955625236,-11.912127437063157,-11.967862144901149,-5.545002814912842,-7.985487246656567,-6.224698732340579,-19.001200357393667,210.49163651152395,141.81378635073807,-36.64290877619256,829.7732409535002,-681.6930976759385,1724.576759021283
2.648432288192128,-54.203391120805286,20.333590964916635,-14.517695799815451,91.90180540415949,70.98234940936557,-35.56121221967453,-11.886993723321055,-11.949966601411505,-5.547315555708803,-7.894386305869071,-6.299394754389194,-18.80748631760261,241.59962689174574,180.08101766857922,-4.9594396669054674,808.8527676876313,-661.9404231999439,1759.8412716284756
2.6551034022681788,-54.67862743818274,19.855702483756065,-14.739723989298794,91.58760330309188,70.72874722599049,-36.31007177474177,-11.8584061318992,-11.927819977668642,-5.546106057165462,-7.805643768032855,-6.371895208224266,-18.609888302231276,272.6181124892624,218.2799002212661,26.712985204271316,787.3524383354658,-642.2005207412975,1794.4400367253604
2.661774516344229,-55.15265053973757,19.37878539979019,-14.96163330481842,91.27690500644086,70.47228700100415,-37.05094564697497,-11.826375239689064,-11.901430645562641,-5.541376263317055,-7.719323382127425,-6.442201948274418,-18.40848088578574,303.5358492959775,256.39654331538395,58.36148655484977,765.2852969698042,-622.4811980526146,1828.363152728669
2.66844563042028,-55.625322834068015,18.90300934128532,-15.1832829034062,90.96961231206812,70.21305648993041,-37.78368286930374,-11.790912872480751,-11.870808519546324,-5.533129549579219,-7.635487430750889,-6.510317695117442,-18.203339727075097,334.3416168942541,294.4170909042005,89.97319682927044,742.6646757128844,-602.7902270903786,1861.6010173021343
2.675116744496331,-56.096507228066805,18.428543508861388,-15.404532105821847,90.6656245547457,69.95114332213197,-38.50813552417244,-11.752032102085726,-11.835965052490197,-5.521370721161524,-7.554196698453383,-6.576246031306403,-17.99454153576741,365.02422303150763,332.32772685399567,121.53526529931793,719.5041882357514,-583.1353405298211,1894.1443304331888
2.681787858572381,-56.566067176729554,17.95555661400698,-15.625240453741613,90.36483866674003,69.68663496639824,-39.22415878492732,-11.709747242951154,-11.796913230952676,-5.506106010913321,-7.475510440800409,-6.639991396809224,-17.78216403861076,395.57250819074426,370.11468019352833,153.0348631568866,695.8177231270839,-563.5242282979926,1925.9840973801718
2.688458972648432,-57.03386673281677,17.484216817795105,-15.845267766849577,90.06714923961837,69.41961869672345,-39.93161095584588,-11.664073848266353,-11.753667569867734,-5.487343076603868,-7.39948635418057,-6.7015590840638835,-17.566285945333654,425.97535015506605,407.76423034459503,184.459188597058,671.6194371346234,-543.9645341266199,1957.1116314891249
2.695130086724483,-57.49977059635054,17.014691669823655,-16.064474199808394,89.7724485872496,69.15018155829061,-40.630353510794194,-11.61502870556221,-11.706244106652136,-5.465090997637927,-7.326180546371837,-6.760955232651571,-17.346986914240013,456.2216685641778,445.26271233157024,215.7954718893988,646.9237482823401,-524.463852126329,1987.5185568791658
2.7018012008005337,-57.96364416392441,16.54714804740272,-16.282720299087725,89.48062680996676,68.87841033367592,-41.32025113050241,-11.562629831804461,-11.654660394734666,-5.439360271208258,-7.255647507879644,-6.818186823590084,-17.124347517512298,486.3004294609726,482.5965219679606,247.03098043551296,621.7453288664818,-505.02972338374667,2017.1968109956588
2.7084723148765844,-58.42535357780693,16.081752095013066,-16.499867059627046,89.19157185986207,68.60439150928954,-42.001171738444704,-11.506896467982138,-11.598935496510132,-5.410162807886652,-7.1879400840605,-6.873261673250354,-16.898449206238737,516.2006498262015,519.7521210178395,278.15302381072587,596.099098333831,-485.6696325830796,2046.1386470302793
2.715143428952635,-58.884765774818796,15.618669164057533,-16.71577598131114,88.90516960718108,68.32821124206703,-42.672986535315026,-11.447849073192561,-11.53908997572089,-5.377511926655362,-7.123109448043663,-6.9261884268986815,-16.669374275178495,545.9114020993237,556.7160423302306,309.14895878796233,570.0002160453859,-466.39100465365607,2074.336636207283
2.7218145430286858,-59.34174853496258,15.15806375292928,-16.930309125235134,88.62130390778513,68.04995532642697,-43.3355700320869,-11.385509318224575,-11.475145889269225,-5.341422349381054,-7.0612050744637305,-6.976976551867781,-16.4372058272804,575.4218186835358,593.4748949443297,340.0061943417125,543.4640739289092,-447.2012014450047,2101.7836699352165
2.7284856571047365,-59.79617052978636,14.700099447418584,-17.143329169737708,88.33985667164804,67.76970916150908,-43.98880008164881,-11.31990007864178,-11.407126778463676,-5.301910194733583,-7.00227471401607,-7.025636330359734,-16.20202773796968,604.7210964330978,630.0153691636517,370.7121966301575,516.5062890236547,-428.10751843093465,2128.472961823477
2.735156771180787,-60.24790137045969,14.244938861481854,-17.354699466179316,88.06070793235541,67.48755771870792,-44.63255790900523,-11.251045427368028,-11.33505765970314,-5.258992971552139,-6.9463643688471075,-7.072178851884166,-15.963924619218323,633.7985011209522,666.3242415970207,401.25449395337444,489.142695920818,-409.117181444167,2154.3980495630753
2.7418278852568374,-60.69681165554377,13.792743578394118,-17.564284094444318,87.78373591757146,67.20358550951629,-45.26672814003601,-11.178970626777252,-11.258965014602333,-5.212689571661537,-6.893518268790664,-7.116616005335141,-15.7229817834136,662.6433718847751,702.3883801645125,431.6206816857017,461.3893391031173,-390.23734344295855,2179.552796671123
2.7484989993328885,-61.142773018434276,13.343674092308442,-17.77194791814426,87.50881712044016,66.91787655369322,-45.89119882880502,-11.103702120290349,-11.178876779562765,-5.163020262141622,-6.84377884846151,-7.158960470710371,-15.47928520704049,691.2451256494579,738.1947490663016,461.79842718021774,433.26246518713003,-371.4750813112407,2203.931394098507
2.7551701134089392,-61.585658174458516,12.89788975024333,-17.97755663950111,87.23582637188582,66.63051434777019,-46.50586148341249,-11.025267523481666,-11.094822334793365,-5.1100066770530335,-6.797186725216731,-7.19922571047662,-15.232921494192752,719.593261524172,773.7304137125441,491.77547464342285,404.7785150719231,-352.8373926936921,2227.528361700407
2.7618412274849895,-62.02534096760685,12.455548694520864,-18.18097685388827,86.96463691377862,66.34158183391031,-47.110611090382946,-10.943695614698164,-11.006832492785268,-5.053671808622671,-6.753780677994969,-7.237425960585179,-14.983977839928304,747.677365172067,808.9825456123007,521.5396499781274,375.95411599759206,-334.3311928672117,2250.338549569207
2.7685123415610406,-62.46169641687855,12.016807805676857,-18.38207610400815,86.69512047292855,66.05116136913368,-47.70534613758393,-10.859016325194304,-10.914939486245338,-4.994039997892639,-6.713597627043656,-7.273576221141628,-14.73254199348401,775.4871131506992,843.93842721962,551.0788655926178,346.80607351746954,-315.96331165023224,2272.3571392295808
2.775183455637092,-62.894600762223725,11.58182264586476,-18.580722933684715,86.42714733587421,65.7593346949234,-48.28996863566943,-10.771260728786075,-10.819176955493413,-4.9311369248363635,-6.6766726145432544,-7.307692246734105,-14.478702221365241,803.0122772213392,878.5854567348775,580.3811251741818,317.35136338756587,-297.7404903512522,2293.579644695437
2.781854569713142,-63.32393151006086,11.150747402774693,-18.776786941249814,86.16058642442745,65.46618290722535,-48.86438413804418,-10.68046103102769,-10.719579935328253,-4.864989597946113,-6.6430387861378755,-7.339790536424526,-14.222547270325624,830.2427286252234,912.9111528594813,609.4345284250569,287.60712337715523,-279.66937875803393,2314.001913388578
2.7885256837891927,-63.749567478352496,10.723734834088676,-18.9701388325023,85.89530537194044,65.17178642685506,-49.42850175934374,-10.586650557914767,-10.616184841367483,-4.7956263432960435,-6.612727373380516,-7.36988832340742,-13.964166330252375,857.1684423249463,946.9031595021034,638.2272757589338,257.5906450041211,-261.7565321687914,2333.6201269189232
2.7951967978652434,-64.17138884121839,10.300936212493198,-19.16065047321879,85.63117060025604,64.87622497032547,-49.982234192427335,-10.489863744117985,-10.509029455867132,-4.723076793085436,-6.585767677101283,-7.398003564341037,-13.70364899697257,883.7795012090738,980.5492504345683,666.7476729560975,227.31936519902482,-244.0084084667835,2352.4308017262147
2.801867911941294,-64.58927717306914,9.882501271269424,-19.348194941195825,85.36804739730574,64.57957752110784,-50.525497723881315,-10.39013612075128,-10.398152913026296,-4.647371873666647,-6.5621870517061875,-7.424154928355662,-13.441085234995667,910.0661002581998,1013.8373338956249,694.984135775391,196.81085790161956,-226.4313652396064,2370.430789583218
2.808539026017345,-65.00311549224058,9.468578150482273,-19.53264657780215,85.10579999531704,64.2819223013392,-51.05821224802926,-10.287504302679169,-10.283595683783007,-4.568543793062841,-6.542010890413911,-7.4483617857442175,-13.176565340208013,936.0185506705608,1046.7554571407404,722.925194521094,166.08282559379177,-209.03165694455302,2387.617277960416
2.8152101400933955,-65.41278830411119,9.059313343787526,-19.713881039021786,84.84429164959309,63.98333674398863,-51.580301279449095,-10.182005975367652,-10.165399560107202,-4.4866260279804635,-6.525262611437303,-7.470644196340289,-12.91017990253417,961.6272839454538,1079.2918109362158,750.559498562962,135.15309077273554,-191.81543212129853,2403.9877902523403
2.8218812541694462,-65.81818164368377,8.654851645878258,-19.8917753459667,84.58338471782619,63.68389746549509,-52.09169196399474,-10.073679881283532,-10.04360763879732,-4.401653310321934,-6.511963645116068,-7.4910228975889455,-12.642019768581125,986.8828559226064,1111.4347339957947,777.8758208075476,104.03958736838587,-174.78873065324117,2419.5401858656514
2.828552368245497,-66.21918311761436,8.255336100589169,-20.06620793484006,84.32294073990744,63.38368023888857,-52.59231508832267,-9.96256580584715,-9.91826430478677,-4.313661613203903,-6.502133422006644,-7.509519292315846,-12.372176004280092,1011.7759507757648,1143.172717358099,804.8630621190734,72.7603521089984,-157.9574810787173,2434.2726601692184
2.835223482321548,-66.61568194566951,7.860907949679022,-20.23705870633,84.06282051819394,63.082759967406815,-53.08210508792299,-9.848704562943714,-9.789415213967139,-4.222688136486895,-6.495789361934809,-7.526155436200144,-12.100739857541663,1036.2973849587233,1174.4944087031522,831.5102556880664,41.33351583885984,-141.32749795335397,2448.183744306438
2.8418945963975983,-67.00756900159496,7.471706582310113,-20.404209074414347,83.80288419819401,62.78121065861941,-53.56100005365698,-9.73213797999862,-9.657107275534905,-4.128771291822226,-6.492946864016047,-7.540954024957133,-11.827802720939417,1060.4381111020264,1205.3886166063123,857.8065713460031,9.777294792208517,-124.90447926478518,2461.2723048701387
2.8485657104736486,-67.39473685337879,7.087869485243796,-20.567542014557443,83.54299134963387,62.479105399070434,-54.02894173680087,-9.612908882622335,-9.52138863386871,-4.031950687222225,-6.49361929764847,-7.553938381236323,-11.553456094437353,1084.1892218586768,1235.844314727977,883.7413198242658,-21.89001817275653,-108.6940039008908,2473.537543440438
2.8552368245497,-67.77707980289064,6.709532193770635,-20.726942111279808,83.2830010478637,62.17651632945133,-54.48587555259979,-9.491061078830617,-9.382308649944514,-3.932267111160165,-6.497817994482317,-7.5651324412411265,-11.277791548176262,1107.5419536970765,1265.8506459374175,909.3039569556959,-53.65006237557094,-92.70152917277733,2484.978995986009
2.8619079386257504,-68.15449392488162,6.336828243393608,-20.882295605082113,83.02277195556698,61.87351462031468,-54.93175058233271,-9.366639342846,-9.239917882295885,-3.8297625162062494,-6.505552241369954,-7.574560741076143,-11.000900685334239,1130.4876906395832,1295.3969263691456,934.4840878170768,-85.48441814702767,-76.93238839359776,2495.59653212923
2.8685790527018007,-68.52687710532712,5.969889122282327,-21.03349043870507,82.76216240473097,61.57017044833977,-55.36651957389339,-9.239689398486755,-9.094268067527164,-3.7244800022064255,-6.516829274299557,-7.582248402828504,-10.722875105076447,1153.0179679449564,1324.4726494102429,959.271470810897,-117.3746156902842,-61.39178851438438,2505.3903542757866
2.875250166777852,-68.89412907909688,5.608844224516167,-21.180416302706742,82.50103047884174,61.2665529731606,-55.79013894088964,-9.110257902149558,-8.945412100387207,-3.6164637990107704,-6.531654273315392,-7.588221120389502,-10.443806365609234,1175.1244757331183,1353.0674896171022,983.6560216847674,-149.3021439656466,-46.08480781794234,2514.360996609315
2.8819212808539025,-69.25615146693569,5.253820804133524,-21.322964680339954,82.23923409526115,60.96273031476649,-56.202568760266765,-8.978392425392467,-8.793404013411617,-3.505759248758564,-6.550030358427063,-7.59250514502312,-10.163785947353322,1196.7990625505402,1381.1713065600702,1007.6278174868971,-181.24845959476923,-31.016393671925474,2522.509323951779
2.888592394929953,-69.61284781173914,4.904943930004537,-21.461028891711653,81.9766310877493,60.65876953148513,-56.60377276845883,-8.844141437124824,-8.638298956141583,-3.3924127877271593,-6.571958586509672,-7.595127270688057,-9.88290521625136,1218.0337388747387,1408.7741485944998,1031.1771004560578,-213.1949957803454,-16.19136034209328,2529.836530490241
2.895263509006004,-69.9641236141087,4.562336441543841,-21.59450413720719,81.71307928908979,60.35473659855821,-56.993718356075,-8.70755428541098,-8.480153173927594,-3.2764719277520937,-6.597437949196394,-7.596114819120057,-9.601255387224251,1238.8206805562309,1435.86625655676,1054.294281844484,-245.12317123701305,-1.6143868668132497,2536.344138370872
2.901934623082054,-70.30988636717089,4.226118905280014,-21.72328754016246,81.44843661378067,60.050696387318695,-57.37237656112583,-8.568681178894877,-8.319023986326513,-3.1579852372259314,-6.626465371764466,-7.59549562468133,-9.318927487791315,1259.152232196473,1462.438067383765,1076.969945672203,-277.01439912950843,12.709985006231358,2542.033996160951
2.9086057371581053,-70.65004559064548,3.89640957229761,-21.847278188767245,81.18256114074927,59.74671264497884,-57.73972206079699,-8.427573167852668,-8.15496976510038,-3.037002321683525,-6.659035713015163,-7.593298018984027,-9.03601232186852,1279.020910460226,1488.480217654658,1099.1948524113113,-308.8500960138833,26.777352820148597,2546.908277179783
2.915276851234156,-70.98451286414792,3.5733243365677403,-21.96637717718319,80.91531119605196,59.44284797503873,-58.09573316177793,-8.28428212488078,-7.988049911826015,-2.9135738039817043,-6.695141766147896,-7.589550815295015,-8.752600433759799,1298.4194073208525,1513.9835470532419,1120.9599425987108,-340.6116907776484,40.58345534481398,2550.969477699453
2.9219479653102067,-71.31320185971171,3.256976694182465,-22.080487645860522,80.64654543551998,59.13916381832245,-58.44039178915318,-8.13886072522694,-7.818324835123941,-2.7877513040811945,-6.734774260628117,-7.584283292728859,-8.46878207235546,1317.3405932371068,1538.9391017498638,1142.2563403759145,-372.28063357483177,54.124174447828985,2554.2204150163793
2.928619079386257,-71.63602837351615,2.947477703508066,-22.189514821037687,80.37612292730905,58.83572043465192,-58.773683473865276,-7.991362426771867,-7.645855927515966,-2.6595874184392,-6.777921865048092,-7.577525180236554,-8.184647155552115,1335.7775202599428,1563.3381377014382,1163.075356954494,-403.8384047516991,67.39553689954954,2556.664225394747
2.935290193462308,-71.9529103568066,2.644935946272005,-22.29336605340847,80.10390323431635,58.53257688516485,-59.095597338757656,-7.841841449669473,-7.470705541920358,-2.5291356990207743,-6.824571190979491,-7.569306640397181,-7.900285234908455,1353.7234250679735,1587.1721238683492,1183.4084940058146,-435.2665237591891,80.39371611136941,2558.3043618828547
2.941961307538359,-72.26376794599226,2.349457489597734,-22.39195085594154,79.82974649642182,58.22979101528581,-59.40612608320857,-7.690352755653626,-7.292936967794104,-2.3964506319376726,-6.874706797815877,-7.5596582530201175,-7.6157854605507165,1371.1717319301488,1610.4327453469946,1203.2474469737126,-466.54655804780066,93.11503380639388,2559.1445920035653
2.948632421614409,-72.56852349190994,2.061145849001382,-22.485180940837616,79.55351351251738,57.92741943835702,-59.70526596636469,-7.536952027019576,-7.112614406931555,-2.261587615723126,-6.928311198603112,-7.548610998565215,-7.331236546341983,1388.1160555943557,1633.1119064167813,1222.5841083088235,-497.660131941007,105.55596162175766,2559.188995320006
2.95530353569046,-72.86710158823952,1.780101952363802,-22.57297025560998,79.27506582228158,57.625517519936416,-59.99301678898688,-7.381695645288438,-6.9298029489291695,-2.1246029392515307,-6.985364866854874,-7.53619624138874,-7.046726735328936,1404.550204100568,1655.201733500412,1241.4105706232708,-528.5889354829477,117.7131226417746,2558.441960877803
2.961974649766511,-73.15942909905976,1.5064241048913423,-22.655235018274162,78.99426578766331,57.32413936276958,-60.269381873917844,-7.224640669563098,-6.744568546325924,-1.9855537593117494,-7.045846244350337,-7.522445712822628,-6.762343765479829,1420.4681815172987,1676.6945780363287,1259.719129764494,-559.3147332564996,129.58329286123922,2556.90818452509
2.9686457638425616,-73.44543518553118,1.2402079550778038,-22.731893751633187,78.71097667403242,57.02333779244229,-60.53436804518522,-7.065844814584236,-6.556977989429327,-1.8444980778432987,-7.109731749910505,-7.507391494095088,-6.478174835727206,1435.86419060006,1697.5830192622318,1277.5022878069935,-589.8193731675028,141.1634025781312,2554.5926661116773
2.9753168779186123,-73.72505133169528,0.9815464616803699,-22.80286731664516,78.42506273096028,56.72316434371966,-60.7879856057513,-6.90536642849514,-6.367098880836946,-1.7014947188444882,-7.176995789149039,-7.49106599910017,-6.194306572328647,1450.73263537063,1717.859866908605,1294.7527559608368,-620.0847951912498,152.4505377150889,2551.5007065687328
2.981987991994663,-73.99821136937756,0.7305298617210282,-22.868078944860017,78.13638927259058,56.42366924757779,-61.03024831392303,-6.743264470324159,-6.174999609663408,-1.5566033049617798,-7.247610765193357,-7.47350195702449,-5.910824995558691,1465.0681236159182,1737.5181638012589,1311.463457395777,-650.0930400771285,163.44194106899607,2547.6379048704216
2.9886591060707137,-74.26485150218429,0.48724563952557953,-22.92745426991307,77.84482275756152,56.1249014189338,-61.261173358435705,-6.579598487193952,-5.980749325483341,-1.4098842337700523,-7.321547090371042,-7.454732394839048,-5.627815486745356,1478.8654693052695,1756.5511883718632,1327.6275299798772,-679.8262580074143,174.13501348807918,2543.0101548789967
2.9953302201467644,-74.52491032858117,0.25177849681093606,-22.98092135806314,77.55023086844085,55.82690844507883,-61.480781332224105,-6.414428591266412,-5.784417912000067,-1.2613986537529749,-7.3987731988562775,-7.434790619664126,-5.345362755663468,1492.119694925083,1774.9524570755814,1343.2383289315953,-709.2667172063032,184.52731497594593,2537.623642074843
3.002001334222815,-74.77832886404443,0.02421032383186242,-23.028410737763288,77.25248259063598,55.52973657481959,-61.68909620489629,-6.247815436432813,-5.5860759604509935,-1.111208439993567,-7.479255560270398,-7.413710201015679,-5.063550808298261,1504.8260337296456,1792.7157267148448,1358.2894293842653,-738.3968124951214,194.61656572201576,2531.484840173078
3.008672448298866,-75.02505056227393,-0.19537982840289225,-23.069855428253128,76.95144829074029,55.233430708332804,-61.886145293924145,-6.079820194758246,-5.385794742759607,-0.9593761695843526,-7.562958694230672,-7.3915249529410945,-4.782462914991019,1516.979931907129,1809.8349966684523,1372.7746288620149,-767.1990737898857,204.40064705784397,2524.6005076282895
3.0153435623749165,-75.26502133545839,-0.40691577483469554,-23.10519096716107,76.64699979427874,54.938034387736444,-62.07195923456737,-5.910504532690171,-5.183646184445193,-0.8059650967673807,-7.649845185840344,-7.368268916052951,-4.502181578979905,1528.5770506597178,1826.3045110251142,1386.6879496661177,-795.6561745372022,213.8776023388518,2516.977684029123
3.022014676450967,-75.49818957358397,-0.6103242219703685,-23.134355437106727,76.3390104628141,54.64358978838247,-62.24657194854573,-5.739930587040307,-4.979702837300428,-0.6510391278137502,-7.739875702113083,-7.3439763394687105,-4.22278850534723,1539.613268196886,1842.1187606206963,1400.0236411709157,-823.7509400847238,223.0456377510325,2508.6236863843596
3.0286857905270175,-75.72450616277719,-0.8055347923992192,-23.157289491292357,76.02735527037788,54.35013771087381,-62.41002061147719,-5.568160940749984,-4.774037851848097,-0.49466279565312976,-7.833009009324279,-7.3186816626651,-3.944364570386058,1550.0846816408637,1857.2724849783735,1412.7761820283586,-851.4663559822172,231.90312304221487,2499.546105302304
3.0353569046030686,-75.94392450267343,-0.9924800482035556,-23.17393637807423,75.7119108791877,54.057717573809356,-62.562345619098274,-5.395258598448356,-4.5667249495873055,-0.33690123426308793,-7.929201991281297,-7.292419497255243,-3.6669897913970813,1559.9876088433903,1871.76067415101,1424.940282280377,-878.7855762095189,240.44859217751238,2489.7528010652
3.0420280186791198,-76.1564005228032,-1.171095513254114,-23.184241964504213,75.3925557146154,53.76636740725986,-62.70359055228447,-5.221286961813754,-4.357838395040472,-0.17782015282889563,-8.028409668504203,-7.265224608697243,-3.3907432969279667,1569.3185901128547,1885.5785704650737,1436.5108853782317,-905.6919313274985,248.6807439186189,2479.2518996005742
3.04869913275517,-76.36189269798867,-1.3413196943828931,-23.188154758832493,75.06917003936978,53.47612384697699,-62.83380214088805,-5.046309804747957,-4.147452967611881,-0.017485809683907533,-8.130585218308436,-7.237131897942586,-3.11570329746623,1578.0743898510025,1898.7216701654545,1447.4831701080955,-932.1689365483651,256.5984423266405,2468.051788351316
3.0553702468312207,-76.5603620627424,-1.5030941014260633,-23.185625931963283,74.74163602685648,53.18702212933841,-62.95303022641256,-4.870391248373494,-3.9356439332687914,0.1440350139589244,-8.235679995780071,-7.208176383032827,-2.84194705659663,1586.2519980983943,1911.1857249606135,1457.8525524221316,-958.2002997215559,264.2007171881883,2456.1611120464418
3.0620413609072714,-76.75177222466262,-1.656363266129779,-23.176609337854725,74.40983783368169,52.89909608702966,-63.061327723542156,-4.6935957358643705,-3.722487016056527,0.3066750404736993,-8.343643555634097,-7.178393180653326,-2.569550862634611,1593.8486319878496,1922.96674346747,1467.6146871743556,-983.7699292315156,271.4867643645028,2443.588768374497
3.068712474983322,-76.93608937681724,-1.801074759913017,-23.161061532855953,74.07366167126294,52.6123781454659,-63.15875058054509,-4.515988007120167,-3.5080583694582588,0.47036652247609373,-8.454423674945787,-7.147817487652279,-2.2985900007456372,1600.8617371051512,1934.060992555565,1476.7654697606615,-1008.8619418038041,278.4559460633867,2430.3439035615324
3.075383589059373,-77.1132823091116,-1.937179210480798,-23.138941793973494,73.73299587651265,52.32689931995349,-63.24535773857123,-4.3376330732942145,-3.292434547611216,0.6350412696546803,-8.567966376744714,-7.11648456253398,-2.0291387255619164,1607.288988756326,1944.4649985899744,1485.3010376623574,-1033.4606702158414,285.10779103379946,2416.4359078557545
3.0820547031354235,-77.28332241863382,-2.0646303172828575,-23.11021213606044,73.38773098156048,52.04268921359263,-63.32121108986367,-4.158596191185897,-3.0756924763900986,0.8006306757686472,-8.684215954460639,-7.084429706934598,-1.761270234305758,1613.1282931408446,1954.1755485725964,1493.217771892668,-1057.550670908842,291.4419946829593,2401.874410920824
3.088725817211474,-77.44618371897253,-2.1833848658122084,-23.074837327921735,73.03775978248011,51.759776015922,-63.386375434904856,-3.9789428375079763,-2.8579094243695162,0.9670657458007726,-8.803114997210043,-7.051688247089395,-1.4950566404305665,1618.377788430138,1963.1896911813747,1500.5122983456488,-1081.116731497333,297.45841911586297,2386.6692771399753
3.095396931287525,-77.60184284850243,-2.293402740739384,-23.03278490732979,72.68297740698732,51.47818650230498,-63.44091843851811,-3.798738683039093,-2.6391629736763167,1.1342771232550861,-8.92460441591179,-7.018295515299741,-1.2305689477884088,1623.0358457508562,1971.5047377071458,1507.1814890470232,-1104.1438781728973,303.15709309714947,2370.8306008330096
3.102068045363576,-77.75027907763298,-2.394646937877841,-22.98402519494474,72.32328138107651,51.197946034057715,-63.48491058494588,-3.618049566672445,-2.419530990743713,1.3021951175879618,-9.048623470219898,-6.984286831408773,-0.9678770253344616,1627.1010700723411,1979.1182628877762,1513.2224633064843,-1126.617382998636,308.5382119352853,2354.368701388393
3.1087391594396263,-77.89147431501654,-2.487083574977014,-22.928531307134147,71.95857169456276,50.91907855931798,-63.518425131926556,-3.436941469370967,-2.1990915969781355,1.4707497317620122,-9.175109796261184,-6.9496974842942105,-0.7070495823770411,1630.5723009978285,1986.0281056393458,1518.6325887710555,-1148.5227710910756,313.60213728907,2337.294118312594
3.115410273515677,-78.02541311271241,-2.5706819013397526,-22.866279167687676,71.58875086549784,50.64160661465496,-63.54153806379145,-3.2554804880400874,-1.9779231393507577,1.6398706899114166,-9.303999435164922,-6.914562713386995,-0.44815414438278406,1633.4486134589201,1992.2323696841343,1523.4094823791188,-1169.8458276861375,318.34939689649843,2319.6176061989145
3.122081387591728,-78.15208267030334,-2.645414306261257,-22.797247518422257,71.21372400342888,50.36555132741746,-63.554328043604684,-3.0737328093285243,-1.7561041609247559,1.8094874651078932,-9.435226862371604,-6.87891769022444,-0.19125702934540567,1635.729318312928,1997.729424075242,1527.5510112147927,-1190.5726050859614,322.78068422605816,2301.3501296180634
3.1287525016677784,-78.27147283796238,-2.7112563262872222,-22.721417928674086,70.83339887146823,50.090932418820124,-63.55687636436866,-2.8917646833681325,-1.533713371330101,1.9795293072161029,-9.568725017707353,-6.84279750004634,0.06357667527300359,1637.413962842725,2002.517903617692,1531.0552932623573,-1210.68942948338,326.89685805057275,2282.50285793274
3.1354236157438287,-78.38357611846752,-2.7681866512894326,-22.638774803674085,70.4476859471444,49.81776820776502,-63.549266899318276,-2.709642397463659,-1.3108296171972569,2.149925270827287,-9.704425336210008,-6.806237123442965,0.3162831350202389,1638.5023311587627,2006.5967091859259,1533.9206980604813,-1230.1829076608356,330.69894194372324,2263.0871600385703
3.14209472981988,-78.48838766816232,-2.8161871293571092,-22.549305391803816,70.05649848200493,49.54607561539666,-63.53158605132679,-2.527432249743153,-1.087531852561337,2.3206042432601746,-9.842257779693135,-6.769271418063076,0.566799790343307,1638.994444502994,2009.9650079376247,1536.1458472560291,-1249.039933560753,334.18812369944135,2243.1145990336868
3.1487658438959305,-78.58590529686128,-2.855242770503379,-22.4529997907296,69.6597525599403,49.27587017038813,-63.503922701448,-2.3452005227801718,-0.8638991092482652,2.4914949726177746,-9.98215086903303,-6.731935100391004,0.8150653778814395,1638.890561454433,2012.6222334238462,1537.7296150572934,-1267.2476947242212,337.3657546743735,2222.596926819368
3.1554369579719808,-78.67612946669918,-2.8853417491861912,-22.349850952412417,69.25736715420237,49.00716601495452,-63.46636815661755,-2.163013457198445,-0.6400104672544147,2.6625260958890555,-10.124031717164403,-6.6942627276009254,1.0610199511548934,1638.1911780361781,2014.5680855954963,1538.6711285865083,-1284.7936785951204,340.23334905367483,2201.5460786340777
3.162108072048032,-78.75906328992336,-2.9064754056436786,-22.239854686992633,68.84926418308739,48.739975911591564,-63.419016096538996,-1.980937225270334,-0.41594502513139014,2.833626167084106,-10.267826062769135,-6.656288679497145,1.3046049006424745,1636.897027723718,2015.8025307062107,1538.9697681315674,-1301.6656786866874,342.7925830404052,2179.9741675233586
3.1687791861240826,-78.83471252562966,-2.918638246044389,-22.12300966554776,68.43536856425729,48.47431125053496,-63.36196251977807,-1.7990379045196472,-0.19178187038718,3.0047236853918244,-10.413458304643084,-6.6180471405486365,1.5457629732408442,1635.0090813544143,2016.325801111748,1538.6251672968908,-1317.8518006077522,345.045293968853,2157.893478747968
3.1754503002001333,-78.90308557544179,-2.9218279414533366,-21.99931742172312,68.01560826767212,48.21018205793689,-63.29530568909069,-1.6173814513401992,0.03239995008439963,3.1757471233485908,-10.560851536724822,-6.5795720820264885,1.784438291098551,1632.528546938088,2016.1383949660453,1537.6372130534453,-1333.3404679457885,346.9934793421358,2135.3164641327803
3.182121414276184,-78.96419347813553,-2.9160453256152445,-21.868782352234827,67.58991436710704,47.94759700475519,-63.219146076009984,-1.4360336746407718,0.2565214595349991,3.346624955007101,-10.709927583770558,-6.540897244252433,2.0205763698188544,1629.4568693686672,2015.2410758141343,1536.0060456879405,-1348.1204280041277,348.63929579445545,2112.2557363588494
3.1887925283522347,-79.01804990320831,-2.9012943915565503,-21.731411716245546,67.15822109022936,47.686563416350864,-63.13358630471712,-1.2550602095277845,0.48050378084178524,3.517285684093754,-10.860607037658573,-6.502056118967023,2.254124136024562,1625.79573003692,2013.634872082138,1533.7320586512924,-1362.1807573906115,349.9850579784436,2088.724063201219
3.1954636424282854,-79.06467114339674,-2.877582287008877,-21.587215633613592,66.72046586720943,47.427087282788634,-63.03873109522208,-1.0745264910364183,0.7042681659252532,3.687657872143731,-11.012809294306724,-6.463081931825616,2.485029944279533,1621.547046344314,2011.3210764646356,1530.815898306459,-1375.510867455161,351.0332373780322,2064.734361714919
3.202134756504336,-79.10407610614371,-2.8449193086562046,-21.436207082016438,66.27658937784221,47.169173269835554,-62.934687205880024,-0.8944977279212678,0.9277360250932086,3.8576701666024236,-11.166452591186081,-6.4240076250304545,2.7132435933608847,1616.7129711180955,2008.3012452096978,1527.258463575812,-1388.1005095737066,351.78646104735435,2040.2996923717214
3.208805870580387,-79.13628630401749,-2.8033188952093995,-21.278401892950445,65.82653559715575,46.912824730651906,-62.82156337526961,-0.7150388765176517,1.1508289562994836,4.02725132888201,-11.321454045413196,-6.384865840107099,2.938716341876682,1611.2958919277394,2004.577197301964,1523.0609054882486,-1399.9397802760243,352.2475102761807,2015.433253150224
3.215476984656437,-79.16132584408666,-2.752797619311289,-21.11381874660846,65.37025183948334,46.658043718168464,-62.69947026345904,-0.5362146146842103,1.3734687743063216,4.196330262362243,-11.477729692403969,-6.345688900833239,3.161400923224105,1605.298430302926,2000.1510135441363,1518.224626626274,-1411.0191262151393,352.4193191824573,1990.1483735817606
3.222148098732488,-79.17922141625368,-2.693375178276733,-20.94247916563807,64.90768880097788,46.4048309981438,-62.56852039268707,-0.35808931583810133,1.5955775397388037,4.364836040324012,-11.635194525070954,-6.306508796328099,3.3812515598830677,1598.7234408532984,1995.0250355373498,1512.7512804733403,-1421.3293489759494,352.30497323253155,1964.4585087548141
3.228819212808539,-79.19000228055094,-2.6250743836720436,-20.76440750778329,64.43880060054644,46.1531860628953,-62.42882808748475,-0.18072702309333305,1.817077588020595,4.532697933805089,-11.793762533546364,-6.2673571643102655,3.5982239770414277,1591.5740102902153,1989.2018645608823,1506.6427706617699,-1430.8616097208617,351.9077076896734,1938.3772332804117
3.235490326884589,-79.19370025340444,-2.5479211497387224,-20.57963095741298,63.96354481918474,45.903107145696666,-62.280509414265936,-0.004191423513484431,2.037891558179273,4.699845439366459,-11.953346745412292,-6.2282652745320926,3.8122754155468086,1583.8534563508606,1982.6843603517245,1499.9012501216116,-1439.6074336702604,351.23090599156717,1911.9182352212283
3.24216144096064,-79.19034969286861,-2.461944480667092,-20.38817951593979,63.481882537691554,45.654591235834765,-62.12368212041214,0.17145417751072958,2.2579424215106347,4.866208306758743,-12.113859266420109,-6.189264012398283,4.02336464418171,1575.5653266250158,1975.4756397845692,1492.5291201308376,-1447.5587144157591,350.2780980574376,1885.0953099869
3.248832555036691,-79.17998748283924,-2.3671764567255087,-20.19008599113405,62.993778372743876,45.40763409431859,-61.95846557288038,0.3461468817478585,2.4771535100905195,5.031716566477381,-12.275211321679695,-6.150383862776713,4.231451971257993,1566.7133972848997,1967.5790754528189,1484.5290292673344,-1454.7077180641818,349.0529585255451,1857.9223541982715
3.2555036691127417,-79.16265301624806,-2.263652219251667,-19.985385985336972,62.499200511313944,45.16223027023204,-61.7849806963599,0.5198242234657222,2.695448545123669,5.196300557196038,-12.43731329730018,-6.111654894008932,4.436499255527814,1557.301671718507,1958.9982941512417,1475.9038722631442,-1461.0470872103795,347.55930492178294,1830.4133595231253
3.2621747831887924,-79.13838817724707,-2.151409954512565,-19.77411788257847,61.99812074341113,44.91837311772259,-61.60334991100668,0.6924241946139399,2.9127516651181624,5.359890953067035,-12.600074782462645,-6.073106742128177,4.638469916407409,1547.3343790669123,1949.737175260958,1466.656788761506,-1466.5698447369998,345.80109576017657,1802.5824064861138
3.268845897264843,-79.10723732238759,-2.0304908764404463,-19.55632283460509,61.49051449313143,44.676054813617526,-61.41369706978176,0.8638852698386301,3.1289874538750646,5.522418790878305,-12.763404611905653,-6.034768595292308,4.837328943511524,1536.815972666065,1939.7998490374673,1456.791161977238,-1471.269397439457,343.7824285760804,1774.4436582554802
3.275517011340894,-79.06924726080213,-1.900939208252254,-19.332044745823918,60.97636084799858,44.43526637565876,-61.2161473954224,1.0341464313185798,3.3440809682822854,5.68381549705603,-12.92721090880418,-5.996669178439024,5.033042905495656,1525.7511283936187,1929.190694802469,1446.3106172610612,-1475.1395394744013,341.5075378929208,1746.0113544092512
3.2821881254169445,-79.02446723339534,-1.7628021629607475,-19.10133025716904,60.455642586580844,44.195997681347215,-61.01082741707275,1.2031471934122353,3.5579577659021537,5.844012914502335,-13.091401128021673,-5.958836738171014,5.225579958204506,1514.1447429213902,1917.9143390402742,1435.219020568525,-1478.1744556300391,338.9807931233652,1717.2998046835635
3.288859239492995,-78.97294889105285,-1.6161299227856016,-18.864228728897068,59.92834620436997,43.95823748738755,-60.79786490660248,1.3708276271053603,3.7705439323420364,6.002943329257505,-13.25588209971626,-5.921299027877835,5.414909852124095,1502.001931874098,1905.9756533996247,1423.520476834172,-1480.3687244168264,336.2066964058074,1688.3233827057593
3.2955303535690454,-78.91474627187542,-1.460975617473573,-18.620792222319434,59.39446193790773,43.721973449723556,-60.577388814641104,1.5371283842485752,3.981766108397535,6.160539496976138,-13.420560073280058,-5.884083293102083,5.6010039391366195,1489.3280278950506,1893.3797526018022,1411.2193282517057,-1481.7173209770212,333.1898803771175,1659.0965197149476
3.3022014676450966,-78.8499157774475,-1.2973953015367963,-18.371075480478535,58.85398378714739,43.48719214415441,-60.34952920635585,1.7019907215749186,4.191551516958036,6.316734669206985,-13.585340761592287,-5.847216257156563,5.783835178576459,1476.1285786194946,1880.1319922559078,1398.3201524608664,-1482.2156198117768,329.9351058826019,1629.633698272651
3.3088725817211473,-78.77851614814902,-1.1254479304192595,-18.11513590777629,58.306909536038184,43.25387908752115,-60.1144171970012,1.865356524486767,4.399827989664037,6.471462619465896,-13.750129385564998,-5.810724106999622,5.963378142586377,1462.4093445564033,1866.2379665822843,1384.8277606418458,-1481.859397324433,326.4472596241873,1599.9494459662621
3.3155436957971975,-78.7006084375195,-0.9451953356011473,-17.853033548563296,57.75324077132063,43.0220187594536,-59.87218488726788,2.0271683306023696,4.606523993306586,6.624657669091994,-13.914830718961642,-5.77463247937528,6.139609020773644,1448.1762968794694,1851.7035060450196,1370.7471955180367,-1480.6448341788475,322.7313517478193,1570.0583291078844
3.3222148098732487,-78.61625598568524,-0.756702198652174,-17.584831064697596,57.19298289952356,42.791594624666395,-59.62296529845972,2.1873693530515954,4.81156865595817,6.776254712876525,-14.07934913346719,-5.738966447225019,6.312505624165135,1433.4356151281784,1836.5346748945785,1356.0837292680121,-1478.5685174716036,318.7925133711575,1539.9749464313181
3.3288859239492994,-78.5255243918587,-0.5600360242441479,-17.310593712082284,56.62614516215189,42.5625891557935,-59.36689230752596,2.3459035035112765,5.014891792825695,6.926189244454722,-14.243588643989714,-5.703750506377616,6.482047388461837,1418.1936848198043,1820.7377686215777,1340.8428613476028,-1475.6274427170977,314.63599405260754,1509.7139227897426
3.33555703802535,-78.42848148592172,-0.35526711213480305,-17.03038931619172,56.05274064905723,42.33498385674972,-59.104100581977974,2.502715414970005,5.216423931815199,7.0743973814503756,-14.40745295417198,-5.669008562523706,6.648215376592559,1402.457094973277,1804.3193113228263,1325.0303162230416,-1471.8190156445094,310.26715920283146,1479.2899028568506
3.342228152101401,-78.32519729910261,-0.1424685281340371,-16.74428824659638,55.472786309982546,42.10875928660784,-58.83472551471671,2.6577504642128105,5.416096338799196,7.220815890363659,-14.570845502092363,-5.63476391848124,6.810992280568027,1386.232635545834,1787.2860529806974,1308.6520410161288,-1467.1410538058212,305.6914874398241,1448.7175448339688
3.3488992661774515,-78.21574403375934,0.07828392593503106,-16.452363390496792,54.88630296427451,41.88389508397956,-58.5589031588007,2.810954794016085,5.613841042576536,7.365382211192177,-14.733669506134236,-5.60103926175805,6.970362422635322,1369.5272947834856,1769.6449666570293,1291.7142030624252,-1461.5917879940882,300.9145678887429,1418.0115141658812
3.355570380253502,-78.10019603228022,0.3069117432676696,-16.154690125277586,54.29331530875659,41.66036999188812,-58.276770162181776,2.96227533504304,5.809590859515632,7.508034481775713,-14.895828011002086,-5.567856652417788,7.126311755734519,1352.3482564863095,1751.4032456027176,1274.2231873835342,-1455.1698634712645,295.94209742766856,1387.1864772679692
3.362241494329553,-77.97862974511455,0.543333744089101,-15.851346290092609,53.69385192375793,41.43816188312061,-57.98846370243628,3.111659827430593,6.0032794178716715,7.6487115618552695,-15.057223933864009,-5.535237511254875,7.278827863258327,1334.7028971896357,1732.5683002842095,1256.1855940745231,-1447.8743410049767,290.77987788048154,1356.257095267255
3.3689126084056036,-77.85112369794491,0.787466108632821,-15.542412156493127,53.087945277292675,41.217247786047054,-57.69412142151976,3.2590568420580293,6.194841181768728,7.787353056836946,-15.217760110598272,-5.503202608284602,7.427899958117156,1316.5987832622302,1713.147755328174,1237.6082356076272,-1439.7046977137215,285.43381315811695,1325.2380177599862
3.3755837224816543,-77.71775845801551,1.039222411071841,-15.227970398110703,52.47563172738704,40.99760391089413,-57.39388136057304,3.4044158014886525,6.384211474837613,7.9238993412514125,-15.377339342123731,-5.471772051553783,7.573518881110742,1298.0436679226177,1693.1494463856,1218.4981340533473,-1430.660827720053,279.9099063494219,1294.1438765883445
3.382254836557705,-77.57861659962822,1.2985136543890408,-14.908106059407455,51.856951522550084,40.7792056764599,-57.087881894807495,3.547687000575027,6.5713265035006225,8.058291581899867,-15.535864440791723,-5.440965276277661,7.715677098609242,1279.0454881747282,1672.581416916666,1198.8625182201486,-1420.7430426114047,274.21425676293137,1262.9892796388892
3.388925950633756,-77.43378266882148,1.56524830617246,-14.582906523506196,51.231948800387244,40.56202773725713,-56.776261668496595,3.6888216267192244,6.7561233798945,8.190471760677516,-15.693238276818935,-5.410801034308345,7.85436869954596,1259.6123616640589,1651.451914897696,1178.708820713946,-1409.9520717082873,268.3530569208171,1231.7888046652515
3.3955970647098064,-77.2833431472445,1.8393323353205688,-14.252461479113705,50.600671584354224,40.34604401107098,-56.45915953010176,3.827771779779027,6.938540144423034,8.320382697065709,-15.849363824738822,-5.381297383940163,7.9895893917250485,1239.7525834556156,1629.769389451606,1158.0446749186408,-1398.2890621396884,262.332589506389,1200.556993137702
3.4022681787858566,-77.12738641524257,2.1206692496428716,-13.916862886550389,49.963171778652075,40.13122770691835,-56.136714467559464,3.9644904916117323,7.118515787930749,8.447968070284047,-16.004144209851304,-5.352471680056798,8.121336497446572,1219.4746227349056,1607.5424874032096,1136.8779118989546,-1385.755578725585,256.1592242664434,1169.3083441220722
3.408939292861908,-76.96600271416726,2.409160134340092,-13.576204942900294,49.319505161263216,39.917551353394344,-55.80906554375746,4.098931745246817,7.295990273489514,8.573172441093794,-16.15748275464812,-5.324340564625406,8.249608948453034,1198.7871194333054,1584.7800497608591,1115.2165572268977,-1372.3536036665685,249.83941486987237,1138.0573081906036
3.4156104069379585,-76.79928410792661,2.7047036913487723,-13.230584046295554,48.66973137513004,39.70498682739245,-55.476351832226385,4.231050493679325,7.4709045577899635,8.695941273244353,-16.309283025193338,-5.296919957542316,8.374407280200675,1177.6988807791404,1561.4911081258408,1093.068827733175,-1358.0855360406701,243.3796957238875,1106.8182813671883
3.4222815210140087,-76.62732444379107,3.0071962795338534,-12.880098759349508,48.013913917478625,39.49350538318391,-55.138712353074254,4.360802678275723,7.643200612129667,8.816220954554362,-16.459448877437115,-5.2702250478349715,8.49573362545947,1156.2188777758656,1537.6848810310435,1070.4431281849106,-1342.9541911075646,236.7866787492816,1075.60559910951
3.42895263509006,-76.45021931247055,3.3165319557132724,-12.524849771753738,47.35212012728964,39.28307768184184,-54.7962860091906,4.488145246784125,7.812821442990464,8.933958817619404,-16.607884503441188,-5.244270285224763,8.613591707246545,1134.3562416087623,1513.3707702104077,1047.3480478910817,-1326.962799420405,230.06705011617316,1044.4335303305534
3.4356237491661106,-76.26806600747827,3.632602516497832,-12.16493986205353,46.684421170921965,39.073673820996305,-54.449211522746474,4.613036170941181,7.979711112197176,9.04910316013837,-16.75449447749528,-5.219069372054752,8.727986831096782,1112.1202599815833,1488.55835680069,1023.7923572370805,-1310.1150057456534,223.22756694163672,1013.3162714618992
3.442294863242161,-76.08096348379877,3.955297540929402,-11.80047385861783,46.01089202589239,38.865263364904585,-54.09762737201729,4.7354344636677235,8.14381475665031,9.161603264850564,-16.899183802102417,-5.194635255586774,8.838925876676061,1089.5203733846472,1463.2573974771317,999.7850041498564,-1292.4148677913352,216.2750539507454,982.2679405612747
3.448965977318212,-75.88901231587528,4.284504433900299,-11.431558599818821,45.33161146281796,38.657815374822576,-53.74167172855442,4.855300195845871,8.305078607625482,9.27140941907603,-17.04185795381258,-5.170980120671632,8.946417288741687,1066.566171295861,1437.4778205246066,975.3351104951057,-1273.8668547442294,209.21640010244755,951.3025714667222
3.4556370913942622,-75.6923146549345,4.620108470336487,-11.058302893437626,44.64666202552688,38.451298439661954,-53.38148239473125,4.972594512669934,8.463450009632625,9.378472933851628,-17.182422928882673,-5.1481153827964174,9.050471067455835,1043.2673883162324,1411.2297218458823,950.4519684080342,-1254.4758456166362,202.05855518183319,920.4341079997645
3.4623082054703134,-75.4909741856654,4.9619928401266,-10.680817475312113,43.95613000934583,38.24568070691808,-53.01719674169012,5.087279649564222,8.61887743882781,9.482746162655504,-17.320785288742602,-5.126051681512459,9.151098758057056,1019.6339002414109,1384.5233609086183,925.1450365591865,-1234.247127403385,194.80852636025844,889.6763982199348
3.468979319546364,-75.28509608226965,5.31003869377892,-10.299214967243756,43.260105437571575,38.04092991385329,-52.64895164771548,5.199318947660445,8.771310520971188,9.584182519712785,-17.456852205245486,-5.104798874247492,9.24831343989609,995.6757200708903,1357.3691566328012,899.4239363569416,-1213.1863930498903,187.47337472490653,859.043188732994
3.4756504336224148,-75.07478696390169,5.6641251887878985,-9.913609834180093,42.55868203613613,37.837013418920044,-52.27688343705848,5.3086768688281625,8.920700048924353,9.682736497875643,-17.59053150568192,-5.08436603050527,9.342129714841706,971.4029939564579,1329.7776832202687,873.298448088204,-1191.2997392321047,180.06021177929097,828.548119055126
3.482321547698465,-74.86015484951572,6.024129536691856,-9.52411834069029,41.851957206475035,37.633898233408495,-51.90112781923774,5.415319010251278,9.066997999681035,9.778363686070941,-17.72173171753652,-5.064761426455859,9.432563695063534,946.8259970915594,1301.759665928054,846.7785069989432,-1168.5936639493505,172.57619591629725,798.2047160353626
3.488992661774516,-74.64130911213911,6.3899270508027275,-9.130858506750993,41.14003199660982,37.43155105330275,-51.52181982884207,5.519212118544423,9.210157550924626,9.87102078630873,-17.850362112966838,-5.04599253991953,9.519632990197731,921.9551295432597,1273.3259767872858,819.8741993161661,-1145.0750639310347,165.02852886531826,768.0263883385318
3.495663775850567,-74.41836043258948,6.761391194589205,-8.733950062860298,40.42301107045594,37.22993829132991,-51.139093765858725,5.620324103402777,9.3501330971069,9.960665630245375,-17.976332752983534,-5.028066045746973,9.603356693902832,896.8009120284812,1244.4876302693729,792.595758212994,-1120.7512318583954,157.42445211507342,738.0264209908778
3.502334889926617,-74.19142075265543,7.138393630693467,-8.333514404497889,39.70100267536895,37.02902610918611,-50.75308313655236,5.718624050779192,9.48688026504189,10.047257195294828,-18.099554531311334,-5.010987811598627,9.68375536981272,871.373981636291,1215.2557789012885,764.9535597185221,-1095.62985340249,149.77124331373506,708.2179699906075
3.509006004002668,-73.96060322775878,7.520804270562689,-7.929674545949225,38.97411860794106,36.82878044992342,-50.36392059491757,5.81408223558285,9.620355929009692,10.130755620282326,-18.21993921791065,-4.994762894125351,9.760851036894165,845.6850874979212,1185.6417088316844,736.9581185741192,-1069.7190040796875,142.07621264793406,678.6140569854152
3.515677118078719,-73.72602217911879,7.908491324674827,-7.5225550735126365,38.24247417806384,36.62916707048163,-49.97173788472951,5.906670133893602,9.750518225364461,10.211122220634323,-18.337399502139277,-4.979395535552876,9.834667154216312,819.7450864063768,1155.656835349711,708.6200840379304,-1043.0271459260846,134.34669920231724,649.2275640192104
3.5223482321547697,-73.48779304543675,8.301321353339388,-7.112282098107591,37.50618817126977,36.430151574348464,-49.57666578221622,5.996360434686648,9.877326566641711,10.288319503099228,-18.451849035534668,-4.964889160671954,9.90522860513999,793.5649383873608,1125.3126983583104,679.9502356392635,-1015.5631239922496,126.59006730124295,620.071228350053
3.5290193462308204,-73.24603233412161,8.699159318052555,-6.698983207303447,36.76538280937017,36.231699444332364,-49.17883403937466,6.083127051062002,10.000741655159846,10.36231117999334,-18.56320247419614,-4.951246374236237,9.97256168093508,767.155702223396,1094.6209578038743,650.9594788846575,-987.3361626598903,118.81370283429953,591.1576373413832
3.535690460306871,-73.00085757207576,9.101868633386658,-6.282787416787366,36.02018370940455,36.033776075431106,-48.7783713279543,6.166945130973972,10.12072549611118,10.433062182966797,-18.671375520748203,-4.93846895876946,10.03669406383372,740.5285309329348,1063.5933890640888,621.6588409173636,-958.3558617820014,111.02500956726192,562.4992234285595
3.5423615743829218,-72.75238725606177,9.509311219393322,-5.863825121291038,35.27071984091903,35.83634680777985,-48.37540518412965,6.247791067455378,10.237241410137965,10.500538676284393,-18.776284965864484,-4.9265578727836035,10.097654809528589,713.6946672063658,1032.2418782958628,592.0594661320578,-928.6321926482558,103.23140544018452,534.1082591626632
3.5490326884589725,-72.50074080266961,9.921347554499578,-5.442228044995577,34.517123481592044,35.63937695966247,-47.97006195388485,6.325642508332151,10.350254045388985,10.564708069616417,-18.87784872933381,-4.91551324940923,10.155474329124091,686.6654388007687,1000.5784177452231,562.172611746568,-898.17549377737,95.4403188542639,505.9968523335404
3.555703802535023,-72.24603849790586,10.337836728876221,-5.018129191434242,33.7595301712256,35.44283186056937,-47.56246673913096,6.400478365423649,10.459729389052715,10.62553903033484,-18.97598590064885,-4.905334395439224,10.210184370550026,659.4522538953321,968.6151010210651,532.0096433324394,-866.9964665383138,87.65918494915881,478.17694117396735
3.5623749166110734,-71.98840144642472,10.758636498256905,-4.591662792913239,32.998078664122,35.246676884285264,-47.15274334457859,6.472278823224439,10.565634778362968,10.683001495310311,-19.070616779098316,-4.896019790786904,10.261817999446535,632.0665964093746,936.364118334715,501.5820303062008,-835.1061706023344,79.89544187246429,450.6602896468347
3.5690460306871246,-71.72795152042178,11.183603338187671,-4.162964259469912,32.23291087986556,35.05087748199027,-46.74101422538492,6.541025347063574,10.667938911073591,10.737066682205826,-19.161662913344397,-4.887567088359281,10.310409579529834,604.5200212848554,903.8377517071591,470.9013413831229,-802.5160192277373,72.15652704298817,423.4584828171226
3.5757171447631753,-71.4648113082122,11.612592498684617,-3.7321701273895687,31.464171852531482,34.855399215357906,-46.327400435597944,6.6067006907373935,10.766611855398441,10.787707100262887,-19.249047140466523,-4.879973114346025,10.35599475244813,576.8241497354045,871.048370145963,439.9792399954079,-769.2377743795995,64.44987340955967,396.5829223105337
3.5823882588392255,-71.19910406251357,12.045458059278928,-3.2994180073003103,30.692009678342288,34.66020778963316,-45.912021577416205,6.669288903612416,10.86162505941358,10.83489656057633,-19.332693624453643,-4.87323386892459,10.398610417137457,548.9906644637643,838.0084247937549,408.8274796766152,-735.2835416864951,56.782905707023204,370.04482186046215
3.5890593729152767,-70.93095364845537,12.48205298442714,-2.864846531867323,29.916575461795425,34.4652690866738,-45.494995751285714,6.728775337194741,10.952951359918472,10.878610185854155,-19.412527894126665,-4.867344527381668,10.438294708687438,521.0313048497098,804.7304440502948,377.45789941427745,-700.6657652365434,49.163036711157766,343.85520294508257
3.595730486991328,-70.66048449133595,12.922229179265717,-2.4285953031064462,29.13802326028402,34.2705491979389,-45.076439506851045,6.7851466511629015,11.040564990753623,10.918824419659062,-19.48847688047351,-4.8622994416510705,10.475086976727082,492.9578621103637,771.2270286700253,345.88241897253977,-665.3972222150317,41.59766349417082,318.0248905161261
3.602401601067378,-70.38782152414916,13.365837545687091,-1.9908048393386633,28.356510027236006,34.07601445740689,-44.65646779478223,6.838390818861158,11.124441590571672,10.955517035128231,-19.560468953379203,-4.858092142267769,10.509027763340807,464.78217443500574,737.5108468371628,314.1130341868061,-629.4910173860569,34.09416368251476,292.56450882108027
3.6090727151434288,-70.1130901349016,13.812728038716147,-1.5516165218056992,27.57219555379473,33.88163147440761,-44.235193919494286,6.888497132250565,11.204558210059888,10.988667143168533,-19.628433957734007,-4.854715340737866,10.54015878052519,436.51612209632805,703.5946292202282,282.1618122322423,-592.9605774205663,26.659891718682672,267.4844773203125
3.61574382921948,-69.8364161137429,14.262749723164452,-1.111172540968539,26.785242409067777,33.68736716635091,-43.812729492778345,6.93545620631523,11.280893318611657,11.018255200124292,-19.69230324890231,-4.852160932323834,10.56852288719716,408.1716225402393,669.4911640080797,250.04088686813324,-555.8196450734149,19.302175128716115,242.79500670070885
3.6224149432955297,-69.55792559993041,14.715750830540943,-0.6696158425092114,25.99581587896847,33.49318879133543,-43.38918438836128,6.979259982921521,11.353426810445216,11.044263014915046,-19.752009727535828,-4.8504199992444255,10.594164065764451,379.7606254562122,635.2132919293756,217.76245365996851,-518.0822732119474,12.028310797107368,218.50609498726726
3.629086057371581,-69.27774502865024,15.171578816195943,-0.22709007305774243,25.204083903677592,33.299063980621234,-42.96466669741245,7.01990173412825,11.422140010167695,11.066673755640906,-19.80748787371496,-4.8494828142882245,10.617127398269064,351.29510783026757,600.7739012575089,185.3387651812457,-479.7628186988086,4.845561250787304,194.62752375416366
3.635757171447632,-68.9960010777173,15.63008041667707,0.21626047433452736,24.41021701375244,33.10496077094931,-42.539282685013255,7.057376064945876,11.487015677783143,11.085471955653436,-19.858673780401702,-4.849338844839784,10.6374590421153,322.78706898266637,566.1859228030131,152.7821261969369,-440.87593613173425,-2.238849046073455,171.16885443664756
3.642428285523682,-68.71282061417536,16.09110170727423,0.6602909149540502,23.614388264910595,32.91084763669189,-42.11313674760675,7.091678915543297,11.548038013143087,11.100643519089969,-19.905505186189014,-4.849976757317051,10.655206205393078,294.24852559235524,531.4623248954198,120.10488883055255,-401.4365714430416,-9.21773738481224,148.1394247451546
3.649099399599733,-68.42833064082042,16.554488159731843,1.1048558273948619,22.816773171517386,32.716693521816715,-41.68633137144216,7.122807562900678,11.605192659838803,11.112175725869909,-19.94792150733056,-4.8513844220186275,10.670417121808676,265.6915067102879,496.6161083565972,87.31944771679517,-361.45995536178094,-16.083966490819712,125.54834518291372
3.655770513675784,-68.14265824266855,17.020084700105468,1.5498093087176144,22.01754963880573,32.52246787164929,-41.25896709203132,7.150760621907468,11.658466708534156,11.12005723615122,-19.98586386903636,-4.853548918379103,10.683141025233734,237.12804876367576,461.6603014675665,54.438235141740094,-320.961596741352,-22.830448186260096,103.40449566837171
3.6624416277518335,-67.85593053339123,17.48773576674062,1.9950050297760076,21.216897893858746,32.32814066441659,-40.83114245463073,7.1755380459043945,11.707848699738667,11.124278094246089,-20.01927513601893,-4.856456540630738,10.693428123884908,208.57019055330727,426.6079549308261,21.4737161725515,-279.9572757556919,-29.45014703523759,81.7165222636063
3.6691127418278846,-67.56827460173997,17.95728536835165,2.4402962906893713,20.415000415384213,32.13368244255614,-40.40295397576448,7.197141126669072,11.753328626020252,11.1248297319945,-20.04809994227602,-4.860092803869347,10.701329574145452,180.02996824598463,391.47213683015383,-11.56161622134659,-238.46303696695242,-35.936083969780356,60.49283400992064
3.675783855903936,-67.27981745798277,18.428577142177353,2.885536076439061,19.61204186231327,31.939064343774042,-39.97449610580241,7.215572493844621,11.794897933657507,11.121704971595038,-20.072284720095436,-4.864442450522171,10.706897454041181,151.51941036424273,356.2659275899523,-44.65524605360463,-196.49518226789147,-42.2813398949336,39.741599871768365
3.6824549699799856,-66.99068598037434,18.90145441219243,3.3305771125677497,18.80820900125312,31.744258131836215,-39.54586119260548,7.230836113811139,11.832549523731704,11.114898027892213,-20.091777728268358,-4.869489457215415,10.7101847363826,123.05053277538958,321.0024149360682,-77.79463921089,-154.0702637020181,-48.47905927135177,19.470745790014696
3.6891260840560367,-66.70100686168306,19.375760247350545,3.7752719209589083,18.00369063282719,31.549236227076882,-39.11713944625404,7.242937288000123,11.866277752658561,11.104404510119954,-20.10652907949774,-4.875217042038702,10.711245261585603,94.63533368205007,285.6946888601734,-110.96724834538182,-111.20507616482323,-54.52245367369365,-0.31204815434935435
3.695797198132088,-66.41090655579623,19.851337519838,4.219472875675556,17.1986775169342,31.35397173660825,-38.68841890486919,7.251882650652073,11.896078432160515,11.09022142310105,-20.116490766988722,-4.8816076722038355,10.710133710182962,66.28578861626667,250.3558365896386,-144.1605177679091,-67.91664998926757,-60.404805323217104,-19.599350465128413
3.7024683122081385,-66.1205112244262,20.32802896331488,4.663032258835895,16.393362296959477,31.158438484215925,-38.25978540154132,7.257680166017876,11.921948828680003,11.0723471679026,-20.121616690208494,-4.888643072094736,10.706905575038975,38.01384543928946,214.99893756493572,-177.36188833972477,-24.222243418892393,-66.11947059293163,-38.38398084349523
3.709139426284189,-65.82994668393988,20.805677231121734,5.105802316504445,15.587939422972276,30.962611039924123,-37.831322532375296,7.260339125004518,11.943887662234982,11.050781541947794,-20.1218626798029,-4.896304231705578,10.701617133280209,9.831419349182905,179.63705842653843,-210.5588023609531,19.86066502803147,-71.65988348367134,-56.659012687417864
3.71581054036024,-65.53933835233337,21.28412495442913,5.547635314576746,14.782605073942443,30.76646474921576,-37.40311162566586,7.2598701412663775,11.96189510471751,11.025525738584385,-20.117186521658482,-4.904571415463674,10.694325417954325,-18.249612101684257,144.28324801331377,-243.7387084537584,64.31438429999511,-77.01955906951757,-74.41777547700445
3.72248165443629,-65.24881119637438,21.76321480030805,5.988383594635824,13.977557079011767,30.569975761891364,-36.9752317122119,7.2562851467431235,11.975972777637093,10.996582346110625,-20.107547980097817,-4.913424171433679,10.685088189430374,-46.217413977104435,108.95053237439065,-276.88906643823753,109.12101865578383,-82.19209691092917,-91.65385704507148
3.729152768512341,-64.95848967893389,22.242789529698786,6.4278996297589455,13.172994837853883,30.37312106055228,-36.547759496781055,7.249597386645775,11.986123749310131,10.963955346259562,-20.092908820197486,-4.922841340899405,10.673963906552755,-74.06019891340921,73.65190979645651,-309.9973521991248,154.26247560665763,-87.17118443404775,-108.36110573214933
3.735823882588392,-64.66849770653008,22.72269205525651,6.86603608025285,12.369119240159064,30.175878488692746,-36.120769330732756,7.2398214138924954,11.992352531497584,10.927650112142894,-20.073232829217396,-4.9328010683194154,10.661011697562346,-101.7662320596049,38.40034584845481,-343.05106254131545,199.72047395347914,-91.95060027455136,-124.5336324253152
3.7424949966644423,-64.3789585771054,23.20276549905107,7.30264584929591,11.566132584278845,29.97822677838609,-35.69433318581046,7.226973082996189,11.994665075492582,10.887673405655567,-20.048485837131675,-4.9432808116523965,10.646291330797151,-129.32383599922383,3.2087684456309953,-376.03772003229864,245.47655191532107,-96.52421758456191,-140.16581248014245
3.749166110740493,-64.08999492805968,23.682853250099186,7.737582138465531,10.764238495067373,29.780145577550154,-35.2685206291106,7.211069543405954,11.993068767660512,10.844033374342887,-20.01863573625061,-4.954257353047996,10.629863185186002,-156.7213956517508,-31.909937065113372,-408.94487782951944,291.5120753457582,-100.88600730099871,-155.25228752525126
3.755837224816544,-63.80172868456029,24.162799021707293,8.17069850312955,9.963641840955365,29.581615476778033,-34.84339879923643,7.192129232304786,11.987572424433838,10.796739547731717,-19.983652499924595,-4.965706809898966,10.611788220547911,-183.94736315160296,-66.94293279665696,-441.76012449078667,337.8082460332891,-105.03004137392568,-169.7879671489079
3.7625083388925944,-63.51428100815175,24.64244690860323,8.601848907680045,9.16454865029423,29.38261803571855,-34.419032383644065,7.170171866866142,11.97818628676457,10.745802833128012,-19.943508200320412,-4.977604646249827,10.592127947710814,-210.99026270253458,-101.87743318794453,-474.47108876576937,384.34611008201495,-108.95049595330626,-183.7680304672327
3.7691794529686455,-63.22777224568578,25.121641443834907,9.03088778058826,8.367166027007242,29.183135808993633,-33.99548359718855,7.145218435972279,11.964922014037064,10.69123551088258,-19.898177025261717,-4.98992568455756,10.570944398462297,-237.83869540544245,-136.70070984321572,-507.06544436668815,431.1065663689331,-112.64165453273696,-197.1879275735381
3.775850567044696,-62.94232187859382,25.600227655414855,9.457670069259544,7.57170206558526,28.98315237163784,-33.5728121618755,7.1172911913973325,11.947792677444362,10.633051229127771,-19.847635294124863,-5.002644117799359,10.548300095345828,-264.4813440575108,-171.40009634229563,-539.5309147163008,478.07037507397314,-116.09791104865398,-210.0433808684809
3.7825216811207465,-62.65804847252287,26.07805112268855,9.88205129466686,6.778365765465893,28.782652344046056,-33.151075287824526,7.086413638458526,11.926812752831488,10.571264997987615,-19.79186147278258,-5.015733521922369,10.524258021315907,-290.90697792062326,-205.96299302004257,-571.855277671273,525.218166278908,-119.31377293354606,-222.33038627068896
3.7891927951967976,-62.37506962735621,26.55495803240601,10.303887605742258,5.987366944832913,28.58162141641671,-32.730327655450296,7.052610526139,11.901998113009004,10.505893183264105,-19.730836187587972,-5.029166868630377,10.49888158926502,-317.10445745706,-240.37687171311487,-604.0263702190875,572.5304486313742,-122.28386412177757,-234.04521430757703
3.795863909272848,-62.09350192764022,27.03079523447513,10.723035833505122,5.198916153875914,28.380046372675796,-32.310621398864924,7.015907836685979,11.873366019540843,10.436953499603028,-19.664542238391554,-5.042916538501873,10.472234611436265,-343.06273903040983,-274.62928047218736,-636.0320931466014,619.9876180699569,-125.00292800654044,-245.18441108619703
3.802535023348899,-61.81346089343753,27.505410297375803,11.139353544906518,4.4132245875478535,28.177915113870057,-31.892006090507323,6.976332774688336,11.840935114010092,10.364465003142207,-19.59296461058525,-5.056954334434256,10.444381268734407,-368.77087956973764,-308.7078482377953,-667.8604156784174,667.5699666065576,-127.46583034661087,-255.74479914388036
3.8092061374249497,-61.53506093162809,27.97865156321403,11.552699096368917,3.6305039978607083,27.975216681014977,-31.474528727002447,6.933913755637685,11.804725408767107,10.28844808364587,-19.516090486166664,-5.071251495408212,10.415386079949322,-394.2180411949618,-342.60028947796786,-699.499380083209,715.2576911619442,-129.6675621214586,-265.72347817863294
3.815877251501,-61.25841528767814,28.45036820239539,11.9629316870009,2.850966605757214,27.771941277385952,-31.058233716254666,6.888680393977476,11.764758277164074,10.208924456128686,-19.43390925381847,-5.085778710566737,10.385313870904683,-419.3934958015271,-376.29440878587553,-730.9371062462083,763.0309024506395,-131.60324233342027,-275.11782565915627
3.822548365577051,-60.983635997897956,28.920410267897626,12.369911411466513,2.074825012599803,27.56808029023929,-30.64316286577581,6.840663490644633,11.721056443280835,10.125917151973441,-19.346412517997056,-5.100506133602622,10.354229743545726,-444.2866296023454,-409.77810543569956,-762.1617962060271,810.8696339109929,-133.2681207555406,-283.9254973145775
3.8292194796531014,-60.710833842207926,29.388628749121754,12.773499312488946,1.3022921113147412,27.363626311951847,-30.22935537225304,6.789895020108718,11.673643971146426,10.039450509546255,-19.253594107026245,-5.115403397448452,10.322199044979069,-468.8869476251197,-443.03937789496047,-793.1617386540352,858.7538506765692,-134.65758062382835,-292.14442750382943
3.835890593729153,-60.4401182974338,29.85487562530166,13.173557432968604,0.5335809972332441,27.158573160566068,-29.816847812355665,6.736408116913611,11.622546253461532,9.949550164313811,-19.155450080191216,-5.1304396292627255,10.289287336478262,-493.1840781630694,-476.0663282915555,-823.9253133945065,906.6634585846429,-135.76714127258708,-299.7728294648606
3.8425617078052032,-60.17159749115035,30.319003918452392,13.569948867695611,-0.2310951213320458,26.952915899729867,-29.40567413478411,6.680237061727057,11.567789999826795,9.85624303846682,-19.051978733829078,-5.145583465705779,10.255560362468282,-517.1677771771899,-508.84716683378946,-854.4409957637954,954.5783132178689,-136.59246071159495,-306.809195443758
3.8492328218812535,-59.905378156092944,30.780867745837813,13.962537814637482,-0.9915230127339534,26.74665085801917,-28.995865653558976,6.621417266903396,11.509403224482368,9.759557330054612,-18.943180606412376,-5.16080306849904,10.221084019502255,-540.8279326481409,-541.3702161817217,-884.6973610068163,1002.4782289749747,-137.12933814387623,-313.2522967040533
3.8559039359573046,-59.641565585157124,31.240322371937314,14.351189625781819,-1.7474895118206613,26.53977564763205,-28.587451042553116,6.559985261565479,11.44741523356433,9.65952250163551,-18.829058482622724,-5.176066140260722,10.185924325243963,-564.15456887587,-573.6239157680907,-914.6830886090678,1050.3429881663612,-137.37371642284128,-319.1011834163921
3.8625750500333553,-59.38026358700436,31.69722425989327,14.735770857515371,-2.4987816099089706,26.332289182443777,-28.180456331264374,6.495978676211398,11.381856611883386,9.55616926844811,-18.709617396411907,-5.191339940611434,10.150147387469044,-587.137850725172,-605.5968260672275,-944.3869665825633,1098.1523501305912,-137.32168444763087,-324.3551844289007
3.8692461641094065,-59.1215744422936,32.15143112241943,15.116149320519854,-3.2451865448591692,26.12419169541167,-27.774904901828858,6.42943622685238,11.312759209232068,9.449529586108696,-18.584864633048454,-5.206591302542501,10.113819373098536,-609.7680878152979,-637.2776328102567,-973.797895703931,1145.8860603675298,-136.96947949547192,-329.0139069185964
3.8759172781854567,-58.86559886055702,32.60280197215247,15.49219412916635,-3.9864918912121157,25.915484755319998,-27.37081748727205,6.360397698687893,11.24015612622619,9.339636637840117,-18.45480973014788,-5.221786649040169,10.077006477277637,-632.035738651861,-668.6551511450541,-1002.9048937030999,1193.5238596841189,-136.31348948993323,-333.0772359242637
3.882588392261507,-58.612435937738255,33.05119717142699,15.863775750388854,-4.72248565034652,25.706171282854047,-26.968212170997194,6.2889039293247935,11.164081699687033,9.226524821237875,-18.31946447768568,-5.2368920099582885,10.03977489251306,-653.9314146992103,-699.7183297392885,-1031.6970994008648,1241.045493348542,-135.35025520395035,-336.5453337612082
3.8892595063375586,-58.36218311441139,33.49647848145674,16.230766052019142,-5.4529563406170425,25.496255565994304,-26.567104387507566,6.214996791546983,11.084571487570468,9.110229734578935,-18.178842916992163,-5.251873039132338,10.002190777881912,-675.445884391555,-730.4562548250574,-1060.1637767937862,1288.4307202487616,-134.07647239655472,-339.41863931841135
3.895930620413609,-58.11493613469839,33.93850911090349,16.593038350564537,-6.177693087431265,25.285743274720787,-26.16750692435905,6.138719175642602,11.001662253449776,8.990788162679532,-18.032961338728953,-5.266695031727252,9.964320228325365,-696.5700770810627,-760.8581541835398,-1088.2943190847905,1335.6593220511395,-132.4889938822391,-341.6978672386583
3.90260173448966,-57.870789005902836,34.3771537638159,16.950467458410603,-6.896485713225599,25.074641475018566,-25.769429925340763,6.060114971295843,10.91539195055878,8.868238062307766,-17.881838279847425,-5.281322941811564,9.926229244039757,-717.2950869212692,-790.9134010681731,-1116.0782526579446,1382.7111123551554,-130.58483153195087,-343.38400698217987
3.9092728485657102,-57.629833958877015,34.81227868692131,17.302929730431345,-7.609124827298849,24.862958642175094,-25.372880894877454,5.979229049050639,10.82579970540231,8.742618547157564,-17.725494519529573,-5.295721400150138,9.887983699978497,-737.6121766840656,-820.6115180648815,-1143.505240995851,1429.5659458399134,-128.36115820468706,-344.47832177455433
3.915943962641761,-57.39216140913921,35.24375171625261,17.650303109989068,-8.315401915463156,24.650704673361595,-24.977864703651342,5.896107241353751,10.73292580094101,8.613969872390266,-17.563953074112664,-5.309854732207797,9.849649315477182,-757.512781508654,-849.9421808878737,-1170.565088538147,1476.203727398432,-125.81530960876026,-344.98234743945346
3.922615076717812,-57.15785991875839,35.671442323093935,17.992467174307162,-9.015109429471538,24.437890899489364,-24.58438359543643,5.810796323184847,10.636811659357724,8.482333418750544,-17.39723919099913,-5.323686976355976,9.811291624014833,-776.9885125808187,-878.895222109619,-1197.247744479644,1522.6044212555175,-122.94478609177828,-344.8978911170683
3.9292861907938623,-56.927016159021996,36.09522165922793,18.329303179198362,-9.708040876180926,24.224530096333666,-24.192437195140837,5.723343992281539,10.537499824412986,8.347751676263554,-17.225380341553848,-5.337181902274288,9.772975943124159,-796.0311607409042,-907.4606348235558,-1223.5433065066156,1568.74806006505,-119.74725435842767,-344.22702986896456
3.935957304869913,-56.69971487390347,36.51496260146931,18.660694103132695,-10.39399090641141,24.01063649491694,-23.802022518049384,5.633798848967168,10.435033943396943,8.21026822751998,-17.048406212991082,-5.350303029539137,9.734767344462927,-814.6327000189618,-935.6285762382353,-1249.4420244698422,1614.614753982662,-116.22054911519737,-342.97210917022744
3.942628418945964,-56.476038844345055,36.93053979546732,18.986524690627753,-11.072755403459752,23.796225791144842,-23.4131339802615,5.5422103755897725,10.329458748685665,8.069927730556486,-16.86634869925454,-5.363013646391022,9.69673062405946,-832.7852910954819,-963.3893712014794,-1274.93430399297,1660.1846997095677,-112.36267464119234,-341.1357412897843
3.9492995330220144,-56.25606885337098,37.34182969876281,19.306681494946126,-11.744131571228603,23.581315154687182,-23.02576341031618,5.448628915580387,10.220820038909455,7.926775901338449,-16.679241890893383,-5.375276828672416,9.6589302727442,-850.4812846862427,-990.7335156533119,-1300.0107100148368,1705.4381895035672,-108.1718062842283,-338.72080355981217
3.9559706470980647,-56.03988365204647,37.74871062308328,19.62105292008346,-12.407918021929639,23.365923237097977,-22.639900061996737,5.353105652139415,10.109164659741378,7.7808594958527335,-16.487122063938603,-5.387055458927704,9.62143044677999,-867.7132248497579,-1017.6516800063266,-1324.6619702643886,1750.3556201530164,-103.64629188141895,-335.7304365352486
3.962641761174116,-55.82755992629742,38.15106277586223,19.929529262032567,-13.063914863322259,23.15007017916757,-22.255530628306165,5.255692586559433,9.994540484313914,7.632226291817737,-16.29002766778365,-5.398312245656939,9.584294938702838,-884.4738522159075,-1044.1347124523159,-1348.8789786669145,1794.9175019097927,-98.7846531035174,-332.1680420444222
3.9693128752501674,-55.61917226460443,38.54876830096665,20.23200274930746,-13.711923785446714,22.93377761750126,-21.87263925660623,5.156442516193685,9.876996393272242,7.4809250700187695,-16.08799931207455,-5.409009742714711,9.547587148385656,-900.756107134301,-1070.1736421938617,-1372.652798680252,1839.1044673770966,-93.5855867222873,-328.0372811318567
3.9759839893262168,-55.41479312658589,38.9417113186195,20.52836758271321,-14.351748146813321,22.717068690318868,-21.491207564909466,5.055409012078855,9.756582254472324,7.327005595276301,-15.88107975261427,-5.419110368845705,9.511370054336473,-916.5531327410347,-1095.7596825997775,-1395.9746665597618,1882.8972803481674,-88.04796580023451,-323.3420718943742
3.982655103402268,-55.214492812483485,39.32977796450203,20.81851997434659,-14.983193060007311,22.49996804246947,-21.11121465931583,4.952646396221656,9.633348902332555,7.170518597055325,-15.669313876287548,-5.428576427348075,9.475706185243288,-931.8582779424447,-1120.884234283192,-1418.8359945507934,1926.2768445917716,-82.17084080203352,-318.0865872116591
3.989326217478319,-55.0183394335634,39.712856428023606,21.102358185813838,-15.606065476671084,22.282501829656827,-20.73263715258193,4.848209718558157,9.50734811684744,7.01151574972377,-15.452748685011803,-5.437370125856134,9.440657591776917,-946.6651003145763,-1145.5388881012157,-1441.2283740074995,1969.224212580558,-75.95344062704557,-312.27525237250705
3.995997331554369,-54.82639888344608,40.09083698974424,21.379782565651052,-16.220174271824753,22.064697721870843,-20.35544918381485,4.742154733595574,9.378632602272173,6.85004965246832,-15.231433278721045,-5.445453596233387,9.40628581866357,-960.9673689170794,-1169.7154280750517,-1463.1435784367877,2011.7205941582897,-69.3951735623496,-305.9127425979412
4.0026684456304205,-54.63873481037743,40.46361205793778,21.650695585934148,-16.825330327486046,21.846584906020432,-19.97962243927747,4.634537876746037,9.247255965487073,6.686173808876023,-15.005418837389726,-5.452788914567006,9.37265187703855,-974.7590670202704,-1193.405834229528,-1484.5735664663027,2053.747365141959,-62.495628155724155,-299.0039804625633
4.009339559706471,-54.45540859045275,40.831076204282695,21.915001878064786,-17.42134661555176,21.628194087764438,-19.605126174295016,4.525416240361989,9.11327269405079,6.519942606190196,-14.774758602103962,-5.459338121255031,9.33981621709216,-988.0343947441729,-1216.6022853510267,-1505.510484735327,2095.2860758549373,-55.254574008090614,-291.554133215395
4.016010673782522,-54.27647930180633,41.193126198668665,22.172608267719937,-18.008038279902866,21.409557492536685,-19.23192723624979,4.414847549483053,8.976738133951411,6.35141129424913,-14.539507855187875,-5.465063241177077,9.307838701019044,-1000.7877716083547,-1239.2971616628492,-1525.9466707075617,2136.318459587244,-47.671962484918666,-283.56861000164196
4.0226817878585726,-54.10200369977693,41.549661043106184,22.42342380895185,-18.585222717694855,21.19070886576219,-18.859990088653547,4.302890137304589,8.837708467064843,6.1806359641166,-14.299723899393717,-5.469926303939627,9.276778576281975,-1013.0138389914146,-1261.4830474170162,-1545.8746554047023,2176.8264409790404,-39.74792734616696,-275.05305898672856
4.029352901934623,-53.93203619306091,41.900582004728776,22.66735981742694,-19.15271965979689,20.97168347226172,-18.489276836282013,4.1896029203776335,8.696240688329626,6.007673526412803,-14.055466036164173,-5.47388936418686,9.246694449200568,-1024.7074624990394,-1283.1527334016678,-1565.2871660598737,2216.792144323592,-31.48278529434692,-266.01336438412926
4.036024016010674,-53.76662882086299,42.2457926478757,22.904329902791407,-19.710351250342487,20.752518094842088,-18.11974725136129,4.075045373550835,8.552392582647704,5.832581689354736,-13.80679554297615,-5.476914521967839,9.217644258875909,-1035.863734239561,-1304.2992193631171,-1584.1771286899057,2256.197901785887,-22.87703644034053,-256.45564338838244
4.042695130086725,-53.60583123105519,42.5851988652448,23.134250000152118,-20.257942125354887,20.533251032070464,-17.75135880079015,3.9592775046645454,8.406222701520738,5.6554189365152645,-13.553775649775764,-5.478963943150817,9.189685251461338,-1046.4779750059815,-1324.9157163417588,-1602.5376705855492,2295.0262615331085,-13.931364686631781,-246.38624301492422
4.049366244162775,-53.449690659353216,42.91870890810508,23.357038400661857,-20.79531949041145,20.313922095230495,-17.384066674386055,3.842359829007514,8.257790339431459,5.476244504309754,-13.296471514514266,-5.479999879875718,9.162873954789665,-1056.5457363635094,-1344.9956489210037,-1620.362122718731,2333.2599957733546,-4.646638027666072,-235.8117368481924
4.056037358238825,-53.29825190952013,43.2462334155591,23.572615781198206,-21.322313197310574,20.094572604459447,-17.01782381413795,3.724353343546796,8.10715550997991,5.295118359219859,-13.03495019779554,-5.4799846910351775,9.13726615336704,-1066.0628026416239,-1364.5326573885104,-1637.6440220659833,2370.8821086988014,4.97609123295302,-224.73892169972297
4.062708472314877,-53.15155733460579,43.56768544284526,23.780905233125612,-21.838755819706908,19.875245384064858,-16.65258094445399,3.605319500941491,7.9543789217842065,5.112101174763531,-12.769280636645853,-5.478880862775326,9.112916863743221,-1075.0251928298069,-1383.5205998089316,-1654.3771138472325,2407.8758443298184,14.93558634861914,-213.17481417774644
4.069379586390928,-53.00964681923029,43.882980488670974,23.981832290130654,-22.344482727678542,19.655984757020693,-16.28828660338654,3.485320183351184,7.799521954155916,4.927254308220986,-12.49953361741724,-5.476651029006575,9.089880310268256,-1083.4291623760373,-1401.9535540075199,-1670.5553536791458,2444.224694256302,25.230426079458283,-201.12664717005717
4.076050700466977,-52.8725577629201,44.1920365215678,24.17532495512102,-22.839332161193134,19.43683653864224,-15.924887174820238,3.3644176760497526,7.642646632559758,4.740639777125932,-12.225781747835914,-5.4732579919155935,9.068209901244778,-1091.2712048872593,-1419.8258194639172,-1686.1729096422894,2479.912405272841,35.85900472576206,-188.6018662417862
4.082721814543029,-52.740325064503864,44.49477400526041,24.36131372617916,-23.323145302437723,19.21784802944015,-15.562326921605614,3.24267464085569,7.48381560386785,4.552320235531858,-11.948099428207904,-5.468664742468654,9.04795820548559,-1098.5480537310048,-1437.1319191155333,-1701.224164261398,2514.9229869040446,46.81953224527899,-175.6081259498879
4.08939292861908,-52.612981107575195,44.79111592304081,24.539731621561323,-23.79576634697978,18.999068007154182,-15.200548019623794,3.120154089389781,7.323092111418412,4.362358950062921,-11.66656282179421,-5.462834480897498,9.029176929285532,-1105.256683537468,-1453.866601069893,-1715.7037163980474,2549.2407188167576,58.11003445440032,-162.15328607602456
4.096064042695129,-52.4905557470292,45.080987801140694,24.710514203734053,-24.257042573725837,18.78054671796747,-14.839490592763944,2.9969193561714658,7.160539969889286,4.170819775759417,-11.381249824368334,-5.4557306371579815,9.011916893816643,-1111.3943116012967,-1470.0248402254504,-1729.6063830551088,2582.8501581156183,69.72835331331689,-148.2454077797295
4.102735156771181,-52.373076296678796,45.36431773109446,24.87359960243983,-24.706824413645446,18.56233586690248,-14.479092748796843,2.8730340715648373,6.996223539996238,3.977767131727448,-11.09224003296924,-5.447316891352455,8.99622801295539,-1116.958399182465,-1485.6018398003364,-1742.9272010923773,2615.736146518707,81.67214729514006,-133.8927496736349
4.109406270847232,-52.26056751795687,45.64103639108605,25.028928536784253,-25.144965517228943,18.34448860740069,-14.119290616127888,2.748562134585676,6.830207703026496,3.7832659766028285,-10.7996147138633,-5.4375571941064536,8.982159271550529,-1121.9466527056034,-1500.593032768579,-1755.661428852797,2647.8838174099606,93.93889183895635,-119.10376382262186
4.1160773849232815,-52.153051609709394,45.91107706627364,25.176444336337706,-25.5713228206464,18.12705953008731,-13.760018381409672,2.6235676855808574,6.66255783521777,3.5873817838392377,-10.50345676972918,-5.426415786890201,8.969758704139942,-1126.3570248572073,-1514.994083203394,-1767.8045476987704,2679.2786027650686,106.52587988676427,-103.88709166885211
4.122748498999333,-52.05054819908445,46.17437566808554,25.316092961244447,-25.98575661057882,17.910104650724247,-13.401208327998688,2.4981150787913498,6.49333978199302,3.390180516830458,-10.20385070607975,-5.413857222275988,8.959073374124529,-1130.1877155802033,-1528.800887527107,-1779.3522634580434,2709.906239947761,119.43022250416698,-88.2515598844914
4.129419613075384,-51.953074333521705,46.430870752482356,25.447823021332777,-26.388130587689318,17.69368139735344,-13.04279087523537,2.3722688548105233,6.3226198320615925,3.1917286038770443,-9.900882596935851,-5.399846384121639,8.950149353407232,-1133.4371729653778,-1542.0095756674057,-1790.3005077787177,2739.752778373242,132.6488495847005,-72.20617615418679
4.1360907271514336,-51.860644473846065,46.6805035371796,25.571585794220187,-26.778311928706426,17.477848596634136,-12.684694618530726,2.246093712948941,6.15046469139689,2.9920929130072778,-9.594640049766511,-5.384348507671258,8.943031702504772,-1136.1040940392325,-1554.6165121195659,-1800.6454393929744,2768.8045860358325,146.17851063761012,-55.76012488916154
4.142761841227485,-51.773270488469244,46.92321791782706,25.687335242408185,-27.156171347088975,17.26266645937711,-12.326846370237979,2.1196544835174533,5.976941457101271,2.7913407266627974,-9.285212169711292,-5.36732919956355,8.937764451139543,-1138.1874254478462,-1566.6182969144288,-1810.3834452891413,2797.048355897661,160.01577565887035,-38.922762875050616
4.149432955303536,-51.69096164870202,47.15896048313934,25.79502802936098,-27.521583152245327,17.048196565280417,-11.969171201292772,1.9930161000399385,5.8021175911685,2.5895397162589493,-8.972689523099936,-5.348754457738856,8.93439057931913,-1139.6863640364143,-1578.011766491838,-1819.5111417917408,2824.4711121356095,174.15703608518737,-21.703614855366087
4.1561040693795865,-51.61372462518035,47.387680528974826,25.894623534563905,-27.87442530727825,16.834501846870182,-11.61159248359974,1.8662435714075578,5.626060894154425,2.38675791663027,-8.657164100285728,-5.328590691235379,8.932951998910225,-1140.6003573241228,-1588.7939944793877,-1828.0253755492422,2851.0602162434884,188.59850583070278,-4.112369052764908
4.162775183455637,-51.54156348540645,47.609330071358585,25.98608386755647,-28.214579485228974,16.62164657265153,-11.254031933147822,1.739401953985911,5.4488394787662795,2.1830637003711906,-8.33872927780827,-5.306804739865667,8.933489535714061,-1140.9291038741164,-1598.9622923762886,-1835.9232244292295,2876.8033729867434,203.33622240607806,13.841127369923326
4.169446297531688,-51.474479692407606,47.823863858447304,26.069373880936908,-28.5419311237933,16.40969632947454,-10.89640965383113,1.61255632368699,5.270521743381264,1.9785257520824573,-8.017479779902777,-5.283363893764026,8.936042912049496,-1140.6725535582998,-1608.5142101422773,-1843.2019983208047,2901.6886362068135,218.36604811959654,32.146872906692955
4.176117411607739,-51.41247210451301,48.03123938143254,26.144461182333764,-28.85636947848442,16.1987180041203,-10.538644181958327,1.4857717480175059,5.091176345504926,1.7732130425334558,-7.693511639372333,-5.258235912795896,8.940650729850574,-1139.830907716831,-1617.4475366914396,-1849.8592398439764,2925.704414472567,233.68367135988498,50.79471636139374
4.1827885256837884,-51.35553697624993,48.231416884380835,26.211316145341954,-29.15778767421731,15.988779764113216,-10.18065253142735,1.3591132581153118,4.9108721751798665,1.5671948027508038,-7.366922157840391,-5.231389045820095,8.947350454284356,-1138.4046192121364,-1625.7603002909493,-1855.8927249659496,2948.8394765761145,249.28460795982886,69.77436155458292
4.18945963975984,-51.303667960359014,48.42435937300834,26.269911919420345,-29.446082755289595,15.779951037765358,-9.822350239545774,1.2326458207858226,4.72967832835556,1.3605404980437352,-7.037809865401205,-5.202792049794869,8.956178397895039,-1136.3943923773782,-1633.4507688646927,-1861.3004635241653,2971.082956870466,265.16420264120075,89.07537208206361
4.196130753835891,-51.25685611092882,48.61003262238943,26.320224438748607,-29.721155733736037,15.572302493459123,-9.46365141347449,1.1064343105498213,4.547664080229464,1.153319801976324,-6.706274479685374,-5.172414208718923,8.967169705279774,-1133.8011828593078,-1640.517450201847,-1866.0806996560495,2992.424360446571,281.3176305395194,108.68717612295517
4.2028018679119405,-51.21508988764872,48.78840518359736,26.362232430041335,-29.98291163603276,15.365906018175565,-9.104468777274722,0.9805434817148267,4.364898858570441,0.9456025702973143,-6.372416864359159,-5.140225352398407,8.980358338301896,-1130.6261973555174,-1646.9590920704602,-1870.2319121354158,3012.8535681472795,297.7398988085723,128.5990712950813
4.209472981987992,-51.17835516117892,48.959448389277206,26.39591741931793,-30.231259548129835,15.160834695274783,-8.744713719536,0.8550379404813782,4.181452217034669,0.737458814837549,-6.036338987075187,-5.106195875031184,8.99577706184648,-1126.8708932461232,-1652.7746822361576,-1873.7528146155466,3032.360841415955,314.4258483040534,148.8002295555178
4.216144096064043,-51.146635219636345,49.12313635815077,26.421263737627363,-30.466112658789374,14.957162781536612,-8.384296341562765,0.7299821170962458,3.9973938084848557,0.5289586773857371,-5.698143876893632,-5.070296753599427,9.013457430123074,-1122.536978119964,-1657.9634483861485,-1876.6423557789985,3050.93682697739,331.37015534568,169.27970214400597
4.2228152101400935,-51.119910776193656,49.27944599845357,26.438258525726795,-30.687388301209854,14.7549656834688,-8.023125506099321,0.605440238064104,3.812793358323072,0.32017240355260074,-5.357935581192151,-5.032499566062104,9.033429773520524,-1117.6264091954574,-1662.5248579586842,-1878.8997193941943,3068.572561348914,348.5673335571665,190.02642456710072
4.229486324216144,-51.09815997778951,49.428357010305284,26.446891737714243,-30.89500799291508,14.55431993289137,-7.661108886568281,0.48147629842951745,3.6277206378478475,0.11117031663399224,-5.015819122083939,-4.992776509338407,9.05572318601794,-1112.141392636267,-1666.458617878253,-1880.5243242789675,3085.25947517949,366.0117357833617,211.02922162068862
4.236157438292194,-51.081358414946436,49.56985188701396,26.44715614361502,-31.088897473889656,14.355303161805306,-7.298153016803211,0.3581540341407489,3.442245437645878,-0.09797720851683361,-4.671900452362876,-4.951100417073941,9.080365513156245,-1106.0843827620276,-1669.7646741967246,-1881.5158241711697,3100.9893974148526,383.6975560838374,232.2768124487423
4.242828552368246,-51.069479132693196,49.70391591531645,26.439047330922925,-31.268986742941614,14.157994076554763,-6.934163341250305,0.23553689450727536,3.2564375410289217,-0.30719977159732403,-4.326286410995483,-4.907444777180921,9.107383340574025,-1099.4580811543651,-1672.4432116408022,-1881.8741075065857,3115.7545592866386,401.6188318021786,253.75781563593003
4.249499666444296,-51.06249264258738,49.83053717455628,26.42256370509667,-31.43521009227514,13.962472431291799,-6.569044265618767,0.11368801476243917,3.07036669752619,-0.516426972933942,-3.9790846781790976,-4.86178374914415,9.136801983111532,-1092.2654356585474,-1674.4946530660795,-1881.599297104356,3129.5475981236887,419.76944571019317,275.46075433189355
4.256170780520347,-51.06036693583412,49.94970653480226,26.397706489013654,-31.587506140255744,13.768819000753206,-6.202699207954356,-0.007329811257203388,2.884102596442501,-0.7255884395204293,-3.6304037299862277,-4.814092181084569,9.168645474485736,-1084.509639281084,-1675.9196588181371,-1880.6917497602155,3142.3615609836716,438.1431282262365,297.374061404839
4.262841894596398,-51.063067497495716,50.061417653909864,26.36447972138216,-31.725817862352148,13.577115552359368,-5.835030650116055,-0.12745415830397125,2.697714840492808,-0.934613851005606,-3.280352792615411,-4.7643456265718624,9.202936557540298,-1076.194128983708,-1676.7191260010536,-1879.1520557478382,3154.1899081033216,456.7334597067725,319.48608462217584
4.269513008672448,-51.07055732178693,50.16566697352908,26.322890254114657,-31.85009262023966,13.387444817645276,-5.465940189630825,-0.24662299677157232,2.511272919523001,-1.1434329656207778,-2.92904179626829,-4.71252036117849,9.239696675072707,-1067.3225843741538,-1676.8941876538108,-1876.9810382286457,3165.0265161656594,475.53387281032377,341.7850918559186
4.276184122748499,-51.08279692844986,50.26245371406222,26.27294774866459,-31.960282189049995,13.19989046303438,-5.095328591904327,-0.36477471959607993,2.3248461843275607,-1.3519756460362962,-2.576581328674014,-4.658593398766679,9.278945961241647,-1057.8989262942362,-1676.4462118350878,-1874.1797525704658,3174.865681382597,494.5376549328634,364.25927631049586
4.28285523682455,-51.09974438020303,50.351779868576116,26.214664671330038,-32.05634278275412,13.014537059965788,-4.723095842763174,-0.48184816899451766,2.138503820573823,-1.560171885137486,-2.2230825882809073,-4.60254250750091,9.32070323355642,-1047.927315305725,-1675.3768006169712,-1870.7494855754796,3183.702122391473,513.7379507137335,386.8967617706946
4.2895263509006005,-51.12135530125653,50.43365019567257,26.148056287527208,-32.13823507766545,12.83147005438642,-4.349141201306836,-0.5977826630291717,1.9523148228433769,-1.7679518317095515,-1.8686573371368196,-4.544346225577747,9.364985985451241,-1037.4121500746337,-1673.6877889881532,-1866.6917546178993,3191.5309829640987,533.127764611076,409.6856078673935
4.296197464976651,-51.14758289688726,50.508072211322435,26.073140655037864,-32.20592423405082,12.650775735619034,-3.9733632530448904,-0.71251802198686,1.7663479688002406,-1.9752458160217583,-1.5134178534783973,-4.483983876665596,9.411810379445711,-1026.358065654498,-1671.3812436672067,-1862.0083066918812,3198.347834527037,552.6999635458008,432.6138153588061
4.302868579052702,-51.17837797406584,50.57505617966833,25.989938616234976,-32.25937991583862,12.472541204618523,-3.5956599632962463,-0.8259945945615441,1.5806717934961427,-2.1819843753006056,-1.1574768840510876,-4.421435585046677,9.461191240893259,-1014.7699316693243,-1668.459461826606,-1856.701117370221,3204.1486784918206,572.447279613013,455.6693314248512
4.309539693128753,-51.21368896312774,50.634615102801966,25.898473789291078,-32.29857630841304,12.296854341627864,-3.2159287308265117,-0.9381532838295781,1.395354563822354,-2.388098279082525,-0.8009475961802548,-4.35668229045387,9.513142052318843,-1002.6528503968866,-1664.9249697281389,-1850.7723896743873,3208.9299483940263,592.3623128598682,478.84005497238667
4.316210807204803,-51.253461940479404,50.68676470952194,25.79877255837445,-32.32349213448554,12.123803773246717,-2.8340664417006143,-1.0489355730061487,1.2104642531183818,-2.5935185544358257,-0.4439435296155267,-4.289705762594999,9.567674948347054,-990.0121547531464,-1660.780521270444,-1844.2245528565138,3212.6885118401046,612.4375341287135,502.1138419489427
4.322881921280854,-51.29764065233112,50.731523443078196,25.69086406283855,-32.334110668034505,11.95347883892488,-2.4499695233263696,-1.1582835509722582,1.0260685159468639,-2.7981765110424575,-0.08657854816916892,-4.220488615357499,9.624800711221381,-976.8534061785493,-1656.0290964494034,-1837.0602610939784,3215.421672260998,632.6652879644091,525.4785106626591
4.329553035356905,-51.34616653944658,50.76891244791074,25.574780185410372,-32.33041974630544,11.785969556893724,-2.0635339986656263,-1.2661399375613012,0.8422346630444555,-3.002003766129831,0.2710332088297353,-4.149014320686273,9.684528766915186,-963.1823924270387,-1650.6738997321747,-1829.282392097257,3217.127170471671,653.0377955846628,548.9218471061001
4.336224149432955,-51.39897876289974,50.798955555389036,25.45055553938417,-32.312411779864696,11.621366589548835,-1.6746555405894539,-1.3724481085943105,0.6590296364583859,-3.204932269242917,0.6287773752434288,-4.0752672221278505,9.746867181834778,-949.0051252586682,-1644.718358345687,-1820.8940456317675,3217.80318603573,673.547157912171,572.4316102816156
4.342895263509006,-51.45601423082856,50.82167926856029,25.318227454826825,-32.28008376070066,11.459761208297213,-1.283229526352789,-1.477152120653526,0.4765199848778238,-3.4068943268474765,0.9865394069748631,-3.99923254803404,9.811822660114485,-934.3278380366836,-1638.1661204804332,-1811.8985419544388,3217.4483384344335,694.1853586673859,595.9955375259682
4.349566377585057,-51.5172076261749,50.83711274591438,25.1778359638022,-32.23343726836713,11.301245257883165,-0.8891510921661537,-1.5801967355833357,0.29477183916982375,-3.60782262675451,1.3442046309357392,-3.92089642441837,9.879400541503642,-919.1569832300738,-1631.0210534104567,-1802.299420165805,3216.06168803945,714.944267520612,619.6013498318796
4.356237491661108,-51.58249143539936,50.84528778417369,25.029423784621347,-32.17247847416486,11.145911120206206,-0.49231518783990147,-1.681527444708505,0.11385088812875674,-3.8076502623570487,1.7016582941121692,-3.8402458874589067,9.949604799844982,-903.4992298225376,-1623.2872415304248,-1792.1004364784135,3213.6427368888376,735.8156433022092,643.2367571642523
4.362908605737158,-51.65179597815992,50.84623880011675,24.87303630512663,-32.097218143357416,10.993851677646232,-0.09261663147759933,-1.7810904927589983,-0.06617764555126825,-4.006310756669573,2.058785612705265,-3.7572688956408866,10.02243804214373,-887.3614606289364,-1614.9689843107635,-1781.3055624024269,3210.191429265786,756.791137269557,666.8894637687044
4.369579719813209,-51.72504943794185,50.84000281144477,24.7087215650177,-32.00767163541898,10.8451602759095,0.310049835805347,-1.878832901491491,-0.24524902907234272,-4.203738086161415,2.4154718213255104,-3.6719543415330222,10.097901508226373,-870.7507695202589,-1606.070794171806,-1769.918982849273,3205.708152079751,777.8622964294977,690.5471734702055
4.37625083388926,-51.80217789362723,50.82661941670064,24.536530237227936,-31.903858902312354,10.69993068641102,0.7157894951611272,-1.9747024929971795,-0.42329904308765665,-4.3998667043745066,2.771602222218045,-3.5842920631914486,10.175995070987819,-853.6744585582504,-1596.5973942779926,-1757.9450941542846,3200.19373504971,799.0205669148615,714.1975949594656
4.38292194796531,-51.88310535199077,50.80613077424973,24.35651560835965,-31.78580448479643,10.558257068207784,1.1247075953103303,-2.068647912686136,-0.6002640050069235,-4.594631565317067,3.1270622344977883,-3.4942728551852653,10.256717237225693,-836.1400350408236,-1586.5537162531332,-1745.3885020192397,3193.6494506893614,820.2572974137421,737.8284470648955
4.389593062041361,-51.96775378110872,50.778581580333224,24.168733558187938,-31.653537506763236,10.420233929498556,1.5369092978879708,-2.160618651938155,-0.7760807920432485,-4.7879681466239035,3.4817374433714856,-3.4018884792379036,10.340065149059834,-818.1552084594633,-1575.9448978178316,-1732.2540193758202,3186.077014094152,841.5637426500728,761.4274640077963
4.396264176117412,-52.05604314466816,50.74401904620432,23.97324253824206,-31.507091667605067,10.285956088705372,1.9524996228584988,-2.2505650704105387,-0.9506868639932623,-4.97981247247501,3.8355136493253235,-3.307131674478737,10.42603458593496,-799.7278873698169,-1564.7762803501637,-1718.5466641709716,3177.478582530131,862.9310669141272,784.9824006386087
4.402935290193462,-52.14789143716177,50.702492874357944,23.77010354947457,-31.34650523261411,10.155518635152642,2.371583394021843,-2.338438417993184,-1.1240202857416512,-5.170101136263511,4.1882769172558065,-3.2099961672994826,10.514619967204517,-780.8661761767615,-1553.0534063707337,-1704.2716570752077,3167.8567548247047,884.3503476414612,808.4810376519644
4.409606404269513,-52.243214719954125,50.65405523386547,23.559380119028276,-31.171821021417067,10.029016889359694,2.794265184635131,-2.424190856401428,-1.2960197494819796,-5.3587713230046035,4.539913625521651,-3.1104766808099575,10.605814355292967,-761.5783718352375,-1540.7820169532938,-1689.4344191149523,3157.2145705594785,905.8125790388299,831.9111867783087
4.416277518345564,-52.34192715820513,50.59876073482558,23.3411382761114,-30.983086394448257,9.906546362963018,3.220649263171659,-2.5077754803975796,-1.466624596645489,-5.545760831477048,4.890310514895306,-3.008568943888291,10.699609459434038,-741.8729604681735,-1527.9680490620779,-1674.0405692299744,3145.5555090654066,927.3086757556036,855.2606959499454
4.422948632421615,-52.44394105863515,50.53666640194389,23.11544652699233,-30.780353237465608,9.7882027182844,3.6508395392423205,-2.5891463386317466,-1.6357748395299103,-5.731008096089051,5.239354737391392,-2.904269699820285,10.79599563998162,-721.7586139028812,-1514.6176328171243,-1658.0959217571094,3132.8834882206315,948.8294765991442,878.5174544392554
4.429619746497665,-52.549166908116646,50.46783164725238,22.882375829124392,-30.563677944115202,9.674081727561507,4.084939509699607,-2.6682584540932055,-1.803411182620201,-5.914452208460262,5.586933904950904,-2.797576714523487,10.894961913290555,-701.2441861273211,-1500.7370886887666,-1641.606483841355,3119.2028630514174,970.3657482926322,901.6693979669941
4.436290860573716,-52.657513413076316,50.39231824198206,22.641999564412956,-30.333121396550403,9.564279231857855,4.523052204949217,-2.7450678441632688,-1.969475043593496,-6.09603293871194,5.932936137958565,-2.6884887843510104,10.996495957163432,-680.3387096676919,-1486.3329246226303,-1624.578452775594,3104.518424136726,991.9081892737519,924.704513778457
4.4429619746497675,-52.76888753969188,50.31019028760125,22.39439351163596,-30.088748944112616,9.458891099668632,4.965280135490243,-2.8195315402611865,-2.1339085740005608,-6.275690756457437,6.277250113572281,-2.5770057434709432,11.100584116860107,-659.0513918887945,-1471.4118330963745,-1607.0182132701002,3088.835395817016,1013.4474335327053,947.6108456854312
4.449633088725816,-52.88319455486701,50.22151418603272,22.139635818030833,-29.830630380081704,9.358013185240003,5.411725238708139,-2.8916076070743792,-2.2966546796163665,-6.453366851485281,6.619765113842191,-2.4631284708167684,11.207211411665458,-637.3916112186946,-1455.9806881095653,-1588.9323346531287,3072.1594342079966,1034.9740544879164,970.37649907179
4.456304202801868,-53.000338067967306,50.12635860906284,21.877806970059304,-29.558839916505,9.26174128661865,5.862488825940405,-2.961255161364867,-2.4576570404522204,-6.629003154127194,6.960371073598498,-2.346858896604919,11.316361542012077,-615.3689132992203,-1440.0465421079632,-1570.327568003794,3054.4966250200764,1056.4785688978466,992.9896458606768
4.46297531687792,-53.12022007330057,50.024794466956806,21.608989763363887,-29.273456157114452,9.170171103449238,6.317671529839505,-3.02843439034357,-2.616860130422383,-6.802542355303603,7.298958628085664,-2.2282000084155023,11.428016897152483,-592.9930070638633,-1423.6166228436691,-1551.210843218598,3035.85348118444,1077.951440807265,1015.4385294411629
4.469646430953969,-53.242740993323935,49.91689487629355,21.333269271928238,-28.97456206834265,9.083398194537377,6.777373252053083,-3.0931065696046023,-2.7742092366581015,-6.973927926239433,7.635419160322257,-2.1071558568323168,11.5421585633771,-570.27376074469,-1406.6983301724717,-1531.5892660128725,3016.2369402866557,1099.383085526349,1037.7114695523917
4.47631754503002,-53.36779972255932,49.80273512703478,21.05073281645512,-28.662244948448866,9.001517935195514,7.241693111244016,-3.155234080611726,-2.929650478462046,-7.143104137842856,7.969644848164761,-1.983731560638834,11.658766332772805,-547.2211978098921,-1389.299232789841,-1511.470114858502,2995.6543618088867,1120.7638736409347,1059.796867123147
4.482988659106071,-53.49529367220044,49.68239264884276,20.761469931975785,-28.336596394767817,8.924625474390028,7.710729391472522,-3.214780427729302,-3.0831308258966317,-7.310016079740197,8.301528711053964,-1.857933311566474,11.777818712516734,-523.84549283365,-1371.4270649070318,-1490.860837859323,2974.113524181854,1142.0841350522471,1081.6832090648525
4.4896597731821215,-53.625118815391836,49.55594697666137,20.465572334704113,-27.997712269093746,8.852815691707077,8.184579490959807,-3.2717102547904093,-3.2345981179993846,-7.47460967895993,8.630964656423368,-1.7297683785923392,11.899292934700684,-500.15696729998507,-1353.0897228687181,-1469.7690495655306,2951.6226216477153,1163.334163044422,1103.359073016059
4.496330887258172,-53.75716973316168,49.42347971557567,20.16313388815037,-27.64569266121429,8.786183154155642,8.663339871256387,-3.3259893611947526,-3.384001080619121,-7.63683171825921,8.957847525748011,-1.5992451117830935,12.023164966679868,-476.16608534235,-1334.2952617137005,-1448.2025277285782,2928.1902609352433,1184.5042183780868,1124.8131320364269
4.503002001334223,-53.891339660989615,49.28507450496517,19.854250568508355,-27.28064185060859,8.724822072825713,9.147106006834157,-3.377584717529458,-3.5312893438665776,-7.796629854086302,9.28207314021357,-1.4663729456824657,12.149409521941118,-451.88344942067897,-1315.0518916801434,-1426.169209997949,2903.825457748609,1205.5845334083206,1146.0341592483348
4.509673115410274,-54.02752053599,49.1408169819667,19.53902042933126,-26.902668266325396,8.668826259420202,9.635972335124919,-3.4264644807057527,-3.676413459173557,-7.953952634172679,9.603538345984468,-1.3311624022394453,12.27800007148362,-427.3197959376929,-1295.3679746569273,-1403.677190561308,2878.5376330712993,1226.5653162252197,1167.0110324241714
4.516344229486324,-54.16560304469139,48.99079474426197,19.21754356551063,-26.511884445057444,8.618289082678714,10.130032207023477,-3.4725980086050194,-3.8193249159545175,-8.108749514748368,9.922141059051134,-1.1936250932751076,12.408908855707105,-402.48599079625217,-1275.2520205826052,-1380.7347167294702,2852.3366092866945,1247.4367548153548,1187.732738517495
4.523015343562375,-54.305476671392164,48.83509731220662,18.889922076574134,-26.10840698742988,8.573303424712053,10.629377837877362,-3.5159558742276267,-3.959976157864947,-8.260970877374657,10.237780309635463,-1.0537737224855352,12.542106896800282,-377.39302489960664,-1254.7126837935868,-1357.350185467734,2825.232606116968,1268.189021242336,1208.1883781361728
4.529686457638426,-54.447029747072406,48.673816090316485,18.556260029317084,-25.692356512520128,8.533961637265618,11.1341002589817,-3.556509879338456,-4.0983205986509486,-8.410568045388178,10.55035628613511,-0.9116220869790549,12.677564011623534,-352.05200959636903,-1233.7587593230944,-1333.5321398750534,2797.2362363819866,1288.8122758447494,1228.367169955755
4.536357571714476,-54.59014949884202,48.50704432812788,18.216663419783885,-25.26385761062838,8.500355497930947,11.644289269600396,-3.594233067602886,-4.2343126375847495,-8.557493299950776,10.859770378585951,-0.7671850783457232,12.815248825078658,-326.4741720721129,-1212.399179152522,-1309.2892656126346,2768.358501580074,1309.2966714496579,1248.2584550712434
4.543028685790527,-54.73472209990413,48.33487708044818,17.871240134614876,-24.823038794318666,8.472576166323497,12.160033389531256,-3.629099737207599,-4.3679076744807315,-8.70169989569948,11.165925221623583,-0.6204786832576441,12.955128783959209,-300.67085068948796,-1190.6430084168016,-1284.6303872834792,2738.610787292456,1329.632357599909,1267.8517012855643
4.549699799866578,-54.88063272001329,48.15741116701405,17.52009991177475,-24.37003244775039,8.450714140246104,12.681419812235392,-3.661085452960468,-4.499062124287149,-8.84314207599131,11.468724736924225,-0.4715199835985181,13.097170171273994,-274.6534902787774,-1168.499441565411,-1259.5644647644658,2708.004858413379,1349.8094847934417,1287.1365073330062
4.5563709139426285,-55.02776557640764,47.974745131574146,17.163354300679345,-23.90497477432204,8.43485921185648,13.208534358549091,-3.6901670578641483,-4.627733431248534,-8.981775087737649,11.768074175105339,-0.3203271561213621,13.241338121036291,-248.43363738085745,-1145.9777984807001,-1234.1005894925838,2676.552854207972,1369.8182087327823,1306.1026070359349
4.563042028018679,-55.1760039851934,47.78697920041359,16.801116621736526,-23.428005742648658,8.425100423857986,13.741461430997223,-3.716322684158225,-4.753880082634372,-9.117555195823345,12.063880157067722,-0.16691947163313553,13.387596633511665,-222.02293544449162,-1123.0875205551592,-1208.2479807068787,2644.267283199884,1389.6486945829597,1324.739873393176
4.56971314209473,-55.32523041316093,47.59421524033766,16.43350192531866,-22.939269030896313,8.421526025732533,14.280283968725616,-3.7395317638248953,-4.877461622029256,-9.250439697105463,12.356050714759434,-0.011317293705653807,13.535908590916295,-195.43311998000357,-1099.838166729357,-1182.0159816477956,2611.161017891006,1409.2911212359754,1343.0383225984046
4.576384256170781,-55.47532653001041,47.39655671613235,16.060626950182947,-22.43891196949651,8.42422343003446,14.82508340307077,-3.7597750385535287,-4.998438662180513,-9.380386933987207,12.644495331343705,0.14645792308796046,13.68623577355836,-168.67601367127497,-1076.239409492192,-1155.4140557155074,2577.247289315432,1428.7356855800622,1360.988117987008
4.583055370246831,-55.626173260965196,47.19410864751981,15.68261008135733,-21.927085482265294,8.433279168764715,15.375939613784688,-3.7770345691594542,-5.116772897399081,-9.507356307562556,12.929124980751963,0.3063836354116692,13.838538876413871,-141.76352144814723,-1052.3010308452144,-1128.4517825889275,2542.539681430114,1447.9726067718666,1378.579573909838
4.589726484322882,-55.777650839751566,46.98697756562601,15.29957130750862,-21.403944025951628,8.448778849843823,15.932930885931052,-3.791293744452854,-5.2324271155096875,-9.631308290327167,13.209852166604461,0.4684362138799802,13.99277752612947,-114.70762552122999,-1028.0329182326834,-1101.1388543070345,2507.0521253445304,1466.9921305097646,1395.8031595323857
4.596397598398933,-55.9296388619221,46.775271468979696,14.911632177810905,-20.869645528240905,8.470807113703387,16.496133867471297,-3.802537289553519,-5.345365209346844,-9.75220443845169,13.486590960480237,0.6325909462465906,14.148910298443036,-87.52038038120614,-1003.4450604391387,-1073.4850713142316,2470.7988933919587,1485.7845333064533,1412.6495025578786
4.603068712474983,-56.082016338500985,46.55909977905984,14.518915758331184,-20.324351324239924,8.499447590014231,17.06562352755539,-3.810751273647796,-5.455552187792827,-9.870007403613378,13.759257039519484,0.79882204106784,14.306894736014272,-60.213907764683384,-978.5475434561719,-1045.5003384713891,2433.7945930448177,1504.3401267590204,1429.1093928728817
4.609739826551033,-56.23466174992829,46.338573295410896,14.121546587950647,-19.768226091470503,8.534782854571192,17.641473115534897,-3.815923117184,-5.562954186354564,-9.98468094438241,14.02776772334057,0.9671026318408242,14.466687366655993,-32.80039158871736,-953.3505463202011,-1017.1946610343225,2396.054160676821,1522.6492618146224,1445.173786113995
4.616410940627085,-56.3874531002811,46.11380415034374,13.719650633838983,-19.201437783399424,8.576894386352599,18.223754120713142,-3.818041598503009,-5.667538477276136,-10.096189937159252,14.292042010255292,1.1374047816153263,14.628243721957787,-5.292072856083775,-927.8643369229578,-988.5781406013803,2357.5928551745524,1540.7023330299746,1460.8338071542992
4.623082054703136,-56.54026797174877,45.88490576324116,13.313355246499908,-18.624157561532876,8.625862524774119,18.812536232849197,-3.8170968599008432,-5.769273479184159,-10.204500386659968,14.55200061276559,1.309699488079076,14.791518356292563,22.298755466587618,-902.0992677964679,-959.6609710318787,2318.426251401285,1558.4897828228168,1476.0807535082417
4.629753168779185,-56.692983579339284,45.651992794486965,12.902789114406305,-18.036559726105132,8.681766427155473,19.407887303429554,-3.8130804131203777,-5.868128766263047,-10.309579435946045,14.807565992325285,1.4839566891150247,14.956464866197182,49.959753595637565,-876.0657718743191,-930.4534343371458,2278.57023351591,1576.0021057134907,1490.9060986536408
4.636424282855237,-56.84547682579407,45.4151810990369,12.488082218242816,-17.438821645390433,8.744684026418929,20.009873307723137,-3.8059851442695116,-5.964075076957844,-10.411395375995985,15.058662393351298,1.660145268829691,15.12303591011781,77.67854010008551,-849.7743582309466,-900.9658965458586,2238.0409881498017,1593.2298525548647,1505.3014952696276
4.643095396931288,-56.9976243566879,45.17458767965103,12.069365784774721,-16.8311236836692,8.81469198903889,20.618558307633663,-3.79580531816338,-6.057084322202084,-10.509917654815794,15.305215876468242,1.8382330640510238,15.291183228510564,105.44269709199062,-823.2356078007723,-871.2088035454896,2196.8549974446937,1610.1636347487054,1519.2587783892614
4.649766511007337,-57.149302615691596,44.9303306398061,11.646772240361365,-16.213649127878593,8.891865673260284,21.23400441536386,-3.7825365820883956,-6.1471295931688195,-10.605116886085918,15.547154350971558,2.018186871294243,15.460857664287719,133.23977543539797,-796.4601690789368,-841.192676901559,2155.0290319545,1626.7941284467606,1532.7699684657232
4.656437625083389,-57.30038789997311,44.68252913630737,11.220435164132775,-15.586584112980253,8.976279087605796,21.85627175790429,-3.766175968986228,-6.234185168542531,-10.696964857342149,15.784407606493785,2.199972454193845,15.632009183600127,161.05729997158812,-769.4587538054623,-810.9281096565064,2112.58014341428,1643.1120787346504,1545.8272743509197
4.66310873915944,-57.4507564157149,44.43130333161894,10.790489240848164,-14.950117546076093,9.068004849689355,22.485418442361127,-3.7467219000559977,-6.318226521310415,-10.785434537688356,16.016907343859877,2.3835545513997776,15.804586896945956,188.88277475854886,-742.2421326346,-780.4257621099026,2069.525657379396,1659.1083037968315,1558.4230961854355
4.6697798532354895,-57.600284333723486,44.17677434593194,10.357070213455254,-14.304441029306235,9.167114145355294,23.121500522134685,-3.7241741867732476,-6.399230325071379,-10.870500085039097,16.244587205116776,2.5688968849354743,15.978539080595576,216.70368832239933,-714.8211307912028,-749.6963575818249,2025.883165738206,1674.7736990607646,1570.550028198809
4.676450967311541,-57.74884784510849,43.91906420898969,9.920314835368904,-13.64974878156081,9.273676688160934,23.764571963962187,-3.698534032324419,-6.477174459861549,-10.95213685289039,16.467382802723822,2.755962169015577,16.15381319832289,244.5075189186554,-687.2066237158756,-718.7506781611123,1981.6705191014375,1690.0992413185522,1582.2008614191338
4.683122081387592,-57.89632321700697,43.65829581168968,9.480360822488473,-12.986237559041257,9.387760679221591,24.41468461583613,-3.6698040324559646,-6.55203801749494,-11.030321396616898,16.685231747890136,2.944712119320419,16.330355923432837,272.2817398010536,-659.4095327007573,-687.5995604403424,1936.9058190716923,1705.0759928241857,1593.3685862910247
4.689793195463642,-58.0425868483302,43.394592857481236,9.037346804972426,-12.314106574704212,9.509432767435708,25.071888175809885,-3.637988175737296,-6.623801306418514,-11.105031479294306,16.89807367804606,3.1351074627247453,16.508113161074775,300.0138244957968,-631.4408205176911,-656.2538912392631,1891.6074103963895,1719.6951053646812,1604.0463952010534
4.696464309539693,-58.18751532550935,43.12807981357868,8.591412278789468,-11.63355741662335,9.6387580101084,25.736230161702128,-3.6030918432371393,-6.692445856080725,-11.17624607704562,17.105850283435828,3.3271079474774607,16.687030070831625,327.69125207898526,-603.3114870406088,-624.7246033184806,1845.793873007608,1733.9478243032966,1614.2276849097784
4.703135423615744,-58.330985478216256,42.85888186200946,8.142697557065269,-10.944793965304724,9.77579983399159,26.407755881711083,-3.5651218076129982,-6.757954420813271,-11.243945383910473,17.308505332818903,3.520672353829374,16.867051089573938,355.3015124550226,-575.0325648639293,-593.0226710851985,1799.4840139523674,1747.8254925930653,1623.9060588895718
4.709806537691795,-58.47287443503615,42.58712485051642,7.691343721243794,-10.248022309991333,9.920619996758372,27.086508405948138,-3.5240862316138304,-6.820310983225358,-11.30811081623658,17.50598469826836,3.7157585051053927,17.048119954568882,382.8321116338114,-546.6151149187499,-561.1591062927599,1752.6968592168016,1761.3195547589198,1633.075329567432
4.716477651767844,-58.613059679068606,42.312935243334294,7.237492572082492,-9.543450663993571,10.073278548929363,27.77252853890172,-3.479994665996129,-6.879500757110619,-11.368725016592782,17.698236379054332,3.912323279217676,17.230179726833082,410.27057700448546,-518.0702220886592,-529.1449537358193,1705.45164544793,1774.4215608466266,1641.729520472078
4.723148765843896,-58.75141910343348,42.03644007185933,6.781286580500325,-8.83128927908169,10.233833796268684,28.465854792840524,-3.4328580468539247,-6.935510189866603,-11.42577185720333,17.885210524601636,4.110322620615926,17.41317281471897,437.6044626035277,-489.4089908269211,-496.9912869428736,1657.7678115765405,1787.1231703368437,1649.8628682846265
4.729819879919947,-58.8878310666581,41.75776688523197,6.322868838298149,-8.111750358978771,10.402342262666894,29.16652336216514,-3.3826886923635175,-6.98832696442709,-11.479236442903096,18.066859456510546,4.309711552670767,17.59704099772366,464.82135437499375,-460.6425407768686,-464.7092038679875,1609.6649903450038,1799.4161560225427,1657.469824792197
4.7364909939959965,-59.02217444792258,41.47704370085179,5.86238300876998,-7.385047971990415,10.578858653528437,29.874568098717443,-3.3295002989438047,-7.037940000707784,-11.52910511361394,18.243137689630654,4.510444190486319,17.78172545050971,491.90887542071425,-431.7820023972279,-432.3098225834255,1561.1629997436175,1811.29240784813,1664.5450587438745
4.743162108072048,-59.15432870213966,41.19439895484451,5.399973277225277,-6.651397962810805,10.763435819680026,30.590020488054783,-3.273307936833588,-7.084339456565935,-11.575365446342163,18.414001952177404,4.7124737541371635,17.967166767126592,518.8546912381968,-402.8385125942238,-399.8042769750354,1512.2818343593801,1822.7439367085506,1671.0834576084512
4.749833222148099,-59.284173914846136,40.909961452500035,4.935784301440326,-5.911017863542163,10.956124721817611,31.31290962669825,-3.2141280450872762,-7.127516728274749,-11.618006256697669,18.579411204882312,4.915752582325631,18.15330498542235,545.646514944095,-373.82321036215814,-367.2037124420741,1463.0416566408871,1833.7628782067231,1677.0801292334431
4.756504336224149,-59.411590856881986,40.62386031870155,4.4699611620587945,-5.164126803967876,11.15697439550822,32.043262200360964,-3.1519784259907353,-7.167464450513648,-11.65701759993526,18.739326659167286,5.120232146454272,18.340079611634057,572.2721124809847,-344.7472324343048,-334.51928160330954,1413.4627880833093,1844.3414963676196,1682.5304034049143
4.7631754503002,-59.53646103883459,40.33622494836432,4.002649312959843,-4.4109454211172725,11.366031916763356,32.78110246316479,-3.086878238899185,-7.204176495875708,-11.69239077151907,18.89371179433471,5.325863065108987,18.52742964514618,598.7193078053317,-315.6217089458013,-301.76214001109236,1363.5657003372714,1854.4721873073859,1687.4298333077231
4.76984656437625,-59.65866676522509,40.04718495690402,3.5339945316132977,-3.651695768162361,11.58334236820014,33.52645221785067,-3.018847993499481,-7.237647973893511,-11.72411830721084,19.042532373764885,5.532595118947408,18.715293603405883,624.9759880544143,-286.45775911033786,-268.9434418751865,1313.3710062455696,1864.1474828558537,1691.7741968857606
4.776517678452302,-59.77809118841283,39.756870130753704,3.06414286944092,-2.8866012226864814,11.808948805806557,34.279330796989306,-2.947909542499181,-7.267875229585236,-11.752193982683504,19.18575646011297,5.7403772659873935,18.90360954698369,651.030108690043,-257.2664869123668,-236.07433579809697,1262.8994508117428,1873.3600541308347,1695.559498101904
4.783188792528352,-59.89461836219661,39.46541037794849,2.5932406022023917,-2.1158863943643973,12.042892226326272,35.039755045197666,-2.8740860737450653,-7.294855841522654,-11.776612812661188,19.323354429498323,5.949157657290213,19.0923151047691,676.8696986169311,-228.05897681654255,-203.16596052359998,1212.1719021043866,1882.1027150626373,1698.7819680973703
4.789859906604402,-60.00813329508834,39.172935678797025,2.1214341804253616,-1.339777032095146,12.285211535279487,35.80773930236683,-2.797402101774084,-7.318588619423251,-11.797371049587484,19.455298984678997,6.158883653032758,19.281347499288994,702.4828652735371,-198.84628949613634,-170.22944070023834,1161.209342101361,1890.3684258672001,1701.4380662502697
4.796531020680454,-60.11852200323778,38.87957603665894,1.648870179898047,-0.5584999306274532,12.535943515634319,36.58329538790494,-2.7178834587999186,-7.339073601268368,-11.81446618182346,19.581565167205184,6.3695018389629965,19.470643572138567,727.8577996932586,-169.6394575821029,-137.27588266145744,1110.0328574778066,1898.1502964663377,1703.5244811331238
4.803202134756504,-60.22567156298486,38.58546142884715,1.1756952522435413,0.227717163280089,12.795122797144726,37.366432586000585,-2.635557285138561,-7.356312049950091,-11.827896931377582,19.702130368545422,6.580958043232644,19.660139809512774,752.9827815338134,-140.44948143452484,-104.3163702241269,1058.6636303421874,1905.4415898535224,1705.0381313692421
4.809873248832555,-60.32947016301788,38.29072175767352,0.7020560755941334,1.018645645124304,13.062781826369365,38.15715763190969,-2.550452019076575,-7.370306449449144,-11.837663251169465,19.816974340180195,6.7931973536010135,19.849772367827622,777.8461840727302,-111.28732493808168,-71.36196050710215,1007.1229289243207,1912.235725403752,1705.9761663878276
4.816544362908606,-60.429807156114876,37.995486801657165,0.22809930538456835,1.8140561473052033,13.33895083738669,38.95547469926965,-2.462597386185876,-7.381060500546923,-11.843766321830124,19.92607920265754,7.006164135003689,20.039477099419514,802.4364791668028,-82.16391132323328,-38.42367977153588,955.4320982196728,1918.5262821259607,1706.3359670777954
4.823215476984656,-60.52657311044638,37.69988616691329,-0.24602847471757308,2.6137186341161893,13.623657823220347,39.76138538844377,-2.3720243880892333,-7.388579116074183,-11.846208548040766,20.029429453606372,7.219802047479584,20.22918957831201,826.7422421734435,-53.09011901475384,-5.512519284581605,903.6125505939079,1924.307001856566,1706.1151463402496
4.829886591060707,-60.61965986041762,37.404049238741834,-0.720180801725417,3.417402497033272,13.916928507988935,40.57488871589751,-2.2787652906807914,-7.392868415699937,-11.844993554413238,20.127011974703027,7.434054064449629,20.41884512603794,850.7521568318408,-24.076777509278056,27.36056879181829,851.6857563520235,1929.5717923926786,1705.3115495396978
4.836557705136758,-60.70896055702826,37.10810513343361,-1.1942113820726525,4.224876650262626,14.218786319794807,41.395981104610044,-2.1828536118062027,-7.3939357202635785,-11.84012618091479,20.218816037587494,7.648862491340529,20.608378837506432,874.4550201018707,4.865336716552643,60.18467548546228,799.6732342761177,1934.3147305635741,1703.9232548540615
4.843228819212809,-60.79436971772854,36.812182650312344,-1.6679741401610388,5.03590962650386,14.529252364364542,42.224656375521214,-2.084324108407208,-7.391789545653777,-11.83161247784017,20.30483330872608,7.864168984546472,20.797725606903157,897.8397469587158,33.725504265708295,92.94893907008031,747.5965421360563,1938.5300652390472,1701.9485735236044
4.849899933288859,-60.87578327574976,36.51641022403091,-2.1413232666976527,5.850269672886479,14.848345399455734,43.06090574001623,-1.9832127631356533,-7.386439596238077,-11.819459700334583,20.385057853217646,8.079914570721744,20.986820153612417,920.8953751411552,62.49306684658182,125.64254909158308,695.4772671772952,1942.2122202732537,1699.3860499989948
4.85657104736491,-60.953098628889,36.22091587713934,-2.6141132668040634,6.667724847037965,15.176081810041731,43.904717793447844,-1.8795567704422416,-7.377896757846582,-11.803676302470489,20.459486137541166,8.29603966639704,21.175597048150443,943.6110698515415,91.15743126341967,158.25475036278263,643.3370165899673,1945.3557973827499,1696.2344619886549
4.863242161440961,-61.02621468772619,35.925827172942626,-3.0861990078794106,7.488043113240035,15.512475584288593,44.75607850969664,-1.7733945221455252,-7.366173090314215,-11.784271930882275,20.52811703124273,8.512484097912003,21.36399073809803,965.9761284054392,119.70807336980485,190.77484692498288,591.1974079636227,1947.9555789573637,1692.4928204057198
4.869913275517011,-61.09503192325339,35.631271168665755,-3.55743576720002,8.31099243863184,15.857538290335494,45.614971236769215,-1.6647655924868008,-7.351281819585342,-11.761257417962204,20.590951807560685,8.729187121656539,21.551935574021986,987.9799848290002,148.1345419836818,223.19220597490937,539.0800597317137,1950.0065308026697,1688.1603692148587
4.876584389593062,-61.15945241389564,35.33737436894345,-4.027679279237949,9.136340889416285,16.211279053891936,46.481376693433376,-1.553710722676802,-7.333237329385531,-11.734644774621927,20.64799414298797,8.946087444613164,21.739365835373842,1009.6122144020865,176.42646276239253,255.49626175540942,487.00658161023887,1951.5038048127508,1683.2365851793763
4.883255503669113,-61.219379891903316,35.04426267965181,-4.496785782681175,9.963856727028174,16.573704536662625,47.35527296688954,-1.440271804940415,-7.312055152464524,-11.70444718262329,20.69925011577118,9.16312324519265,21.92621575635496,1030.8625381452582,204.57354203623527,287.6765194084151,434.99856503464144,1952.4427415720793,1677.7211775089079
4.8899266177451635,-61.274719789095734,34.75206136209911,-4.964612067138189,10.793308504220326,16.94481891561234,48.23663551147634,-1.3244918660657141,-7.287751961415558,-11.670678986483122,20.74472820334653,9.380232194354857,22.112419551736895,1051.7208272486744,232.56557059906282,319.7225587886439,383.07757359938216,1952.8188728852606,1671.614087408227
4.896597731821214,-61.32537928193657,34.460894987592305,-5.431015519510184,11.624465161026457,17.324623863081577,49.1254371484087,-1.2064150504638729,-7.260345559075487,-11.633355684956008,20.784439278713176,9.597351477006866,22.297911442626372,1072.1771074410822,260.39242745448206,351.6240382365728,331.26513350429497,1952.627924233518,1664.9154875275722
4.903268845897265,-61.371267335921495,34.170887392396196,-5.895854170013981,12.457096120557066,17.713118527764454,50.02164806654617,-1.0860866027467084,-7.229854868511109,-11.59249392210017,20.81839660574483,9.81441781367009,22.482625682163306,1092.2215632969917,288.0440835162175,383.37069830920706,279.58272401213793,1951.8658171567326,1657.6257813150985
4.909939959973316,-61.41229474925899,33.88216163310157,-6.358986737838983,13.290971384586824,18.110299516558577,50.92523582418781,-0.9635528498288786,-7.1962999225965465,-11.548111477930746,20.846615833441273,10.031367482407997,22.666496581141633,1111.844542480243,315.51060526122416,414.9523654671985,228.051767921472,1950.5286715599655,1649.745602271951
4.916611074049366,-61.44837419582527,33.59483994241855,-6.820272676422053,14.12586162889077,18.516160877298393,51.836165351891715,-0.8388611825618639,-7.159701853187159,-11.500227258665667,20.869114989121613,10.24813634100614,22.84945853354213,1131.0365599221464,342.7821583341787,446.3589557169049,176.69362205916977,1948.6128079433563,1641.2758131105961
4.923282188125417,-61.4794202673749,33.309043685411524,-7.279572218323467,14.961538298286204,18.930694082380302,52.75439895631341,-0.7120600369071636,-7.120082879895536,-11.448861286569192,20.885914470561776,10.464659849395629,23.03144604196576,1149.7883019324042,369.84901110195835,477.5804782059519,125.52956779685933,1946.1147495543596,1632.2175048170927
4.929953302201468,-61.505349514988794,33.024893316190784,-7.736746419688946,15.797773701339834,19.35388801329098,53.67989632506127,-0.5831988746561231,-7.077466298475025,-11.394034689398303,20.89703703707901,10.680873092311748,23.21239374295802,1168.0906302411165,396.7015381568203,508.60703877098365,74.5808015954092,1943.0312244613076,1622.5719956179503
4.936624416277518,-61.52608048974139,32.74250833507727,-8.191657204280915,16.63434110469609,19.785728946046678,54.612614532562475,-0.45232816370440737,-7.03187646881678,-11.335769689457363,20.902507799566962,10.896710802178552,23.39223643221276,1185.9345859700718,423.3302237669057,539.4288434361739,23.86842558183343,1939.3591675472874,1612.3408298523411
4.943295530353569,-61.54153378256962,32.46200724625519,-8.644167407064202,17.471014826986394,20.226200537552934,55.5525080469356,-0.31949935788881634,-6.9833388025660215,-11.274089592266547,20.902354209484862,11.112107382210745,23.57090908964562,1203.311393531714,449.72566527283317,570.0362018612249,-26.58656183731233,1935.0957224234214,1601.5257767504236
4.94996664442962,-61.55163206332612,32.18350751592787,-9.094140817330405,18.30757033227617,20.675283812893383,56.49952873786366,-0.18476487639477046,-6.9318797503638505,-11.209018774849879,20.896606046805484,11.326996929723741,23.748346904326265,1220.212464454056,475.878576429084,600.41953073751,-76.76327532170103,1930.2382432605912,1590.12882911862
4.9566377585056705,-61.55630011899983,31.90712553099174,-9.541442221345932,19.143784323009342,21.132957153555257,57.45362588546253,-0.04817808274267799,-6.877526788720487,-11.140582673648456,20.88529540692631,11.541313259642806,23.924485299259494,1236.6294011299544,501.7797906889579,630.5693571310973,-126.64095189813045,1924.7842965387467,1578.152201932658
4.963308872581721,-61.55546489108713,31.632976558242934,-9.985937444508993,19.97943483240759,21.599196286600183,58.41474619013765,0.09020673663829344,-6.820308406526715,-11.068807772065187,20.86845668654931,11.754989928202093,24.099259956004634,1252.5540004891132,527.4202644318923,660.4763217713944,-176.19896021222615,1918.7316627129276,1565.5983308393518
4.969979986657772,-61.54905551209725,31.361174704130864,-10.42749339300065,20.814301316284688,22.073974274786757,59.38283378342325,0.23033439424033947,-6.7602540912094975,-10.993721587646743,20.846126568534977,11.967960256824263,24.272606839123508,1267.9782575912745,552.791080131951,690.1311822841799,-225.41680972695917,1912.0783377952005,1552.4698705679587
4.976651100733823,-61.53700334117595,31.09183287507312,-10.865978094915667,21.64816474423324,22.557261507652747,60.35783023979613,0.37214882370216795,-6.6973943145388155,-10.915352658909397,20.818344005736826,12.180157356171225,24.444462220446674,1282.8943691390334,577.8834494663297,719.5248163678134,-274.274159863704,1904.8225348517003,1538.7696932521762
4.983322214809872,-61.51924199883179,30.82506273834533,-11.301260740858954,22.48080769014477,23.04902569356292,61.339674589456855,0.5155931024201841,-6.6317605180921655,-10.83373053181477,20.785150203822887,12.391514150356597,24.614762703148187,1297.2947369087888,602.6887163627483,748.6482249114526,-322.75082908185357,1896.9626854140586,1524.5008866637233
4.989993328885924,-61.49570740075007,30.560974683559255,-11.733211723994028,23.312014422021985,23.54923185272943,62.32830333207134,0.6606094745366466,-6.563385098383727,-10.748885745902234,20.746588603091222,12.601963401310368,24.78344524561916,1311.1719710983746,627.1983599846517,777.4925350541406,-370.8268038928588,1888.4974408044775,1509.666752358606
4.9966644429619755,-61.46633779067877,30.299677784743167,-12.161702679529332,24.14157099104263,24.057842311210045,63.323650451462775,0.8071393742951231,-6.492301391665148,-10.660849820084536,20.702704859287195,12.81143773328593,24.950447185130297,1324.5188935898925,651.4039976531081,806.0490031836027,-418.4822478046122,1879.4256733737845,1494.2708037371262
5.0033355570380245,-61.431073772372834,30.041279763036652,-12.586606523629602,24.969265319836463,24.57481669589014,64.32564743124715,0.9551234497541717,-6.418543658404949,-10.569655238113345,20.653546823430165,13.019869657500044,25.115706261274095,1337.328541126403,675.2973877044026,834.3090178737039,-465.6975101922541,1869.7464776518345,1478.3167640187569
5.010006671114076,-61.38985834058202,29.785886950013374,-13.00779749173878,25.79488728993428,25.100111930453462,65.33422327140207,1.1045015868491044,-6.342147067453895,-10.475335433721714,20.599164520658277,13.22719159689562,25.27916063917721,1349.5941684010497,698.8704322822773,862.264102759456,-512.4531350912856,1859.4591714096243,1461.8085641330442
5.016677785190128,-61.34263691106913,29.533604251643332,-13.425151176302103,26.618228828351402,25.633682232346196,66.34930450576007,1.2552129337926188,-6.263147679903572,-10.377924775450362,20.53961012809996,13.433335911017913,25.440748932473536,1361.3092510573538,722.1151800638845,889.9059193485889,-558.7298699091499,1848.5632966325932,1444.7503405277585
5.0233488992661774,-61.28935734964464,29.284535112907623,-13.838544563874443,27.439083993265474,26.17547911073906,67.37081522041663,1.407195925803712,-6.181582432645628,-10.27745855116499,20.474937951781705,13.638234920993696,25.600410226029286,1372.4674885993218,745.0238289184398,917.2262697686235,-604.5086740512486,1837.0586204045294,1427.1464328954783
5.030020013342228,-61.22997000020523,29.03878148307688,-14.247856071602977,28.257249058751356,26.725451365491026,68.39867707304236,1.5603883101552949,-6.097489121639118,-10.173972952271674,20.405204402581518,13.841820934603964,25.758084098410613,1383.0628072101663,767.5887284977101,944.2170994485152,-649.7707274576206,1824.9451357016274,1409.0013818198868
5.036691127418279,-61.16442771176357,28.796443781665403,-14.652965583071957,29.07252259853408,27.283545087118195,69.4328093130895,1.7147271715298908,-6.010906384893743,-10.067505057637913,20.330467971238487,14.044026271439684,25.91371064408527,1393.0893624783835,789.802382757396,970.8704997338798,-694.4974390463142,1812.2230620962148,1390.319926343091
5.0433622414943295,-61.09268586445718,28.557620865071772,-15.053754483498455,29.884705568723202,27.84970365777142,70.47312880288159,1.870148957673418,-5.921873685176618,-9.95809281722656,20.250789202428948,14.244783288130932,26.067230495349385,1402.5415420300358,811.657452408605,997.1787104349318,-738.6704550597369,1798.892846369729,1371.107001455286
5.05003335557038,-61.01470239452469,28.3224099939171,-15.450105694267078,30.693601389491057,28.423867753224666,71.51955003957507,2.026589505336262,-5.830431292450314,-9.84577503545024,20.166230667920054,14.444024403639068,26.21858484397095,1411.413968066092,833.1467572985322,1023.1341223062001,-782.271667310186,1784.9551630345777,1351.3677355080936
5.056704469646431,-60.93043781823808,28.09090680109154,-15.841903706793138,31.499016025657575,29.00597534587712,72.57198517798118,2.1839840664911163,-5.736620266050315,-9.730591354253958,20.076856938812615,14.641682124601754,26.367715462541398,1419.7014998037141,854.2632787195885,1048.7292794571993,-825.2832213207827,1770.4109147645127,1331.1074475530258
5.063375583722482,-60.839855254780346,27.863205260519337,-16.229034615703185,32.3007580661468,29.595961708770396,73.63034405423696,2.342267334816935,-5.640482436609586,-9.612582235933438,19.98273455688447,14.837689070720856,26.514564725527336,1427.3992358204484,875.0001616461938,1073.9568816932117,-867.6875243582382,1755.2612327332345,1310.331644606419
5.070046697798532,-60.742920448057745,27.639397656651987,-16.61138615132295,33.098638802278025,30.193759420622996,74.69453421031243,2.501373472438047,-5.54206038773867,-9.491788945697277,19.883932005047214,15.031978000182805,26.659075630013966,1434.5025163002888,895.3507168985277,1098.8097867854174,-909.4672533536781,1739.5074768609372,1289.0460188423885
5.076717811874583,-60.63960178743694,27.419574554699757,-16.988847711462018,33.892472304857264,30.799298371882344,75.76446091934181,2.6612361369075272,-5.4413974374691385,-9.36825353398049,19.780519676928378,15.224481835101294,26.80119181613267,1441.006925180643,915.3084232325078,1123.2810126695747,-950.6053627080871,1723.15123596858,1267.256444715169
5.083388925950634,-60.529870327397425,27.203824771610464,-17.361310392485905,34.68207550003349,31.41250577179574,76.84002721176599,2.821788508423641,-5.338537619468938,-9.242018818517755,19.67256984559251,15.415133686971899,26.94085758716459,1446.9082921992467,934.8669293553495,1147.3637395725507,-991.0850919786897,1706.1943278396818,1244.9689760124602
5.090060040026684,-60.41369980609005,26.992235347804474,-17.728667019665853,35.46726824388636,32.03330615650021,77.921133902273,2.9829633172684273,-5.233525664037675,-9.11312836618413,19.560156631414333,15.603866882128555,27.07801792931299,1452.202694840155,954.0200558660769,1171.0513120660028,-1030.8899734429178,1688.6387991894935,1222.1898428412264
5.096731154102735,-60.29106666279302,26.78489151967481,-18.09081217679714,36.24787339571077,32.66162139813088,79.00767961752312,3.1446928714567743,-5.126406978890478,-8.981626474611636,19.443355969117928,15.79061498719127,27.21261853113667,1456.8864601779328,972.7617971203639,1194.337241046528,-1070.0038395364081,1670.4869255414287,1198.92544854758
5.103402268178786,-60.161950054256955,26.581876692860412,-18.447642235077545,37.02371688996612,33.29737071494826,80.09956082464548,3.306909084585097,-5.017227629738599,-8.847558153589638,19.322245573995982,15.975311834495166,27.344605802637446,1460.9561666192426,991.0863230191767,1217.2152056417003,-1108.4108301617587,1651.7412110106643,1175.1823665722816
5.1100733822548365,-60.02633186993195,26.38327241630058,-18.79905538123674,37.794627806856916,33.94047068248194,81.19667186049038,3.469543503867719,-4.90603432067557,-8.710969106257647,19.196904907323944,16.157891547490088,27.473926893994356,1464.408645541064,1008.987980720645,1239.6790550413334,-1146.095399864621,1632.4043879949108,1150.967337243542
5.116744496330887,-59.88419674606839,26.18915835707836,-19.144951644909177,38.5604384415133,34.59083524569096,82.29890496162572,3.6325273383497234,-4.792874374377193,-8.571905710098527,19.067415140983567,16.338288566100793,27.60052971393801,1467.240982824811,1026.461296274693,1261.7228102534668,-1183.042324873945,1612.4794167723066,1126.2872645086843
5.123415610406938,-59.73553207868541,25.99961227606006,-19.485232925242084,39.320984371739904,35.24837573213766,83.40615029506053,3.795791487284446,-4.677795712124146,-8.430414997740769,18.933859121311627,16.5164376720372,27.72436294775813,1469.450520285665,1043.5009761799424,1283.3406657845023,-1219.2367100031224,1591.9694850065123,1101.1492126063845
5.130086724482989,-59.58032803540032,25.81471000433756,-19.819803016731697,40.076104524302934,35.91300086617421,84.51829598968251,3.9592665686642743,-4.560846833655769,-8.286544637578093,18.796321332188967,16.69227401404459,27.84537607493792,1471.0348569964945,1060.1019088624912,1304.526991243039,-1254.663995408904,1570.878007159061,1075.5604026811593
5.136757838559039,-59.418577566113115,25.634525420480518,-20.1485676342799,40.82564123972394,36.58461678413749,85.6352281683935,4.122882947892411,-4.442076796863937,-8.140342914215175,18.654887857386438,16.865733133083086,27.96351938640885,1471.9918505057444,1076.2591660761327,1325.2763328668984,-1289.3099632049527,1549.2086238091022,1049.5282093418327
5.14342895263509,-59.25027641254087,25.459130428604254,-20.47143443746507,41.5694403355527,37.26312705055126,86.75683098092783,4.286570766584436,-4.321535197335474,-7.991858708747696,18.50964634218337,17.0367509874266,28.078744001419782,1472.3196179487668,1091.9680042236791,1345.5834149729524,-1323.1607439270974,1526.9652008806788,1023.0601571656624
5.150100066711141,-59.075423116596816,25.28859493725953,-20.78831305402025,42.307351168089106,37.94843267533013,87.8829866373382,4.450259971487253,-4.1992721477521515,-7.841141478885599,18.360685954275862,17.205263977670526,28.19100188401443,1472.0165370520742,1107.2238655990504,1365.4431413293357,-1356.2028228472566,1504.1518287777496,996.1639171499124
5.156771180787192,-58.894019027609644,25.1229868391493,-21.09911510251292,43.0392266925267,38.64043213198346,89.0135754421335,4.6138803435039994,-4.075338257156912,-7.688241238928035,18.208097343991312,17.371208971638385,28.300245859111524,1471.0812470300534,1122.0223795498496,1384.8505964497092,-1388.4230461331813,1480.7728214271683,968.8473031126315
5.163442294863241,-58.70606830837934,24.962371991678168,-21.403754214220264,43.76492352148959,39.33902137681347,90.14847582905155,4.7773615268123,-3.9497846100954206,-7.533208539598889,18.051972603827185,17.534523329176658,28.40642962818198,1469.5126493737228,1136.3593635601492,1403.8010468092223,-1419.808626851131,1456.8327152299205,941.1182680444524
5.170113408939293,-58.51157794006559,24.806814198338984,-21.702146054194728,44.48430198193726,40.044093869103335,91.28756439645156,4.940633058064511,-3.8226627456415216,-7.3760944477513295,17.892405227330862,17.695144926828174,28.509507784517805,1467.3099085311635,1150.230824253278,1422.2899419819084,-1450.3471508088162,1432.3362679209104,912.9849004131568
5.176784523015344,-58.310557725906236,24.65637519094121,-21.994208341514668,45.19722617041007,40.75554059229057,92.4307159433095,5.103624395657358,-3.6940246363157305,-7.216950525950372,17.729490067339043,17.85301218237353,28.609435828087648,1464.4724524792953,1163.632958314403,1440.3129156992388,-1480.0265822358379,1407.288457337653,884.4554204228817
5.183455637091393,-58.10302029376267,24.51111461268489,-22.279860868715645,45.903564006591196,41.47325007611986,93.5778035058,5.266264949059347,-3.563922666905539,-7.055828811942024,17.56332329359453,18.00806407923065,28.706170179973913,1460.9999731867151,1176.5621533327846,1457.8657868296452,-1508.8352692990707,1381.6944800982592,855.5381762297825
5.190126751167445,-57.88898109749064,24.37109000208447,-22.55902552039758,46.60318728515939,42.197108419769265,94.7286983944468,5.428484108183255,-3.4324096131967137,-6.892781798018128,17.394002349759415,18.160240190702194,28.799668196386843,1456.8924269673619,1189.0149885635474,1474.9445602787873,-1536.7619494503524,1355.5597501891468,826.2416401160448
5.196797865243496,-57.66845841713458,24.23635677774547,-22.83162629100425,47.29597172590984,42.92699931594418,95.88327023182676,5.590211272792083,-3.299538620624164,-6.727862410285303,17.221625909842807,18.309480704061087,28.889888182250957,1452.1500347248116,1200.9882356089029,1491.5454278104448,-1563.795754604133,1328.8898974629285,796.5744046240317
5.203468979319545,-57.441473357944446,24.106968223997026,-23.09758930177099,47.98179702211927,43.66280407593149,97.04138699080791,5.75137588192607,-3.165363182851709,-6.561123987847163,17.04629383406256,18.455726444464013,28.976789404359472,1446.7732820870726,1212.478859018774,1507.6647687879006,-1589.926216142577,1301.690766047,766.5451786525507
5.210140093395597,-57.20804984821444,23.982975477383274,-23.356842816837638,48.66054688713342,44.40440165560745,98.20291503330623,5.911907443338451,-3.029937120289472,-6.3926202619085135,16.868107124160233,18.598918898682925,29.060332104092794,1440.7629194317622,1223.484016810789,1523.2991508357402,-1615.1432697458495,1273.9684126633492,736.1627835170489
5.216811207471648,-56.96821463594369,23.864427514015546,-23.60931725852377,49.33210909915554,45.15166868239208,99.3677191495422,6.071735562928187,-2.8933145585578997,-6.222405334810294,16.68716787818867,18.7390002386451,29.14047750969692,1434.1199618016253,1234.0010609096923,1538.4453304220278,-1639.4372600453426,1245.7291048601678,705.436148975689
5.2234823215476975,-56.72199728431885,23.751371137787626,-23.854945221763394,49.996375544214494,45.90447948314108,100.53566259778025,6.230789974156875,-2.7555499069075564,-6.0505336590043965,16.503579244792476,18.87591334477138,29.217187848118297,1426.8456887103755,1244.0275375061958,1553.1002533608334,-1662.7989450976156,1216.9793191558942,674.3743092232352
5.230153435623749,-56.46943016601996,23.643850969455446,-24.0936614876971,50.653242257293435,46.662706112968266,101.70660714453257,6.389000567438238,-2.616697836603325,-5.877060015976872,16.31744537700078,19.009601829103435,29.29042635639146,1418.9416438389117,1253.5611873353712,1567.2610552351368,-1685.219500677046,1187.7257390963234,642.9863988546184
5.2368245496998,-56.210548456350715,23.541909436582625,-24.325403036419598,51.302609461599324,47.426218384988836,102.88041310521018,6.546297419487576,-2.4768132592822316,-5.702039495128656,16.12887138555307,19.140010058210095,29.360157292576346,1410.4096346219774,1262.5999458747012,1580.9250617401683,-1706.690524385111,1157.9752532254854,611.2816488001723
5.2434956637758505,-55.94539012519478,23.445586764352612,-24.550109058881375,51.9443816059555,48.19488390097561,104.05693938520258,6.702610822619396,-2.3359513052936007,-5.525527472622396,15.93796329177825,19.267083175863462,29.42634594624218,1401.2517317254017,1271.1419434619547,1594.0897889472803,-1727.2040395744054,1127.734952970998,579.2693822344463
5.250166777851901,-55.67399592780087,23.35492096724789,-24.767720967942953,52.57846740029905,48.96856808291736,105.23604352136766,6.8578713139805245,-2.194167302030723,-5.347579590204555,15.744827980048154,19.39076712547496,29.48895864849506,1391.4702684140977,1279.185505333063,1606.7529434884723,-1746.7524990855054,1097.0121304446893,546.9590104606004
5.256837891927952,-55.396409394398965,23.269947841596704,-24.978182408581343,53.20477984926755,49.74713420547091,106.41758172391413,7.012009704707176,-2.0515167522625726,-5.168251734011232,15.549573149825662,19.511008672282355,29.54796278154675,1381.0678398110338,1286.7291515802249,1618.9124226617205,-1765.3287887949657,1065.8142761592485,514.3600287722583
5.263509006004003,-55.11267681865162,23.190700958986984,-25.18143926724761,53.82323628385804,50.53044342929545,107.60140891865753,7.164957108993395,-1.9080553124747244,-4.987600013366738,15.35230726732909,19.627755425278185,29.603326787822116,1370.047302047451,1293.7715970304869,1630.5663144573084,-1782.9262309727303,1034.149076661775,481.4820122948415
5.270180120080052,-54.82284724494322,23.117211660546563,-25.377439680376337,54.43375839114443,51.31835483526013,108.78737878963172,7.316644973059108,-1.7638387712281196,-4.80568073958363,15.15313951683401,19.74095585887053,29.65502017860323,1358.4117713046305,1300.3117510451232,1641.7128975054131,-1799.5385874473468,1002.024412085057,448.33461180835064
5.276851234156104,-54.526972454512254,23.049509052089462,-25.566134042046176,55.03627224203866,52.11072545951236,109.97534382203683,7.467005104005598,-1.618923027544505,-4.622550404772861,14.952179751633636,19.85055933426705,29.703013542207994,1346.164622747573,1306.3487172400835,1652.3506409451497,-1815.1600625775093,969.4483536175145,414.927549553508
5.283522348232155,-54.22510695043104,22.987620000126416,-25.747475010793043,55.63070831708236,52.907410329396924,111.16515534550543,7.615969698546289,-1.4733640693274266,-4.438265660672968,14.749538444680132,19.956516120573006,29.74727855170177,1333.309489350998,1311.881793127923,1662.4782042154377,-1829.785306028436,936.4291608927299,381.2706150233172
5.2901934623082045,-53.917307941438146,22.931569128738516,-25.92141751557599,56.21700153025678,53.70826250021304,112.35666357766763,7.763471371601215,-1.3272179518272975,-4.252883297506787,14.545326638927618,20.058777415594907,29.78778797214013,1319.8502606181044,1316.9104696815511,1672.094436767949,-1843.409415351805,902.9752792995504,347.3736607419419
5.296864576384256,-53.603635324629025,22.881378817311465,-26.087918760897963,56.795091250799835,54.51313309279891,113.54971766799729,7.909443184743021,-1.1805407761593154,-4.066460222874349,14.339655897399703,20.15729536634053,29.824515667342016,1305.791081192578,1321.434430820269,1681.1983777025648,-1856.0279383679278,869.0953372137382,313.2465980329183
5.303535690460307,-53.28415166701138,22.83706919912885,-26.246938231082126,57.36492132301918,55.32187133193,114.74416574191939,8.05381867448278,-1.033388667882779,-3.8790534406906243,14.132638253002801,20.252023089206897,29.85743660619155,1291.1363493643978,1325.453552818503,1689.7892553256709,-1867.6368753490394,834.7981431522414,278.89939277863635
5.3102068045363575,-52.95892218593178,22.798658160821194,-26.39843769370651,57.92644008409168,56.134324585519224,115.93985494516029,8.196531880383638,-0.8858177556505636,-3.6907200301767333,13.924386158108355,20.342914689847543,29.88652686846815,1275.8907154700184,1328.9679036377634,1697.86648663177,-1878.2326810025615,800.0926828511517,244.34206117314446
5.316877918612408,-52.62801472838049,22.766161342668084,-26.542381202198804,58.47960037984059,56.95033840460568,117.1366314883223,8.337517372990954,-0.7378841499369495,-3.5015171249129127,13.71501243392518,20.429925282710727,29.91176365020414,1260.0590801875485,1331.9777421823105,1705.4296767088408,-1887.8122662534086,764.9881162684333,209.5846654701376
5.323549032688458,-52.291499749182314,22.739592139750236,-26.678735097594032,59.024359578482496,57.76975656411876,118.33434069166238,8.476710281566891,-0.5896439218525461,-3.3115018919619206,13.504630219685215,20.51301101024028,29.93312526856934,1243.6465927276006,1334.483517479095,1712.4786180679316,-1896.3729998243734,729.493774512589,174.63730972818524
5.33022014676451,-51.94945028808132,22.718961703947375,-26.807468009458308,59.56067958233731,58.59242110440403,119.5328270300582,8.61404632161834,-0.44115308205445425,-3.120731511071009,13.29335292166448,20.59212906173094,29.95059116628257,1226.6586489205188,1336.4858677825537,1719.0132898975373,-1903.912709613806,693.6191566983939,139.51013555510713
5.33689126084056,-51.60194194572815,22.7042789467784,-26.92855085598177,60.088526837494065,59.418172373496674,120.73193417813985,8.749461822206104,-0.2924675597602796,-2.929263153961189,13.081294162062651,20.667237691829985,29.96414191555006,1209.1008892007605,1337.98561960487,1725.0338572432902,-1910.429683869829,657.3739267309542,104.21331785351927
5.343562374916611,-51.24905285857874,22.69555054307918,-27.041956843244378,60.607872341428745,60.24684907012816,121.9315050555706,8.882893753024602,-0.14364318187392391,-2.737153963711617,12.868567727762972,20.73829623867742,29.97375922153096,1190.9791964892067,1338.9837866723292,1730.5406701135546,-1915.9226721604787,620.7679100192568,68.75706056942008
5.350233488992662,-50.890863672714005,22.692780935513834,-27.147661463658537,61.11869164856874,61.07828828745169,123.13138187245683,9.01427975124028,0.005264347768405908,-2.5444610342476532,12.655287518995827,20.80526514167696,29.979425925330343,1172.2996939742657,1339.4815688084495,1735.534262511539,-1920.390886139206,583.8110901205243,33.15159244582755
5.356904603068712,-50.5274575165901,22.695972339913745,-27.245642493593124,61.62096487380132,61.91232555747191,124.33140617486816,9.143558148077862,0.15419946902403295,-2.3512413899404967,12.441567497928721,20.868105958890027,29.981126006520658,1153.0687427926377,1339.4803507446054,1740.0153513945982,-1923.8340001052609,546.5136053166264,-2.5928372166052145
5.363575717144763,-50.158919972729855,22.70512475143974,-27.33587999018293,62.11467669392273,62.748794896162444,125.53141889044925,9.270667995143164,0.3031067859334071,-2.1575519653265647,12.227521637205037,20.92678138404549,29.97884458519196,1133.2929396106783,1338.9817008588316,1743.9848355613476,-1926.2521513586337,508.8857451238871,-38.46596279010969
5.370246831220814,-49.78533904836618,22.720235951561474,-27.41835628732941,62.59981634702729,63.58752884925682,126.73126037410381,9.39554909047142,0.4519310870654314,-1.9634495849546867,12.013263868455283,20.981255263157603,29.972567923532743,1112.9791141073385,1337.9873698436263,1747.4437944673705,-1927.6459403492279,470.93794673764927,-74.4575065394429
5.3769179452968645,-49.40680514504834,22.74130151584818,-27.493055990896888,63.07637762983506,64.42835853869666,127.9307704537332,9.518142004290388,0.6006173657108639,-1.76899094336878,11.798908030802709,21.031492610745076,29.962283426941998,1092.1343263596725,1336.4992893034785,1750.3934869701723,-1928.0164306201195,432.68079141293674,-110.5571828288618
5.383589059372915,-49.02341102722288,22.768314822564406,-27.559965973110845,63.54435889295881,65.27111370972094,129.1297884760095,9.638388104487476,0.7491108399158537,-1.5742325852340446,11.584567819386981,21.077459625644337,29.94797964467449,1070.7658641319708,1334.5195702829988,1752.8353500042297,-1927.36514854476,394.12500078264827,-146.75470231440084
5.390260173448966,-48.63525178980147,22.80126706206447,-27.61907536616341,64.0037630341113,66.11562277857979,130.32815335216586,9.756229581770079,0.8973569723480663,-1.3792308856142501,11.370356733928256,21.119123706409965,29.92964627002065,1048.8812400696143,1332.0505017264318,1754.7709971868499,-1925.6940828581694,355.2814331146937,-183.03977611969435
5.396931287525017,-48.24242482472783,22.840147246978468,-27.67037555503282,64.4545974892549,66.96171288085645,131.52570360378382,9.871609474508585,1.0453014899876654,-1.1840420304079493,11.156388027355293,21.15645346629558,29.90727414002344,1026.4881887987942,1329.0945488694997,1756.2022173557373,-1923.005683982167,316.1610795095559,-219.40211999334204
5.403602401601067,-47.84502978655693,22.88494222318294,-27.713860169522853,64.89687422169652,67.8092099203804,132.72227740856067,9.98447169325185,1.192890403635824,-0.9887219969509798,10.942774654519493,21.189418747808823,29.8808552347338,1003.5946639332377,1325.6543515643923,1757.1309730390496,-1919.302863144832,276.77506003973485,-255.8314584460594
5.410273515677118,-47.44316855705944,22.935636681548498,-27.74952507552957,65.33060970913209,68.6579386187145,133.9177126460381,10.094761044904764,1.3400700272333632,-0.7933265347927413,10.729629221018666,21.217990636833896,29.850382676007502,980.2088349891709,1321.7327225389033,1757.5593988588803,-1914.588991294463,237.13461983258384,-292.3175288657114
5.416944629753169,-47.03694520886554,22.992213170456836,-27.77736836554197,65.755824928645,69.50772256519846,135.11184694327275,10.202423256557642,1.4867869969821357,-0.5979111466537578,10.51706393215278,21.242141476315453,29.815850725845802,956.3390842097705,1317.3326455906117,1757.489799869027,-1908.867897808392,197.25112509809568,-328.85008560839975
5.423615743829219,-46.626465968161966,23.054652109079186,-27.79739034838427,66.17254533966441,70.35838426753136,136.30451772043205,10.307404998957756,1.6329882902621469,-0.4025310695715221,10.305190542034557,21.261844879497964,29.77725478428239,931.9940033003679,1312.4572737171052,1756.924649827997,-1902.1438689971037,157.13605910315462,-365.4189040638335
5.43028685790527,-46.21183917645701,23.12293180140753,-27.80959353820743,66.58080086489026,71.2097452028748,137.49556223629543,10.409653909612688,1.7786212443371567,-0.20724125624210338,10.09412030287809,21.277075742714395,29.73459138682025,907.182390075777,1307.1099271832584,1755.866589408216,-1894.4216464042163,116.80101809389262,-402.0137846930991
5.436957971981321,-45.79317525142819,23.19702845103025,-27.813982642737905,66.98062586919241,72.06162586945923,138.68481763364548,10.509118615516423,1.9236335748420867,-0.012096356564151136,9.883963914487458,21.28781025771889,29.687858201420795,881.9132450210407,1301.2940915265785,1754.3184243424093,-1885.7064249029245,76.25770716767481,-438.62455703714596
5.443629086057372,-45.37058664686792,23.276916176643383,-27.81056455079176,67.37205913649208,72.91384583867449,139.87212098452818,10.60574875548803,2.0679733940451372,0.1828493006073994,9.674831473968435,21.294025923557633,29.637054025049363,856.1957677670525,1295.0134155016642,1752.283123508164,-1876.003850589663,35.51793609640991,-475.24108369415654
5.450300200133422,-44.94418781174303,23.362567028288215,-27.799348319062656,67.75514384463557,73.76622380762598,141.0573093353671,10.699495002114011,2.2115892288781134,0.37754172549136283,9.46683242568545,21.295701557972755,29.58217877977993,830.0393534824445,1288.2717089648552,1749.7638169517004,-1865.3200184757695,-5.406384897222449,-511.85326426410614
5.456971314209473,-44.514095148384285,23.453951004305633,-27.78034515819298,68.12992753827015,74.61857765213834,142.24021975191226,10.79030908328474,2.354430038728189,0.5719272851872057,9.260075511486756,21.29281730833401,29.523233508463623,803.4535891832553,1281.0729407002023,1746.7637938519474,-1853.6614699780928,-46.50324940891093,-548.4510392587255
5.463642428285524,-44.080426969821765,23.55103606899799,-27.753568418136283,68.49646209973308,75.47072448018635,143.42068936400707,10.878143803316169,2.4964452329847937,0.7659527212523314,9.054668721219347,21.285354662093447,29.460220369964002,776.4482499618277,1273.42123618781,1743.2865004259356,-1841.0351902094883,-87.76055916557947,-585.0243939752489
5.470313542361574,-43.643303456283576,23.653788170988157,-27.719033572821296,68.85480371796666,76.32248068573593,144.59855541015685,10.962953063647824,2.6375846883352554,0.9595651670433504,8.85071924355645,21.27329645675806,29.393142633964167,749.0332951365135,1265.320875315771,1739.3355377766818,-1827.4486050703217,-129.16612838026052,-621.5633623322062
5.476984656437625,-43.20284661087441,23.762171262265817,-27.676758204126312,69.20501285547097,77.17366200297327,145.77365528187931,11.04469188310842,2.777798765802908,1.1527121648148184,8.648333417159145,21.25662688937619,29.322004675349188,721.2188643237257,1256.776290036778,1734.914659684629,-1812.9095781421158,-170.7076881472406,-658.0580306656238
5.483655770513676,-42.75918021445211,23.87614731791029,-27.626761985174507,69.54715421330947,78.02408356090466,146.9458265678234,11.123316417740359,2.917038327521616,1.3453416825693536,8.447616682194784,21.235331525532843,29.246811968169098,693.015273433985,1247.792061970684,1730.0277703438555,-1797.4264073846493,-212.3728908757335,-694.4985414839867
5.490326884589726,-42.31242977971948,23.995676356479745,-27.569066662959465,69.881296694181,78.87355993830604,148.11490709763683,11.19878398017502,3.0552547532408227,1.537402130653035,8.248673532232957,21.2093973078502,29.167571079186427,664.4330105935431,1238.3729199541192,1724.6789220441508,-1781.0078216377951,-254.1493147603494,-730.8750971803865
5.496997998665777,-41.862722504549644,24.12071646105524,-27.503696040311965,70.2075133635748,79.72190521900342,149.28073498556824,11.271053058550523,3.192399956555293,1.7288423780902078,8.051607466541562,21.17881256398899,29.08428966101371,635.4827319932735,1228.523737538477,1718.872312800215,-1763.6629769295678,-296.0244682865717,-767.1779637002279
5.503669112741828,-41.41018722456353,24.251223800928926,-27.43067595721814,70.52588140902404,80.56893304746279,150.44314867378606,11.340083334963927,3.328426400853789,1.9196117686516811,7.856520942803987,21.143567014147127,28.996976444845547,606.1752576665403,1218.249530437447,1712.6122839291468,-1745.4014525918922,-337.9857947694315,-803.3974741629601
5.5103402268178785,-40.95495436497828,24.387152653924996,-27.350034271499748,70.83648209747565,81.41445668467067,151.6019869753983,11.405835703450222,3.463287114981274,2.109660136650876,7.663515330278533,21.103651778051894,28.905641232790742,576.5215671977314,1207.5554539253867,1705.9033175774664,-1726.23324718568,-380.02067692362226,-839.5240324363004
5.517011340893929,-40.49715589174569,24.52845542934152,-27.261800838868037,71.13940073079455,82.25828906428377,152.75708911715728,11.468272287480232,3.59693570860907,2.298937822462127,7.472690863421902,21.059059381442385,28.810294889809676,546.5327953632769,1196.4468001878224,1698.7500341989385,-1706.1687742369509,-422.1164414631582,-875.5481166614094
5.52368245496998,-40.03692526199974,24.675082691501657,-27.1660074923619,71.43472659942138,83.10024284902839,153.90829478183502,11.527356456970402,3.7293263873079865,2.48739568775606,7.284146595996796,21.009783762038907,28.710949335262605,516.2202277068507,1184.9289956253454,1691.1571899844419,-1685.2188577857062,-464.2603637288455,-911.460282727593
5.5303535690460315,-39.57439737383346,24.826983183902165,-27.06268802118201,71.72255293420297,83.94013048732816,155.05544415025116,11.58305284479684,3.8604139673190065,2.6749851304464474,7.097980355684914,20.955820274996526,28.607617534074432,485.5952960506465,1173.0075981122363,1683.1296742451761,-1663.39472774948,-506.43967234162733,-947.2511676950281
5.53702468312208,-39.10970851542451,24.984103853947136,-26.95187814893241,72.00297685641682,84.77776427013985,156.19837794294054,11.635327362806999,3.99015389001683,2.8616580993436807,6.914288699225475,20.897165697839792,28.500313487521794,454.6695739445045,1160.6882942111383,1674.6725067505088,-1640.7080151034413,-548.6415538800177,-982.9114931641366
5.543695797198132,-38.64299631353061,25.14638987825409,-26.83361551128181,72.27609932601071,85.61295638797584,157.3369374614442,11.6841472173218,4.118502236061215,3.047367108509686,6.733166868100115,20.833818234876126,28.389052223648793,423.4547720548232,1147.976896345148,1665.7908350218056,-1617.1707468791649,-590.853157579683,-1018.432068590152
5.550366911274184,-38.17439968137404,25.31378468852048,-26.70793963305616,72.54202508807991,86.4455189880935,158.47096462920982,11.729480924121995,4.245415739231765,3.232065251309706,6.554708744783494,20.765777521085603,28.273849787317115,391.96273349505714,1134.8793399286476,1656.489931583548,-1592.7953409840588,-633.0616000533789,-1053.8037945415858
5.5570380253502325,-37.70405876593722,25.486229997937443,-26.574891904774958,72.80086261760471,87.27526423182913,159.60030203208615,11.771298322912081,4.370851799941328,3.4157062141560144,6.379006809579888,20.693044625484923,28.154723229897066,360.2054290997961,1121.4016804582811,1646.775191173106,-1567.5946008437313,-675.2539700292841,-1089.0176659012056
5.563709139426284,-37.23211489468985,25.663665828137937,-26.43451555864366,73.0527240624725,88.10200435205626,160.72479295839833,11.809570591255694,4.494768498423888,3.5982442899392444,6.206152098065265,20.615622053963516,28.03169059860602,328.19495264432305,1107.55009056545,1636.6521279105332,-1541.5817098695222,-717.4173331058686,-1124.0647750082649
5.570380253502335,-36.75871052176859,25.846030536666195,-26.28685564401481,73.29772518480861,88.92555171074702,161.84428143858875,11.844270257976723,4.617124607592633,3.779634391142825,6.036234159153913,20.533513751590228,27.904770925500717,295.9435160115999,1093.3308570317229,1626.1263724297587,-1514.7702257535068,-759.5387365213934,-1158.936314740664
5.5770513675783855,-36.28398917363179,26.03326084495509,-26.131959002330767,73.53598530064168,89.74571885661453,162.95861228441132,11.87537121601997,4.737879605564148,3.9598320626363526,5.8693410138091675,20.446725104388964,27.77398421613044,263.4634443087325,1078.7503777686059,1615.2036689725883,-1487.1740745934987,-801.6052139360937,-1193.6235815358498
5.583722481654436,-35.8080953942096,26.225291866798116,-25.969874241560735,73.76762721792969,90.56231858281677,164.0676311276644,11.90284873476634,4.856993687845,4.138793494143977,5.7055591144164515,20.355262940582005,27.639351437857606,230.767170934818,1063.8151587630528,1603.8898724468954,-1458.8075448504158,-843.6037902251959,-1228.1179783492364
5.590393595730487,-35.33117468957269,26.42205713730236,-25.800651710145317,73.99277717297312,91.37516398469872,165.17118445844955,11.926679471796918,4.974427779176743,4.316475532383628,5.544973304837436,20.25913553129986,27.500894507853072,197.86723260229076,1048.5318109901807,1592.1909454504469,-1429.685281140688,-885.5214862807761,-1262.4110175489552
5.597064709806538,-34.853373472140866,26.623488642308747,-25.624343470461692,74.2115647652432,92.18406851755253,166.2691196629441,11.946841484101082,5.090143545036004,4.492835692873593,5.387666781163315,20.15835259075689,27.358636280773013,164.7762643137455,1032.9070472946185,1580.1129552617592,-1399.8222778662744,-927.3453238205858,-1296.494323745828
5.603735823882588,-34.37483900445478,26.829516848265435,-25.44100327182332,74.42412289065356,92.98884605437394,167.36128506067337,11.96331423872362,5.204103402786034,4.667832171402655,5.233721053185537,20.05292527589194,27.212600536125024,131.50699429637348,1016.94767924198,1567.6620707994928,-1369.2338726851044,-969.0623302018533,-1330.3596365574126
5.610406937958639,-33.89571934253201,27.040070732540713,-25.250686523026882,74.63058767330469,93.78931094359366,168.4475299412716,11.976078622846511,5.316270532476748,4.841423855160633,5.083215906601,19.942866185473488,27.062811965330503,98.07223889599896,1000.660613941875,1554.8445595517594,-1337.9357398246223,-1010.6595432382057,-1363.998813305109
5.61707805203469,-33.41616327883166,27.25507781416101,-25.05345026446088,74.83109839572998,94.58527806676223,169.5277046007191,11.985116953300741,5.426608887289884,5.01357033352574,4.936229365969388,19.828189358669253,26.909296158490896,64.48489743290475,984.0528508439753,1541.6667844768633,-1305.943883241392,-1052.124016017699,-1397.403831643243
5.62374916611074,-32.936320284849295,27.47446418496003,-24.849353139789052,75.02579742767458,95.37656289616692,170.60166037704366,11.990412985504195,5.535083203626573,5.184231908505942,4.792837658439315,19.708910273080075,26.75207959086542,30.757947021487578,967.1314785085765,1528.135200876899,-1273.2746296296184,-1093.4428217200768,-1430.5667921191562
5.630420280186791,-32.45634045336604,27.69815454112414,-24.6384553672232,75.21483015343836,96.16298155235883,171.66924968547488,11.991951921821617,5.641659010834428,5.353369604831172,4.65311517826039,19.585045842238337,26.591189609068202,-3.095562644044023,949.903671353203,1514.2563532457507,-1239.9446212816852,-1134.6030584312512,-1463.4799206633138
5.637091394262842,-31.976374440374297,27.92607221512004,-24.42081871039884,75.39834489781413,96.94435086156994,172.7303260530414,11.989720419343078,5.746302640571758,5.520945179693847,4.517134452096919,19.456614412571305,26.42665441699236,-37.06251453588549,932.3766863766778,1500.0368720929039,-1205.9708088036566,-1175.5918539531528,-1496.135571008541
5.6437625083388925,-31.49657340670401,28.158139207989986,-24.196506448868142,75.57649285065366,97.72048841299717,173.78474415259817,11.983706597077425,5.848981235806244,5.686921132134867,4.384966105159516,19.323635759830065,26.258503061469042,-71.12972956852401,914.5578598622117,1485.4834707446184,-1171.3704436889675,-1216.396370606937,-1528.5262270374535
5.650433622414943,-31.017088959372856,28.39427622199972,-23.965583348224268,75.7494279900952,98.49121261593314,174.8323598362758,11.973900042557581,5.949662759446027,5.851260712072843,4.25667882817019,19.18613108498483,26.086765417669582,-105.28397190216512,896.4546040609911,1470.6029421239377,-1136.1610707534714,-1257.003810027648,-1560.6445050572718
5.657104736490994,-30.538073092683625,28.634402693624665,-23.728115629871443,75.91730700448458,99.25634275672199,175.87303016833923,11.96029181785481,6.048316002600949,6.013927928974053,4.13233934517593,19.0441230095878,25.911472174258726,-139.51195427152618,878.074403857771,1455.4021555110328,-1100.3605204350679,-1297.4014179484045,-1592.4831560011585
5.663775850567045,-30.059678129092926,28.878436826858987,-23.484170940455492,76.08028921302667,100.01569905551885,176.9066134574487,11.942874464999106,6.144910592472289,6.174887560161412,4.012012382226199,18.897635570604663,25.732654818307402,-173.8003433377612,859.4248134200234,1439.8880532854387,-1063.9869009613328,-1337.5764889721502,-1624.0350675553432
5.670446964643095,-29.582056659874844,29.126295626833475,-23.23381832096862,76.23853648519982,100.76910272283189,177.93296928831091,11.921642010803405,6.239416999868947,6.334105158760072,3.8957606369280593,18.74669421471639,25.550345619972866,-208.1357650613679,840.5134528320914,1424.067647651624,-1027.0585903884141,-1377.5163713290883,-1655.2932662112703
5.677118078719146,-29.105361485603346,29.377894933726363,-22.97712817554389,76.39221315896926,101.51637601582576,178.95195855271348,11.896589971089318,6.3318065463486874,6.491547061278226,3.783644748893699,18.591325792092935,25.36457761695517,-242.50481009382543,821.3480047159297,1407.9480173494726,-989.5942285147203,-1417.2084716178338,-1686.2509192420698
5.683789192795197,-28.629745556477705,29.633149456952847,-22.71417223995314,76.541485957836,102.25734229436507,179.96344347993204,11.867715354312464,6.422051410982937,6.647180394821285,3.6757232710935956,18.431558549640823,25.175384598737796,-276.89403918577204,801.9362108398951,1391.5363043511516,-951.6127086728326,-1456.6402595284076,-1716.9013366026975
5.690460306871247,-28.1553619125148,29.89197280961733,-22.445023549824025,76.68652390675805,102.9918260767774,180.9672876665032,11.835016664585678,6.510124636744063,6.800973083938276,3.5720526421292917,18.267422123726597,24.982801090621646,-311.28998860945916,782.2858687171781,1374.839710545948,-913.1331694033004,-1495.799272545119,-1747.2379727531104
5.697131420947297,-27.68236362363242,30.154277543214203,-22.16975640858994,76.8274982469792,103.71965309531429,181.9633561053535,11.798493904098612,6.59600013651378,6.952893857098876,3.472687159437945,18.098947532378748,24.786862337560397,-345.67917559329567,762.4048281953137,1357.8654944145242,-874.1749860137929,-1534.6731206274833,-1777.2544284038966
5.703802535023349,-27.21090372964791,30.41997518256132,-21.88844635518838,76.96458234980524,104.4406503512901,182.9515152142787,11.758148574932559,6.6796526987120455,7.102912252800263,3.3776789534417446,17.926167166970355,24.5876042878061,-380.04810376621134,742.3009880383488,1340.6209676941698,-834.7577620273682,-1573.2494908672465,-1806.9444521838147
5.7104736490994,-26.741135180216283,30.68897626095113,-21.60117013152217,77.09795162936386,105.154646169877,183.93163286376353,11.713983680269486,6.7610579925455765,7.250998625302711,3.287077962654185,17.749114783385448,24.38506357637393,-414.38326860960683,721.9822925031696,1323.1134920365591,-794.9013205235381,-1611.5161521196453,-1836.301942228735
5.717144763175449,-26.273210774732018,30.961190355504545,-21.308005649698522,77.22778345438759,105.86147025453678,184.9035784041368,11.666003724994562,6.840192572875375,7.397124149993197,3.200931909754643,17.567825492671886,24.179277508334305,-448.67116291465805,701.456727911482,1305.3504756595155,-754.625695375854,-1649.4609596070402,-1865.3209476915088
5.723815877251501,-25.807283102218943,31.23652612271153,-21.00903195906106,77.35425705905934,106.5609537410679,185.86722269205495,11.614214715691743,6.917033884703107,7.541260828376617,3.1192862786431923,17.38233575118406,23.97028404194206,-482.8982822426936,680.7323192190183,1287.3393699943629,-713.9511223899315,-1687.0718594930202,-1893.9956701723536
5.730486991327552,-25.34350448123241,31.51489133414405,-20.704329213029276,77.47755345295823,107.25292925124779,186.82243811630596,11.55862416003216,6.991560267275779,7.6833814926939,3.042184292485705,17.19268335021873,23.75812177161051,-517.051130386441,659.8171265834062,1269.0876663303088,-672.8980303456258,-1724.3368934251778,-1922.3204650693538
5.737158105403601,-24.88202689979813,31.796192912325502,-20.3939786357608,77.5978553301477,107.9372309460505,187.76909862292976,11.499241065555363,7.0637509578089,7.823459810167013,2.969666892760288,16.998907405147605,23.542829910740192,-551.1162248298568,638.7192419322644,1250.602892457439,-631.4870319473639,-1761.24420304467,-1950.289842848731
5.743829219479653,-24.42300195541197,32.080336966741704,-20.078062488651007,77.71534697744389,108.61369457841916,188.70707973964826,11.436075937843661,7.133586094828049,7.9614702868706475,2.9017727193146334,16.801048344050393,23.324448274410443,-585.0801022043158,617.4467855329892,1231.8926093097832,-589.7389146865032,-1797.7820344607733,-1977.8984702345867
5.750500333555704,-23.96658079512482,32.367228829977556,-19.756664036685454,77.83021418190768,109.28215754557348,189.6362585996,11.369140778090213,7.20104672112939,8.097388271230875,2.8385380914444296,16.59914789585254,23.10301726194377,-618.9293237388841,596.0079025657794,1212.9644076100385,-547.6746316198032,-1833.9387426885755,-2005.1411713178375
5.7571714476317535,-23.51291405573709,32.656773093965214,-19.42986751465941,77.94264413759873,109.94245894083288,190.55651396437452,11.298449080061442,7.2661147863592435,8.231189957150741,2.779996990001112,16.393249077971493,22.87857783935082,-652.6504807024645,574.4107597013249,1193.8259045173597,-505.3152920678919,-1869.7027960480561,-2032.0129285841217
5.763842561707805,-23.062151804126835,32.948873646327336,-19.097758093279968,78.05282535163464,110.59443960493488,191.46772624634195,11.224015826455005,7.328773149213564,8.362852386763505,2.726181040538367,16.183396183476237,22.65117152166603,-686.2301998355464,552.6635416846998,1174.484740279792,-462.68215223790577,-1905.0627805227289,-2058.508883860504
5.770513675783856,-22.614443477735687,33.24343370680123,-18.760421845165144,78.16094754959603,111.23794217683049,192.36977753027296,11.145857484654478,7.389005579257911,8.492353452813871,2.677119497505035,15.969634767764443,22.42084035518212,-719.6551487693432,530.7744479268978,1154.9485748927898,-419.79660577430246,-1940.0074040761126,-2084.6243391807907
5.777184789859906,-22.16993782523682,33.54035586372785,-18.417945710755465,78.2672015803209,111.87281114393625,193.2625515942468,11.063992001882315,7.446796758369115,8.619671900668322,2.632839229492751,15.752011634762203,22.18762689959341,-752.9120414300522,508.7516891055242,1135.2250847653568,-376.68017424210734,-1974.5255009242355,-2110.354757569422
5.783855903935957,-21.728782847408947,33.839542110591275,-18.070417464152147,78.37177932012871,112.49889289182465,194.1459339298419,10.978438799752913,7.502132281799411,8.744787329955052,2.593364705544981,15.530574822651158,21.951574210056048,-785.987643426057,486.60348377605806,1115.3219593952347,-333.3544975465925,-2008.606035762488,-2135.6957637437913
5.790527018012008,-21.29112573824019,34.140893882593105,-17.71792567889722,78.47487357651838,113.11603575333388,195.01981176160746,10.88921876822765,7.554998658864523,8.867680195834925,2.5587179825347146,15.30537358912834,21.712725819174935,-818.8687774158149,464.33805499516694,1095.2468980546414,-289.8413242937002,-2042.238107945076,-2160.643144735034
5.797198132088059,-20.857112826286155,34.44431209324684,-17.36055969371011,78.57667799138224,113.72409005707807,195.88407406581229,10.796354258974391,7.605383313256986,8.988331809904505,2.528918693616996,15.076458396204057,21.47112571892615,-851.5423284542255,441.963626957515,1075.0076064880213,-246.1625020953932,-2075.410955615374,-2185.192850427259
5.803869246164108,-20.42688951630513,34.749697170977555,-16.99840957819526,78.67738694377954,114.32290817534054,196.7386115884693,10.699869078133737,7.65327458298644,9.10672434073275,2.5039840377622635,14.843880894543238,21.226818342523742,-883.9952493153189,419.4884216474736,1054.6117936232317,-202.33996782413513,-2108.1139597855426,-2209.340994015308
5.81054036024016,-20.00060023119529,35.056949095711346,-16.631566098535956,78.77719545231312,114.91234457133025,197.58331686263367,10.599788478494997,7.698661719948473,9.222840814032814,2.483928770375877,14.607693907356229,20.979848546240518,-916.2145657889819,396.9206555072034,1034.0671682976654,-158.3957378208978,-2140.3366483636846,-2233.0838523811126
5.817211474316211,-19.578388354256372,35.36596743544061,-16.260120683188095,78.87629907715169,115.49225584578542,198.41808422497087,10.496139151084714,7.741534889123994,9.336665112470723,2.4687651950087015,14.367951413844715,20.73026159119117,-948.1873819496419,374.2685361224615,1013.3814360006673,-114.3518980608272,-2172.068700126968,-2256.4178663888006
5.8238825883922605,-19.160396171799963,35.67665138274947,-15.884165388589187,78.97489382174282,116.06250078290536,199.2428098315972,10.388949216171067,7.781885167411197,9.448181975112849,2.4585031561633293,14.124708532209011,20.478103125087276,-979.9008853946699,351.5402589275712,992.5622956337257,-70.23059428100935,-2203.299948639062,-2279.3396410987275
5.830553702468312,-18.746764816131332,35.988899791285505,-15.50379286489645,79.0731760342592,116.62294039559347,200.05739167318762,10.278248213687622,7.819704542092148,9.557376996514133,2.453150033199786,13.878021502222966,20.22341916397289,-1011.3423524503813,328.74400393091656,971.6174362898043,-26.054022074575403,-2234.0203861103146,-2301.8459459006135
5.837224816544363,-18.33763420892639,36.30261121216251,-15.119096321768675,79.1713423088245,117.17343796999408,200.8617295893539,10.164067093080183,7.854985908936793,9.664236625449568,2.4527107353444064,13.627947667382859,19.966256073949914,-1042.4991533434506,305.88793246236077,950.5545340532543,18.155583044359457,-2264.2201671990797,-2323.9337145661216
5.843895930620413,-17.933143005026107,36.61768393028036,-14.730169494206011,79.26958938655997,117.71385910930697,201.65572528228998,10.046438202580637,7.887723069946317,9.768748163290836,2.4571876978046863,13.374545456637135,19.706660552902118,-1073.358757335666,282.9801839439119,929.381248821644,62.37595560074598,-2293.8896127526755,-2345.600045221057
5.850567044696464,-17.53342853667207,36.934016000547295,-14.337106608461573,79.36811405649864,118.24407177686152,202.43928232968673,9.925395277912054,7.917910730738964,9.870899762030994,2.4665808789927395,13.11787436570346,19.444679612226565,-1103.908737819865,260.02887268500115,908.1052211509018,106.58481013910666,-2323.019213486431,-2366.842200237628
5.857238158772514,-17.13862675820535,37.25150528399043,-13.940002348039421,79.46711305641026,118.76394633843516,203.21230619691516,9.800973430429453,7.945544497580895,9.970680421959702,2.480887758859339,12.857994937980388,19.18036055858153,-1134.1367773749548,237.04208470370017,886.7340691251225,150.7598512201685,-2351.599633599325,-2387.6576060470557
5.863909272848566,-16.748872191250893,37.570049483740576,-13.538951819792162,79.5667829735819,119.27335560380041,203.97470424848038,9.67320913470083,7.970620874065157,10.068079988991892,2.500103338340239,12.594968745060415,18.913750975659593,-1164.0306727779896,214.02787457517087,865.2753852523608,194.8787834292471,-2379.621714324778,-2408.0438528730065
5.870580386924616,-16.364297870410738,37.88954618087672,-13.134050520132767,79.66732014559896,119.772174867483,204.7263857587456,9.542140215533529,7.993137257441848,10.163089151652787,2.5242201399156077,12.32885836685215,18.644898705994944,-1193.5783399711445,190.9942623086845,843.7367333877748,238.91932139185715,-2407.0764774150925,-2427.9986943862586
5.877251501000666,-15.98503528948708,38.209892870117166,-12.725394301373571,79.76892056117036,120.26028194871758,205.46726192192983,9.407805834450825,8.013091934602619,10.255699437722392,2.5532282092833323,12.059727371318639,18.373851832813184,-1222.7678189816431,167.94923025443708,822.1256456853711,282.8591997922955,-2433.955128558183,-2447.520047281089
5.883922615076718,-15.611214348257873,38.53098699534266,-12.313079338206606,79.87177976104316,120.73755723058402,206.1972458613789,9.2702464756243,8.030484077723024,10.345903210542655,2.5871151181461145,11.787640293839747,18.100658661932755,-1251.5872787925387,144.90072004146944,800.449619579695,326.6761833906491,-2460.2490607251684,-2466.6059907739186
5.890593729152768,-15.242963299825792,38.852725984938694,-11.897202094338102,79.97609273905104,121.20388369831124,206.91625263811463,9.12950393126738,8.045313739566174,10.43369366499088,2.625865968112145,11.512662616206086,17.82536770372621,-1280.02502216241,121.85662954789261,778.7161147986925,370.3480770339002,-2485.9498574474883,-2485.2547660247837
5.897264843228819,-14.880408698563231,39.175007286942815,-11.477859289291175,80.08205384334161,121.65914697673216,207.6241992586619,8.985621286496034,8.057581848451456,10.519064823122749,2.6694633957081986,11.234860745252767,17.548027655150328,-1308.069490391901,98.82480990469719,756.9325504090538,413.8527356565804,-2511.0492960221786,-2503.464775482207
5.90393595730487,-14.523675348673297,39.497728403984034,-11.055147865389186,80.18985667782592,122.1032353668767,208.32100468215936,8.838642903662496,8.067290202891932,10.602011529488664,2.7178875785039707,10.954301991140666,17.268687381853077,-1335.7092680352391,75.81306253430004,735.1063018952174,457.168074266719,-2535.5393506440314,-2521.234582152129
5.91060707138092,-14.172886253388672,39.82078692800093,-10.629164954933186,80.29969400389564,122.53603988168855,209.0065898267539,8.68861440616827,8.074441465904506,10.682529446127262,2.7711162423455797,10.671054545293655,16.987395900366174,-1362.9330875547223,52.82913622505268,713.2446982733021,500.2720779125378,-2559.412195463341,-2538.562908791542
5.917278185456971,-13.828162564828219,40.144080574725834,-10.200007847585969,80.41175764245195,122.9574542808519,209.6808775752862,8.53558266176288,8.079039158996867,10.760615047240037,2.8291246696960823,10.385187457999928,16.70420236039131,-1389.7298339163185,29.880724242849407,691.3550192411199,543.1428116255859,-2582.6602075680294,-2555.448637027574
5.923949299533022,-13.489623534532894,40.46750721792143,-9.767773957975873,80.52623837629042,123.36737510471552,210.3437927802675,8.379595765335106,8.081087655835452,10.836265613551216,2.8918857090798693,10.09677061568621,16.419156027188706,-1416.088549124412,6.9754614810254,669.444492365509,585.7584303357727,-2605.275969888859,-2571.890806402736
5.9306204136090725,-13.157386464700144,40.790964923358025,-9.332560793532304,80.64332585288601,123.76570170730011,210.99526226815513,8.22070302120336,8.08059217559861,10.90947922635694,2.9593697856277594,9.805874717873094,16.132306264075535,-1441.9984366939132,-15.879078350382038,647.5202903080766,628.0971887540829,-2627.252274026644,-2587.888613347121
5.937291527685123,-12.831566660136941,41.11435198251835,-8.89446592256574,80.76320848762171,124.15233628837747,211.63521484292826,8.058954924912507,8.077558776019556,10.9802547612682,3.0315449127189433,9.512571253820543,15.843702515042986,-1467.448866057845,-38.67538549486314,625.5895280905438,670.1374512184701,-2648.582123000241,-2603.441410078359
5.943962641761174,-12.512277380951645,41.4375669460177,-8.453586942604336,80.88607336750556,124.52718392460882,212.26358128897175,7.894403144544264,8.071994346123583,11.048591881651992,3.1083767047152975,9.216932478872314,15.553394287499382,-1492.4293769086003,-61.406016878087634,603.659260400784,711.8577014985935,-2669.25873391422,-2618.54870343019
5.950633755837225,-12.199629796002954,41.76050865672755,-8.010021448998604,81.01210615541865,124.89015259973019,212.88029437327134,7.727100501548597,8.063906598664262,11.114491031775245,3.1898283907834877,8.919031390508119,15.261431135147488,-1516.929683471112,-84.06359879393361,581.7364789406402,753.2365525551024,-2689.2755405451503,-2633.2101536105315
5.957304869913275,-11.893732937126178,42.08307628259033,-7.56386700380695,81.14149099493882,125.24115323377362,213.4852888469261,7.557100951104067,8.053304062263463,11.177953429656288,3.2758608297992753,8.618941704113086,14.967862641003958,-1540.9396787061307,-106.64082954681369,559.8281098166328,794.2527562489996,-2708.626195845397,-2647.4255728899598
5.963975983989326,-11.594693654154469,42.405169349113635,-7.115221104972679,81.27441041578184,125.58009971131322,214.07850144598478,7.384459562014587,8.04019607325998,11.238981059628555,3.3664325263285266,8.316737828473212,14.672738400568234,-1564.4494384419393,-129.13048204933048,537.9410109745542,834.8852129969496,-2727.3045743634657,-2661.194924221531
5.970647098065377,-11.302616570754244,42.72668777153259,-6.664181155804659,81.41104523990356,125.90690890872436,214.65987089161084,7.209232496151038,8.024592767271903,11.29757666462156,3.461499647678418,8.012494841006593,14.376108005148772,-1587.449225432762,-151.52540637423454,516.0819696790248,875.1129813680947,-2745.304774579865,-2674.5183197929437
5.9773182121414274,-11.017604041091902,43.04753188662894,-6.210844434772115,81.55157448830653,126.22150072044761,215.2293378895839,7.031476987445588,8.006505070477818,11.353743738164221,3.5610160420123798,7.706288462739452,14.078021025353886,-1609.929493342252,-173.81853225974334,494.25770003896685,914.9152876182175,-2762.621121157568,-2687.3960195120494
5.983989326217478,-10.739756107350813,43.36760248419519,-5.755308065625433,81.69617528859256,126.52379808424455,215.78684512914376,6.85125132044759,7.985944690622179,11.407486516115652,3.6649332575212443,7.398195033037013,13.77852699475475,-1631.8808906503507,-196.0028715672455,472.4748405800282,954.2715351568681,-2779.2481671061237,-2699.828429426765
5.990660440293529,-10.469170458114753,43.6868008381338,-5.297668987852977,81.84502278330356,126.81372700543872,216.33233728118373,6.6686148084492505,7.9629241077499735,11.458809968128662,3.773200562643174,7.088291484098373,13.47767539372761,-1653.294264481992,-218.07152069050719,450.7399518648559,993.1613139434126,-2795.1806958585594,-2711.8161000804303
5.99733155436958,-10.20594238763575,44.00502873717982,-4.8380239274851,81.99829003909238,127.09121658013011,216.86576099580122,6.483627771190099,7.937456564676316,11.50771978885134,3.885764967324119,6.776655315225501,13.175515633482359,-1674.1606643560258,-240.01766291545488,429.0595141621874,1031.5644098076878,-2810.4137232602216,-2723.359724803733
6.00400266844563,-9.950164756002227,44.32218851523701,-4.37646936825525,82.15614795676612,127.35619901737611,217.38706489921293,6.29635151214912,7.909556057196528,11.554222388872358,4.002571245310222,6.463364566875903,12.872097040284586,-1694.4713458528568,-261.8345707296933,407.4399251656403,1069.460813691138,-2824.9424994687515,-2734.4601379443634
6.010673782521681,-9.701927950224398,44.63818308131699,-3.9131015231286495,82.31876518224094,127.6086096603295,217.89619959004213,6.10684829543363,7.879237324042095,11.598324885415256,4.123561957463155,6.148497794509081,12.56746883987777,-1714.217774199289,-283.5156080808932,385.8874977630921,1106.8307308043682,-2838.7625107644044,-2745.1183130354816
6.017344896597732,-9.461319846252799,44.95291594907134,-3.4480163062084084,82.48630801845205,127.84838700632538,218.39311763498716,5.915181322274382,7.84651583658863,11.640035092787784,4.248677476088579,5.832134042236747,12.26168014211252,-1733.3916277690669,-305.05423258324083,364.40845785749616,1143.6545896968814,-2851.869481269982,-2755.3353609043065
6.024016010673782,-9.228425771945073,45.266291265906794,-2.9813093050288133,82.65894033825589,128.07547272590966,218.87777356387787,5.721414707136113,7.8114077883212145,11.679361512591623,4.377856010268246,5.514352816286915,11.954779925789483,-1751.9848014977538,-326.4439976711527,343.0089422399699,1179.9130512351344,-2864.259374579696,-2765.1125277219003
6.030687124749833,-9.003328470996534,45.578213841674284,-2.513075753244869,82.83682349836761,128.28981168080244,219.35012386413126,5.525613453453233,7.773930084063439,11.716313323698776,4.511033632184815,5.195234058291801,11.646817023722063,-1769.989410210491,-347.67855469951513,321.69499651592577,1215.587017484729,-2875.9283952962687,-2774.451192995545
6.037358238825884,-8.786108067849442,45.88858917692187,-2.043410503727941,83.02011625437088,128.4913519407882,219.81012697461227,5.327843429000402,7.734100328975726,11.750900372000167,4.648144304428952,4.874858118410075,11.337840108025656,-1787.3977918612993,-368.75165498967243,300.47257308505567,1250.657640492902,-2886.8729904756715,-2783.3528675048415
6.044029352901934,-8.576842033595211,46.197323490703056,-1.572408002076027,83.20897467684104,128.68004479952714,220.2577432789115,5.128171340908067,7.691936817329485,11.783133159932872,4.789119908276871,4.553305728293687,11.027897675639439,-1804.202510682579,-389.65715182048183,279.3475291758887,1285.1063309672197,-2897.089850978892,-2791.819191182958
6.050700466977985,-8.375605152883645,46.50432374793129,-1.1001622605477073,83.40355206861857,128.85584478928178,220.69293509804731,4.92666471033271,7.647458521062693,11.813022835791672,4.93389027292716,4.230657973909521,10.717038034086643,-1820.3963602435524,-410.3890023637399,258.3256249356497,1318.9147668467624,-2906.575912730192,-2799.8519309442304
6.057371581054036,-8.182469491852522,46.809497686272074,-0.6267668324278138,83.60399888327247,129.01870969455274,221.11566668260335,4.723391846792238,7.600685078123645,11.84058118283157,5.0823832056843,3.9069962682263446,10.405309287479316,-1835.9723664163755,-430.9412695633408,237.4125215760983,1352.064901761813,-2915.3283578813407,-2807.452978459573
6.064042695130087,-7.99750436709126,47.11275384256453,-0.15231478683370867,83.81046264478982,129.168600564619,221.525904204311,4.518421822176707,7.551636780608727,11.865820608167041,5.234524523076495,3.5824023237775675,10.092759322773256,-1850.9237902487164,-451.3081239575141,216.61377957602116,1384.538973378357,-2923.344615881356,-2814.6243478809624
6.070713809206137,-7.820776315651133,47.41400157876392,0.32310131603031944,84.02308786853031,129.30548172497708,221.92361574708607,4.311824444445065,7.500334562700963,11.888754131474846,5.3902380828945295,3.256958125110461,9.77943579627875,-1865.2441307416132,-471.48384544356304,195.93485694101065,1416.319511623513,-2930.6223644513016,-2821.3681735164982
6.077384923282188,-7.652349066114294,47.71315110739774,0.7993894491626512,84.24201598348046,129.42932078767612,222.3087712975316,4.103670231018184,7.446799988415447,11.909395373506426,5.549445817138562,2.9307459011321275,9.465386120432468,-1878.9271275315093,-491.4628249845295,175.38110752112215,1447.3893467883406,-2937.1595304637585,-2827.6867074573593
6.0840560373582395,-7.492283510733843,48.010113516527284,1.276458142590243,84.46738525584476,129.54008866054357,222.68134273491572,3.894030381879181,7.391055239158279,11.927758544416468,5.712067765858775,2.603848097363115,9.150657450835826,-1891.9667634753366,-511.23956625722917,154.95777938700266,1477.731617504283,-2942.954290726614,-2833.5823171581383
6.0907271514342884,-7.340637678656089,48.30480079420789,1.7542165067241462,84.69933071400979,129.63775955529889,223.04130382063687,3.6829767523916974,7.333123101105641,11.943858431914359,5.878022111875695,2.276347348109132,8.835296673564857,-1904.3572671376305,-530.8086872411723,134.67001326501696,1507.3297785896484,-2948.005072670838,-2839.057482972047
6.09739826551034,-7.197466710236404,48.597125852440385,2.23257425523697,84.937984074914,129.722310994552,223.38863018718598,3.470581825847102,7.273026952409363,11.957710389244719,6.047225216365604,1.9483264485616594,8.5193503927566,-1916.0931151786358,-550.1649217478522,114.52284103191134,1536.1676087626715,-2952.310554941984,-2844.1147956423665
6.104069379586392,-7.062822832459168,48.88700255060702,2.711441727456136,85.18347367186038,129.79372381768317,223.7232993266177,3.256918685751883,7.210790750235976,11.969330323004161,6.219591655295783,1.619868326838284,8.202864918476848,-1927.1690346424425,-569.30312088997,94.52118426948843,1564.2292182175229,-2955.8696678951533,-2848.756953751782
6.110740493662441,-6.936755335472049,49.17434571838538,3.1907299102662368,85.43592438380314,129.8519821856037,224.0452905785418,3.0420609878660785,7.1464390176456,11.978734680800445,6.395034256694445,1.2910560159731959,7.88588625487359,-1937.5800051442204,-588.2182544901542,74.66985287975632,1591.499056060015,-2958.6815939932444,-2852.9867611309696
6.117411607738492,-6.819310550243952,49.459071178134195,3.6703504595144385,85.69545756614343,129.89707358439392,224.3545851176458,2.8260829320042156,7.079996830317727,11.985940438761283,6.573464138739474,0.9619726258689246,7.5684600886209505,-1947.3212609556886,-606.905412428798,54.97354376097584,1617.9619175994935,-2960.745768108316,-2856.8071242281017
6.124082721814543,-6.71053182735655,49.741095766744614,4.1502157209129775,85.96219098306506,129.92898882781822,224.6511659407611,2.6090592336100253,7.011489803130372,11.9909650888991,6.754790748649787,0.6327013152198178,7.250631777657583,-1956.388292987933,-625.3598059306177,35.43683954501436,1643.6029514937197,-2962.061877725941,-2860.2210494407072
6.1307538358905935,-6.610459516937887,50.02033735695174,4.630238750433151,86.23623874144343,129.94772205871567,224.9350178534851,2.3910650951165984,6.940944076599826,11.993826626339091,6.93892190236256,0.3033252634183938,6.932446340223779,-1964.7768506707998,-643.5767687896254,16.064207396366868,1668.407666743374,-2962.629863052472,-2863.231640411558
6.137424949966644,-6.519130949746448,50.29671487810037,5.110333334185381,86.5177112263571,129.95327074926627,225.20612745636865,2.172176177103204,6.868386303187444,11.994543536416948,7.125763824979856,-0.02607235754497279,6.613948444201228,-1972.4829437280948,-661.5517585321751,-3.1400021268097746,1692.3619395331518,-2962.449917025179,-2865.842095290066
6.144096064042695,-6.436580419413413,50.57014833636053,5.590414007780595,86.80671503823466,129.94563570013236,225.46448313068512,1.9524685692606014,6.7938436334806935,11.993134781653607,7.3152211919671855,-0.3554084111781089,6.295182396758949,-1979.5028438478837,-679.2803575178445,-22.171556149356544,1715.4520199162125,-2961.5224852252563,-2868.0557039608766
6.150767178118746,-6.3628391658509305,50.84055883438713,6.070396075167602,87.10335293166426,129.92482103847547,225.71007502378998,1.7320187611765472,6.717343702255239,11.989619788613647,7.5071971710862915,-0.6845998245679209,5.9761921343092785,-1985.8330862472058,-696.7582739778604,-41.02634049316327,1737.664538339001,-2959.8482656937304,-2869.8758452411985
6.157438292194796,-6.297935359832984,51.10786859041961,6.55019562694248,87.4077237558965,129.8908342148502,225.94289503408436,1.5109036129531093,6.63891461442499,11.98401843465443,7.701593465044653,-1.0135636164355708,5.65702121277705,-1991.470471130582,-713.9813429908758,-59.700360628384225,1758.9865120034697,-2957.4282086503586,-2871.3059840485166
6.164109406270847,-6.241894088755793,51.37200095681701,7.0297295581252115,87.71992239706832,129.84368599897525,226.16293679559655,1.2892003256679947,6.558584930887285,11.976351034573076,7.898310354842764,-1.3422169251547318,5.337712798185292,-1996.412065041726,-730.9455273958991,-78.18974256158539,1779.4053510637148,-2954.2635161156136,-2872.34966854036
6.170780520346898,-6.194737343583057,51.63288043802465,7.5089155854003975,88.040039722176,129.7833904743842,226.37019566219206,1.0669864116912395,6.476383654269946,11.966638327158146,8.097246743801515,-1.670477036722797,5.018309657560376,-2000.6552021079344,-747.6469186422307,-96.49073366065835,1798.9088646542934,-2950.355641435944,-2873.0105272277183
6.177451634422948,-6.1564840069823905,51.89043270796829,7.987672263817404,88.36816252482313,129.70996503195803,226.56466869142656,0.8443396648697712,6.392340214587408,11.954901461653122,8.298300202250031,-1.9982614126736287,4.698854150159527,-2004.1974851766392,-764.0817375762498,-114.59970341631539,1817.4852667473835,-2945.7062887124644,-2873.2922660637846
6.184122748498999,-6.127149842657416,52.14458462687252,8.465919002947247,88.70437347277038,129.62343036234105,226.74635462805418,0.6213381305914303,6.306484454812809,11.941161984138708,8.501367012855367,-2.3254877179216566,4.379388219023309,-2007.036786843686,-780.2463351649759,-132.5131441400607,1835.1231818361427,-2940.3174121333486,-2873.1986655096825
6.19079386257505,-6.106747485880343,52.39526425750019,8.943576082493015,89.04875105731261,129.52381044724476,226.915253887204,0.39806007574090835,6.218846616373297,11.925441823841219,8.706342216573956,-2.652073848526198,4.059953382855559,-2009.1712503729318,-796.1371931563318,-150.2276715985406,1851.8116504415702,-2934.191215210187,-2872.7335775789056
6.1974649766511005,-6.095286435229173,52.642400880809454,9.420564667350519,89.4013695445066,129.4111325496413,227.07136853723804,0.1745839585593542,6.1294573245752755,11.907763279373786,8.913119659205755,-2.977937959365659,3.740590728233122,-2010.5992905067897,-811.7509246760465,-167.7400255841914,1867.5401344404436,-2927.3301499185986,-2871.9009228620507
6.204136090727151,-6.0927730455329385,52.88592501102684,9.89680682211759,89.7622989282747,129.285427202852,227.21470228230504,-0.049011601580055984,6.038347573966934,11.888149004917818,9.121592038530506,-3.302998491710974,3.421340902147156,-2011.3195941674214,-827.0842747612325,-185.04707042218638,1882.2985222117586,-2919.736915743498,-2870.7046875336455
6.210807204803202,-6.099210522028116,53.12576841013249,10.372225525048574,90.13160488540592,129.14672819853362,227.3452604446006,-0.2726478544684233,5.945548713644848,11.866621996351489,9.331650952006289,-3.62717420068743,3.10224410487851,-2011.3311210483037,-842.1341208305973,-202.14579541362482,1896.077133599374,-2911.414458629366,-2869.1489203426695
6.217478318879253,-6.114598915729153,53.36186410175697,10.84674468145311,90.50934873247763,128.99507257356854,227.4630499463505,-0.4962459494169736,5.851092432511993,11.84320557733267,9.543186945009019,-3.950384182614582,2.7833400832082527,-2010.6331040959276,-856.8974730913977,-219.03331521504944,1908.8667246884556,-2902.3659698359806,-2867.2377295885713
6.224149432955303,-6.138935120015005,53.59414638448667,11.320289136536665,90.89558738471801,128.83050059586282,227.56807929152802,-0.7197269656604731,5.755010744493852,11.817923385343022,9.75608955959304,-4.272547902213704,2.4646681239653314,-2009.225049881475,-871.3714748831625,-235.70687015429277,1920.6584923936045,-2892.5948847000636,-2864.975280084374
6.230820547031354,-6.1722128684331095,53.82255084457701,11.792784687682271,91.29037331683087,128.65305574905798,227.66035854732053,-0.9430119427958648,5.657335973719907,11.790799357700644,9.970247383751067,-4.5935852196724465,2.146267047912342,-2007.1067388623273,-885.5534029583418,-252.16382648279344,1931.44407885643,-2882.104881303359,-2862.36579010869
6.237491661107405,-6.2144227337225235,54.04701436807175,12.264158096171526,91.69375452580167,128.46278471616318,227.7398993253572,-1.166021911243725,5.5581007396774345,11.761857717548132,10.185548101152362,-4.913416417556047,1.8281752039709205,-2004.2782255333168,-899.440667699978,-268.4016765644533,1941.2155756505465,-2870.899879047681,-2859.4135283482756
6.244162775183456,-6.265552128056397,54.267475152327805,12.734337098344408,92.1057744957033,128.25973736211216,227.80671476271309,-1.3886779227205945,5.457337942344482,11.731122959823121,10.401878541337878,-5.2319622275551625,1.5104304637873962,-2000.7398384676817,-913.0308132765819,-284.4180390012077,1949.9655277920324,-2858.9840371375244,-2856.1228108328755
6.250833889259505,-6.3255853045043064,54.48387271694444,13.203250416197362,92.52647216451999,128.04396671525456,227.86081950270213,-1.6109010807094466,5.355080747309296,11.698619837218484,10.61912473034995,-5.549143857059626,1.1930702166396991,-1996.4921802477306,-926.3215177344154,-300.21065869548335,1957.686937553382,-2846.3617529708554,-2852.4979978640795
6.257505003335557,-6.394503359713782,54.69614791409701,13.670827767419505,92.95588189300652,127.81552894778618,227.90222967547373,-1.8326125709166337,5.251362570882799,11.664373346139,10.837171941775505,-5.86488301554849,0.8761313646858334,-1991.536127285263,-939.3105930274045,-315.77740684975356,1964.3732680792205,-2833.0376604387357,-2848.5434909398987
6.264176117411608,-6.472284237810655,54.90424293827448,14.136999874866447,93.39403343559769,127.57448335512696,227.93096287842536,-2.0537336917025195,5.146217065211264,11.628408712661603,11.055904748179888,-6.179101940785771,0.5596503185545925,-1985.872829531841,-951.9959849849162,-331.1162809034149,1970.018446802008,-2819.016628134484,-2844.263729676764
6.270847231487657,-6.558902735516585,55.1081013354213,14.601698475472517,93.84095191338426,127.3208923342549,227.9470381564455,-2.2741858844739467,5.039678103395952,11.590751378506038,11.275207072909529,-6.4917234248122355,0.24366299327850222,-1979.503710079048,-964.3757732176987,-346.22540440725913,1974.6168686561189,-2804.3037574730993,-2839.663188730654
6.277518345563709,-6.654330508482235,55.30766801148392,15.064856328601673,94.2966577891696,127.0548213610033,227.950475982001,-2.493890764025915,4.931779764626765,11.551426987023062,11.494962242240279,-6.8026708397229205,-0.07179519543087809,-1972.4304646489338,-976.4481709622955,-361.103026835842,1978.1633990887053,-2788.9043807217317,-2834.7463747191277
6.28418945963976,-6.758536078833515,55.50288924036268,15.526407223838277,94.76116684461994,126.77633896633104,227.9412982350825,-2.7127701488207907,4.822556319336454,11.510461369206876,11.715053037849584,-7.111868163221053,-0.38668933456570165,-1964.6550609748613,-988.2115248642676,-375.7475233380719,1980.653376865923,-2772.8240589419847,-2829.5178231458863
6.290860573715809,-6.871484843928536,55.693712671269985,15.986285988218224,95.2344901595212,126.48551671157463,227.91952818302028,-2.930746091192406,4.712042214382402,11.46788052973865,11.935361749588951,-7.419240003938078,-0.7009850168626887,-1956.1797380730436,-999.6643147005777,-390.15739442635754,1982.0826166731279,-2756.0685798449026,-2823.9820953296153
6.297531687791861,-6.993139086321849,55.880087335495865,16.444428492902517,95.71663409315349,126.18242916269143,227.88519046018598,-3.1477409074631426,4.600272058262613,11.423710633068122,12.15577022853405,-7.724711626510534,-1.0146483435029967,-1947.007005405082,-1010.8051530415522,-404.3312656047176,1982.4474115077503,-2738.6439555595184,-2818.1437753387972
6.304202801867912,-7.123457984931979,56.061963652582854,16.900771659294296,96.2076002677945,125.86715386350433,227.83831104759332,-3.363677207961975,4.487280606372573,11.377977989539797,12.376159940289561,-8.02820897640399,-1.3276459264714882,-1937.1396419318853,-1021.6327848528158,-418.2678869362425,1981.7445348636638,-2720.556420315877,-2812.007466934174
6.3108739159439615,-7.262397627408596,56.23929343591141,17.355253464601727,96.70738555436083,125.53977130795796,227.77891725241003,-3.5784779269310305,4.373102746309836,11.330709041570726,12.596412018524664,-8.329658704474587,-1.6399448905767076,-1926.5806950593715,-1032.1460870376739,-431.9661325503678,1979.9712427059258,-2701.812428043477,-2805.5777905205837
6.317545030020013,-7.4099110236940655,56.41202989769841,17.807812946848934,97.21598206019712,125.20036491139706,227.70703768739705,-3.7920663523092566,4.257773483232613,11.281930349886274,12.816407318716996,-8.628988191259106,-1.9515128751325712,-1915.3334794764146,-1042.3440679204023,-445.425000090419,1977.1252752348896,-2682.418649886108,-2798.8593801098095
6.324216144096064,-7.565948120774659,56.580127653410706,18.25839020933693,97.73337711901921,124.84902098087883,227.62270225028627,-4.004366155380681,4.141327925279174,11.231668579820697,13.036026472080563,-8.92612557098392,-2.2623180353029517,-1903.401575885528,-1052.2258666709433,-458.6436101019104,1973.2048584387635,-2662.3819716341072,-2791.8568802961277
6.3308872581721145,-7.730455818615574,56.7435427255962,18.70692642455781,98.25955328301983,124.48582868452873,227.52594210311145,-4.215301420275789,4.023801269054348,11.1799504876889,13.255149939654915,-9.22099975528408,-2.5723290431108,-1890.788829626839,-1061.7907526715328,-471.6212053621277,1968.2087054337844,-2641.709491075073,-2784.574943246202
6.337558372248165,-7.903377987273468,56.90223254713581,19.15336383756484,98.79448831714176,124.11088001995448,227.4167896515058,-4.424796673313742,3.9052287851898373,11.126802907236089,13.473658066530907,-9.513540456623113,-2.8815150881134532,-1877.4993491959472,-1071.0381248258348,-484.35715015155637,1962.1360175912603,-2620.408515264141,-2777.0182257050246
6.344229486324216,-8.084655485180312,57.056155963918854,19.59764576880219,99.33815519552425,123.72426978172744,227.29527852397808,-4.632776912174242,3.7856458039842935,11.072252736171578,13.691431136190397,-9.803678211405218,-3.18984587774614,-1863.5375046562788,-1079.9675108111421,-496.85092946771834,1954.9864854508376,-2598.486557714898,-2769.1913860194823
6.350900600400267,-8.274226178591132,57.205273236945246,20.039716616397023,99.89052210012574,123.32609552794597,227.16144355118314,-4.8391676348868,3.665087701129824,11.016326922793189,13.908349424935306,-10.091344402770481,-3.4972916373354277,-1848.907925946643,-1088.5785662742485,-509.102148182014,1946.7602894194538,-2575.951335512123,-2761.0990811812176
6.357571714476316,-8.472024962188382,57.34954604385835,20.479521857918286,100.45155242152723,122.91645754589237,227.01532074519707,-5.043894868626236,3.54358988353092,10.959052452708471,14.124293256382702,-10.376471283065028,-3.8038231097851107,-1833.6155010846746,-1096.8710739716212,-521.1105301402065,1937.4581002555049,-2552.81076634749,-2752.7459638903606
6.364242828552368,-8.677983780834712,57.48893747991219,20.917008051606082,101.02120476191705,122.49545881679761,226.8569472788121,-5.246885198302401,3.4211877752221422,10.900456335659188,14.33914305600132,-10.658991995977063,-4.10941155493684,-1817.6653742669619,-1104.8449428545446,-532.8759172072081,1927.081079337858,-2529.072965479484,-2744.1366796418088
6.370913942628419,-8.892031652465826,57.62341205837693,21.352122837075882,101.59943294025999,122.06320497972622,226.6863614648636,-5.44806579493327,3.2979168033904736,10.84056559245493,14.552779405666506,-10.938840598331073,-4.414028748608211,-1801.062943866638,-1112.5002070999024,-544.3982682568443,1915.6308787194398,-2504.74624261875,-2735.275863835565
6.3775850567044685,-9.11409469211449,57.75293571038727,21.784814935501927,102.18618599964925,121.61980429459643,226.5036027356022,-5.647364443789535,3.173812384508438,10.77940724202216,14.765083098208818,-11.21595208153143,-4.717646981310855,-1783.8138603292923,-1119.8370250872902,-555.677658107289,1903.109640965232,-2479.8390987401226,-2726.168138912746
6.38425617078052,-9.344096137056363,57.877475784237866,22.215034149284428,102.78140821684124,121.16536760434862,226.3087116221224,-5.844709572299628,3.048909910583968,10.717008288574569,14.975935191932741,-11.49026239264748,-5.020239056651534,-1765.9240239680887,-1126.855678323191,-566.7142764029061,1889.5199987745896,-2454.3602228226923,-2716.8181115188177
6.390927284856571,-9.581956373067781,57.99700104413107,22.64273136120656,103.38503911397268,120.70000829627725,226.10172973386284,-6.040030277704291,2.9232447355326303,10.653395708910677,15.18521706508151,-11.761708455132597,-5.321778289419812,-1747.3995826590142,-1133.5565703129898,-577.5084264432808,1874.8650743878584,-2428.3184885191636,-2707.2303696955905
6.3975983989326215,-9.827592961785111,58.11148166838143,23.067858533084486,103.99701347245438,120.22384226254134,225.88269973818893,-6.233256354448954,2.7968521616783826,10.588596439844643,15.392810470223681,-12.030228189168454,-5.622238503364531,-1728.2469294372593,-1139.9402253815447,-588.0605239601559,1859.1484787774614,-2401.7229507559505,-2697.409480103531
6.404269513008672,-10.080920669155377,58.22088924708289,23.490368703917962,104.61726134904163,119.73698785986774,225.65166534007017,-6.424318321303781,2.669767426388068,10.522637365775775,15.59859758853809,-12.295760531628,-5.921594028663754,-1708.4726999956915,-1146.0072874431555,-598.3710958431369,1842.3743106235904,-2374.5828422653,-2687.359985275825
6.410940627084722,-10.341851494966432,58.325196779243605,23.910215987546295,105.24570809407483,119.23956586846333,225.40867126186563,-6.613147448200105,2.5420256888455235,10.455545306402643,15.802461083972771,-12.558245455649015,-6.219819699091189,-1688.0837700865172,-1151.758518721748,-608.4407788149729,1824.5471550748107,-2346.907570050929,-2677.0864009057977
6.417611741160774,-10.610294703445932,58.42437866939397,24.327355569814358,105.88227437188343,118.73169945015158,225.1537632232278,-6.799675782772498,2.4136620169707426,10.387347004587133,16.004284157254414,-12.817623989810864,-6.516890848882416,-1667.0872528271914,-1157.1947984220276,-618.270318057199,1805.6720822940188,-2318.706711788574,-2666.593213168987
6.424282855236824,-10.886156854916056,58.51841072367477,24.7417437052578,106.52687618335084,118.21351410574972,224.88698792113874,-6.983836176596207,2.2847113744894214,10.318069114374177,16.203950599723715,-13.07383823690782,-6.812783309306218,-1645.490495911745,-1162.3171213526211,-627.8605657871469,1785.7546457901356,-2289.990012162937,-2655.8848760815526
6.430953969312874,-11.169341838492622,58.607270145410084,25.153337713310073,107.17942489062762,117.68513763170283,224.60839301008915,-7.165562311109135,2.1552086081582886,10.247738189172242,16.40134484697391,-13.326831392311302,-7.107473404943376,-1623.3010787286519,-1167.1265965018972,-637.2124797870454,1764.8008805362142,-2260.7673791425186,-2644.965808896194
6.437625083388926,-11.4597509058151,58.69093553017253,25.562095974040822,107.83982724398932,117.14670007599042,224.31802708241173,-7.344788723208415,2.0251884351513008,10.176380670100015,16.596352032267898,-13.576547761914794,-7.4009379496787435,-1600.5268093864754,-1171.6244455675137,-646.3271218862609,1742.8173008745557,-2231.0488801938263,-2633.8403935371853
6.444296197464976,-11.757282705794353,58.769386860346984,25.967977923431224,108.50798541082722,116.59833369332453,224.0159396487809,-7.521450830511172,1.8946854306118603,10.10402287450443,16.78885803971071,-13.822932779654545,-7.693154242410285,-1577.175721648535,-1175.8120014405515,-655.2056563975592,1719.8108982096144,-2200.844738436546,-2622.5129720758227
6.450967311541027,-12.061833320364993,58.84260549919886,26.370944048192204,109.18379700676071,116.04017289965411,223.7021811188901,-7.695484956269315,1.763734015376135,10.03069098465501,16.978749557153893,-14.065933024599333,-7.984100062479158,-1553.256071777854,-1179.6907066451256,-663.849348508285,1695.7891384895863,-2170.165328741182,-2610.9878442476015
6.457638425617078,-12.373296301227368,58.91057418445547,26.770955880135425,109.8671551288638,115.47235422599448,223.37680278231693,-7.86682835392885,1.6323684438722044,9.956411036619642,17.16591412880774,-14.30549623760352,-8.273753664827113,-1528.7763352937504,-1183.2621117345577,-672.25956262758,1670.7599594775556,-2139.0211737708214,-2599.269265012609
6.464309539693128,-12.691562707565799,58.97327702140569,27.16797599010097,110.55794839098898,114.8950162715989,223.03985678958833,-8.035419231323457,1.5006227921999937,9.881208909326416,17.350240207538903,-14.541571337516698,-8.562093774884097,-1503.745203641376,-1186.5278736449295,-680.4377606904496,1644.731767813324,-2107.4229399685632,-2587.3614421602606
6.470980653769179,-13.016521144727355,59.030699475526724,27.561967981452163,111.25606096117933,114.30829965649073,222.69139613345462,-8.2011967744932,1.368530946396528,9.805110313816467,17.531617206829527,-14.77410843694444,-8.849099583192709,-1478.1715807756311,-1189.4897540071313,-688.385500419841,1617.713435866974,-2075.3814334922845,-2575.2685339598156
6.47765176784523,-13.348057803846707,59.08282836464487,27.95289648314402,111.96137260115282,113.71234697337283,222.3314746303848,-8.364101171118753,1.2361265908910435,9.728140782692213,17.709935552375146,-15.003058857554288,-9.134750739774011,-1452.0645796608453,-1192.1496174183626,-696.1044335476876,1589.7142983854308,-2042.907596098362,-2562.994646857848
6.484322881921281,-13.686056502400692,59.12965185063797,28.340727142372604,112.67375870784366,113.1073027389349,221.96014690229234,-8.524073633561532,1.1034431971547414,9.650325659765786,17.88508673329803,-15.228375144920934,-9.419027348239497,-1425.4335186877454,-1194.5094296741004,-703.5963039959674,1560.7441489333705,-2010.0125009760889,-2550.543833223962
6.490993995997331,-14.030398725677454,59.17115943068748,28.72542661681484,113.39309035698604,112.4933133445749,221.57746835850108,-8.681056421501232,0.9705140125490137,9.571690089911748,18.056963352953765,-15.450011082905942,-9.701909959655678,-1398.2879180091224,-1196.571255961605,-710.8629460188741,1530.8132361297967,-1976.707348534378,-2537.920089145912
6.497665110073382,-14.380963669143156,59.20734192808857,29.106962566466386,114.11923434872335,111.87052700655441,221.1834951779622,-8.834992864161418,0.8373720493766903,9.49225900912851,18.2254591793078,-15.667921707566418,-9.983379566166308,-1370.6374957957867,-1198.3372590160288,-717.9062823071758,1499.9322596818397,-1943.0034621425382,-2525.1273522753645
6.504336224149433,-14.737628281690364,59.23819148262532,29.48530364508493,114.85205325522364,111.23909371560711,220.7782842917307,-8.985827382114335,0.7040500741404275,9.412057134812601,18.390469194860266,-15.88206332058738,-10.263417594377318,-1342.4921644143321,-1199.809697240121,-724.7283220557914,1468.1123662173704,-1908.9122838268152,-2512.1694997253717
6.511007338225483,-15.100267309750052,59.263701540521346,29.86041949125011,115.59140547028541,110.59916518601919,220.36189336571172,-9.13350550865665,0.5705805970119643,9.331108956249741,18.551889646095642,-16.092393502233598,-10.542005898511952,-1313.862026528335,-1200.9909227887656,-731.3311589958481,1435.3651449180472,-1874.4453699244668,-2499.0503460208133
6.517678452301534,-15.46875334225095,59.283866843972,30.232280719045686,116.33714526091154,109.95089480420073,219.93438078368538,-9.277973910747372,0.4369958615164287,9.24943872532672,18.709618092436532,-16.298871123815665,-10.819126753339958,-1284.7573711245732,-1201.8833796192744,-737.7169693921626,1401.7026229546277,-1839.6143866971076,-2485.7736411027468
6.524349566377585,-15.8429568564079,59.29868342026872,30.600858908375304,117.08912282083293,109.29443757676842,219.49580563061846,-9.419180409499942,0.30332783443515243,9.167070447467689,18.863553454678655,-16.501456359666328,-11.094762846888631,-1255.188669465933,-1202.4896015086945,-743.8880100074414,1367.1372607263208,-1804.4311059051133,-2472.343068387849
6.5310206804536355,-16.222746264321295,59.30814857052387,30.966126594920183,117.84718432596121,108.62995007815782,219.0462276762729,-9.557074000220407,0.16960819593069337,9.084027872798675,19.01359606288574,-16.70011069862273,-11.36889727294116,-1225.1665709726885,-1202.8122100391988,-749.8466160342977,1331.6819469061604,-1768.9074003448816,-2458.7622428839545
6.537691794529686,-16.607987960369645,59.31226085800389,31.328057259746735,118.61117199174474,107.95759039778731,218.58570735911783,-9.691604871983579,0.03586832989772619,9.000334487543757,19.15964770372311,-16.894796955010218,-11.641513523328047,-1194.7018990338454,-1202.8539125526518,-755.5951989962061,1295.3499932944223,-1733.0552393507385,-2445.0347093626306
6.544362908605737,-16.99854636937592,59.31102009608172,31.686625318575626,119.38092413240994,107.27751808679129,218.11430577055526,-9.82272442673976,-0.09786068545711486,8.916013505656272,19.301611667208014,-17.085479279124407,-11.912595480019258,-1163.8056467503297,-1202.6175000756177,-761.1362446186985,1258.1551294821732,-1696.8866842633552,-2431.163940589887
6.551034022681788,-17.394283995529513,59.30442733581656,32.04180611072025,120.15627522206145,106.58989410434455,217.63208463946515,-9.950385297944589,-0.2315480868031299,8.831087860688294,19.439392792856545,-17.272123167207564,-12.182127407022724,-1132.4889726117199,-1202.1058452158763,-766.4723106718943,1220.1114973271183,-1660.4138838664358,-2417.1533356158425
6.557705136757838,-17.795061472044036,59.29248485317017,32.39357588770407,120.93705595761564,105.89488076359736,217.1391063170792,-10.074541368704278,-0.36516343463783224,8.745580197901596,19.572897515205867,-17.454695470915777,-12.450093942095569,-1100.7631961083791,-1201.3219000316278,-771.6060247855888,1181.2336452441011,-1623.6490697935988,-2403.00621812432
6.564376250833889,-18.200737611531796,59.275196135870104,32.741911801567866,121.72309332354551,105.19264167724145,216.63543376218973,-10.195147789429933,-0.4986766220011489,8.659512866622926,19.702033908691607,-17.633164406274165,-12.71648008827587,-1068.6397932807527,-1200.2686938746278,-776.540082238175,1141.5365223124722,-1586.6045519072397,-2388.7258348432365
6.57104736490994,-18.61116945707465,59.252565869928695,33.08679189287542,122.51421065840621,104.48334170272872,216.12113052670105,-10.312160994993068,-0.6320578829481325,8.572907912846603,19.82671173185963,-17.807499562116472,-12.981271205240617,-1036.130392207728,-1198.9493312083898,-781.2772437205632,1101.0354722029474,-1549.2927136513144,-2374.3153540166154
6.57771847898599,-19.026212333971692,59.224599925827874,33.4281950784281,123.31022772311867,103.76714688716174,215.59626074153013,-10.425538721376634,-0.765277800777916,8.485787072087023,19.946842470893078,-17.977671908006858,-13.244453000497359,-1003.2467684358747,-1197.3669894026675,-785.8203330763642,1059.7462269262867,-1511.726007379855,-2359.7778639390654
6.584389593062041,-19.445719902143157,59.19130534437952,33.766101138699,124.11096077098053,103.0442244118777,215.06088910286306,-10.535240021814548,-0.898307316016229,8.398171762483646,20.06233938243424,-18.14365380164098,-13.506011520416745,-970.0008403514731,-1195.5249165054581,-790.1722350196085,1017.6849004064923,-1473.916949663129,-2345.1163715534617
6.591060707138092,-19.86954420916998,59.15269032227118,34.1004907049951,124.91622261937624,102.31474253674708,214.5150808587737,-10.6412252824133,-1.03111773414878,8.310083078161034,20.173117535682476,-18.305418995723848,-13.76593314111201,-936.4046644972656,-1193.426428993673,-794.3358928311841,974.8679818812124,-1435.8781165733633,-2330.3338011125797
6.5977318212141425,-20.297535743948313,59.10876419730737,34.43134524636,125.72582272315873,101.57887054420661,213.95890179620974,-10.743456237250323,-1.163680733103722,8.221541782846002,20.279093853748762,-18.4629426443228,-14.024204559174015,-902.4704308358138,-1191.0749095037834,-798.3143060353541,931.3123291319877,-1397.6221389518669,-2315.432992905418
6.604402935290193,-20.729543490937434,59.059537433356496,34.75864705622534,126.53956724966918,100.8367786830496,213.39241822835308,-10.841895982942386,-1.295968370480431,8.132568303744302,20.380187154248148,-18.616201308692958,-14.280812782267652,-868.2104579615032,-1188.4738045436077,-802.1105280575475,887.0351615473425,-1359.1616976595603,-2300.41670204884
6.611074049366244,-21.1654149849805,59.00502160501334,35.082379238822966,127.35725915536777,100.0886381119928,212.81569698235901,-10.936508992679165,-1.4279530905231035,8.043182725678585,20.476318189111897,-18.765172962573985,-14.535745119597948,-833.6371882630724,-1185.6266221865021,-805.7276638647405,842.0540530214366,-1320.5095188127161,-2285.2875973451996
6.6177451634422955,-21.604996366675987,58.94522938198785,35.4025256953678,128.1786982640419,99.33462084304215,212.2288053874791,-11.027261129716265,-1.5596077308370326,7.953404785489651,20.5674096836009,-18.90983699695648,-14.78898917225294,-798.7631830387334,-1182.5369297492077,-809.1688675897233,796.3869246913597,-1281.6783690059071,-2270.048260206544
6.624416277518344,-22.04813243827848,58.880174513229775,35.71907111002101,129.00368134655827,98.57489968467844,211.63181126357358,-11.114119660322428,-1.690905528845681,7.863253866702775,20.65338637450314,-19.050174224316294,-15.040532823430029,-763.6011175658649,-1179.2083514545343,-812.4373401404692,750.0520375160892,-1242.6810505240508,-2254.7011836459233
6.631087391594396,-22.494666720106355,58.80987181080072,36.03200093564619,129.83200220212856,97.80964818488437,211.02478291001697,-11.197053266176237,-1.8218201279872694,7.772748994460482,20.734175047496784,-19.186166882316268,-15.290364228554681,-728.1637761273478,-1175.6445660802408,-815.5363267960228,703.0679847002453,-1203.5303965455034,-2239.2487713364108
6.637758505670448,-22.944441507435027,58.734337133502976,36.341301379367565,130.66345174105388,97.0390405740333,210.40778909500062,-11.276032056207598,-1.9523255836492552,7.681908830723346,20.809704573662877,-19.317798636974167,-15.538471805298062,-692.4640469965254,-1171.8493045952664,-818.4691147901067,655.4536839657534,-1164.239266338085,-2223.6933367382426
6.6444296197464965,-23.39729792785251,58.65358737027609,36.64695938794098,131.49781806891187,96.26325170766309,209.780899045238,-11.351027577879147,-2.0823963688391243,7.590751669740157,20.879905945130385,-19.445054585295985,-15.784844223501034,-656.5149173829345,-1167.8263477845908,-821.2390308837652,607.2283696747849,-1124.820540450029,-2208.0371022945724
6.651100733822548,-23.85307599905581,58.567640423371905,36.94896263295003,132.33488657215497,95.48245700915393,209.1441824360735,-11.422012827903966,-2.2120073795908586,7.499295433788402,20.944712309837218,-19.567921257374707,-16.0294703950132,-620.3294683408001,-1163.5795238640244,-823.849438928402,558.4115848071444,-1085.287115897715,-2192.2821986962604
6.657771847898599,-24.31161468706428,58.47651519131849,37.2472994958361,133.17444000507982,94.6968324123343,208.4977093820009,-11.48896226239489,-2.3411339401053737,7.407557669186278,21.004059005391312,-19.686386617953517,-16.272339463453484,-583.9208696424979,-1159.1127060861343,-826.3037374204646,509.0231727956846,-1045.6519013522104,-2176.4306642160577
6.6644429619746495,-24.772751964828416,58.38023155168347,37.541959052774956,134.01625857813576,93.90655430403366,207.841550427592,-11.551851806442157,-2.46975180762458,7.315555542576929,21.0578835920163,-19.800440067454204,-16.513440793900983,-547.3023746189727,-1154.429810338588,-828.6053570491126,459.0832692229965,-1005.9278123264488,-2160.484444112525
6.6711140760507,-25.236324871210126,58.278810343647905,37.83293105940988,134.86012004753252,93.11179946660559,207.17577653884024,-11.610658863115713,-2.597837177037997,7.223305837485664,21.106125884566282,-19.910072442470433,-16.75276396252335,-510.4873149693167,-1149.5347927361904,-830.7577582381856,408.61229338299034,-966.1277663650491,-2144.445390104037
6.677785190126751,-25.702169570311828,58.172273350400935,38.120205935452,135.7057998061101,92.31274502044182,206.50045909491956,-11.665362321888535,-2.725366685221169,7.130824951150843,21.148727983595265,-20.015276015726297,-16.99029874615019,-473.48909554162356,-1144.4316472078208,-832.7644286837378,357.63093971097675,-926.2646782386869,-2128.315259913048
6.684456304202802,-26.170121411131333,58.06064328136598,38.4037747491601,136.55307097543434,91.50956836649807,205.81566988036215,-11.715942566478509,-2.8523174151058837,7.038128891628537,21.18563430546631,-20.11604449550122,-17.22603511180042,-436.3211890872085,-1139.124403079596,-834.6288808885238,306.1601690857237,-886.351455144895,-2112.0957168809405
6.691127418278852,-26.64001498751844,57.943943754269995,38.68362920170924,137.40170449907671,90.70244712885417,205.12148107765623,-11.762381482105344,-2.9786668994811802,6.9452332751716535,21.216791611486876,-20.212373024521327,-17.459963206170073,-398.9971309904541,-1133.617122655467,-836.3546496946783,254.22120000740566,-846.4009919173131,-2095.788329653586
6.697798532354903,-27.111684198410643,57.82219927706533,38.959761611460365,138.2514692370415,89.89155909732905,204.4179652602649,-11.804662462160474,-3.1043931245254925,6.852153323883269,21.24214903605645,-20.304258178319014,-17.69207334508939,-361.5305139763216,-1127.9138987965227,-837.9452898159344,201.83549965495672,-806.4261662451935,-2079.3945719377925
6.704469646430954,-27.58496230832394,57.695435229715905,39.232164898141754,139.1021320613,89.07708217017164,203.70519538606777,-11.842770414287417,-3.229474533069666,6.758903863644299,21.261658113813304,-20.39169796306155,-17.922356002957102,-323.934982797776,-1122.018852500262,-839.4043733706919,149.024774826774,-766.4398339051353,-2062.91582232875
6.711140760507004,-28.05968200807517,57.56367784585813,39.50083256695204,139.95345795238987,88.25919429684974,202.9832447912256,-11.876691765870158,-3.3538900275905963,6.665499322315542,21.275272805767994,-20.474691812850182,-18.150801802158487,-286.22422890527343,-1115.93613048103,-840.7354874171784,95.81096276856444,-726.4548240069446,-2046.3533642085295
6.717811874583055,-28.53567547571195,57.426954194347346,39.76575869259777,140.80521009704086,87.43807342095766,202.25218718446882,-11.906414468928267,-3.4776189729362788,6.571953728213369,21.282949524410522,-20.553240586491704,-18.37740150247721,-248.411985100518,-1109.6699027529592,-841.9422314921113,42.21622189229918,-686.4839342555186,-2029.7083857157102
6.724482988659106,-29.012774437627012,57.285292160700685,40.02693790327517,141.65714998678482,86.61389742326286,201.51209664180996,-11.931928004416713,-3.6006411987822524,6.478280708858897,21.284647157779894,-20.62734656374413,-18.602145990507264,-210.51202017661998,-1103.224360216565,-843.028215154067,-11.737077609890342,-646.5399262306096,-2012.9819797860898
6.7311541027351565,-29.490810229832448,57.13872042844669,40.28436536460662,142.50903751750772,85.7868440649144,200.76304760167957,-11.95322338592895,-3.722937001819733,6.384493490000111,21.280327092484658,-20.697013441038475,-18.825026269072996,-172.53813354691846,-1096.603712250256,-843.9970555328543,-66.02636325273482,-606.6355206864068,-1996.1751442644631
6.737825216811207,-29.96961385937026,56.987268460393146,40.53803676354463,143.3606310899023,84.95709093083207,200.00511486048515,-11.970293162802562,-3.8444871476766855,6.290604894905818,21.269953235662765,-20.762246326679456,-19.046033446666435,-134.5041498646022,-1089.812184308033,-844.8523748862597,-120.6288698418337,-566.7833928727503,-1979.2887820873766
6.744496330887258,-30.44901606583543,56.830966479822756,40.787948292251684,144.21168771077828,84.12481537329874,199.23837356859306,-11.98313142262597,-3.9652728725717585,6.196627343931072,21.253492035871087,-20.823051735526814,-19.26515872690775,-96.42391363535988,-1082.8540155245084,-845.5977981653144,-175.52164915050338,-526.9961678798734,-1962.3237015367524
6.751167444963309,-30.928847382986906,56.66984545162869,41.0340966319691,145.0619630951864,83.29019445577585,198.46289922673114,-11.991733793146095,-4.085275884702742,6.102572854352552,21.230912502893645,-20.87943758316083,-19.4823933980388,-58.31128382527398,-1075.7334563285713,-846.2369505894994,-230.68157968529155,-487.28641600853234,-1945.280616564209
6.757838559039359,-31.408938200423517,56.50393706339911,41.276478936884544,145.91121176931492,82.45340489696186,197.67876768281067,-11.996097443576241,-4.204478365370175,6.008453040472929,21.202186226459485,-20.931413179534427,-19.69772882245642,-20.180128466088394,-1068.4547660668186,-846.7734552330528,-286.08537653610927,-447.6666481672989,-1928.1601471858876
6.76450967311541,-31.889118825299693,56.33327370646258,41.51509281800836,146.75918717411173,81.61462301511662,196.8860551291677,-11.99622108530411,-4.322862969837078,5.914279113993157,21.167287393860956,-20.978989222114983,-19.911156426293005,17.955680739850802,-1061.0222106379795,-847.210930623658,-341.70960130662087,-408.1493112989439,-1910.9628199475774
6.771180787191461,-32.3692195440579,56.15788845690393,41.74993632707088,147.60564176959122,80.77402467266877,196.08483810021903,-11.992104972000035,-4.440412827926557,5.820061884650796,21.126192806463546,-21.02217778851948,-20.122667689053188,56.08227381288762,-1053.4400601395298,-847.5529883547916,-397.53067212077667,-368.74678383760863,-1893.6890684598154
6.777851901267511,-32.84907068415322,55.97781505656171,41.98100794045063,148.450327139778,79.93178522112896,195.27519347053223,-11.983750899125905,-4.557111544358579,5.725811761122932,21.07888189509885,-21.06099232864641,-20.33225413331415,94.18578788529317,-1045.7125865277105,-847.8032307129874,-453.524873701061,-329.47137119866244,-1876.339234002698
6.784523015343561,-33.32850267574631,55.79308789401718,42.20830654314314,149.29299409824534,79.08807944632798,194.4571984533071,-11.971162202844939,-4.672943198826965,5.6315387521923235,21.025336734333706,-21.09544765630787,-20.539907314496105,132.25237258431258,-1037.8440612920276,-847.9652483211541,-509.66836751426126,-290.33530130297737,-1858.9135662000328
6.791194129419613,-33.80734611334083,55.60374198558544,42.43183141278276,150.13339279420188,78.2430815139991,193.63093059926354,-11.954343758333712,-4.7878923458191975,5.537252468174256,20.965542055607166,-21.1255599403663,-20.74561881071274,170.2681954068258,-1029.8387531455116,-848.0426177993027,-565.9372019803479,-251.35072013738284,-1841.412223762447
6.797865243495664,-34.285431817341326,55.409812956318824,42.65158220372566,150.9712728190814,77.39696491572589,192.7964677959359,-11.933301977496862,-4.901944014179848,5.442962122602832,20.89948525922961,-21.15134669537945,-20.94938021270694,208.21944708342184,-1021.7009257317816,-848.0388994437615,-622.3073227401052,-212.52968735308633,-1823.8352752990486
6.804536357571713,-34.76259089550752,55.21133702103306,42.86755893120633,151.80638331358958,76.54990241527386,191.95388826736678,-11.908044806086304,-5.015083706420434,5.348676534173914,20.827156425236783,-21.172826771758366,-21.151183113881448,246.092346929695,-1013.4348353501478,-847.9576349262,-678.7545829770266,-173.88417190378308,-1806.1827001971355
6.811207471647765,-35.23865480428181,55.00835096536591,43.07976195557684,152.63847307516323,75.70206599532523,191.10327057419835,-11.878581720226203,-5.127297397777301,5.2544041289428325,20.74854832309344,-21.19002034544258,-21.35101910043081,283.8731481826572,-1005.0447286998088,-847.8023450135678,-735.2547537891935,-135.4260477251405,-1788.4543895695056
6.817878585723816,-35.71345540996535,54.80089212687855,43.28819196663842,153.46729066579329,74.85362680463777,190.24469361415703,-11.844923722345445,-5.238571535019564,5.160152942774575,20.663656420241576,-21.202948907097205,-21.54887974158199,321.5481433200104,-996.5348406442764,-847.5765273101345,-791.7835346065204,-97.16708945741564,-1770.6501472688037
6.824549699799865,-36.18682504971981,54.5889983762098,43.492849968077216,154.2925845201686,74.00475510564401,189.37823662292527,-11.807083336519947,-5.348893035010107,5.06593062404337,20.572478889487524,-21.211635250837222,-21.744756579952263,359.10366936021285,-987.9093919971649,-847.2836540228485,-848.3165636489825,-59.118968212824264,-1752.769690968322
6.831220813875917,-36.65859659237091,54.372708098292435,43.69373726201194,155.11410305409032,73.15562022251257,188.50397917539857,-11.765074603226562,-5.458249283021117,4.971744436579834,20.47501661522474,-21.21610346248329,-21.93864112202995,396.5261131411312,-979.1725873303656,-846.9271697510713,-904.8294284213108,-21.293247389367618,-1734.8126533087009
6.837891927951968,-37.12860349898994,54.15206017364242,43.89085543366522,155.93159477311312,72.30639048968813,187.62200118731923,-11.718913073511656,-5.566628130807642,4.877601262862075,20.371273198487547,-21.216378907355185,-22.13052482878718,433.8019165751551,-970.3286128057626,-846.5104893019278,-961.2976762395476,16.29862146725465,-1716.7785831098026
6.8445630420280175,-37.596679883230706,53.92709395972946,44.084206336167384,156.74480838136492,71.45723320092866,186.73238291728342,-11.668615802576621,-5.674017894441333,4.7835076074483105,20.261254960832936,-21.212488217607724,-22.320399106430706,470.917581878698,-961.3816340314767,-846.0369955323184,-1017.6968247850828,53.6453027520623,-1698.6669466471376
6.851234156104069,-38.062660571397494,53.697849272439385,44.27379207550184,157.55349289049852,70.60831455886006,185.83520496911714,-11.614201342783492,-5.780407351906961,4.689469600648126,20.144970947047916,-21.204459279114854,-22.50825529729775,507.85967677388857,-952.3357939437165,-845.5100372187017,-1074.002372681466,90.73558083786942,-1680.4771289921387
6.85790527018012,-38.52638116222215,53.46436636763713,44.4596149956027,158.3573977287279,69.75979962506341,184.93054829461164,-11.555689736083872,-5.885785740465199,4.595493002428736,20.02243292667947,-21.19232121790793,-22.694084670904893,544.6148396604453,-943.1952107152536,-844.9329269557728,-1130.1898100895655,127.55836405953663,-1662.2084354154708
6.86457638425617,-38.98767808632613,53.226685922840424,44.6416776636136,159.15627284990262,68.91185227071426,184.01849419661443,-11.493102505874667,-5.990142753784442,4.501583206553176,19.89365539438575,-21.176104386174092,-22.87787841515657,581.1697847555704,-933.9639756915703,-844.3089390851194,-1186.234629316347,164.10268864376712,-1643.8600928526291
6.871247498332221,-39.446388665345346,52.9848490190121,44.8199828553158,159.94986884257162,68.06463512779153,183.0991243324697,-11.426462648284,-6.093468538844335,4.407745244947416,19.758655569107457,-21.155840347820536,-23.05962762771922,617.5113071998364,-924.6461513555998,-843.6413076548281,-1242.112335432841,200.35772258295867,-1625.431251431017
6.877918612408272,-39.902351170695006,52.73889712248157,44.99453354073677,160.73793703899182,67.21830954087197,182.1725207177996,-11.355794622891645,-6.195753692615169,4.313983792292136,19.617453392057886,-21.131561863611548,-23.239323307569524,653.6262881270212,-915.2457693221226,-842.9332244111955,-1297.7984568966342,236.31276945162188,-1606.9209860576145
6.8845897264843225,-40.35540488195147,52.48887206700325,45.16533286994604,161.52022962403092,66.37303551952883,181.23876573062097,-11.28112434288771,-6.2969892585155005,4.220303170836359,19.470071523532383,-21.103302875884257,-23.416956346721708,689.501699695799,-905.7668283627187,-842.1878368234683,-1353.2685561742708,271.9572721638332,-1588.328298066379
6.891260840560372,-40.80539014482938,52.23481603596119,45.3323841590486,162.29649974392052,65.52897169135002,180.29794211578897,-11.202479164674102,-6.39716672265218,4.126707355428596,19.3165353385366,-21.071098492850012,-23.592517522141623,725.1246100813411,-896.213292462244,-841.4082461426715,-1408.4982403590616,307.2808166703368,-1569.652116924444
6.897931954636424,-41.252148428731154,51.976771544728585,45.49569087638414,163.06650161480917,64.68627525559292,179.35013298976045,-11.11988787691347,-6.496278009846207,4.03319997876179,19.156872921234715,-21.03498497248826,-23.76599748785416,760.4821884247535,-886.5890889077765,-840.5975054955152,-1463.4631717795578,342.2731355938111,-1550.8913019961374
6.904603068712475,-41.695522383847404,51.714781423190686,45.65525662893976,163.82999063107036,63.8451019374923,178.39542184566997,-11.033380689030063,-6.5943154794475305,3.9397843368285232,18.991115058219155,-20.9949997060395,-23.937386767249013,795.5617097384089,-876.8981064108823,-839.7586180142793,-1518.139078594244,376.9241118009274,-1532.044644363893
6.9112741827885245,-42.135355897785985,51.448888798439164,45.81108514898584,164.58672347331736,63.00560594323652,177.43389255870923,-10.942989219167865,-6.691271920943352,3.8464633945818183,18.819295230602993,-20.95118120110485,-24.106675745592874,830.3505597652008,-867.1441932641485,-838.8945350037077,-1572.5017653677628,411.2237819098298,-1513.110868704974
6.917945296864576,-42.571494151708755,51.17913707764623,45.96318028094232,165.33645821607882,62.167939915627514,176.46562939180137,-10.848746481611087,-6.7871405493632935,3.7532397917977227,18.641449604937726,-20.903569064359147,-24.27385466275306,864.8362397897982,-857.3311555328089,-838.0081541457769,-1626.527123624171,445.1623397316996,-1494.0886352229882
6.924616410940627,-43.00378367595326,50.905569931127324,46.11154596848333,166.07895443508548,61.33225489044162,175.49071700156375,-10.75068687367245,-6.8819150004853435,3.6601158491354795,18.45761702295948,-20.852203983885246,-24.438913606138595,899.0063713998968,-847.4627552823398,-837.1023177432695,-1680.1911423724785,478.73013964502843,-1474.9765416331222
6.9312875250166766,-43.43207240512008,50.62823127559868,46.256186241888855,166.8139733141251,60.498700253503415,174.5092404445472,-10.648846162054992,-6.97558932584709,3.567093574390538,18.267838990166172,-20.797127711136895,-24.601842503865658,932.8487011956954,-837.5427088428282,-836.1798110030421,-1733.469918600141,511.91769990141387,-1455.7731251999408
6.937958639092728,-43.856209732603006,50.347165257639226,46.39710520564986,167.54127775141552,59.66742369849012,173.52128518374525,-10.543261468693139,-7.06815798756569,3.4741746689364725,18.072159663230472,-20.738383042537848,-24.762631118151617,966.3511054455998,-827.5746851109335,-835.2433603598234,-1786.3396677297408,544.7157058615237,-1436.476864826673
6.944629753168779,-44.276046564542675,50.06241623736308,46.534307026335206,168.2606324654515,58.83857118547887,172.52693709536294,-10.433971256079262,-7.159615852971375,3.3813605343508586,17.870625836251993,-20.676013800725208,-24.921269038944697,999.5015946863938,-817.5623038902198,-834.295631841408,-1838.7767340344649,577.1150131600608,-1417.0861831947773
6.9513008672448295,-44.691435373182514,49.77402877231062,46.667795920727805,168.97180410027755,58.01228690025183,171.52628247583507,-10.32101531208204,-7.24995818905874,3.2886522792203774,17.663286925854056,-20.610064815444947,-25.077745677794507,1032.2883182659812,-807.509134270641,-833.3392294760802,-1890.7576010076982,609.1066507985049,-1397.5994489525392
6.95797198132088,-45.10223024960675,49.48204760156547,46.79757614423579,169.67456133014113,57.18871321437351,170.5194080490865,-10.204434734262747,-7.339180656759638,3.1960507261210376,17.45019495513048,-20.540581904107427,-25.2320502619677,1064.6995688269276,-797.4186930478891,-832.3766937430044,-1942.2589016823651,640.6818241644651,-1378.0149789516076
6.96464309539693,-45.508286955841186,49.186517630103715,46.92365197958735,170.36867496348128,56.36799064605181,169.5064009740207,-10.08427191369669,-7.42727930504309,3.103556418767795,17.23140453644759,-20.467611852011558,-25.384171828815987,1096.7237867290478,-787.2944431833515,-831.4105000664306,-1993.2574288954575,671.8319179765325,-1358.331040530046
6.971314209472982,-45.90946297629607,48.8874839133833,47.04602772581453,171.05391804620484,55.55025782179858,168.48734885223092,-9.960570518306206,-7.5142505648457965,3.0111696293295256,17.006972853108667,-20.39120239224556,-25.534099220399547,1128.3495644092206,-777.139792305371,-830.4430573544074,-2043.7301454932576,702.5484991534831,-1338.5458538407702
6.977985323549032,-46.305617568532675,48.5849916421791,47.164707687533166,171.73006596420706,54.735651438899815,167.46233973592024,-9.833375475712518,-7.60009124283857,2.9188903659037693,16.776959639886922,-20.311402185273,-25.68182107837237,1159.5656506767925,-766.9580912524594,-829.4767065827521,-2093.6541944728956,732.8233196068137,-1318.6575942239638
6.984656437625083,-46.696611813333675,48.279086127670965,47.27969616452539,172.3968965450901,53.92430622870949,166.43146213601997,-9.702732955613778,-7.684798515033328,2.826718380146202,16.541427162434662,-20.22826079821282,-25.82732583913387,1190.3609549428043,-756.7526326591606,-828.513719425004,-2143.0069090556763,762.6483189555357,-1298.6643946221423
6.991327551701134,-47.08230866405883,47.96981278679097,47.390997441630105,173.05419015903465,53.11635492077923,165.39480503049916,-9.568690351696478,-7.768369920234797,2.734653175050271,16.300440195576677,-20.14182868382163,-25.970601729250667,1220.7245513814094,-746.5266495851428,-827.5562969289837,-2191.765822687937,792.0156271622212,-1278.5643480365945
6.997998665777184,-47.46257299526745,47.65721712783546,47.49861577894802,173.7017298187812,52.311928207834335,164.3524578728503,-9.431296263088122,-7.850803353342608,2.642694012870998,16.054066000495645,-20.052157159187512,-26.11163676115432,1250.6456830218506,-736.2833141881579,-826.6065682406633,-2239.9086789649623,820.9175670893588,-1258.355510023711
7.004669779853235,-47.83727165058989,47.34134473634796,47.60255540236667,174.33930127867603,51.51115471160842,163.3045106007409,-9.290600475358787,-7.9320970585082184,2.5508399231881085,15.802374300818599,-19.95929838414399,-26.250418729118703,1280.1137657693941,-726.0257364414238,-825.6665893759539,-2287.413441473693,849.3466569750674,-1238.0359012298413
7.011340893929286,-48.20627348982868,47.02224126127969,47.70282049441074,174.9666931327372,50.71416094954816,162.2510536448228,-9.146653941079755,-8.012249622151572,2.4590897111031524,15.545437257614148,-19.863305339413316,-26.386935205520825,1309.1183923535812,-715.7569628960207,-824.738342041019,-2334.2583035498137,877.2956128272245,-1217.603509963268
7.0180120080053365,-48.569449435273846,46.69995240143101,47.79941518542322,175.58369691169943,49.92107130239691,161.19217793768277,-8.999508759947172,-8.091259965842964,2.3674419655647934,15.283329443309217,-19.764231804488094,-26.521173537390403,1337.6493362023764,-705.4799754887828,-823.82373250169,-2380.4216979451076,904.7573507352304,-1197.0562948017791
7.024683122081387,-48.926672517213326,46.37452389218168,47.8923435450821,176.19010717899278,49.132007982670224,160.1279749229276,-8.849218158479161,-8.169127339054564,2.275895067817412,15.016127814536686,-19.662132335260512,-26.653120843250413,1365.6965552405695,-695.1976903962392,-822.9245905025343,-2425.8823064007197,931.7249890984693,-1176.3921872344752
7.031354236157438,-49.27781791862261,46.04600149251291,47.98160957425779,176.78572162561292,48.34709100403041,159.05853656438805,-8.695836469294903,-8.245851311787398,2.1844471999667734,14.743911683923658,-19.557062241408435,-26.782764010253782,1393.2501956110434,-684.9129569350583,-822.0426682361142,-2470.6190691221836,958.1918507707591,-1155.6090943361685
7.038025350233489,-49.62276301901708,45.71443097232711,48.067217197215506,177.3703411638428,47.56643815157156,157.98395535543247,-8.539419109984328,-8.32143176707856,2.093096353657642,14.466762690831853,-19.44907756354784,-26.910089691619124,1420.300595317448,-674.6285565094548,-821.1796393629197,-2514.611194152109,984.1514651199735,-1134.7049014730019
7.044696464309539,-49.96138743744971,45.37985810007034,48.14917025416724,177.94377001977978,46.790164953023876,156.90432432837687,-8.380022561577261,-8.395868893393944,2.001840338857591,14.18476477106232,-19.33823505016093,-27.03508430436859,1446.8382877867934,-664.3472016060138,-820.3370980824652,-2557.8381666362625,1009.59757000211,-1113.67747503766
7.05136757838559,-50.293573074640015,45.042328630660634,48.227472494177334,178.50581582463246,46.01838465088493,155.8197370639788,-8.217704346620907,-8.469163176912119,1.910676792740957,13.898004125535264,-19.22459213430964,-27.15773402737197,1472.8540053507202,-654.0715348362966,-819.5165582559877,-2600.2797579791836,1034.5241136491632,-1092.524665212633
7.058038692461641,-50.61920415421713,44.7018882937281,48.30212756842541,179.056289704741,45.251208175488166,154.7302877010039,-8.0525230068749,-8.541315393704082,1.8196031886678368,13.606569187958874,-19.10820691014394,-27.278024799698922,1498.3386826439628,-643.8041280276504,-818.7194525811657,-2641.9160348851447,1058.925256470076,-1071.2443087600188
7.064709806537691,-50.93816726306297,44.358582782169506,48.37313902383067,179.5950063702854,44.48874411901506,153.63607094585296,-7.88453808063309,-8.61232660181483,1.7286168452516886,13.310550591499045,-18.989138109214792,-27.39594231928316,1523.2834599188152,-633.5474813625483,-817.9471318192584,-2682.727368280602,1082.795372764216,-1049.834231836216
7.071380920613742,-51.25035139074038,44.01245774102159,48.44051029704088,180.1217842026386,43.731098710458774,152.53718208223373,-7.713810079681693,-8.682198133252117,1.6377149355097864,13.010041134464025,-18.86744507660163,-27.511472041901047,1547.6796862742556,-623.3040225667951,-817.2008640750319,-2722.6944421140815,1106.129052346763,-1028.2922528298632
7.078052034689793,-51.55564796799141,43.66355875665752,48.504244708788896,180.6364453403266,42.97837579154809,151.43371698087003,-7.540400465903044,-8.750931585887237,1.5468944960912214,12.705135745017717,-18.74318774686385,-27.624599180466383,1571.5189227985177,-613.0761061469151,-816.4818341297976,-2761.7982620297653,1128.9211020854605,-1006.6161852215625
7.084723148765844,-51.85395090429276,43.31193134630835,48.564345458620245,181.13881576355814,42.230676793636206,150.32577210923145,-7.364371627534885,-8.818528815274124,1.4561524365757377,12.395931444935629,-18.61642661982644,-27.735308704644748,1594.7929456239247,-602.8660126769711,-815.7911428278867,-2800.020163910876,1151.166547348248,-984.8038404635729
7.091394262841894,-52.145156624454,42.957620947913846,48.62081561999425,181.62872537728322,41.488100715561906,149.21344454127114,-7.185786855094962,-8.884991926391914,1.3654855488377955,12.08252731241831,-18.487222736209763,-27.843585340789105,1617.4937488928251,-592.6759481350852,-815.1298065168454,-2837.3418222890864,1172.8606333612995,-962.8530308778961
7.098065376917945,-52.429164104245466,42.60067291030567,48.67365813576088,182.10600809274564,40.75074410249029,148.0968319671623,-7.004710316980724,-8.950323265316122,1.274890516470273,11.765024443977676,-18.35563765311309,-27.949413572198022,1639.6135476334737,-582.5080432898837,-814.4987565415881,-2873.7452586163176,1193.9988264770057,-940.7615725711856
7.104736490993996,-52.7058749050433,42.24113248372432,48.72287581401633,182.57050190749118,40.01870102573591,146.97603270301454,-6.821207034754514,-9.014525410825028,1.1843639242607622,11.44352591541113,-18.221733419362447,-28.052777639699666,1661.1447805448322,-572.3643531370445,-813.8988387927607,-2909.2128493951386,1214.5768153515671,-918.5272883645719
7.111407605070046,-52.97519320747913,41.87904481067426,48.76847132433845,183.02204898379588,39.29206306357682,145.8511457005635,-6.635342858124086,-9.077601165945547,1.0939022677156989,11.118136741880013,-18.08557255073242,-28.15366154256148,1682.080112689192,-562.2468563861433,-813.3308133094889,-2943.7273341643318,1234.5905120317802,-896.1480107370005
7.118078719146097,-53.23702584408225,41.51445491711798,48.81044719440441,183.46049572547838,38.57091928306162,144.72227055681543,-6.4471844396289955,-9.139553549445283,1.0035019626252173,10.78896383710824,-17.947218005052207,-28.25204903972834,1702.4124380916512,-552.1574549979209,-812.795353936701,-2977.2718233359633,1254.0360529507452,-873.6215847801606
7.124749833222148,-53.49128233090322,41.1474077040114,48.84880580699215,183.88569285306266,37.85535622281527,143.5895075236355,-6.256799209043054,-9.200385787275847,0.9131593546631437,10.456115971717761,-17.80673315720601,-28.347923651389685,1722.1348822454856,-542.0979737720869,-812.2930480371554,-3009.8298058805763,1272.9097998322084,-850.9458711633887
7.131420947298198,-53.737874898106696,40.77794793918344,48.88354939736624,184.2974954772551,37.14545787684824,142.45295751726914,-6.06425534750377,-9.260101303973014,0.8228707290161176,10.11970373071878,-17.664181774038124,-28.44126866087664,1741.2408045224245,-532.0701599857841,-811.8243962582956,-3041.3851568569958,1291.208340503263,-828.1187491068688
7.138092061374249,-53.97671851952418,40.406120249559855,48.914680051050006,184.69576317070374,36.44130567937104,141.31272212777802,-5.869621761378865,-9.318703714019634,0.7326323200354383,9.779839470170952,-17.51962798917256,-28.5320671168902,1759.7238004870403,-522.0756830827247,-811.3898123540123,-3071.922144783523,1308.9284896152615,-805.138119361321
7.1447631754503,-54.20773094115528,40.031969113733474,48.94219970198416,185.08036003800711,35.742978490618164,140.1689036283813,-5.672968055880963,-9.37619681317693,0.6424403209055684,9.43663727303416,-17.373136277757762,-28.62030183606112,1777.5777041143551,-512.1161344130686,-810.9896230613704,-3101.4254388471495,1326.0672892727496,-782.0019071924672
7.151434289526351,-54.43083270860795,39.65553885488269,48.96611013107279,185.45115478393902,35.05055258368518,139.0216049846892,-5.474364508441034,-9.432584569789217,0.5522908933237252,9.090212904227036,-17.224771431146415,-28.70595540584147,1794.7965899098392,-502.1930270240619,-810.6240680323397,-3129.880115947654,1342.6220095702731,-758.7080653686518
7.158105403602401,-54.645947193468636,39.27687363403728,48.986412965116756,185.80802077985982,34.364101632379096,137.87092986381072,-5.273882041851773,-9.487871116068836,0.4621801771833476,8.74068376491143,-17.07459853152084,-28.789010187728913,1811.3747749311167,-492.3077955013741,-810.2932998205137,-3157.2716675733377,1358.590149037032,-735.2545771496275
7.164776517678452,-54.85300061859248,38.89601744369451,49.00310967613475,186.15083612828167,33.683696700086635,136.7169826433299,-5.071592197191503,-9.542060739365677,0.3721043002566238,8.388168846022078,-16.922682926473943,-28.86944832082284,1827.3068207105684,-482.4617958611456,-809.9973839228028,-3183.586006505478,1373.969434989262,-711.6394592750536
7.1714476317545035,-55.05192208230616,38.51301410178419,49.01620158107189,186.4794837255601,33.009406229659675,135.55986842013002,-4.867567106539932,-9.595157873427802,0.28205938786894474,8.03278868106032,-16.769090203556132,-28.947251725712952,1842.5875350782326,-472.6563054926358,-809.7362988760384,-3208.8094733483767,1388.7578237903926,-687.8607649507228
7.178118745830552,-55.24264358151424,38.127907245983536,49.025689841895,186.79385132268092,32.341296034320195,134.39969301905555,-4.661879465496825,-9.64716708965858,0.19204157255955134,7.67466529817161,-16.61388616479852,-29.02240210869973,1857.2119738843244,-462.89252315137645,-809.5099364084055,-3232.9288428821433,1402.9535010189902,-663.9165868308397
7.184789859906604,-55.425100033701824,37.74074032838284,49.031575466074514,187.09383158411526,31.679429289586007,133.23656300140163,-4.4546025055146705,-9.69809308837546,0.10204700372271151,7.313922171526823,-16.457136801222433,-29.094880966345794,1871.175442620778,-453.17156900275353,-809.3181016455947,-3255.9313302353858,1416.5548815445263,-639.8050599947011
7.191460973982656,-55.59922929782661,37.3515566104996,49.03385930745166,187.37932214471448,31.023866526215684,132.0705856732104,-4.245809966056855,-9.747940690076993,0.01207185722229921,6.950684172027266,-16.2989082673458,-29.164669590358365,1884.473497941305,-443.49448471578035,-809.1605133715184,-3277.8045968749393,1429.5606095111402,-615.5243649157619
7.198132088058705,-55.76497219409243,36.96039915864322,49.032542067489686,187.6502256646194,30.37466562417498,130.90186909336882,-4.0355760665923475,-9.796714826722459,-0.07788765502500909,6.585077517354151,-16.1392668556963,-29.231749072800834,1897.1019490793944,-433.8622336069894,-809.0368043434471,-3298.536756410077,1441.9695582294662,-591.0727304216429
7.204803202134756,-55.92227252259971,36.56731083962755,49.02762429690836,187.90644988215706,29.7318818076224,129.7305220814897,-3.8239754784385105,-9.844420533030641,-0.16783527550499522,6.2172297213830285,-15.97827897134171,-29.2961003116332,1909.0568591638557,-424.27570083415407,-808.9465216613415,-3318.1163802084843,1453.780829976767,-566.4484366430665
7.211474316210807,-56.07107708086545,36.17233431683136,49.019106397699126,188.14790766470068,29.095567640913472,128.5566542255639,-3.6110832964631983,-9.891062937802841,-0.25777469160514843,5.847269542984194,-15.81601110644748,-29.357704016579596,1920.3345464314543,-414.7356936396513,-808.8891271911741,-3336.5325028215166,1464.993755705571,-541.6498179500788
7.2181454302868575,-56.21133568020788,35.77551204660606,49.00698862552002,188.37451705746764,28.465773025623765,127.38037588937318,-3.3969750106580725,-9.936647255275568,-0.3477095261638134,5.475326934231246,-15.652529814871988,-29.41654071532142,1930.931585336237,-405.24294164322356,-808.8639980419792,-3353.7746272162394,1475.6078946610494,-516.6752658738277
7.224816544362909,-56.34300116099119,35.37688627502833,48.9912710924675,188.5862013302335,27.842545198586908,126.20179821964666,-3.1817264775940486,-9.981178776508616,-0.43764332807551226,5.101532988038127,-15.487901686809135,-29.472590760014434,1940.844807555263,-395.7980971838246,-808.8704270963514,-3369.8327298119343,1485.6230339074805,-491.5232320120669
7.23148765843896,-56.466029406725525,34.97649903499657,48.97195377022307,188.7828890219392,27.225928730946396,125.02103315295035,-2.9654138917707833,-10.024662860813963,-0.5275795629582739,4.726019885247309,-15.322193323488783,-29.525834334128188,1950.0713028904258,-386.40173571025565,-808.9076235940823,-3384.6972653187545,1495.0391877640916,-466.19223091665935
7.23815877251501,-56.58037935701792,34.57439214367029,48.94903649357237,188.96451398316918,26.61596552821973,123.8381934222982,-2.7481137568717706,-10.06710492723049,-0.6175216038884809,4.348920841191483,-15.155471311944947,-29.57625145960493,1958.6084200660882,-377.0543562202947,-808.9747137686093,-3398.359171376305,1503.856597150659,-440.68084296143
7.244829886591059,-56.68601301937142,34.170607200248625,48.922518964293545,189.13101541648072,26.012694831369654,122.65339256346728,-2.5299028569363395,-10.108510446050559,-0.707472722209773,3.9703700517499487,-14.987802199861598,-29.62382200433675,1966.4537674223993,-367.75638174789617,-809.0707415359003,-3410.809872990084,1512.0757288432976,-414.9877171884718
7.25150100066711,-56.78289547982862,33.76518558408801,48.892400755411664,189.2823379145644,25.41615321888172,121.46674492101032,-2.3108582274606793,-10.148884930403177,-0.7974360784211704,3.5905026389240513,-14.819252470506411,-29.668525689957413,1973.6052135040475,-358.50815989814674,-809.1946692353903,-3422.0412867636755,1519.6972746408526,-389.11157413131895
7.258172114743162,-56.87099491245706,33.35816845315473,48.85868131581671,189.4184314962166,24.826374609842556,120.27836565394847,-2.091057126438951,-10.188233927899343,-0.887414713150568,3.2094545959527143,-14.649888517761951,-29.710342099947084,1980.060887544403,-349.30996342952517,-809.3453784225565,-3432.045824924827,1526.722150442399,-363.05120861318363
7.264843228819212,-56.95028258767507,32.94959674281055,48.821359975240476,189.53925164010656,24.243390268015126,119.08837074113266,-1.870577005356517,-10.226563012344876,-0.9774115382193094,2.8273627319921535,-14.479776621264453,-29.74925068804659,1985.8191798449534,-340.16199088304086,-809.5216707126749,-3440.8163991434867,1533.1514952363686,-336.80549251853466
7.271514342895262,-57.02073287941506,32.539511164929486,48.78043594958974,189.64475931632109,23.66722880690806,117.89687698626521,-1.6494954801467356,-10.263877775525453,-1.0674293278030402,2.44436461638276,-14.308982921659773,-29.78523078697819,1990.8787420499698,-331.06436725784147,-809.7222686753182,-3448.3464241400943,1538.9866700018301,-310.3733775364432
7.278185456971316,-57.08232327112433,32.12795220734084,48.735908346630815,189.7349210156698,23.097916195831555,116.70400202256236,-1.4278903021231817,-10.300183819069684,-1.1574707096952228,2.0605985225266608,-14.137573395986552,-29.81826161746983,1995.2384873164804,-322.0171447327327,-809.945816779054,-3454.6298210823606,1544.229256522564,-283.7538978737857
7.284856571047364,-57.13503436060202,31.71496013359655,48.68777617202184,189.80970877673732,22.535475766936333,115.50986431705195,-1.2058393288985947,-10.335486746394793,-1.2475381566783157,1.6762033713990188,-13.96561383319583,-29.848322297579333,1998.8975903795736,-313.0203034331575,-810.1908823858543,-3459.661020769031,1548.8810561145187,-256.9461729367856
7.291527685123414,-57.178849863671545,31.300574983059885,48.63603833568822,189.86910021066714,21.97992822323018,114.31458317449199,-0.9834204953025593,-10.36979215473994,-1.3376339780080397,1.2913186747178464,-13.793169809817135,-29.875391852314703,2001.855487513115,-304.07375224312585,-810.4559567946729,-3463.43496659909,1552.9440882673184,-229.94940997922586
7.298198799199467,-57.213756616689835,30.88483657131005,48.580693658536404,189.9130785236645,21.431291647564347,113.11827874089697,-0.7607117843091564,-10.40310562729256,-1.427760311016735,0.9060844777949212,-13.620306665780145,-29.899449223547304,2004.1118763860802,-295.17732966147383,-810.7394563335829,-3465.947117324999,1556.42058920054,-202.7629067155322
7.304869913275517,-57.2397445778925,30.46778449086096,48.5217408795015,189.94163253720546,20.889581512585412,111.92107200666271,-0.5377911979866229,-10.435432725412099,-1.5179191128405498,0.5206413020935827,-13.447089480401788,-29.920473280213063,2005.6667158146302,-286.3308047019502,-811.0397234999064,-3467.1934495886526,1559.3130103354745,-175.38605389724066
7.311541027351566,-57.25680682757751,30.049458112188876,48.45917866292333,189.95475670594166,20.35481069164436,110.72308480927701,-0.31473672848020984,-10.466778980956386,-1.6081121522761324,0.13513008751592892,-13.273583048547824,-29.938442828798443,2006.5202254102105,-277.53387783649754,-811.355028147707,-3467.1704602388527,1561.624016683142,-147.8183378511363
7.318212141427618,-57.264939567128096,29.62989658506463,48.39300560624568,189.95245113328986,19.82698947065583,109.52443983560381,-0.09162632903992186,-10.497149888715278,-1.6983410017720668,-0.2503078655552184,-13.099851856978267,-29.953336624106317,2006.6728851239282,-268.7861819810945,-811.6835687219791,-3465.8751684291356,1563.3564851493747,-120.05934297741936
7.324883255503667,-57.26414211687662,29.20913884018752,48.32322024803354,189.93472158469717,19.30612556090153,108.32526062373333,0.1314621148952041,-10.526550898956042,-1.7886070295598098,-0.635530954435025,-12.925960060885831,-29.96513338029704,2006.1254346875085,-260.08728352358446,-812.0234735388952,-3463.3051174949474,1564.5135027577824,-92.10875420643858
7.3315543695797185,-57.25441691281314,28.787223591114074,48.249821076302254,189.90157949857348,18.792224112767187,107.12567156438186,0.35445081454516125,-10.554987410085579,-1.878911391929837,-1.020397332512475,-12.751971460636478,-29.973811782200762,2004.8788729512412,-251.4366833927338,-812.3728021113797,-3459.458376609212,1565.0983647914927,-63.96635941221112
7.338225483655769,-57.23576950214019,28.364189336479146,48.17280653715292,189.85304199488388,18.285287730407664,105.92579790183599,0.5772621065573827,-10.582464761433602,-1.969255025657391,-1.4047649677969525,-12.577949478721127,-29.97935049689512,2002.9344571192628,-242.83381816792166,-812.7295465193115,-3454.333542215439,1565.1145728545512,-35.632051781350015
7.344896597731821,-57.208208537678104,27.94007436250276,48.092175043707876,189.7891318813944,17.785316487329467,104.725765734427,0.7998184816847406,-10.608988226161483,-2.0596386405831657,-1.7884917016125839,-12.403957136927215,-29.98172818554409,2000.293701882665,-234.27806122870112,-813.0916328236087,-3447.9297392376393,1564.565832853925,-7.105832135735309
7.351567711807871,-57.17174577112459,27.51491674577806,48.00792498533986,189.7098776575662,17.292307942882303,103.52570201452522,1.0220426133613696,-10.634563004301164,-2.1500627123536877,-2.171435307414339,-12.230057033739095,-29.980923515492442,1996.9583784509093,-225.76872394351227,-813.4569225234138,-3440.2466220663696,1563.456052903082,21.612188792586355
7.358238825883921,-57.12639604517231,27.088754356336135,47.92005473718885,189.61531351609347,16.80625715965155,102.32573454804806,1.2438573861652067,-10.65919421592815,-2.240527475325755,-2.5534535497013233,-12.056311321975725,-29.976915172610248,1992.9305134820393,-217.30505689685938,-813.8232140556382,-3431.2843753203792,1561.789341148105,50.521788135650006
7.364909939959971,-57.07217728449009,26.661624860980304,47.828562669959,189.5054793420814,16.32715672173973,101.12599199346654,1.4651859241558849,-10.682886894473334,-2.331032915640315,-2.934404243002069,-11.882781686674477,-29.969681873882074,1988.212387912331,-208.88625115408087,-814.1882443359792,-3421.043714383351,1559.5700035174505,79.62262871467684
7.371581054036023,-57.00911048557246,26.2335657268856,47.733447159989716,189.38042070986245,15.854996753928493,99.92660386030329,1.6859516190771184,-10.70564598017736,-2.4215787644697775,-3.3141453109074344,-11.709529323229193,-29.959202380235265,1982.8065356859481,-200.51143956300928,-814.5496903406445,-3409.525885715405,1556.80254139633,108.91425691732739
7.378252168112073,-56.93721970546288,25.80461422545796,47.634706599593535,189.24018887744919,15.389764941711272,98.72770050711458,1.906078158412137,-10.727476313691627,-2.5121644914432544,-3.69253484512507,-11.536614915791043,-29.94545550960107,1976.7157423852434,-192.17969809171734,-814.9051707279158,-3396.732666939092,1553.491649226844,138.39610062854095
7.384923282188127,-56.85653204935771,25.374807436445245,47.532339407653005,189.08484077862298,14.931446552183502,97.52941313894173,2.1254895532814744,-10.74838262983027,-2.6027892982546352,-4.0694311645313705,-11.364098615940248,-29.92842015020298,1969.9430437624699,-183.89004720144115,-815.2522474986381,-3382.6663666996706,1549.6422120350037,168.06746721654528
7.391594396264175,-56.7670776570963,24.944182252296862,47.42634404047064,188.91443901266013,14.48002445578276,96.33187380422952,2.3441101661720007,-10.76836955147635,-2.6934521124569692,-4.4446928741951055,-11.192040021636751,-29.90807527406569,1962.4917241735425,-175.6414532539716,-815.5884276948163,-3367.3298242996457,1545.259302885739,197.92754157517646
7.3982655103402255,-56.668889688545015,24.51277538276278,47.31671900286233,188.72905183169584,14.035479148864335,95.13521539119681,2.56186473848636,-10.787441583646734,-2.7841515814481714,-4.818178924347684,-11.020498156457872,-29.884399950738583,1954.365314914724,-167.43282995251354,-815.9111651353078,-3350.7264091075303,1540.3481802671492,227.9753842241451
7.404936624416277,-56.56200430788252,24.080623359727294,47.20346285948839,188.52875312572974,13.597788777102338,93.939571623655,2.7786784179022046,-10.805603107718847,-2.874886066651561,-5.189748669275651,-10.84953144913064,-29.857373361227253,1945.5675924629822,-159.26303981522904,-816.2178621877584,-3332.860019740982,1534.9142854051263,258.20992946840596
7.411607738492326,-56.44646066679346,23.64776254227132,47.08657424641335,188.3136224052759,13.166929159704763,92.74507705626537,2.994476785530353,-10.822858375822962,-2.965653637895275,-5.559261926109211,-10.679197713366499,-29.82697481212617,1936.1025766208872,-151.13089568056915,-816.5058715758045,-3313.7350830245405,1528.9632395096294,288.6299836179633
7.418278852568378,-56.32230088657969,23.21422912195439,46.966051882886596,188.0837447816622,12.742873814428314,91.55186706922497,3.209185882861626,-10.839211505403737,-3.0564520679947753,-5.926579033483076,-10.509554128005897,-29.793183749946053,1925.9745285669683,-143.03516224341146,-816.7724982205415,-3293.3565527222227,1522.5008409538627,319.2342232695366
7.424949966644429,-56.18957003919711,22.78005912831225,46.84189458333584,187.8392109449849,12.325593983382799,90.36007786237731,3.422732238491392,-10.854666473954126,-3.147278827541749,-6.291560910042999,-10.340657217480285,-29.755979775628532,1915.1879488124378,-134.9745576211593,-817.0150011153057,-3271.729908045456,1515.5330623876584,350.02119365116994
7.43162108072048,-56.048316127227515,22.3452884345609,46.71410126956485,187.58011713972473,11.91505865961033,89.16984644873718,3.6350428946120314,-10.869227113925051,-3.23813107990335,-6.654069112774723,-10.17256283259857,-29.71534265924158,1903.747575065259,-126.94775494881154,-817.2305952327428,-3248.8611519367905,1508.0660477863491,380.98930703115076
7.43829219479653,-55.898590062794966,21.90995276350071,46.5826709831471,187.30656513803197,11.511234614426927,87.98131064742324,3.846045433262735,-10.882897107814067,-3.3290056764353295,-7.013965895129348,-10.005326131665246,-29.671252354847997,1891.6583800025783,-118.95338400203673,-817.4164534631311,-3224.756809130019,1500.106109436509,412.1368411924194
7.44496330887258,-55.74044564543609,21.4740876936145,46.44760289800703,187.01866221069014,11.114086425514095,86.79460907599464,4.055668002326547,-10.895679983435809,-3.4198991519120776,-7.3711142649206645,-9.839001561937067,-29.62368901554011,1878.9255689525276,-110.99003284736229,-817.5697085829678,-3199.4239239874164,1491.6597248598798,443.46193797352186
7.451634422948632,-55.57393953893551,21.03772866535013,46.3088963331792,186.7165210957664,10.723576505744607,85.60988114217996,4.263839341264643,-10.907579109377606,-3.5108077201774748,-7.725378041969445,-9.673642841425233,-29.572633008632522,1865.5545774865466,-103.05624951836026,-817.6874552526693,-3172.8700581148637,1482.7335336769413,474.96260187746833
7.458305537024682,-55.39913124713648,20.600910987581432,46.16655076573743,186.4002599649611,10.339665132729944,84.42726703499531,4.470488806578134,-10.918597690642759,-3.6017272700193526,-8.076621915470724,-9.509302941049413,-29.518064931006098,1851.551068923281,-95.15054371693019,-817.7667520423952,-3145.103287755746,1473.334334411471,506.63669874945197
7.4649766511007325,-55.216083088737705,20.16366984424066,46.020565843884825,186.07000238766588,9.962310479075768,83.2469077152479,4.67554639698728,-10.928738764484217,-3.6926533612705112,-8.424711501058582,-9.346034067150445,-29.459965624594904,1836.920931745225,-87.27138853866714,-817.804623484892,-3116.1322009646497,1463.4690812375625,538.4819545244923
7.471647765176784,-55.024860171088605,19.726040301112302,45.870941400194475,185.725877292745,9.591468643328547,82.06894490541319,4.8789427783188595,-10.938005196431645,-3.783581221139782,-8.769513397544864,-9.183887644367697,-29.398316192008462,1821.6702769293363,-79.41722222119142,-817.7980621541935,-3085.96589456187,1453.1448806705691,570.4959540462339
7.478318879252834,-54.82553036299406,19.288057312783653,45.71767746499333,185.36801892805252,9.227093681601744,80.89352107888789,5.080609308091905,-10.946399676513781,-3.8745057407752106,-9.110895243307008,-9.022914298887489,-29.333098012281418,1805.8054351927726,-71.58644991455337,-817.7440307691687,-3054.6139708699675,1442.3689882034175,602.6761399576609
7.484989993328885,-54.6181642665414,18.84975572974145,45.56077427987814,184.99656681769906,8.86913763986386,79.7207794486074,5.280478059792521,-10.953924715679094,-3.9654214720627636,-9.448725772300783,-8.863163842068488,-29.264292756742435,1789.3329541550975,-63.77744547250527,-817.6394643206653,-3022.0865342336115,1431.148804889852,635.0198116649631
7.491661107404936,-54.4028351879622,18.411170305607786,45.4002323113551,184.61166571708554,8.517550586874288,78.5508639550263,5.4784818468287755,-10.960582642416608,-4.056322624662728,-9.782874869674496,-8.704685254449739,-29.191882404994022,1772.2595954181684,-55.988553263682775,-817.4812722211902,-2988.394187324044,1419.4918738760687,667.524124375364
7.498332221480986,-54.17961910754163,17.97233570450836,45.23605226459348,184.21346556571882,8.172280647752514,77.38391925345893,5.67455424615612,-10.966375599579083,-4.147203063286142,-10.113213626960011,-8.547526670147352,-29.11584926099562,1754.5923315650753,-48.21809000162834,-817.2663404759626,-2953.5480272296936,1407.405876882319,700.1860882097815
7.505003335557037,-53.948594648588966,17.533286508562785,45.06823509728335,183.80212143782626,7.833274038163145,76.22009070077249,5.868629621564994,-10.971305541410784,-4.238056305213939,-10.439614396817657,-8.391735361644859,-29.036175969240777,1736.3383430794534,-40.46434659251595,-816.9915338741389,-2917.5596413343947,1394.8986306360266,733.0025673913495
7.511674449633088,-53.709843045483034,17.094057225489472,44.89678203358715,183.37779349079017,7.500475099101375,75.05952434143042,6.060643146621337,-10.97537423078161,-4.328875518060831,-10.761950847310773,-8.237357724982923,-28.95284553102025,1717.505015186621,-32.72558999948995,-816.6536981990208,-2880.4411029849175,1381.9780832580288,765.9702795105934
7.518345563709139,-53.46344811080622,16.65468229631852,44.72169457817697,182.9406469114176,7.173826332264672,73.90236689288594,6.250530827251642,-10.978583236629277,-4.4196535177856795,-11.080098015687053,-8.08443926535336,-28.865841320762875,1698.0999346178667,-25.00006512262375,-816.2496624561431,-2842.2049669495264,1368.6523106034858,799.0857948679301
7.525016677785189,-53.20949620158206,16.215196103200977,44.54297453034523,182.4908518600693,6.853268435991137,72.74876573031663,6.438229523964144,-10.980933931611487,-4.510382766950851,-11.393932361643586,-7.933024583102359,-28.77514710244481,1678.1308862994222,-17.28599669322808,-815.7762411179183,-2802.8642646693297,1354.9295125591227,832.3455358945314
7.53168779186124,-52.94807618463047,15.775632977309431,44.36062399818102,182.0285834126664,6.538740341751362,71.5988688707041,6.623676973697588,-10.982427489969353,-4.6010553732317305,-11.703331820052123,-7.78315736014786,-28.680747046059047,1657.6058499675476,-9.581591181551559,-815.2302363837408,-2762.432499304434,1340.8180092984048,865.7457766520063
7.538358905937291,-52.67927940105625,15.336027206819018,44.174645412800714,181.55402150059848,6.2301792511747465,70.45282495625152,6.806811811289751,-10.983064885603651,-4.691663088178493,-12.008175853122678,-7.634880346815469,-28.582625744136088,1636.5329967112475,-1.8850387166486187,-814.6084404542663,-2720.92364057678,1326.3262374962947,899.2826424118095
7.545030020013341,-52.403199629886075,14.896413044960777,43.98504154262258,181.06735084855444,5.927520673594,69.31078323713884,6.987573590557554,-10.98284689036521,-4.782197306231499,-12.308345501982101,-7.4882353490974705,-28.480768228306694,1614.9206854441927,5.805484982713193,-813.9076378186254,-2678.352119411853,1311.4627465052904,932.9521093149899
7.551701134089392,-52.119933050869435,14.456824718140565,43.79181550767677,180.56876091030242,5.630698464092323,68.17289355361628,7.165902804980965,-10.981774072560485,-4.872649063991462,-12.603723437646014,-7.343263216339062,-28.375159985898364,1592.777459307337,13.491816667130182,-813.1246075534344,-2634.73282238138,1296.2361944943452,966.7500041127606
7.558372248165443,-51.82957820645978,14.017296434111625,43.59497079393818,180.05844580244025,5.339644862033272,67.0393063174303,7.341740907983341,-10.979846795673463,-4.96300903974609,-12.894194011361948,-7.20000382935584,-28.265786976555734,1570.1120420039003,21.17580360693344,-812.2561256322268,-2590.0810859492653,1280.6553445524398,1000.672003988736
7.565043362241495,-51.53223596299215,13.577862390195817,43.3945112676743,179.53660423614502,5.054290530059099,65.91017249258682,7.515030332800377,-10.977065217304775,-5.053267553253768,-13.179643304301832,-7.058496088986441,-28.152635648876608,1546.93333406826,28.85930163481639,-811.2989672441959,-2544.4126905231515,1264.7290607584316,1034.7136364630937
7.571714476317544,-51.228009471073925,13.138556781541515,43.19044118979562,179.0034394469467,4.77456459353735,64.7856435754463,7.685714511930707,-10.973429288328793,-5.143414565785689,-13.459959176582215,-6.918777905083974,-28.035692957053598,1523.250409070477,36.54417318203985,-810.2499091208629,-2497.743854314023,1248.4663042189727,1068.8702793794182
7.578385590393595,-50.91700412520535,12.699413809411142,42.982765230199426,178.459159122553,4.500394680439442,63.66587157415273,7.853737896161105,-10.968938752269427,-5.233439680427059,-13.735031315591582,-6.780886185949496,-27.91494637751286,1499.0725097580469,44.23228530925656,-809.1057318695018,-2450.0912270063077,1231.8761290761533,1103.1371609745668
7.585056704469646,-50.59932752264746,12.26046768949026,42.77148848209675,177.90397532875474,4.231706961634132,62.55100898739902,8.019045973159052,-10.963593144895041,-5.323332142637889,-14.004751283603104,-6.644856828211315,-27.790383925540567,1474.4090441366172,51.9255077331113,-807.8632223120484,-2401.471883241172,1214.9676784866404,1137.5093600319312
7.591727818545696,-50.27508942155407,11.821752660207496,42.55661647631135,177.33810443343953,3.9684261915761936,61.441208782525074,8.181585285626452,-10.957391794033015,-5.4130808410742475,-14.269012564652908,-6.510724707152518,-27.661994171887454,1449.26958149135,59.625710849834945,-806.5191758281893,-2351.903315915568,1197.750180574037,1171.9818061186309
7.598398932621747,-49.94440169838676,11.383302991057294,42.33815519554015,176.7617670287445,3.710475749373222,60.33662437295194,8.341303449007675,-10.950333819604154,-5.50267430867022,-14.52771061066284,-6.3785236674901284,-27.529766259342242,1423.6638483507336,67.33476375699121,-805.0703987013485,-2301.4034292998936,1180.2329443562585,1206.5492799069148
7.605070046697798,-49.607378304629336,10.945152990918228,42.11611108856626,176.17518785137818,3.4577776802133933,59.23740959495541,8.498149168745634,-10.942418133877082,-5.592100723980626,-14.780742886788259,-6.248286514608379,-27.393689919264993,1397.601724394508,75.05453227442916,-803.5137104663926,-2249.9905319770405,1162.425355649621,1241.2064135799787
7.611741160773848,-49.26413522282129,10.507337016355015,41.89049108441175,175.57859570114297,3.2102527371336604,58.1437186837758,8.652072257080066,-10.933643441942694,-5.681347912785045,-15.028008915970993,-6.12004500624851,-27.253755488070155,1371.093238307572,82.7868769657715,-801.8459462576434,-2197.68332960572,1144.3368729514646,1275.94769132268
7.6184122748498995,-48.91479042192784,10.069889479898654,41.66130260642208,174.9722233576908,2.96782042311269,57.05570624907216,8.803023649381661,-10.924008242408474,-5.770403349952639,-15.269410322677885,-5.993829844657585,-27.109953923650824,1344.1485635816239,90.5336511614411,-800.063959156043,-2144.5009175111413,1125.977023303068,1310.7674498971262
7.62508338892595,-48.559463812065566,9.632844858293584,41.42855358627016,174.35630749554457,2.730399033468037,55.97352724971839,8.950955420016768,-10.913510828312546,-5.859254161567992,-15.504850875806323,-5.869670669198214,-26.96227682173399,1316.7780142663619,98.2966989844903,-798.1646225341175,-2090.4627731059873,1107.3553981346208,1345.6598793035168
7.631754503002,-48.19827719860285,9.196237700703419,41.19225247786972,173.73108859741887,2.497905698539685,54.897336967946124,9.095820797736925,-10.902149288256895,-5.947887127317459,-15.734236530737528,-5.747596049421208,-26.810716432157353,1288.9920406721294,106.07785338039845,-796.1448323974496,-2035.588748144937,1088.4816490940877,1380.6190235263075
7.638425617078052,-47.83135423565337,8.76010263686833,40.95240827118893,173.09681086587577,2.2702564266425864,53.827290982839784,9.237574180587888,-10.88992150775953,-6.03628868313554,-15.957475470519697,-5.627633478602821,-26.655265675059013,1260.8012250257857,113.87893415188367,-794.0015097214781,-1979.8990608158783,1069.3654838616937,1415.638781365712
7.645096731154102,-47.458820378983134,8.324474385202713,40.70903050595207,172.4537221333487,2.0473661472676095,52.763545143183656,9.376171150333233,-10.876825170824667,-6.124444924110803,-16.174478146162883,-5.5098093677480495,-26.495918156969452,1232.216277081747,121.70174600002817,-791.7316027822263,-1923.4142876710935,1050.0166619518732,1450.7129073547499
7.651767845230154,-47.08080283834938,7.8893877608259,40.46212928521999,171.80207377057218,1.829148754513339,51.70625553966715,9.511568486387622,-10.862857761730396,-6.212341607650601,-16.38515731602814,-5.394149040061317,-26.332668186796973,1203.2480296900335,129.54807657278852,-789.3320894797632,-1866.1553554017519,1030.444990504444,1485.8350127617698
7.658438959306203,-46.69743052929217,7.454877683517672,40.21171528883887,171.14212059345382,1.6155171507304493,50.65557847645403,9.643724179254782,-10.848016567032847,-6.2999641569035125,-16.589428084293093,-5.28067672588568,-26.165510791697034,1173.907434323296,137.41969452204606,-786.7999796530936,-1808.1435324592483,1010.6603200668551,1520.9985666783634
7.665110073382254,-46.308834024398,7.020979185588009,39.95779978674648,170.47412076842394,1.4063832903581215,49.61167044211667,9.77259744346625,-10.832298677785804,-6.387297664438803,-16.78720793847817,-5.169415558111291,-25.9944417328156,1144.2055565646708,145.31834757039775,-784.1323173851976,-1749.4004205266615,990.672540369251,1556.1968971927708
7.671781187458306,-45.9151455040551,6.587727419655057,39.70039465212651,169.7983357163041,1.2016582239361648,48.57468807994486,9.89814873001608,-10.81570099197474,-6.474326896181438,-16.97841678601593,-5.060387568054022,-25.81945752089756,1114.153571558434,153.24576058874047,-781.3261832969926,-1689.9479458440824,970.4915760941881,1591.4231926484492
7.678452301534355,-45.516498706721926,6.155157666320483,39.439512374399996,169.1150300147298,1.0012521422716596,47.54478815763181,10.02033973828792,-10.798220217163905,-6.561036295601517,-17.162976989848236,-4.95361368180464,-25.640555431750425,1083.7627594254234,161.20363368587945,-778.3786968289003,-1629.8083503913106,950.127382642806,1626.6705029878276
7.6851234156104065,-45.113028878727825,5.723305341734635,39.175166072043936,168.42447129916852,0.8050744207425655,46.52212753634337,10.139133427470483,-10.779852873355104,-6.647409988156701,-17.340813403035305,-4.849113717048793,-25.45773352155368,1053.0445006451275,169.1936403112422,-775.287018508792,-1569.0041829315871,929.5899418992223,1661.9317411809818
7.691794529686457,-44.70487272362753,5.292206005043907,38.90736950522734,167.72693016257313,0.6130336637197055,45.50686313918019,10.25449402745766,-10.76059529605664,-6.7334317859858395,-17.511853402361094,-4.746906380357964,-25.270990642004936,1022.0102714064969,177.217425371812,-772.0483522050615,-1507.5582899202504,908.889257995004,1697.1996847389232
7.698465643762509,-44.29216835112944,4.861895365709754,38.636137088253975,167.02268005370973,0.42503774908677044,44.49915191903382,10.366387049230278,-10.740443639560786,-6.819085192852397,-17.676026920920943,-4.647009264951272,-25.080326455292703,990.6716389293709,185.27660336446263,-768.659947363542,-1445.493806281874,888.0353530754478,1732.4669773113703
7.705136757838559,-43.87505522561888,4.432409290693833,38.361483901802885,166.31199717420176,0.24099387284161516,43.49915082585024,10.474779294715942,-10.719393880428026,-6.904353409335471,-17.833266479676308,-4.549438848927826,-24.88574144888724,959.0402567585833,193.37275652470925,-765.1191012270893,-1382.8341460599654,867.0382630695061,1767.7261303684998
7.711807871914609,-43.45367411429716,4.003783811498663,38.08342570495581,165.59516037433255,0.060808593758221896,42.50701677330332,10.579638866124318,-10.697441821176175,-6.989219338266706,-17.98350721796324,-4.454210493969111,-24.68723695013971,927.1278600326845,201.50743299306276,-761.4231610365442,-1319.6029929429587,845.9080334651158,1802.9695249664605
7.718478985990661,-43.0281670349577,3.5760551310562363,37.80197894700168,164.87245104764727,-0.11561212190911942,41.5229066048873,10.680935174755096,-10.674583094172236,-7.07366559041077,-18.126686922940607,-4.361338444510661,-24.484815140679864,894.9462607293673,209.68214500008446,-757.5695262118252,-1255.8242906706134,824.6547150917576,1838.1894135961745
7.725150100066711,-42.5986772034199,3.149259630458124,37.517160779010055,164.1441530243982,-0.2883628556967384,40.54697705943996,10.778638949275964,-10.650813165725108,-7.157674490387137,-18.262746057965206,-4.270835827382259,-24.278479070604423,862.5073428895228,217.8983670711186,-753.5556505120427,-1191.5222333247275,803.2883599119613,1873.3779221149202
7.731821214142761,-42.16534898064265,2.723433875516646,37.228989065161635,163.4105524638756,-0.45753869219847326,39.57938473609924,10.872722243468589,-10.626127340376703,-7.2412280828309035,-18.39162778988118,-4.182714651915415,-24.068232672445458,829.8230578220102,226.1575342519207,-749.3790441733008,-1126.721255508285,781.8190168235836,1908.5270517603085
7.738492328218813,-41.72832781953794,2.298614623150481,36.93748239382792,162.6719377456675,-0.6232351743459551,38.62028605870652,10.9631584434405,-10.600520765389065,-7.324308138789975,-18.51327801521159,-4.09698581051688,-23.85408077491047,796.9054192911229,234.4610403561594,-745.037276023059,-1061.4460224170869,760.25672747457,1943.6286812460703
7.745163442294863,-41.28776021150731,1.8748388275876218,36.642660088390265,161.92859935989512,-0.7855482587206213,37.66983723966556,11.049922274300833,-10.573988435425207,-7.406896162355914,-18.62764538523995,-4.0136590797067875,-23.636029116385135,763.7664986888446,242.81023623585617,-740.5279755698535,-995.7214198082025,738.6115220920252,1978.6745689389975
7.7518345563709135,-40.84379363272116,1.452143646375776,36.34454221778827,161.18082979646462,-0.9445742709175777,36.728194243263694,11.132989806298793,-10.546525197420777,-7.488973397525808,-18.73468132997126,-3.9327431216195747,-23.41408435818907,730.4184201938438,251.20642807586088,-735.8488350671702,-929.5725438691978,716.8934153272623,2013.656355116588
7.758505670446963,-40.39657649016345,1.0305664461955173,36.04314960678995,160.4289234333843,-1.1004098609775586,35.79551274847005,11.21233846042299,-10.518125755644137,-7.570520835292042,-18.834340080961105,-3.854245485966005,-23.18825409757674,696.873355919313,259.6508757132954,-730.9976115503645,-863.0246909926168,695.1124021186183,2048.5655643045316
7.765176784523014,-39.94625806746297,0.6101448084659964,35.73850384597254,159.67317642418953,-1.2531519589074944,34.87194811121667,11.28794701346094,-10.4887846769417,-7.651519220957035,-18.926578693002767,-3.7781726124539756,-22.958546880473452,663.1435210516559,268.1447909831001,-725.9721288453946,-796.1033474598862,673.2784535737507,2083.3936076935047
7.7718478985990656,-39.492988470532964,0.19091653473735085,35.430627301406744,158.91388658452254,-1.4028977303070194,33.957655326175725,11.359795602517606,-10.458496396165812,-7.731949061669726,-19.011357064662725,-3.7045298336661894,-22.724972213938667,629.2411689820598,276.68933609060815,-720.7702795482885,-728.8341790389753,651.4015128731138,2118.131785634441
7.778519012675117,-39.03691857304092,-0.22708034813714212,35.11954312403486,158.15135327791523,-1.5497445321186574,33.05278898804479,11.427865728992199,-10.427255221782051,-7.8117906341803485,-19.088637957654562,-3.6333213783918503,-22.487540578347478,595.1785864330371,285.285622012161,-715.3900269741869,-661.2430205003375,629.4914911963673,2152.7712902114595
7.785190126751168,-38.5781999617296,-0.6438075830580661,34.80527525873374,157.38587730081736,-1.6937898685214055,32.15750325234809,11.492140262013196,-10.39505534165261,-7.891023992810328,-19.158387015043292,-3.5645503754100276,-22.246263439281435,560.968088581895,293.93470692478445,-709.8294070748362,-593.3558650552922,607.5582636733388,2187.303207891761
7.791861240827218,-38.11698488161188,-1.059226677970502,34.487848453055236,156.61776076692186,-1.8351313469836514,31.27195179576994,11.552603441330826,-10.361890828992808,-7.969628977633431,-19.22057277827099,-3.4982188577217603,-22.001153259121033,526.6220141832467,302.63759466581,-704.0865303234773,-525.1988537215371,585.6116653612883,2221.7185222514304
7.7985323549032675,-37.65342618106017,-1.4732989013973352,34.16728826563455,155.84730699083087,-1.9738666344950662,30.396287776028892,11.609240879667427,-10.327755648497073,-8.047585222864742,-19.275166702996366,-3.43432776722791,-21.752223508330616,492.15272069253325,311.39523322346577,-698.1595835659919,-456.79826462006645,563.6614872500792,2256.0081167764265
7.805203468979318,-37.187677256813245,-1.8859852782213686,33.843621074258344,155.07482037111242,-2.110093413994941,29.53066379130639,11.662039564525818,-10.292643662630859,-8.124872165453422,-19.322143173740542,-3.3728769598494446,-21.499488676427497,457.57257939265435,320.20851325937315,-692.0468318372282,-388.1805022081822,541.717472296975,2290.162777737708
7.81187458305537,-36.719891998920964,-2.2972465857213353,33.51687408358596,154.30060627279477,-2.2439093410131767,28.67523183924425,11.710987859455896,-10.25654863808528,-8.201469053875515,-19.361479517332526,-3.313865211087036,-21.24296428262795,422.8939705256623,329.0782666637729,-685.7466201415358,-319.37208645299916,519.789311492624,2324.173197139481
7.8185456971314204,-36.25022473564938,-2.70704334987056,33.1870753325138,153.52497090934642,-2.375412000543471,27.830143275521245,11.756075504780503,-10.219464252390303,-8.27735495712265,-19.39315601514766,-3.257290222016128,-20.982666886160896,388.12927843159116,338.00526514450513,-679.2573751963652,-250.39964195006564,497.88663995990737,2358.029975739658
7.82521681120747,-35.77883017836767,-3.1153358419033905,32.85425370117617,152.7482212241908,-2.5046988641651167,26.995548772023582,11.797293617781264,-10.181384100682962,-8.352508773882498,-19.417155914133623,-3.203148625713874,-20.718614096241726,353.2908866964062,346.9902188505747,-672.5776071379535,-181.2898869916751,476.019033087227,2391.723626141372
7.831887925283524,-35.30586336643803,-3.5220840751544724,32.51843891757575,151.9706647718037,-2.6318672474296045,26.17159827462474,11.834634692345393,-10.14230170262682,-8.426909241906786,-19.43346543661812,-3.1514359941141117,-20.450824581699198,318.3911733110895,356.03377503111165,-665.7059111881468,-112.0696225894867,454.1960026978167,2425.244575954439
7.838559039359571,-34.83147961213113,-3.9272478021796595,32.17966156383404,151.19260959844317,-2.757014267531729,25.358440960584588,11.868092598075249,-10.102210509478157,-8.500534947562302,-19.442073788893982,-3.1021468452859717,-20.179318080245885,283.4425058438812,365.1365167307322,-658.6409692812347,-42.76572145610756,432.4269932566786,2458.583171025714
7.845230153435622,-34.3558344455873,-4.33078651216095,31.837953082057243,150.41436412255945,-2.880236801278806,24.556225195587174,11.897662578861668,-10.06110391129557,-8.573364335560639,-19.442973168576916,-3.055274651132288,-19.904115407386737,248.4572366276232,374.29896152194425,-651.3815516499945,26.594883049759314,410.7213781166442,2491.7296787370465
7.851901267511675,-33.87908355984591,-4.732659428603852,31.493345779808397,149.63623701493617,-3.0016314433774642,23.76509849042764,11.923341250923285,-10.01897524428813,-8.645375718861906,-19.436158770732455,-3.010811845502973,-19.625238464956716,213.4476979642301,383.52156027556293,-643.9265183698637,95.98520800989536,389.0884558051297,2524.674291369721
7.858572381587725,-33.40138275596352,-5.132825507331558,31.145872835179727,148.85853707860926,-3.1212944650531274,22.985207457365057,11.945126600313685,-9.975817798298177,-8.716547288747806,-19.421628792768605,-2.968749832718985,-19.342710249280508,178.42619734820204,392.80469596986154,-636.27482086037,165.37823206025755,367.53744635306384,2557.407129534102
7.8652434956637745,-32.922887888243054,-5.531243434780429,30.795568301459035,148.08157312861704,-3.239321773018493,22.21669776615751,11.96301797989859,-9.931624824414394,-8.786857125059136,-19.399384438091577,-2.9290789965020827,-19.056554858948093,143.40501271123898,402.1486825392263,-628.4255033429152,234.74690652690822,346.0774876675307,2589.9182456631174
7.871914609739826,-32.443754809593855,-5.9278716266035545,30.44246711138263,147.30565387162684,-3.3558088688078502,21.459714099792734,11.977016105805601,-9.886389542710603,-8.856283206593034,-19.369429918522293,-2.891788709305324,-18.76679750219771,108.39638768977919,411.5537637631091,-620.377704253992,304.06416657972125,324.71763194952774,2622.1976275683974
7.878585723815875,-31.964139317044733,-6.322668226586539,30.086605080968756,146.53108778549063,-3.4708508084929584,20.714400109930796,11.987123053349192,-9.840105150105728,-8.924803421654694,-19.331772455472095,-2.8568673420392803,-18.47346450390008,73.41252691748159,421.0201121960041,-612.1306576129674,373.3029423989727,303.4668421583368,2654.235202057612
7.8852568378919266,-31.484197097430403,-6.715591105879209,29.72801891292673,145.75818299877818,-3.5845421627951697,19.980898372077096,11.993342252433562,-9.792764828340738,-8.992395578758792,-19.286422279876266,-2.8243022741888453,-18.17658331213778,38.46559134454193,430.5478281391023,-603.6836943436463,442.43617035016047,282.33398852390815,2686.020838611616
7.891927951967977,-31.00408367327255,-7.106597862550472,29.366746199633265,144.98724717033826,-3.696976977611613,19.259350340498084,11.995678482436977,-9.744361752067057,-9.059037417474972,-19.233392630884946,-2.7940799043148243,-17.87618250437137,3.5676935857660066,440.13693865444935,-595.0362435486638,511.4368041622813,261.3278451086822,2717.544353120051
7.898599066044029,-30.523954348875744,-7.4956458214675115,29.002825425673407,144.21858736893608,-3.8082487349679255,18.549896302900304,11.994137866580228,-9.694889097042747,-9.124706619412612,-19.172699753311136,-2.7661856609352413,-17.572291793188157,-31.26910670073438,449.7873966221171,-586.1878337360531,580.2778261048907,240.45708642019812,2748.795511673831
7.905270180120079,-30.043964156659175,-7.882692034506095,28.636295969938132,143.45250995301916,-3.9184503144149128,17.852675334886758,11.988727865783295,-9.644340048430738,-9.189380819339162,-19.104362893836342,-2.740604013780231,-17.26494203162547,-66.03280740232967,459.4990798411747,-577.1380939970854,648.9322581591845,219.73028407586511,2779.7640344131337
7.911941294196129,-29.564267803744393,-8.267693281095044,28.26719810727442,142.68932045065813,-4.027673954883127,17.167825254208896,11.979457272013645,-9.592707809194547,-9.253037616426637,-19.02840429597466,-2.717318485414823,-16.95416521806305,-100.71146850629457,469.2717901750288,-567.8867551346705,717.3731731783691,199.15590352121842,2810.4395994293113
7.918612408272181,-29.085019618819416,-8.650606069097602,27.895573009683417,141.92932343971572,-4.1360112170089804,16.495482574832177,11.966336201129998,-9.539985608586885,-9.315654585620997,-18.9448491937968,-2.6963116632236916,-16.639994500679425,-135.29321661802004,479.1052527417015,-558.4336507416275,785.5737060326068,178.74230080296044,2840.811846719144
7.925283522348231,-28.60637349929936,-9.031386636035867,27.52146274705994,141.17282242829074,-4.243552945949143,15.835782460831103,11.949376085226097,-9.486166710725229,-9.377209289128293,-18.85372580441605,-2.67756521175137,-16.3224641814647,-169.7662494411882,488.99911514974696,-548.7787182279959,853.5070647337692,158.49771939808596,2870.8703821899203
7.9319546364242814,-28.128482858803434,-9.409990950658655,27.144910287471287,140.4201197354877,-4.350389234694504,15.188858680133736,11.9285896644783,-9.431244423250309,-9.43767928801246,-18.75506531923872,-2.6610598853920373,-16.001609719786313,-204.1188402181195,498.9529467802149,-538.9219997968446,921.1465415353542,138.4302871003137,2900.6047817136446
7.938625750500333,-27.651500574968097,-9.786374714858445,26.765959496968794,139.67151637256154,-4.4566093878997775,14.554843558131545,11.903990978501907,-9.375212106061491,-9.497042153898503,-18.64890189398195,-2.6467755414221616,-15.677467735500736,-238.33934212850264,508.9662381153278,-528.8636433677966,988.4655240028081,118.5480129650725,2930.0045952288024
7.945296864576382,-27.175578937615818,-10.160493365939345,26.384655138929087,138.92731192448574,-4.562301886241584,13.93386793117381,11.875595357220751,-9.318063180124298,-9.555275480775602,-18.535272637462565,-2.634691153369555,-15.350076011606678,-272.4161926447644,519.0384001143199,-518.6039034476935,1055.4375060496272,98.85878431422644,2959.059350887978
7.9519679786524335,-26.700869597299196,-10.5323020792384,26.001042872921357,138.18780443199543,-4.667554351317442,13.32606109996651,11.843419411255072,-9.259791136344736,-9.612356896893857,-18.414217599161002,-2.6247848247119485,-15.019473496434834,-306.3379178422798,529.1687636369263,-508.14314194777364,1122.0360989343867,79.37036380173164,2987.7585592495548
7.958639092728485,-26.227523514239277,-10.901755771103828,25.615169253096457,137.45329027415087,-4.772453511100448,12.731550782891375,11.807481021832691,-9.200389544504983,-9.668264076749082,-18.285779755564956,-2.6170338028985918,-14.685700305369162,-340.0931366627804,539.356578915013,-497.4818289467749,1188.2350422142747,60.09038654134181,3016.091717511899
7.965310206804534,-25.75569090767705,-11.268809102232234,25.227081726094276,136.72406405147268,-4.877085165961351,12.150463069265601,11.767799330228916,-9.139852062255061,-9.72297475314926,-18.150004995297696,-2.611414493687519,-14.348797722094757,-373.6705651292279,549.6010150727884,-486.6205433993825,1254.0082146503069,41.02635729748538,3044.0483137881624
7.971981320880586,-25.285521205657098,-11.633416481365959,24.836828628467412,136.00041846969697,-4.981534155270027,11.582922372562724,11.724394726740487,-9.07817244415538,-9.776466729356839,-18.006942103036867,-2.6079024757917058,-14.00880819936892,-407.0590205104588,559.9011596959637,-475.55997378953583,1319.3296450596188,22.18564774041324,3071.6178314199437
7.978652434956637,-24.817162995261643,-11.995532069354347,24.444459183616466,135.2826442241969,-5.085884324590344,11.029051383609783,11.677288839199434,-9.015344550764107,-9.828717891300478,-17.85664274222975,-2.606472515826754,-13.665775359309789,-440.2474254340191,570.2560184503328,-464.3009187280163,1384.1735231103437,3.5754937666403883,3098.789753328059
7.985323549032688,-24.35076397331379,-12.355109783578602,24.050023498236094,134.57102988512216,-5.190218493478177,10.488971023785327,11.626504521032572,-8.951362357764484,-9.879706219850139,-17.699161436611835,-2.607098583552779,-13.319743993199905,-473.22481194547055,580.6645147500578,-452.84428749389696,1448.514210054265,-14.797007114246966,3125.5535663984674
7.991994663108738,-23.88647089756733,-12.712103302743243,23.65357255826809,133.86586178330006,-5.294618423895976,9.96280039823292,11.572065838872687,-8.886219965126077,-9.929409803149253,-17.53455555053558,-2.6097538674031893,-12.970760060799842,-505.9803255126689,591.1254894760547,-441.1911005193591,1512.3262493929444,-32.924898325471524,3151.8987659016298
7.998665777184788,-23.42442953840148,-13.066466072034986,23.255158224359626,133.1674238969486,-5.39916478925455,9.450656749112772,11.51399805972773,-8.81991160629446,-9.977806848997592,-17.362885268117306,-2.614410790292664,-12.618870689168652,-538.5032289733873,601.6377007447834,-429.34248981744634,1575.5843774726159,-50.801366700641516,3177.814859943331
8.005336891260841,-22.96478463103782,-13.418151308649161,22.854833226825725,132.47599773924762,-5.5039371440922435,8.952655408910942,11.452327637714095,-8.752431657404161,-10.024875697278643,-17.184213571210094,-2.621041025696907,-12.264124170988323,-570.7829064247476,612.1998237276873,-417.29969935240774,1638.2635340034242,-68.4197448920964,3203.2913739450987
8.012008005336892,-22.507679828297313,-13.767112007686105,22.4526511601127,131.79186224681516,-5.609013894404135,8.468909753824951,11.387082200361107,-8.683774646508333,-10.07059483242465,-16.99860621621183,-2.629615513996021,-11.906569962387879,-602.808867052932,622.810450521623,-405.06408535216764,1700.3388724984247,-85.77351370910533,3228.3178551522487
8.018679119412942,-22.053257653913207,-14.113300948416695,22.048666476762513,131.11529366913496,-5.71447226862962,7.9995311572469445,11.318290534492725,-8.613935262820453,-10.11494289591352,-16.806131709716855,-2.6401044790741865,-11.546258680265202,-634.5707489017435,633.46809007044,-392.63711656266315,1761.7857706281193,-102.85630438509442,3252.8838771677147
8.025350233488993,-21.60165945641788,-14.45667070091842,21.642934480875894,130.44656545898115,-5.820388289310228,7.544628943363542,11.24598257169393,-8.542908365961546,-10.157898698790536,-16.606861283021445,-2.6524774451673165,-11.183242099103111,-666.0583225784949,644.1711681379817,-380.02037444367096,1822.5798404859415,-119.66190077301503,3276.9790445096005
8.032021347565044,-21.15302536361986,-14.797173633080888,21.235511321074743,129.7859481638876,-5.926836745425831,7.104310340894224,11.170189373368574,-8.470688995207794,-10.199441234208631,-16.40086886549319,-2.6667032539507303,-10.817573147277995,-697.2614948957889,654.918027332634,-367.2155533058785,1882.6969387603044,-136.18424146806322,3300.5929971904807
8.038692461641094,-20.707494237686255,-15.134761917982054,20.82645398296135,129.13370931870423,-6.0338911654199,6.678680436987189,11.090943115395913,-8.397272378732396,-10.239549689980633,-16.18823105681455,-2.6827500818588224,-10.44930590285759,-728.1703124478603,665.7069271836335,-354.2244603889018,1942.1131768090665,-152.4174218570035,3323.715415316518
8.045363575717145,-20.26520363084791,-15.469387541634068,20.415820281075536,128.49011333928706,-6.1416237909229805,6.267842131293135,11.00827707239325,-8.322653942836016,-10.278203461136878,-15.969027098112045,-2.7005854576285055,-10.07849558888663,-758.7749651200448,676.5360442692378,-341.0490158800369,2000.8049306319758,-168.35569609332353,3346.3360237043266
8.052034689793198,-19.826289741741995,-15.801002311097704,20.003668850349406,127.85542141736698,-6.250105551181469,5.871896090239263,10.922225601592114,-8.24682932116035,-10.315382162481635,-15.743338841982531,-2.7201762800580256,-9.705198568158618,-789.0657895300467,687.4034723968402,-327.6912528735595,2058.7488507368585,-183.99347899753693,3368.4445965135396
8.058705803869247,-19.39088737240735,-16.129557862966045,19.59005913705895,127.22989141663837,-6.359406038202848,5.490940701521348,10.832824126335659,-8.16979436387842,-10.35106564114167,-15.511250721428434,-2.7414888359729623,-9.329472337471003,-819.0332723997437,698.3072228351682,-314.15331727034413,2115.9218718954644,-199.3253478819589,3390.0309618930864
8.065376917945297,-18.959129885948265,-16.455005672214533,19.175051389274387,126.61377777011445,-6.469593482622797,5.1250720288377245,10.740109119205192,-8.091545146856467,-10.3852339891003,-15.272849717714905,-2.7644888183907663,-8.951375521363879,-848.6680538561691,709.2452245985419,-300.4374676177261,2172.3012227846157,-214.34604429930653,3411.085006639037
8.07204803202135,-18.531149164880656,-16.777297061417727,18.75870664680869,126.00733137878974,-6.580734730303912,4.774383766883046,10.64411808478356,-8.01207798078117,-10.417867555710366,-15.028225327161332,-2.7891413448755653,-8.570967865339782,-877.9609306605208,720.2153247832691,-286.5460748894368,2227.864435508773,-229.0504757145365,3431.5966808620196
8.078719146097399,-18.107075570175272,-17.096383210330547,18.341086730665843,125.41079951165264,-6.69289521967291,4.438967196623994,10.544889542063666,-7.931389420246468,-10.448946960179303,-14.777469526880946,-2.8154109760744856,-8.188310228563989,-906.9028593639313,731.215288956159,-272.48162220554195,2282.5893549998073,-243.43371709934533,3451.556002662072
8.08539026017345,-17.68703790101219,-17.41221516583179,17.922254231990443,124.82442570709053,-6.806138959802465,4.118911140878257,10.44246300651008,-7.849476272794707,-10.47845310401997,-14.52067673948229,-2.843261734427044,-7.803464576045357,-935.4849593888276,742.2428015950944,-258.2467044923524,2336.454148290047,-257.4910124487897,3470.953062808846
8.0920613742495,-17.271163355260004,-17.724743852229153,17.502272500519318,124.24844967572875,-6.920528509245919,3.8143019202163826,10.336878971782477,-7.766335607905411,-10.506367183459977,-14.257943796747053,-2.8726571230386315,-7.416493970295976,-963.6985160347544,753.2954665816491,-243.84402808222987,2389.437313654567,-271.2177762195412,3489.778029425026
8.09873248832555,-16.859577490693137,-18.033920081922744,17.081205632537273,123.68310720474253,-7.036124955630713,3.5252233092075236,10.228178891128957,-7.681964765926587,-10.532670701803443,-13.989369902298625,-2.9035601447096813,-7.02746256247006,-991.534983407561,764.3708077456424,-229.2764102533202,2441.5176896189587,-284.6095946893078,3508.0211526708886
8.105403602401601,-16.45240418696058,-18.339694566424424,16.65911845833978,123.12863006368417,-7.152987896015519,3.2517564930314204,10.116405158457985,-7.596361366942831,-10.557345481738212,-13.715056593276948,-2.9359333211115515,-6.636435582982613,-1018.9859872708363,775.4662694614974,-214.54677870926162,2492.6744638285754,-297.6622272369832,3525.672769427833
8.11207471647765,-16.049765608318296,-18.642017927731438,16.236076529203352,122.58524591186325,-7.2711754180189825,2.993980024475012,10.001601089097795,-7.509523319573767,-10.580373677581692,-13.435107701035058,-2.969738712100251,-6.243479331606586,-1046.0433278186201,786.5792172963148,-199.65817099887002,2542.8871817756153,-310.37160754314874,3542.7233079787597
8.118745830553703,-15.651782167138077,-18.940840710050065,15.812146103867965,122.05317820731953,-7.390744081722969,2.751969781336585,9.883810900251712,-7.421448829698156,-10.601737787459175,-13.14962931087331,-3.0049379351593464,-5.848661167050921,-1072.6989823683227,797.7069387094356,-184.61373387596686,2592.1357553802277,-322.7338447105497,3559.1632926831726
8.125416944629754,-15.258572488204484,-19.23611339186726,15.387394134532798,121.53264611742692,-7.511748902357066,2.5257989242578036,9.76307969115883,-7.3321364090968215,-10.621420665407307,-12.858729720828,-3.0414921849627405,-5.4520494960183505,-1098.9451079729365,808.8466438033458,-169.41672259940128,2640.400471421972,-334.74522430424554,3574.9833486447797
8.132088058705804,-14.87025337381179,-19.52778639836666,14.96188825236935,121.02386443116478,-7.634243333768811,2.3155378550028147,9.639453422968543,-7.241584884009485,-10.639405533396578,-12.562519399530785,-3.079362253048874,-5.053713761745049,-1124.7740439515946,819.9954661256851,-154.07050017345446,2687.661999818136,-346.4022093111246,3590.1742063695633
8.138759172781857,-14.486939769671995,-19.81581011418472,14.5356967525554,120.52704347309539,-7.758279252682297,2.1212541752079845,9.512978898338423,-7.149793403599725,-10.655675993266112,-12.261110943156535,-3.1185085475969654,-4.653724432023326,-1150.1783143375656,831.1504635220912,-138.57853652880792,2733.9014017452337,-357.70144101854805,3604.726706412033
8.145430286857906,-14.108744731644727,-20.100134896504237,14.108888578832648,120.04238901908118,-7.883906943751237,1.9430126456200483,9.383703740764402,-7.056761448322159,-10.670216038564053,-11.954619031476858,-3.1588911132965514,-4.252152986708046,-1175.150630242872,842.308619039645,-122.94440764425565,2779.100137600355,-368.63973981190577,3618.631804007594
8.152101400933955,-13.735779393299872,-20.380711088480695,13.681533307592463,119.57010221378032,-8.011175085409,1.7808751458455825,9.25167637365298,-6.962488838186152,-10.683010066286824,-11.643160383037806,-3.20046965130099,-3.849071904708786,-1199.683892138678,853.4668418805858,-107.17179460941402,2823.240074798827,-379.2141058909021,3631.880573688785
8.158772515010009,-13.36815293432284,-20.65748903299681,13.253701131494404,119.11037948995221,-8.140130736518012,1.6349006346310067,9.116945999144331,-6.8669757409112675,-10.694042888511254,-11.326853709479604,-3.243203539256316,-3.4445546504704363,-1223.7711920506724,864.6219684059686,-91.2644826287154,2866.303495404968,-389.4217199044242,3644.464213883302
8.165443629086058,-13.005972549772144,-20.93041908674187,12.825462842620578,118.66341248960872,-8.270819323823439,1.5051451106937752,8.97956257669625,-6.770222679967717,-10.703299743912373,-11.005819669017466,-3.2870518513959714,-3.0386756599426854,-1247.4058156687404,875.7707631889299,-75.22635996693577,2908.273103592621,-399.25994350389885,3656.374051491578
8.172114743162108,-12.649343420199088,-21.199451634609876,12.396889815172203,118.22938798704428,-8.403284630211212,1.3916615741255418,8.839576801438168,-6.67223054249759,-10.710766309161059,-10.680180819102445,-3.33197337869269,-2.6315103260427626,-1270.5812443701632,886.9099201171597,-59.06141683663494,2949.1320329322893,-408.7263198150471,3667.601546441809
8.178785857238159,-12.298368682638115,-21.46453710441271,11.968053987711931,117.80848781377637,-8.537568783774308,1.29449998838762,8.697040082305323,-6.57300058711028,-10.716428710194451,-10.350061568282094,-3.3779266490580997,-2.223134983612422,-1293.291157155733,898.0360635441749,-42.773744227822135,2988.8638535017085,-417.8185738280239,3678.13829622019
8.18545697131421,-11.953149402476537,-21.72562598190269,11.539027844957696,117.40088878542866,-8.673712247688506,1.2137072429178328,8.552004519962242,-6.47253445154737,-10.720273533353215,-10.01558812728014,-3.424869947581319,-1.8136268938727322,-1315.5294324981417,909.1457494889811,-26.367532680245276,3027.4525788169203,-426.53461270592663,3687.976040374275
8.192128085390259,-11.613784546212317,-21.982668826098845,11.109884399134074,117.00676263058789,-8.81175381089801,1.1493271163704022,8.404522884525807,-6.370834160211734,-10.722287836379197,-9.676888459315935,-3.472761336797276,-1.403064228380359,-1337.29015010203,920.2354668836276,-9.847070998734132,3064.882672580753,-434.8725260117103,3697.1066649872787
8.198799199466311,-11.28037095510694,-22.235616284912307,10.680697170885603,116.6262759216636,-8.951730579613919,1.1014002405075454,8.254648593097494,-6.267902131554773,-10.722459159266883,-9.334092229683703,-3.5215586769756833,-0.991526052487196,-1358.5675925752073,931.3016388682096,6.783255087998982,3101.1390552459284,-442.83058585359595,3705.522207121141
8.205470313542362,-10.953003319741589,-22.48441911106398,10.25154016975944,116.25959000778118,-9.093677969624016,1.0699640647627613,8.102435687114694,-6.163741185317639,-10.7207755349629,-8.98733075461244,-3.57121964642177,-0.5790923083086887,-1379.3562470104664,942.3406241327727,23.518964324594574,3136.2071103899148,-450.40724694905515,3713.214859226271
8.212141427618413,-10.631774155483198,-22.72902817828924,9.822487874262604,115.90686094973556,-9.23762969941586,1.0550528214963875,7.947938809531345,-6.058354549620194,-10.717225499906805,-8.636736949427956,-3.6217017617794194,-0.16584379720326417,-1399.650806477583,953.3487183056064,40.35548138184014,3170.0726908987945,-457.60114660754266,3720.1769735157513
8.218812541694462,-10.316773778866862,-22.969394497823433,9.39361521150026,115.568239457033,-9.3836177841124,1.056697491961353,7.791213181837494,-5.951745867893167,-10.711798104407356,-8.282445276037626,-3.6729623983280137,0.2481378382325986,-1419.4461714250583,964.3221553873576,57.28813836450284,3202.7221249575714,-464.41110463214443,3726.4010663019308
8.225483655770516,-10.00809028490183,-23.205469235161186,8.964997536402924,115.2438708270491,-9.531672530219327,1.074925772999687,7.632314580928155,-5.84391920564863,-10.704482922848253,-7.924591689760426,-3.724958810263865,0.6627701326485922,-1438.7374509911667,975.2571092303731,74.31217637361236,3234.1422218442276,-470.83612314033417,3731.879822293292
8.232154769846563,-9.705809525305513,-23.43720372708382,8.536710610547836,114.93389488632681,-9.681822531184121,1.109762044488081,7.471299315831325,-5.7348790570832335,-10.695270063717048,-7.563313585523376,-3.77764815095717,1.0779698169009222,-1457.5199642240439,986.149695062676,91.42274712266162,3264.320277525177,-476.8753863041276,3736.6060988494437
8.238825883922614,-9.410015087671884,-23.66454949894742,8.10883058058287,114.63844593404093,-9.834094663765427,1.1612273375522888,7.308224204305648,-5.624630351509391,-10.684150179451255,-7.198749743447391,-3.830987493175562,1.4936528374832405,-1475.78924121045,996.9959710559154,108.61491460707609,3293.2440800495838,-482.52826000989967,3740.572930192112
8.245496997998666,-9.120788275579228,-23.887458282224774,7.681433956260342,114.35765268765212,-9.988514085210358,1.2293393035682776,7.143146549317426,-5.513178459610258,-10.671114476096237,-6.831040273844427,-3.884933849265499,1.9097343764226764,-1493.541024112941,1007.791939936659,125.88365682632761,3320.901914740323,-487.7942914381724,3743.7735315701507
8.252168112074717,-8.838208089641356,-24.10588203229433,7.254597588087525,114.09163823077402,-10.14510423123964,1.3141121839688577,6.976124115407557,-5.400529199512536,-10.656154722768397,-6.460326561648837,-3.9394441912824143,2.3261288716371773,-1510.7712681152616,1018.533550640326,143.22386755804655,3347.2825691793273,-492.673208563756,3746.20130337636
8.258839226150766,-8.562351209507083,-24.319772946468056,6.828398644603103,113.8405199632757,-10.303886814836325,1.4155567808747844,6.807215104958428,-5.286688842673606,-10.639263260918465,-6.086751210306208,-3.994475471060918,2.7427500377468927,-1527.4761422757194,1029.2167000070579,160.63035818340467,3372.3753379851423,-497.16491957660736,3747.8498352141546
8.265510340226818,-8.29329197681136,-24.529083482251618,6.40291458928626,113.6044095536401,-10.464881825837146,1.5336804285671555,6.636478134370973,-5.171664119577509,-10.620433013388999,-5.710457985142265,-4.049984640216248,3.1595108873354807,-1543.652030288431,1039.83723451881,178.09785956309997,3396.1700273806878,-501.26951222384224,3748.712909911984
8.272181454302867,-8.03110237908148,-24.733766375828388,5.978223157107823,113.38341289359983,-10.628107531322971,1.6684869658205426,6.463972210162429,-5.055462225235396,-10.599657493260292,-5.331591756236089,-4.105928670068093,3.5763237526546847,-1559.2955311523365,1050.3909520768834,195.62102396315214,3418.6569595492133,-504.9872530733685,3748.7845074834418
8.278852568378918,-7.775852034601746,-24.933774660759614,5.554402330731669,113.17763005506855,-10.793580476804319,1.8199767091129742,6.2897567049946,-4.938090824486629,-10.576930812479802,-4.95029844082064,-4.162264571478312,3.993100307765588,-1574.4034597478617,1060.873603819157,213.19442702977625,3439.8269767765887,-508.3185866996041,3748.0588090311453
8.28552368245497,-7.527608178238477,-25.12906168689285,5.131530316374912,112.98715524938734,-10.961315488200112,1.9881464267311937,6.113891333643296,-4.819558057095023,-10.55224769026894,-4.566724945234652,-4.2189494145937605,4.409751591111521,-1588.9728473212967,1071.2808959761915,230.81256981252446,3459.6714453781597,-511.26413479183884,3746.530200592274
8.292194796531023,-7.286435648228279,-25.319581139470134,4.709685519336352,112.81207678890252,-11.131325674603652,2.1729893137876806,5.9364361289189205,-4.699872542637252,-10.52560346130263,-4.18101910644999,-4.275940348485778,4.826188028514372,-1603.0009418767906,1081.6084917654146,248.46988083488355,3478.18225940845,-513.8246951857656,3744.193276923891
8.29886591060707,-7.052396873930601,-25.505287058427516,4.288946519202165,112.652477050893,-11.30362243183299,2.374494968166904,5.75745141754878,-4.579043385178043,-10.496994083655707,-3.793329633198962,-4.333194620677602,5.2423194565888735,-1616.485208476123,1091.8520133225106,266.1607182114676,3495.351844152091,-516.0012408188104,3741.0428452259807
8.305537024683122,-6.825551864546413,-25.68613385787758,3.8693920447379777,112.5084324438608,-11.478215446760789,2.5926493674163993,5.576997796031023,-4.457080177728747,-10.466416146511555,-3.403806046725268,-4.390669596551573,5.658055146567299,-1629.423329446286,1102.0070436691935,283.8793718109671,3511.1731593945333,-517.7949186098507,3737.07392880034
8.312208138759173,-6.605958198803686,-25.8620763457658,3.451100948477642,112.38001337620075,-11.655112702417485,2.827434846600541,5.3951361064707015,-4.333993006485367,-10.433866877627757,-3.012598621184011,-4.448322778627515,6.073303828526853,-1641.8132044950112,1112.069128716446,301.62006546393076,3525.639702471039,-519.2070482640062,3732.281770643393
8.318879252835222,-6.393671015610505,-26.03306974369227,3.0341521810179524,112.26728422726202,-11.834320483864458,3.0788300771305437,5.2119274124080315,-4.209792454841729,-10.399344150553834,-2.619858323714726,-4.506111825704196,6.487973716013168,-1653.652950734438,1122.0337793023552,319.3769592144897,3538.745511092713,-520.2391210031594,3726.66183697102
8.325550366911274,-6.188743005675184,-26.199069706889322,2.6186247650292693,112.17030332081477,-12.01584338483012,3.346810046589465,5.027432974649244,-4.084489607174007,-10.362846491596006,-2.2257367542130204,-4.56399457185538,6.9019725310519355,-1664.940902613153,1131.8964732635754,337.1441516150589,3550.4851659482697,-520.8927982229834,3720.2098206734686
8.332221480987325,-5.991224404094173,-26.360032344346067,2.204597768993068,112.08912290093322,-12.199684315102662,3.631346039564678,4.841714227109948,-3.958096052393628,-10.32437308652484,-1.8303860848252549,-4.621929045272666,7.315207529540114,-1675.6756117567822,1141.6526575395285,354.9156820630754,3560.853793080461,-521.1699100771605,3712.921644698644
8.338892595063376,-5.801162983905908,-26.51591423907051,1.7921502806755454,112.02378911030526,-12.385844508675088,3.9324056195051362,4.654832752681331,-3.8306238872638354,-10.283923787020434,-1.4339589991914672,-4.679873486946827,7.727585527010077,-1685.8558467175283,1151.2977503083412,372.68553317878093,3569.847066036096,-521.0724539896314,3704.7934653617767
8.345563709139425,-5.618604050610428,-26.666672468479483,1.3813613803491964,111.97434197097891,-12.574323532633294,4.249952611616288,4.46685025912929,-3.7020857194775805,-10.241499116851278,-1.03660863146221,-4.737786369179768,8.139012924756718,-1695.4805926328934,1160.827143153558,390.44763322303055,3577.4612077887223,-520.6025930956608,3695.8216755798217
8.352234823215477,-5.443590437652729,-26.81226462490711,0.9723101137720375,111.94081536755382,-12.765119296782562,4.583947086808584,4.2778285550364314,-3.572494670492566,-10.197100277781978,-0.6384885051138292,-4.795626413919311,8.549395736320525,-1704.5490507940165,1170.236203260632,408.195858554124,3583.692992433124,-519.7626546125637,3686.00290802872
8.358905937291528,-5.276162502867809,-26.952648836221694,0.5650754649360171,111.9232370328252,-12.95822806400406,4.9343453467127985,4.087829525797234,-3.4418643781203078,-10.150729155205568,-0.23975247158855864,-4.85335261090881,8.95863961431722,-1713.060638124037,1179.5202756421475,425.9240361225713,3588.5397466508757,-518.5551281409981,3675.334038221772
8.365577051367577,-5.116358125885744,-27.087783786541287,0.15973632859568695,111.92162853588701,-13.153644461333412,5.301099909775939,3.896915109676077,-3.310208998866714,-10.10238832349673,0.1594453512158986,-4.9109242356442175,9.366649877604813,-1721.0149865668727,1188.6746853907941,443.6259460027646,3591.9993509463247,-516.9826638976821,3663.8121875075185
8.37224816544363,-4.964212706493337,-27.21762873703803,-0.24362851741190267,111.93600527270009,-13.351361491754698,5.6841594984512955,3.7051472739382114,-3.177543210020258,-10.052081051081174,0.5589506405812877,-4.968300867130825,9.773331538779832,-1728.4119423869759,1197.694739958992,461.295323960431,3594.07024065242,-515.0480708805084,3651.43472598529
8.37891927951968,-4.819759163949663,-27.342143546820907,-0.6449404400446452,111.96637645912858,-13.551370546701204,6.083469027495298,3.5125879910634388,-3.0438822114853323,-9.99981130521781,0.9586089307030388,-5.025442405432315,10.178589331993185,-1735.2515653805456,1206.5757314641332,478.9258640547856,3594.7514067059656,-512.754314966987,3638.1992753368804
8.385590393595729,-4.683027937251883,-27.46128869388663,-1.0441209791178077,112.01274512644979,-13.753661419253197,6.498969593384229,3.319299215052605,-2.909241727358162,-9.945583756489702,1.3582656744971955,-5.082309089004643,10.582327741075396,-1741.5341279987654,1215.3129390183312,496.51122127421087,3594.0423961918978,-510.1045169470441,3624.103711572669
8.392261507671781,-4.554046986347335,-27.575025296128555,-1.4410918755411322,112.07510811933848,-13.958222318026671,6.9305984648628005,3.125342857836183,-2.773638007241959,-9.88940378300006,1.7577663054557644,-5.138861511807681,10.984451027963301,-1747.26011438369,1223.901631081602,514.0450142043665,3591.943312656373,-507.1019504911556,3609.1461676905774
8.398932621747832,-4.4328417942878415,-27.683315132392927,-1.8357750997172262,112.15345609632789,-14.165039881741032,7.3782890746359655,2.930780765795054,-2.637087827299654,-9.83127747427,2.156956299523485,-5.195060640187368,11.384863261416632,-1752.4302193173721,1232.3370678373576,531.5208277275221,3588.4548161884672,-503.75004005487864,3593.325036246382
8.405603735823881,-4.31943537032122,-27.78612066357197,-2.228092880090396,112.24777353274715,-14.374099194458466,7.841971012216259,2.735674696402833,-2.499608491040957,-9.771211634834357,2.555681236971037,-5.2508678295213755,11.783468346015873,-1757.0453470849618,1240.6145035890745,548.9322157519459,3583.5781232704408,-500.0523587208701,3576.6389718337346
8.412274849899934,-4.213848253915394,-27.88340505372314,-2.6179677318332306,112.35803872613506,-14.58538380148535,8.32157001793717,2.54008629499934,-2.3612178298419066,-9.709213787532427,2.9537868642389173,-5.306244840621477,12.180170051430798,-1761.1066102524408,1248.7291891770071,566.2727039701468,3577.315006396608,-496.0126259794351,3559.0868934724967
8.418945963975984,-4.116098519709122,-27.975132191203727,-3.0053224856584015,112.48422380412806,-14.79887572592356,8.817007978142959,2.34407707170483,-2.2219342031948703,-9.64529217649061,3.351119155725472,-5.361153855885657,12.574872041948831,-1764.615328359759,1256.6763744137836,583.535792644732,3569.667793460932,-491.6347054488135,3540.667986903881
8.425617078052035,-4.026201783383925,-28.061266709810056,-3.3900803167441973,112.62629473481988,-15.014555485864955,9.328202921566211,2.1477083784839652,-2.081776498686331,-9.579455769793602,3.74752437549472,-5.415557495193577,12.967477906254171,-1767.5730265301675,1264.4513105377193,600.7149594206729,3560.6393669135796,-486.9226025362705,3521.3817067909413
8.432288192128086,-3.944171208450985,-28.141774009910392,-3.772164773760168,112.78421133958929,-15.23240211221555,9.855069016901185,1.951041386369243,-1.9407641317014481,-9.511714261841776,4.142849138877015,-5.469418831538689,13.357891187445462,-1769.9814339965264,1272.049252682676,617.8036621627098,3550.233162686776,-481.880462041216,3501.227778823138
8.438959306204136,-3.8700175139463413,-28.216620279560512,-4.151499807981204,112.95792730839078,-15.452393167140702,10.397516571583816,1.7541370628526582,-1.7989170448528242,-9.442078075391551,4.536940473937926,-5.52270140639072,13.746015413282608,-1771.842482545478,1279.4654623632694,634.7953418166422,3538.4531688903667,-476.5125657015215,3480.206201723488
8.445630420280187,-3.8037489830272575,-28.28577251559066,-4.528009802476662,113.14739021750228,-15.674504763119739,10.955452031787113,1.5570561494550503,-1.656255707132106,-9.370558363276313,4.929645882788861,-5.575369244782181,14.131754126651177,-1773.1583048803816,1286.695209974192,651.683425293192,3525.3039242776476,-470.82332968429375,3458.317249157043
8.452301534356236,-3.745371472463157,-28.349198544653273,-4.901619601361933,113.35254154972417,-15.898711582598194,11.528777983639442,1.3598591394818593,-1.5128011127833207,-9.297167009805737,5.320813402714645,-5.627386870112927,14.515010916233098,-1773.9312329038628,1293.7337773025106,668.4613283731954,3510.7905164820336,-464.8173020222972,3435.5614715394818
8.458972648432288,-3.69488842301264,-28.40686704421981,-5.272254539099665,113.57331671701994,-16.1249868982275,12.1173931556746,1.1626062559742614,-1.3685747798958938,-9.221916631840758,5.71029166709224,-5.6787193186666665,14.895689447373254,-1774.1637959210138,1300.5764600516372,685.1224586327726,3494.918580025342,-458.49915999733736,3411.9396977444712
8.46564376250834,-3.652300870679258,-28.458747563515743,-5.6398404698375995,113.80964508559146,-16.353302593679924,12.721192422521694,0.9653574298643712,-1.2235987487164746,-9.144820579542296,6.09792996607563,-5.72933215383372,15.273693493130278,-1773.8587187641838,1307.218570375791,701.6602183871829,3477.6942940984595,-451.8737074718524,3387.4530367086604
8.47231487658439,-3.6176074588372322,-28.504810544382263,-6.004303796769318,114.06145000337753,-16.58362918502598,13.340066809840273,0.7681722783435005,-1.0778955796787113,-9.065892936791805,6.483578307020676,-5.779191480034182,15.648926965499404,-1773.0189198403898,1313.655439423681,718.0680076520015,3459.124380115355,-444.9458721700801,3362.1028789331585
8.47898599066044,-3.590804451218724,-28.54502734205345,-6.365571501505879,114.32864882996601,-16.815935842664214,13.97390350050965,0.5711100834514566,-0.9314883511493207,-8.98514852128149,6.867087474626231,-5.828263956336115,16.02129394679739,-1771.6475091024165,1319.882419890177,734.3392271203076,3439.2160990413986,-437.72070291005883,3335.8908978803233
8.485657104736491,-3.5718857457535664,-28.57937024583763,-6.723571173443871,114.61115296890657,-17.050190413788936,14.622585842076408,0.37422977089585346,-0.7844006568905318,-8.902602884272888,7.248309090765156,-5.876516809763294,16.390698721195996,-1769.7477859446478,1325.8948885747109,750.4672811545079,3417.9772484971304,-430.20336678786515,3308.8190512648816
8.492328218812542,-3.5608428892519273,-28.6078124996914,-7.07823103911747,114.90886790241179,-17.286359445384544,15.285993355467989,0.17758988910937656,-0.6366566032374031,-8.818272310021886,7.627095673981124,-5.923917848287282,16.757045806393652,-1767.323237024804,1331.6882489451232,766.445580791432,3395.416159638666,-422.3991463154459,3280.8895822382297
8.498999332888593,-3.5576650929205105,-28.630328322674977,-7.429479991520798,115.2216932284329,-17.52440820773429,15.964001744975448,-0.01875141144669811,-0.48828080598990764,-8.732173814868995,8.00330069862639,-5.970435473498778,17.120239985412844,-1764.3775340126745,1337.2579337057095,782.2675467593311,3371.541693816034,-414.31343651339756,3252.1050204650196
8.505670446964643,-3.562339248701968,-28.64689292927737,-7.777247619386765,115.54952270009464,-17.76430071842844,16.6564829095118,-0.21473639872447003,-0.3392983870195264,-8.64432514599367,8.376778653615155,-6.016038692953242,17.480186338510578,-1760.9145312670544,1342.5994073681668,797.9266125053762,3346.363239010848,-405.9517419601671,3222.4681830910654
8.512341561040694,-3.5748499464272605,-28.65748254960017,-8.1214642364098,115.89224426747438,-18.005999766860466,17.36330495515022,-0.41030777926950845,-0.18973497058962027,-8.55474477983133,8.747385100769256,-6.060697132186126,17.83679027519101,-1756.9382634420892,1347.708168824176,813.4162272322956,3319.8907060547795,-397.31967379904097,3191.982175601597
8.519012675116745,-3.5951794917705904,-28.662074449388026,-8.462060910398094,116.24974012170655,-18.249466939198538,18.08433220894429,-0.6054087181305866,-0.03961667938979026,-8.463451920152409,9.11497673273102,-6.104381046393012,18.189957566307186,-1752.4529430242392,1352.5797539183066,828.7298589427079,3292.13452463043,-388.42294670436326,3160.650392569109
8.525683789192795,-3.6233079249956255,-28.660646949895177,-8.79896949234253,116.62188674139837,-18.494662643815644,18.819425234035712,-0.7999828584920595,0.11102986971555348,-8.370466495802615,9.479411430419548,-6.147061331770287,18.53959437623956,-1747.4629578011318,1357.2097380200096,843.8609974898037,3263.105639056235,-379.2673758084844,3128.476518289932
8.532354903268846,-3.6592130404817533,-28.65317944757539,-9.132122645387842,117.00855494133327,-18.74154613716913,19.568440846050816,-0.9939743410208187,0.2621775702248682,-8.275809158103545,9.840548320006242,-6.1887095365119436,18.885607295139312,-1741.9728682636362,1361.5937385932987,858.8031576328622,3232.8155038572413,-369.8588735908639,3095.4645273087267
8.539026017344897,-3.7028704070190264,-28.639652433585244,-9.461453873693484,117.40960992344732,-18.990075550111243,20.331232130789115,-1.1873278229209625,0.4137988308223065,-8.179501277913527,10.198247829386204,-6.229297871458549,19.22790337122351,-1735.987404942391,1365.7274177629474,873.5498820963022,3201.276079123503,-360.20344673085174,3061.618684830267
8.545697131420948,-3.7542533888598033,-28.62004751308826,-9.786897551169709,117.82491133005338,-19.240207914620427,21.10764846320514,-1.37998849668864,0.5658655804858337,-8.081564942348137,10.552371744121842,-6.2687992203942775,19.566390143109903,-1729.5114656802082,1369.6064848758058,888.094744630747,3168.4998256581257,-350.3071929256125,3026.943547017748
8.552368245496998,-3.8133331675149678,-28.59434742434884,-10.108388950075618,118.2543132992949,-19.491899190937623,21.897535527684884,-1.5719021085601104,0.718349273879818,-7.9820229511603005,10.902783262835364,-6.307187149988286,19.900975672178593,-1722.550112841687,1373.226699055965,902.4313530747017,3134.499699916956,-340.17629767472465,2991.443961177039
8.559039359573049,-3.880078764282316,-28.56253605760514,-10.425864269465741,118.69766452280523,-19.745104295091817,22.70073533961858,-1.7630149766462417,0.8712208970310591,-7.880898812780102,11.24934705202721,-6.3444359193768625,20.231568574947634,-1715.1085704614031,1376.5838717525087,916.5533524154529,3099.2891487420206,-329.8170310329994,2955.1250658262925
8.5657104736491,-3.9544570634943135,-28.524598473708338,-10.739260663470816,119.15480830554866,-19.999777126804094,23.517086268268663,-1.9532740087463973,1.0244509732879836,-7.778216740014276,11.591929300297409,-6.380520489382719,20.55807805545011,-1707.1922213321782,1379.673869278444,930.454427847645,3062.8821038909855,-319.23574433302036,2917.992290650338
8.57238158772515,-4.036432836472516,-28.48052092251849,-11.048516269400164,119.62558262782025,-20.25587059775109,24.346423060934296,-2.1426267198355187,1.1780095695612425,-7.6740016454058955,11.930397771947593,-6.415416531368413,20.880413937599645,-1698.8066040347649,1382.4926153396389,944.1283078282252,3025.2929763648444,-308.43886687899686,2880.0513563394206
8.579052701801201,-4.125968766175195,-28.430290861044558,-11.353570235651052,120.10982020937779,-20.513336660177462,25.188576868409605,-2.3310212492175295,1.3318663028450446,-7.568279136254679,12.264621859941183,-6.449100435720514,21.198486697531536,-1689.957409910488,1385.0360935523588,957.5687671262042,2986.536650536303,-297.43290261343293,2841.308274311843
8.585723815877252,-4.223025472524836,-28.37389697131775,-11.654362749412533,120.60734857568089,-20.772126335839307,26.04337527173804,-2.518406377339409,1.485990347017824,-7.4610755092984,12.59447263819998,-6.481549319961834,21.512207495906846,-1680.6504799782979,1387.300349948147,970.7696298658568,2946.6284780812225,-286.22442675824885,2801.7693463200153
8.592394929953302,-4.327561538401682,-28.311329177987467,-11.950835064148883,121.11799012620908,-21.032189745265118,26.91064231025567,-2.704731542258939,1.640350439920286,-7.352417745056673,12.919822913214636,-6.512741036488752,21.821488210165597,-1670.8918017977596,1389.2814954647517,983.7247725618695,2905.5842717158284,-274.82008243189125,2761.441163939782
8.599066044029353,-4.439533536289395,-28.24257866562805,-12.242929526850565,121.64156220483213,-21.293476137318578,27.790198510927468,-2.8899468557612566,1.7949148907099397,-7.242333501837478,13.240547274948732,-6.542654179931234,22.126241466717254,-1660.687506279494,1390.975708421786,996.4281271450375,2863.420298742118,-263.22657724404286,2720.3306079424765
8.605737158105406,-4.558896055558759,-28.16763789574566,-12.530589605038166,122.17787717220305,-21.555933919049618,28.68186091896795,-3.07400311911756,1.9496515874898541,-7.13085110940805,13.55652214701434,-6.571268094132986,22.42638067305465,-1650.0438644446333,1392.379236979828,1008.8736839770133,2820.1532744043557,-251.4506798694918,2678.4448475496592
8.612408272181455,-4.685601730374949,-28.08650062347488,-12.813759913506622,122.72674248014508,-21.81951068581501,29.585443129747308,-3.256851838480962,2.1045280052096977,-7.017999562331202,13.86762583609866,-6.5985628787496875,22.72182004977843,-1638.9672841348354,1393.4884015817195,1021.0554948527414,2775.800355059315,-239.49921660282084,2635.7913395702576
8.619079386257505,-4.81960126821346,-27.99916191395269,-13.092386240795596,123.28796074800083,-22.08415325165798,30.50075532197607,-3.438445239913709,2.2595112138374547,-6.903808512968557,14.173738580620974,-6.624519395463019,23.012474662519224,-1627.4643066745102,1394.2995973746692,1032.9676759890172,2730.3791311632694,-227.3790678954713,2592.377827419943
8.625750500333556,-4.960843478970225,-27.90561815836096,-13.366415575373603,123.86132984091392,-22.349807679926343,31.42760429216637,-3.618736284040854,2.4145678867990203,-6.788308264152362,14.474742598599832,-6.649119273808931,23.298260453743914,-1615.5416034867792,1394.8092966120203,1044.604410997874,2683.9076200785466,-215.09716487684258,2548.2123400227133
8.632421614409607,-5.1092753046507795,-27.8058670896252,-13.635796131522003,124.44664295001058,-22.616419314117884,32.36579349036285,-3.797678680325084,2.5696643096838585,-6.6715297615275775,14.77052213471062,-6.6723449166181545,23.57909427443358,-1603.2059726648492,1395.0140510333017,1055.9599538432544,2636.404258702766,-202.6604858610017,2503.303190594585
8.639092728485657,-5.264841849622949,-27.699907797759607,-13.900477374905853,125.0436886744475,-22.883932808935608,33.31512305713922,-3.975226900957941,2.7247663892139777,-6.553504585566268,15.060963506513861,-6.694179505067652,23.854893915619463,-1590.4643355004441,1394.9104942213237,1067.0286317795708,2587.887895923847,-190.07605284065193,2457.6589753094004
8.645763842561708,-5.4274864114180295,-27.587740744848414,-14.16041004781887,125.65225110529416,-23.152292161535925,34.27538986185392,-4.151336194362818,2.8798396624735223,-6.434264943256313,15.345955149835067,-6.714607003341618,24.125578139764052,-1577.323732970892,1394.4953439351204,1077.8048482707732,2538.3777849038934,-177.35092797000328,2411.2885718468547
8.652434956637759,-5.597150512064297,-27.469367779651748,-14.415546194088789,126.27210991121306,-23.42144074295777,35.24638754215845,-4.325962598305028,3.034849306396549,-6.313843659466716,15.62538766327725,-6.733612162900847,24.391066711974226,-1563.7913221866443,1393.765404417349,1088.283085888392,2487.8935751953427,-164.49221003813753,2364.2011378227603
8.65910607071381,-5.773773929937597,-27.344792151827473,-14.665839183631103,126.90304042590546,-23.691321329712327,36.227906544752045,-4.499062952604906,3.1897601475096966,-6.192274167991913,15.899153851847775,-6.7511805263596205,24.651280431033236,-1549.8743728007926,1392.7175686750709,1098.4579091872813,2436.4553046925357,-151.50703093454274,2316.406109101793
8.665777184789858,-5.957294732112707,-27.214018525757567,-14.91124373663769,127.54481373728358,-23.961876135522306,37.21973416737312,-4.6705949114494745,3.3445366719269694,-6.069590502277743,16.167148769681308,-6.767298430969106,24.90614116023867,-1535.5802633823778,1391.34882073254,1108.3239675575348,2384.083391422226,-138.40255210839155,2267.9131979928943
8.67244829886591,-6.147649307199412,-27.077052993969318,-15.15171594738818,128.19719677833618,-24.23304684319141,38.22165460202357,-4.840516955299288,3.4991430355935527,-5.945827285831473,16.429269761841418,-6.781953011706985,25.155571858033355,-1520.9164777551491,1389.656237854838,1117.8759980512484,2330.7986251763678,-125.18596102326202,2218.7323913274954
8.679119412941962,-6.34477239864689,-26.933903090142124,-15.387213307670716,128.8599524196474,-24.504774636589907,39.233448979411385,-5.008788402385862,3.6535430747748037,-5.821019722319344,16.68541650518274,-6.7951322039725754,25.399496608415713,-1505.8906013035353,1387.6369927411433,1127.1088281826912,2276.6221589908805,-111.86446760889513,2168.8739484210946
8.685790527018012,-6.548597138500127,-26.784577801688968,-15.617694729800656,129.5328395635327,-24.777000232739926,40.25489541460917,-5.175369419797126,3.807700316787737,-5.6952035853539975,16.93549104825785,-6.806824745887484,25.637840651117433,-1490.5103172475312,1385.288355686399,1136.017378700537,2221.575500473758,-98.44530071163929,2118.3483989182632
8.692461641094065,-6.759055081591885,-26.6290875819039,-15.843120569224071,130.21561323975212,-25.049663913986176,41.28576905391317,-5.340221034146731,3.961577990970889,-5.568415207975493,17.17939785025151,-6.8170201802014185,25.870530411534833,-1474.7834028882692,1382.6076967101951,1144.5966663307408,2165.6805029863554,-84.93570454517419,2067.1665405217072
8.699132755170114,-6.976076240153031,-26.467444361665766,-16.06345264669414,130.90802470276327,-25.322705560232706,42.32584212289688,-5.50330514182453,4.115139039888914,-5.440691471828943,17.41704381892632,-6.8257088558037164,26.0974935304013,-1458.7177258260147,1379.592487651718,1152.8418064887478,2108.9593566814847,-71.3429351432264,2015.3394366057535
8.705803869246163,-7.199589118825152,-26.29966156068862,-16.278654270008534,131.60982153047215,-25.596064681235262,43.37488397564582,-5.664584518825007,4.268346130768388,-5.3120697960424295,17.64833834756447,-6.832881928840366,26.318658893188285,-1442.3212401523613,1376.2403042295398,1160.748015959625,2051.434579402079,-57.67425681577232,1962.878413714762
8.712474983322215,-7.429520750057539,-26.125754098309937,-16.48869025529537,132.32074772444253,-25.869680448927344,44.43266114516453,-5.824022830151093,4.421161667160391,-5.18258812580871,17.873193350889537,-6.8385313634375695,26.533956659221186,-1425.6019826184104,1372.5488280651277,1168.3106155448052,1993.1290074443623,-43.936938610518695,1909.7950589470554
8.719146097398266,-7.665796729872546,-25.945738403807706,-16.69352694783651,133.04054381152264,-26.14349172976999,45.49893739494131,-5.981584638790497,4.573547800826116,-5.052284920674675,18.091523299954293,-6.842649932031983,26.74331829049865,-1408.5680687806766,1368.515848668937,1175.525032674109,1934.0657861892823,-30.138250781093546,1856.1012172249852
8.725817211474316,-7.9083412539812805,-25.759632426236763,-16.893132242416264,133.76894694684734,-26.417437117105454,46.573473771663394,-6.137235414262689,4.725466443841269,-4.92119914254218,18.303245255979643,-6.845231215308921,26.94667658020173,-1391.2276891265547,1364.1392653879063,1182.3868039817037,1874.2683606062403,-16.285461263714414,1801.8089884516862
8.732488325550367,-8.157077154233143,-25.56745564377738,-17.087475603184195,134.50569101817382,-26.69145496350075,47.65602865906343,-6.290941540733671,4.87687928091458,-4.789370243384723,18.5082789031307,-6.8462696017492375,27.14396568088068,-1373.5891051810788,1359.4170893133448,1188.891577844752,1813.7604656330755,-2.3858321638314646,1746.9307245554369
8.73915943962642,-8.411925935380996,-25.369229072585636,-17.276528083020352,135.2505067515066,-26.96548341306586,48.746357832889146,-6.442670324697084,5.027747781916325,-4.656838152683982,18.70654658021662,-6.845760286786233,27.335121132306938,-1355.6606455968551,1354.3474451479783,1195.0351168833597,1752.5661164364487,11.553383745587332,1691.4790264221951
8.745830553702467,-8.672807812145475,-25.164975275138328,-17.46026234239245,136.00312181797113,-27.23946043372972,49.844214516982305,-6.592390002219913,5.178033214612191,-4.523643264590414,18.897973311301143,-6.843699271574013,27.520079888977868,-1337.4507022288844,1348.9285730311688,1200.8133004206368,1690.7095985565604,25.52494651257236,1635.4667407171332
8.75250166777852,-8.939641746560426,-24.954718368064878,-17.638652667693474,136.76326094188934,-27.513323849459585,50.94934944044781,-6.740069745750549,5.327696657597455,-4.389826424812912,19.082486835210993,-6.840083361368652,27.698780347261952,-1318.967726196124,1343.15883032124,1206.2221269015815,1628.2154579405426,39.521632479887195,1578.906956596242
8.759172781854572,-9.212345485582226,-24.738484029456494,-17.81167498904929,137.53064601001543,-27.78701137240767,52.06151089590641,-6.885679670488872,5.476699013427248,-4.255428917241499,19.26001763393036,-6.834910163524156,27.871162372172467,-1300.2202239315802,1337.0366933337796,1211.2577162695102,1565.1084908685425,53.53623774239466,1521.8130023085494
8.76584389593062,-9.4908355989449,-24.516299505646987,-17.979306897585385,138.30499618188375,-28.060460634970045,53.1804447988069,-7.029190840316038,5.6250010219372015,-4.120492450308627,19.43049895986925,-6.828178085104886,28.037167323756968,-1281.2167532227652,1330.5607590349848,1215.916312298836,1501.413733776963,67.56158158648967,1464.1984416903226
8.77251501000667,-9.775027517244165,-24.28819361745592,-18.14152766214272,139.0860280012275,-28.333609221741874,54.30589474779079,-7.170575273284057,5.77256327375015,-3.985059143093214,19.593866861995064,-6.819886330116773,28.196738083091343,-1261.9659192442805,1323.7297466889659,1220.1942848829744,1437.1564529829056,81.59050991004999,1406.0770705518842
8.779186124082722,-10.06483557023226,-24.054196765887742,-18.298318245432192,139.87345550841903,-28.606394701355462,55.437602086086336,-7.309805946663588,5.919346223963257,-3.8491715111730955,19.750060210816336,-6.810034896359236,28.349819077866186,-1242.4763705843754,1316.5424994580317,1224.0881322761606,1372.3621343143216,95.61589862139022,1347.4629129583493
8.785857238158771,-10.360173025305796,-23.814340937279784,-18.44966131961791,140.66699035388746,-28.878754658182665,56.57530596392005,-7.446856801549834,6.065310206010321,-3.712872452230715,19.899020722208274,-6.798624571900692,28.496356307553558,-1222.7567952672694,1308.997985955026,1227.594483288045,1307.0564726501807,109.63065701560544,1288.3702174052876
8.792528352234822,-10.660952126169489,-23.568659707891563,-18.59554128131955,141.466341912467,-29.15062672389137,57.71874340192616,-7.581702747025954,6.210415445694189,-3.576205231417534,20.040692980070897,-6.785656931179673,28.63629736814316,-1202.8159167730346,1301.0953017466709,1230.7100994298478,1241.2653613750188,123.62773112691487,1228.8134528904486
8.799199466310874,-10.967084131657202,-23.31718824792941,-18.73594426602396,142.271217398628,-29.421948608835663,58.867649355537765,-7.714319663883986,6.35462207538331,-3.4392134664825496,20.17502445780968,-6.771134330734985,28.769591476435483,-1182.6624900568877,1292.8336708070597,1233.4318770109717,1175.0148817524423,137.60010705533492,1168.8073048827903
8.805870580386925,-11.278479354693435,-23.059963324999693,-18.870858161897008,143.0813219825445,-29.692658133270093,60.02175678034058,-7.844684407903059,6.497890148367201,-3.3019411126705682,20.30196553863068,-6.7550599045671165,28.896189493881618,-1162.305297569622,1284.2124469203472,1235.7568491849486,1108.331292221904,151.54081426636296,1108.3666711900416
8.812541694462974,-11.595047201377072,-22.797023306983725,-19.000272622986436,143.8963589069501,-29.96269325836961,61.18079669837352,-7.972774812685569,6.640179653365086,-3.1644324473957166,20.42146953464156,-6.737437559134646,29.01604394995768,-1141.7531452810367,1275.2311150317166,1237.6821879435843,1041.241017623355,165.44292886205216,1047.506657726008
8.819212808539026,-11.916696210169825,-22.528408164330106,-19.124179081806968,144.71602960473473,-30.23199211704218,62.34449826535287,-8.098569692051122,6.781450529181674,-3.0267320546962964,20.5334927047506,-6.718271967988401,29.129109065063417,-1121.014858708097,1265.889292545844,1239.2052060582969,973.770638354284,179.29957682210247,986.2425741791305
8.825883922615077,-12.243334091171453,-22.254159471756672,-19.242570761298577,145.5400338172329,-30.500493044519803,63.512588838804476,-8.222048841989384,6.921662679504373,-2.8888848094768265,20.637994271356696,-6.69756856604709,29.23534077293344,-1100.0992789496859,1256.1867305718804,1240.3233589674837,905.9468794637776,193.10393721347458,924.5899295835286
8.832555036691126,-12.574867765464756,-21.9743204093574,-19.355442686150163,146.3680697131567,-30.768134608713016,64.68479404708457,-8.343193042172699,7.060775987836075,-2.7509358615430384,20.73493643582348,-6.67533354351791,29.3346967425509,-1079.0152587296445,1246.1233151141978,1241.034246608961,837.7965996880429,206.8492453671128,862.5644277939323
8.839226150767178,-12.911203404511834,-21.68893576310998,-19.462791693480117,147.19983400812245,-31.03485564031495,65.86083785926395,-8.461984057028792,7.198750332557014,-2.612930619436557,20.824284392731236,-6.6515738394657244,29.42713639955276,-1057.7716584499178,1235.699068208131,1241.3356151964572,769.3467804321901,220.5287960203686,800.181962866194
8.845897264843229,-13.252246469584936,-21.398051924776624,-19.56461644286577,148.03502208472491,-31.300595262641163,67.04044265586298,-8.578404636375906,7.335545602110092,-2.474914734074914,20.906006342901136,-6.626297135035003,29.512620947116147,-1036.3773422555703,1224.9141489997974,1241.2253589390969,700.6245147027723,234.13594642370205,737.4586143445608
8.852568378919278,-13.597901751213712,-21.101716891196087,-19.660917425714512,148.87332811310662,-31.565292921191336,68.223329300408,-8.692438515620532,7.471121710302912,-2.3369340822038267,20.980073505186255,-6.599511846328146,29.591113386315847,-1014.8411741133885,1213.7688547694102,1240.701521703017,631.6569959958179,247.66411941033144,674.4106424576181
8.85923949299533,-13.94807340863171,-20.799980262959888,-19.75169697396853,149.71444517197514,-31.828888412918683,69.40921721179477,-8.804070415520547,7.605438611720483,-2.1990347496678377,21.046460127024847,-6.571227116944963,29.662578535942238,-993.1720139058767,1202.263621897181,1239.7622986140516,562.4715071450574,261.1068064273859,611.0544832242032
8.865910607071381,-14.302665009204782,-20.49289324246989,-19.836959268136717,150.5580653700179,-32.091321915194996,70.59782443743262,-8.913286041514604,7.7384563172421315,-2.0612630145062147,21.10514349375195,-6.541452810186943,29.726983051770624,-971.3787135423121,1190.3990267712095,1238.4060376006494,493.0954091349387,274.4575705273409,547.4067434711246
8.87258172114743,-14.661579567823996,-20.180508631373094,-19.91671034464642,151.40387996766472,-32.35253401445555,71.78886772714951,-9.020072082620372,7.870134909656027,-1.9236653298804898,21.156103936665048,-6.510199500931598,29.784295445271397,-949.4701130886252,1178.1757866366577,1236.631240876108,423.55612988325225,287.7100493182812,483.4841957643071
8.87925283522348,-15.024719586245833,-19.862880827369366,-19.990958102508756,152.25157949914802,-32.612465734513805,72.98206260783365,-9.124416209903362,8.000434559364916,-1.78628830684079,21.19932483984138,-6.477478467180705,29.83448610175226,-927.4550369177924,1165.5947603855216,1234.4365663592441,353.881152997989,300.8579578718207,419.3037732550892
8.885923949299533,-15.391987092362529,-19.540065820388243,-20.05971230929062,153.1008538948114,-32.871058564530244,74.17712345879177,-9.226307074519402,8.129315540176252,-1.649178696937529,21.234792645703795,-6.443301681288089,29.877527297922313,-905.3422898824741,1152.6569492863325,1231.8208290326172,284.09800651327515,313.89509158728083,354.88256444339333
8.892595063375584,-15.763283679385465,-19.212121188133462,-20.122984606388236,153.95139260361498,-33.12825448662419,75.37376358779564,-9.325734305332258,8.256738245170107,-1.512383374685741,21.26249685933332,-6.407681800871027,29.913393218869867,-883.1406535115295,1139.3634976533142,1228.7830022375997,214.23425160902633,326.815329010966,290.23780785974486
8.899266177451633,-16.1385105449251,-18.879106090989286,-20.180788513595527,154.80288471578936,-33.38399600311569,76.57169530779974,-9.422688506110417,8.382663202638136,-1.3759493198887927,21.282430051526813,-6.370632159411073,29.942059974444124,-860.8588822321228,1125.715693454214,1225.3222189053522,144.31747131909424,339.6126346092413,225.3868866677017
8.905937291527685,-16.517568529949955,-18.54108126628904,-20.23313943296262,155.65501908558645,-33.63822616338462,77.77063001429987,-9.517161252304767,8.5070510920867,-1.2399235998289273,21.294587860598725,-6.332166756548967,29.963505615032684,-838.5056996190383,1111.7149688564566,1221.4377727230856,74.37525923266695,352.2810614942239,160.34732318888294
8.912608405603736,-16.900358157608302,-18.19810902194101,-20.2800546519387,156.50748445407626,-33.89088859033591,78.97027826331168,-9.609145087411157,8.629862760297097,-1.1043533513318775,21.298968992926447,-6.2923002480792505,29.977710146725986,-816.0897946729019,1097.3629007109234,1217.129119234741,4.435208193739259,364.8147541008931,95.13677335232845
8.919279519679785,-17.286779671896394,-17.85025322941034,-20.321553345794623,157.3599695719422,-34.141927506457854,80.17034984994571,-9.698633518920916,8.75105923743635,-0.9692857627125003,21.295575222239393,-6.251047935650052,29.984655545860353,-793.6198181288513,1082.6612109729333,1212.395876875461,-65.4751009967619,377.2079508144492,29.773021070129925
8.925950633755837,-17.67673307615578,-17.497579316056285,-20.357656579320814,158.21216332222116,-34.3912877594625,81.37055388754807,-9.78562101386227,8.87060175321104,-0.8347680556094061,21.284411387652163,-6.2084257561734,29.984325772931996,-771.1043787973301,1067.611767059998,1207.2378279391644,-135.32811087124819,389.4549865467872,-35.726027458457374
8.932621747831888,-18.07011817138481,-17.14015425682054,-20.388387307795618,159.06375484294094,-34.638914847496544,82.57059888739006,-9.870102993937406,8.988451753057577,-0.7008474667155237,21.265485390443157,-6.164450270952182,29.976706785873446,-748.5520399385549,1052.2165821457563,1201.6549194785034,-205.09629857354685,401.5502952609599,-101.34234951270896
8.939292861907939,-18.466834594346707,-16.77804656526862,-20.413770377220857,159.91443364960298,-34.884754943911496,83.7701928388718,-9.952075830257682,9.104570914361467,-0.5675712294125245,21.238808189580062,-6.119138654529037,29.96178655268566,-725.9713156722302,1036.47781538986,1195.6472641366852,-274.75218711995626,413.48841244255317,-167.05781168353923
8.94596397598399,-18.866781855459436,-16.41132628398017,-20.433832523819984,160.76388975746076,-35.128754921581404,84.96904329022198,-10.031536837682317,9.218921162698571,-0.4349865553165374,21.20439379599447,-6.072508683263925,29.93955506341724,-703.3706674240865,1020.3977721032455,1189.2151409104438,-344.26835663853336,425.2639775168663,-232.85417577218803
8.95263509006004,-19.269859376450892,-16.040064974289454,-20.44860237279638,161.6118138035448,-35.37086237675945,86.16685742966169,-10.108484268763677,9.33146468809118,-0.30314061574292933,21.16225926560831,-6.024578723645465,29.91000434148493,-680.7585004107311,1003.9789038485335,1182.3589958436817,-413.6174555819869,436.8717362109361,-298.7131047521978
8.959306204136091,-19.675966527763993,-15.664335705375224,-20.458110436347944,162.45789716838306,-35.61102565245965,87.36334216700944,-10.18291730730414,9.44216396127158,-0.17208052309771218,21.11242469111515,-5.975367720343299,29.873128454327297,-658.1431601643507,987.223808475219,1175.0794426512252,-482.7722119093535,448.3065428592855,-364.6161687925677
8.965977318212142,-20.085002665696145,-15.284213042699312,-20.462389110935767,163.30183209736768,-35.84919386135681,88.5582042156977,-10.254836061528636,9.550981749945974,-0.041853312203652515,21.054913192520356,-5.924895184006749,29.82892352338588,-635.5329290987378,970.1352300893078,1167.377263272164,-551.7054442318563,459.5633626525197,-430.5448513398778
8.972648432288192,-20.496867169257982,-14.899773035793874,-20.461472673803822,164.14331182171836,-36.08531690819224,89.75115017517766,-10.32424155687815,9.657881135051241,0.08749407843126557,20.989750906444105,-5.873181178817182,29.77738773340635,-612.9360231181222,952.7160589571146,1159.2534083522912,-620.3900729181582,470.637273827714,-496.4805552572069
8.979319546364243,-20.911459476735665,-14.511093205399465,-20.455397278748283,164.98203067899234,-36.3193455116767,90.94188661367949,-10.39113572842805,9.762825526997416,0.21591482539504286,20.91696697419216,-5.820246309799697,29.718521341054778,-590.3605882702437,934.9693313430857,1150.7089976552697,-688.7991311544423,481.52346979973396,-562.4046090174419
8.985990660440292,-21.328679121943082,-14.118252529951777,-20.44420095113386,165.81768423309356,-36.551231225880805,92.13012015130703,-10.455521412937417,9.865778681888452,0.34336223919465647,20.83659352859969,-5.766111709901471,29.65232668284162,-567.8146974450685,916.8982292812611,1141.7453204020007,-756.9057759546564,492.2172612325414,-628.2982729489343
8.992661774516344,-21.748425770147556,-13.721331431421232,-20.42792358215635,166.64996939372915,-36.78092646110348,93.31555754343248,-10.517402340533376,9.966704717713847,0.469789783112656,20.748665679653854,-5.710799026842951,29.578808182349157,-545.3063471205921,898.5060802803691,1132.3638355379153,-824.6832991162264,502.71407804963223,-694.1427455308905
8.999332888592395,-22.1705992536564,-13.320411760504069,-20.40660692234958,167.4785845352676,-37.00838450420984,94.49790576436905,-10.576783126036648,10.065568130503882,0.5951510920896457,20.653221498901424,-5.654330409749121,29.497972356755863,-522.8434541570363,879.7963569622581,1122.5661719277653,-892.1051381167841,513.0094713827514,-759.9191697364561
9.006004002668444,-22.595099607048635,-12.915576781167802,-20.380294574336297,168.30322961494795,-37.23355953842976,95.67687209128935,-10.633669259933425,10.162333810440728,0.7193999916241398,20.55030200264865,-5.596728495567485,29.409827822653046,-500.43385264086,860.7726766335965,1112.3541284776036,-959.1448869471601,523.0991154580751,-825.6086394209071
9.012675116744497,-23.021827102038234,-12.506911154553668,-20.349031984822485,169.12360629039154,-37.45640666260834,96.85216418836139,-10.688067098998815,10.256967057918443,0.8424905166820716,20.439951133960022,-5.538016395279782,29.314385301149155,-478.08529077985196,841.4388007907982,1101.7296741837204,-1025.776306876247,532.9788094190659,-891.1922057526067
9.019346230820547,-23.450682281955736,-12.094500922236252,-20.312866435834398,169.9394180363716,-37.67688190990055,98.02349019107693,-10.739983856578434,10.349433599544117,0.9643769306077054,20.322215743464426,-5.47821767991483,29.21165762225625,-455.8054278506158,821.7986345579984,1090.6949481081938,-1091.973337143157,542.6444790852462,-956.6508836844234
9.026017344896596,-23.881565995833732,-11.678433488844535,-20.271847035199155,170.75037026078866,-37.89494226590283,99.19055879073905,-10.789427592533205,10.439699604072807,1.0850137440276015,20.197145568976577,-5.41735636636894,29.10165972855537,-433.60183119972316,801.8562260581299,1079.2522592808868,-1157.7101055722255,552.0921786461863,-1021.9656584630337
9.032688458972649,-24.314379432083157,-11.258797604046674,-20.226024706268603,171.5561704198078,-38.110545686211864,100.35307931908254,-10.836407202854023,10.527731698268806,1.2043557337397095,20.06479321394279,-5.355456903042306,28.98440867813562,-411.48197329978547,781.6157657170896,1067.4040865276945,-1222.9609391063016,561.3180922899488,-1087.1174921736708
9.039359573048701,-24.749024151747715,-10.835683343901028,-20.1754521768878,172.35652813210956,-38.32365111340684,101.51076183299737,-10.880932408952058,10.613496982685849,1.3223579615791337,19.925214124720377,-5.292544155297263,28.85992364680427,-389.4532288616319,761.0815855009685,1055.1530782248415,-1287.700374254099,570.3185357654188,-1152.0873303179276
9.04603068712475,-25.18540212132299,-10.409182091577838,-20.120183967608774,173.1511552922079,-38.53421849344428,102.66331719932609,-10.923013746631224,10.696963047358805,1.4389757932526317,19.778466566700324,-5.228643390747212,28.728225929563262,-367.5228720038028,740.2581580864824,1042.5020519791622,-1351.9031674470684,579.089957877784,-1216.8561084219898
9.0527018012008,-25.623415745127883,-9.979386517454504,-20.06027637915141,173.9397661827904,-38.74220879146227,103.81045717970498,-10.96266255474902,10.778097987399459,1.554164917133317,19.624611599283732,-5.163780264382415,28.589338941349954,-345.69807348050364,719.1500959646339,1029.4539942342212,-1415.5443053015658,587.6289419166529,-1281.4047586728616
9.059372915276851,-26.062967897216478,-9.546390558588127,-19.995787479112586,174.72207758603318,-38.947584006985444,104.95189451542157,-10.999890963572861,10.856870418488766,1.6678813630074327,19.46371304972278,-5.097980803541327,28.44328821703788,-323.9858979691556,697.7621504777196,1016.0120598022074,-1478.599014781927,595.9322070161774,-1345.7142165800221
9.066044029352902,-26.503961952817033,-9.110289397571414,-19.926777087926546,175.49780889384587,-39.15030718852543,106.08734301225478,-11.03471188283761,10.933249492258547,1.780081520765035,19.29583748583733,-5.0312713927340615,28.290101410696348,-302.39330141864593,676.0992107899261,1002.1795713216449,-1541.0427732602755,603.9966094466646,-1409.7654276598764
9.072715143428953,-26.94630181928823,-8.671179440773622,-19.853306764077892,176.26668221700402,-39.35034244757146,107.21651762527361,-11.067138989512298,11.00720491155489,1.890722159026222,19.121054187618963,-4.96367875832639,28.12980829410485,-280.9271284593124,654.1663027915437,987.96001864081,-1602.8513184688466,611.819143837184,-1473.539354140611
9.079386257505005,-27.38989196657873,-8.229158295974626,-19.775439788570893,177.0284224931206,-39.54765497196469,108.33913454355857,-11.097186715281815,11.078706945576121,1.9997604436946204,18.939435117734725,-4.89522995309144,27.962440754521793,-259.59410987576393,631.9685879371822,973.3570581270134,-1664.0006583405993,619.3969443286685,-1537.0169816846083
9.086057371581054,-27.834637457181373,-7.784324749394573,-19.693241148657453,177.78275759341687,-39.742211038652066,109.45491127482119,-11.12487023375152,11.147726444877962,2.107153956430143,18.751054890942914,-4.8259523406372375,27.788032791704236,-238.40086014346463,609.511362018086,958.3745119017177,-1724.4670807341279,626.7272856570864,-1600.1793261260805
9.092728485657103,-28.280443975568947,-7.3367787421259285,-19.606777520827514,178.52941842824646,-39.933978025814525,110.56356672988777,-11.150205447381527,11.214234856238374,2.21286071303228,18.555990742434574,-4.755873579717655,27.606620514178093,-217.35387503012862,586.8000538688956,943.0163670016376,-1784.2271630386622,633.8075841662773,-1663.0074402211
9.099399599733156,-28.727217857101838,-6.886621345974156,-19.516117253065747,179.26813905133105,-40.122924424364726,111.66482130701881,-11.173208974157623,11.278204237375203,2.316839181726272,18.354322495113657,-4.685021608434595,27.418242134757502,-196.45952926283243,563.8402240091921,927.2867744659918,-1843.2577816552694,640.6353987500577,-1725.482420407473
9.106070713809206,-29.174866116397247,-6.433954738711432,-19.421330346377996,179.99865676266595,-40.309019848810486,112.75839697603512,-11.193898134006952,11.33960727150903,2.4190483013436226,18.146132525830065,-4.613424628339636,27.222937965311605,-175.72407426174533,540.6375632200644,911.1900483499967,-1901.5361213502529,647.2084317232659,-1787.5854135718698
9.112741827885257,-29.623296475149612,-5.978882178751088,-19.32248843559274,180.72071221005322,-40.49223504748042,113.84401736221871,-11.212290934965058,11.398417281764221,2.519447499388773,17.931505730580145,-4.541111088442294,27.020750410779172,-155.1536359413877,517.1978910561421,894.7306646648693,-1959.039684476875,653.5245296214547,-1849.2976238214844
9.11941294196131,-30.072417389392278,-5.521507979249228,-19.219664769441362,181.4340494892208,-40.672541912106915,114.92140782995857,-11.228406059102602,11.454608245400932,2.617996709983957,17.710529488689318,-4.46810966913408,26.811723962429816,-134.75421258024926,493.52715429348905,877.9132602445633,-2015.746300061459,659.5816839288963,-1910.6003192575542
9.126084056037358,-30.522138076191464,-5.061937481639657,-19.11293418992313,182.1384162424887,-40.849913486764976,115.99029556611258,-11.242262848218767,11.508154807870996,2.714656391683811,17.483293625992204,-4.394449266034814,26.59590519037241,-114.53167275956838,469.6314253137276,860.7426315394755,-2071.6341327502564,665.3780317347414,-1971.474838748163
9.132755170113407,-30.972368539762858,-4.600277028610304,-19.002373110959486,182.83356375594113,-41.02432397616236,117.05040966305417,-11.253881289309573,11.55903229669069,2.809387545152098,17.249890377025757,-4.32015897377069,26.373342735310324,-94.4917533720657,445.5169004249275,843.2237333374743,-2126.6816916132047,670.9118563170298,-2031.902598697565
9.13942628418946,-31.42301959700209,-4.13663393652806,-18.88805949634408,183.519247055066,-41.19574875327948,118.10148120137286,-11.263281999818538,11.607216735123238,2.9021517306918927,17.010414346252002,-4.245268069690882,26.144087299544733,-74.6400577013819,421.1898981196916,825.3616774125469,-2180.867838800979,676.1815876544596,-2091.865099809377
9.14609739826551,-31.874002902421285,-3.671116467319282,-18.77007283699373,184.1952249988235,-41.364164366356675,119.14324333220239,-11.27048621267795,11.652684855664218,2.9929110856217833,16.76496246832602,-4.169805997531604,25.908191637225812,-54.9820535728867,396.65685727095473,807.1617311014287,-2234.1717980517765,681.1858028657145,-2151.343933841033
9.15276851234156,-32.325230972481464,-3.2038337998158313,-18.648494127507618,184.86126037210462,-41.529548545226085,120.17543135913976,-11.275515761148345,11.695414113322903,3.081628341489594,16.51363396742732,-4.093802351035236,25.665710543854424,-35.523071576623806,371.92433526612524,788.6293158086797,-2286.5731630441464,685.9232265762604,-2210.320790346609
9.159439626417614,-32.77661720931592,-2.7348960005721303,-18.523405842040326,185.5171199765445,-41.691880206987754,121.19778281973285,-11.278393063464696,11.735382698692737,3.1682668411161106,16.256530315670606,-4.0172868575327545,25.416700845033798,-16.26830336291456,346.9990060800061,769.770005440535,-2338.051905592618,690.3927312125451,-2268.7774634056204
9.166110740493663,-33.22807592383368,-2.2644139941649715,-18.394891909496682,186.1625747196517,-41.851139461027444,122.21003756649961,-11.279141107296818,11.772569550804223,3.252790555460621,15.993755190614586,-3.9402893614973733,25.16122138447508,2.7771999886534373,321.88765828726025,750.5895247681129,-2388.5883836825215,694.593337223534,-2326.695858334808
9.172781854569712,-33.6795223581986,-1.7924995329820255,-18.2630376880548,186.79739970222047,-42.00730761337591,123.2119378474552,-11.27778343403283,11.806954369753518,3.3351641003007586,15.725414431886195,-3.862839808077782,24.899333011256765,21.60852952638418,296.5971930149204,731.0937477203767,-2438.163349340823,698.5242132295921,-2384.057998380481
9.179452968645764,-34.13087270767527,-1.3192651665101431,-18.12792993902577,187.42137430398802,-42.160367170409266,124.20322838611163,-11.274344122893536,11.838517629099877,3.415352752718271,15.451615996939447,-3.784968226618611,24.631098566341876,40.22091990917106,271.13462183569203,711.2886956074452,-2486.7579563395925,702.1846760987503,-2440.846031388508
9.186124082721815,-34.58204414183621,-0.8448242101321859,-17.98965680005703,188.03428226750464,-42.310301841888595,125.18365646092484,-11.26884777488603,11.867240588025883,3.493322467383888,15.172469915966708,-3.7067047141767966,24.356582868354536,58.609750814266576,245.50706460272983,691.1805352748006,-2534.3537677289987,705.57419095036,-2497.042236449431
9.192795196797864,-35.03295482512336,-0.36929071344168685,-17.848307757688413,188.63591178018254,-42.45709654334066,126.1529719841566,-11.261319496605077,11.89310530325352,3.5690398926328033,14.888088245982377,-3.6280794190412977,24.07585269861943,76.77054826966149,219.72174722658184,670.7755771889709,-2580.932763196686,708.6923710862944,-2552.629030515936
9.199466310873916,-35.48352393675864,0.10722057191442279,-17.703973619268968,189.22605555449022,-42.60073739777911,127.11092758012354,-11.251784883890425,11.916094640709982,3.6424723863236497,14.598585024097895,-3.5491225242643716,23.788976785467074,94.69898591063367,193.78599939506972,650.0802734553214,-2626.4773462505136,711.5389778497866,-2607.588974990046
9.206137424949967,-35.93367168999738,0.584594224854551,-17.556746484243245,189.80451090626087,-42.74121173676623,128.05727866280256,-11.240270005348838,11.936192286936798,3.713588031473384,14.304076220008321,-3.4698642312131467,23.49602578780843,112.39088616007686,167.70725223691431,629.1012157686398,-2670.9703512216056,714.1139204120486,-2661.9047822772955
9.212808539026016,-36.38331935071975,1.0627141879331563,-17.40671971481684,190.3710798310834,-42.878508100817776,128.99178351276524,-11.226801385748974,11.953382760236059,3.782355651660443,14.004679687710217,-3.3903347431481268,23.197072277982926,129.8422213322688,141.49303592984626,607.8451332971507,-2714.395050084976,716.4172554869142,-2715.559322305323
9.219479653102066,-36.83238925535508,1.541463800851758,-17.253987906009552,190.92556907874655,-43.01261623915016,129.91420335341044,-11.211405989297905,11.967651421547776,3.8487448261892254,13.70051511647145,-3.3105642488381672,22.89219072388352,147.04911465973797,115.1509772541114,586.3188905007354,-2756.735159094773,718.4491869736626,-2768.5356290041327
9.226150767178119,-37.280804828134364,2.020725834400014,-17.09864685510707,191.46779022570428,-43.14352710877363,130.82430242646706,-11.194111202807669,11.9789844850521,3.912725905008081,13.391703981073887,-3.230582906218545,22.581457470364047,164.00784124295484,88.6887970921805,564.5294848840715,-2797.974845231496,720.210065528348,-2820.816906745414
9.232821881254168,-37.728490597667744,2.5003825248160556,-16.94079353052006,191.99755974553756,-43.27123287293167,131.72184806673948,-11.174944818760665,11.98736902849067,3.974270023374143,13.078369491349402,-3.1504208261010085,22.264950719932088,180.71482892263262,62.11430787554982,542.4840446854647,-2838.0987324585462,721.7003880638765,-2872.38653673833
9.23949299533022,-38.17537221284085,2.980315608553107,-16.78052604006194,192.51469907738007,-43.39572689888993,132.6066107760637,-11.153935018282217,11.99279300320114,4.03334911625745,12.760636541031618,-3.070108055943233,21.942750512734445,197.16665907435035,35.43541097961901,520.189826502252,-2877.091907785435,722.9207971791772,-2923.2280833789905
9.246164109406273,-38.621376458029395,3.4604063574430546,-16.617943598654936,193.01903469228554,-43.51700375507639,133.47836429645074,-11.13111035402927,11.995245243859271,4.089935932477766,12.438631655943727,-2.9896745636858038,21.614938705838227,213.36006732542742,8.660094067484842,497.65421285351727,-2914.9399271353223,723.8720805178141,-2973.325300551212
9.25283522348232,-39.06643126762626,3.940535614243491,-16.453146495476343,193.51039815750633,-43.63505920757667,134.33688568238503,-11.106499733003604,11.994715477922762,4.144004048566704,12.112482941545373,-2.9091502216640426,21.281598951815003,229.29194419383276,-18.20357161631235,474.8847096810686,-2951.628821014368,724.5551700564458,-3022.6621378757827
9.25950633755837,-39.51046573987972,4.420583828556613,-16.286236060554785,193.98862619866154,-43.74989021598628,135.1819553722529,-11.080132399298288,11.991194334771734,4.195527882348997,11.782320029859868,-2.828564790603388,20.942816676632678,244.95933564906298,-45.14743400110701,451.88894378954717,-2987.1450999806348,724.9711413235037,-3071.2227469057534
9.266177451634425,-39.953410150039886,4.900431093108136,-16.117314630829533,194.45356075976784,-43.86149492862483,136.01335725887114,-11.052037916786356,11.984673354539769,4.24448270623529,11.448274025805214,-2.747947903704929,20.598679056861883,260.35944359493834,-72.16326299349758,428.67466022659534,-3021.475759910283,725.121212548625,-3118.9914872651066
9.272848565710472,-40.39519596281104,5.379957180373109,-15.946485515682681,194.90504906111073,-43.96987267711445,136.83087875909098,-11.022246151759894,11.97514499663103,4.2908446602208565,11.110477452950361,-2.667329050829869,20.24927499620295,275.48962627426084,-99.2427533277336,405.24971960404883,-3054.6082870589426,725.0067437432243,-3165.9529327283244
9.279519679786524,-40.83575584410838,5.85904157953645,-15.77385296195768,195.34294365493403,-44.07502397032776,137.63431088244783,-10.990787255528597,11.962602647917668,4.334590764582938,10.769064198720518,-2.5867375627896494,19.894695101340464,290.3473985953728,-126.37752746206301,381.6220953611316,-3086.5306629161996,724.6292357128037,-3212.091877238258
9.286190793862575,-41.27502367211754,6.337563533775137,-15.599522118475695,195.76710247892458,-44.1769504877092,138.42344829883214,-10.957691646986353,11.947040630612655,4.375698932270597,10.424169459074333,-2.50620259574964,19.535031657132198,304.93043238065457,-153.55913851993117,357.79987097067266,-3117.231368851227,723.9903290015088,-3257.3933408598205
9.292861907938624,-41.71293454765572,6.8154020778487805,-15.42359900006181,196.17738890747322,-44.275655071974086,139.19808940515344,-10.922989995154449,11.928454209813463,4.414147980981163,10.075929682675895,-2.4257531157543384,19.170378601139717,319.23655653703395,-180.77907327491883,333.79123708937755,-3146.6993905476884,723.0918027694846,-3301.842575667002
9.299533022014675,-42.149424803833895,7.292436075985636,-15.246190451095046,196.5736718006908,-44.371141721191556,139.95803639097187,-10.886713201710329,11.90683960071101,4.449917644916219,9.724482514586045,-2.3454178833805104,18.80083149750841,333.2637571486589,-208.02875517828753,309.60448865323895,-3174.924222226114,721.9355736037177,-3345.425071560675
9.306204136090727,-42.584432015019544,7.768544260050299,-15.067404108593424,196.9558255511615,-44.46341558025513,140.7030953030716,-10.848892383510183,11.882193975460144,4.48298858621221,9.369966739495522,-2.2652254385268344,18.42648751020439,347.01017749185587,-235.29954742796926,285.24802191915546,-3201.8958706520807,720.523694262901,-3388.126562014835
9.312875250166778,-43.01789500509951,8.243605267979406,-14.887348364848988,197.32373012841504,-44.55248293174779,141.4330761089499,-10.809558855114261,11.854515469706339,4.513342406038767,9.012522224524856,-2.185204085346158,18.04744537561702,360.47411797258445,-262.5827560778177,260.7303314539069,-3227.6048589285724,718.8583523570774,-3429.933029748754
9.319546364242829,-43.44975385504442,8.717497682472317,-14.706132329624541,197.67727112110117,-44.63835118620693,142.14779275919804,-10.768744111323448,11.823803188764604,4.5409616553596015,8.652289861614207,-2.1053818773285298,17.663805374534192,373.65403598664494,-289.8696331859507,236.06000707158455,-3252.0422300710425,716.9418689627055,-3470.8307123227355
9.32621747831888,-43.87994990977331,9.190100069920893,-14.523865791927264,198.01633977685032,-44.721028871795006,142.8470632487459,-10.726479809735647,11.79005721344627,4.565829845349969,8.289411509528582,-2.0257866025416265,17.275669303500962,386.5485457028308,-317.15138000086927,211.24573072073633,-3275.1995503636767,714.7766971738994,-3510.80610765494
9.33288859239493,-44.30842578432165,9.661291019566496,-14.340659181371592,198.3408330398057,-44.80052562338299,143.53070967695052,-10.682797753330574,11.75327860552944,4.587931457465382,7.924029935501354,-1.9464457690359298,16.88314044556817,399.156417769425,-344.41915018423117,186.29627332230882,-3297.068912495658,712.3654205905914,-3549.8459794571195
9.339559706470979,-44.73512536931246,10.130949182868223,-14.15662352914691,198.65065358581253,-44.87685217105313,144.19855830650002,-10.637729873091386,11.71346941286904,4.607251953155885,7.5562887565418855,-1.8673865904210705,16.486323540442044,411.476578944299,-371.66405306892176,161.22049155969847,-3317.642938476102,709.7107517444097,-3587.937362586769
9.346230820547031,-45.159993835732664,10.598953313068462,-13.971870428602676,198.94570985525212,-44.95002032802741,144.85043962111158,-10.59130821067163,11.670632674143022,4.623777783221178,7.186332380430971,-1.7886359716212101,16.085324754043057,423.5081116490162,-398.8771569511778,136.0273246221025,-3336.9147823265603,706.8155304630523,-3625.067568313517
9.352901934623082,-45.582977639016974,11.06518230494111,-13.786511995467448,199.22591608350822,-45.020042978030325,145.48618838199894,-10.543564901116133,11.624772423230242,4.637496396800616,6.814305946429913,-1.710220494815026,15.680251647484441,435.25025344737156,-426.0494924154462,110.72579090247469,-3354.8781325500754,703.6827221740679,-3661.2241894973704
9.359573048699133,-46.00402452244128,11.529515234707599,-13.600660827714448,199.4911923290544,-45.08693406209183,146.10564368308724,-10.494532155643903,11.575893693217356,4.648396249994106,6.440355265726952,-1.6321664055682268,15.271213145479695,446.70239644876347,-453.172055690667,85.3249846513351,-3371.5272143757957,700.315416148825,-3696.39510567669
9.366244162775184,-46.423083519828104,11.991831400105786,-13.41442996509009,199.7414644991531,-45.15070856479987,146.70864900495155,-10.444242244501542,11.524002520030589,4.656466814108244,6.0646267616469745,-1.5544995991641637,14.858319504189602,457.8640866369131,-480.23581203663645,59.834072587779524,-3386.8567917783553,696.7168236876304,-3730.5684880636186
9.372915276851234,-46.84010495756755,12.452010360596772,-13.22793284832023,199.97666437315797,-45.211382500009535,147.29505226745772,-10.392727479895504,11.469105945689371,4.661698583523335,5.687267409649248,-1.4772456071394686,14.441682278519156,468.73502312443514,-507.23169915909415,34.26229046900831,-3400.862169271215,692.8902762468973,-3763.732804444796
9.379586390927285,-47.25504045595659,12.909931977694205,-13.04128327800822,200.1967296234092,-45.26897289601746,147.86470588108344,-10.340020199011196,11.411212021178983,4.664083083177038,5.308424677138028,-1.400429584031491,14.02141428887474,479.31505733378543,-534.1506306521618,8.618939619716272,-3413.5391934733448,688.8392235092878,-3795.876823985257
9.386257505003336,-47.66784292986049,13.365476455400747,-12.854595373242454,200.40160383371756,-45.32349778021015,148.41746679689732,-10.286152747127375,11.350329808938726,4.66361287565959,4.928246463112259,-1.3240762943429745,13.59762958739313,489.60419210519797,-560.9834994667181,-17.086616577230917,-3424.884254448672,684.5672313978544,-3826.9896219333295
9.392928619079386,-48.078466588701076,13.818524380736948,-12.6679835299267,200.59123651542942,-45.374976163195335,148.95319655517739,-10.231157460833659,11.28646938496311,4.660281567916956,4.546881037678235,-1.2482100997308916,13.170443423652126,499.6025807322288,-587.7211814033703,-42.84495622752405,-3434.8942868178415,680.077980035141,-3857.0605842245695
9.399599733155437,-48.48686693577401,14.268956764345575,-12.48156237885067,200.76558312106843,-45.42342802242431,149.47176133264512,-10.175066651359256,11.219641840513653,4.654083817557676,4.164476981451999,-1.17285494642507,12.739972209876239,509.3105259254794,-614.3545386285061,-68.64660250802254,-3443.566770641902,675.3752616482591,-3886.0794119825755
9.406270847231488,-48.89300076690303,14.716655081157707,-12.29544674351572,200.92460505555027,-45.468874285316446,149.9730319882983,-10.117912588020877,11.149859283438113,4.645015338759281,3.781183124875474,-1.0980343528827419,12.306333485646304,518.7284787053121,-640.8744232121026,-94.48202728393166,-3450.8997320776994,670.4629784210316,-3914.0361259148103
9.412941961307538,-49.29682616843221,15.161501311102462,-12.109751597732705,201.0682696849664,-45.511336811893294,150.4568841078207,-10.059727481797777,11.077134839095603,4.633072907770813,3.397148487473299,-1.0237713976847944,11.86964588212779,527.8570372241289,-667.2716806857138,-120.34165475896354,-3456.8917438047292,665.3451402942344,-3940.921070601333
9.419613075383587,-49.69830251456517,15.603377979847027,-11.924592023007094,201.19655034293643,-45.550838376934145,150.92319804655085,-10.000543469041487,11.001482650884816,4.618254368007704,3.0125222170740997,-0.9500887076795498,11.430029085827028,536.6969455190775,-693.537153619303,-146.2158651571444,-3461.5419252234637,660.0258627150517,-3966.7249186746517
9.426284189459642,-50.097390464053966,16.042168199549124,-11.740083165729153,201.30942633452702,-45.58740265166121,151.37185897099098,-9.94039259532815,10.92291788037361,4.600558634735469,2.627453529022891,-0.8770084463791431,10.987603801889646,545.2490921958818,-719.661685215356,-172.0949984346797,-3464.8499424251067,654.5093643368589,-3991.4386748887146
9.432955303535689,-50.494051956245016,16.47775570960683,-11.556340194184036,201.40688293773795,-45.62105418496622,151.80275689883734,-9.879306799460943,10.841456707028268,4.579985699339393,2.2420916454093964,-0.8045523026150483,10.542491716952473,553.5145090446407,-745.6361229188183,-197.96935802042708,-3466.8160079329336,648.7999646704661,-4015.0536800752584
9.439626417611741,-50.88825020648776,16.910024917389716,-11.373478255400212,201.48891140255668,-45.65181838418757,152.2157867375161,-9.81731789763011,10.757116327540299,4.556536633176449,1.8565857343376817,-0.7327414794565442,10.094815461562028,561.4943695884277,-771.4513220413749,-223.82921458344808,-3467.440880215429,642.9020816879902,-4037.5616149856896
9.446297531687794,-51.27994970091278,17.33886093893463,-11.191612431851327,201.5555089475827,-45.679721495449826,152.61084832120503,-9.754457567738207,10.66991495474978,4.530213591007207,1.4710848492629593,-0.6615966833990656,9.64469857217224,569.189987565574,-797.0981493985163,-249.66480982608388,-3466.7258629715348,636.8202293805543,-4058.9545040167254
9.45296864576384,-51.66911619058537,17.76414963959042,-11.010857698029831,201.6066787542266,-45.70479058357548,152.98784644632678,-9.690757333897581,10.579871816163596,4.501019814004446,1.085737868420194,-0.5911381138258452,9.192265452734704,576.6028153464966,-822.5674869579191,-275.4663603010344,-3464.672804188425,630.5590152709767,-4079.2247188181177
9.459639759839892,-52.0557166850432,18.185777674595514,-10.831328876908248,201.64242995848568,-45.727053511580976,153.34669090549698,-9.62624855110756,10.48700715206731,4.468959632336132,0.7006934343701388,-0.5213854527490073,8.737641335893828,583.7344422860755,-847.8502354975991,-301.2240612508713,-3461.2840949723113,624.1231378827302,-4098.364981780758
9.466310873915944,-52.43971944522303,18.60363252957133,-10.653140596305546,201.6627776403035,-45.74653891976709,153.68729651991066,-9.560962390118293,10.391342213230175,4.434038467320514,0.31609989368793434,-0.4523578548343683,8.280952243801595,590.5865930124263,-872.9373182722823,-326.92809046840284,-3456.562668152896,617.5173841663415,-4116.368369403564
9.472981987991993,-52.82109397578634,19.017602560915723,-10.476407245176466,201.66774281051792,-45.7632762044164,154.00958317015338,-9.494929822488476,10.292899258201818,4.396262833150638,-0.06789476318021836,-0.3840739377145217,7.8223249485646305,597.1611256531792,-897.8196846864469,-352.56861217627875,-3450.5119966621673,610.7466268845792,-4133.228315537512
9.479653102068045,-53.19981101685119,19.42757703608053,-10.301242929839777,201.65735239540638,-45.777295496108714,154.31347582542193,-9.428181605843603,10.191701550200252,4.35564033818666,-0.45114296186823827,-0.3165517725951024,7.361886932336804,603.4600300002176,-922.4883139725277,-378.1357809243061,-3443.1360916883377,603.8158219576482,-4148.938614505346
9.486324216144096,-53.57584253513656,19.83344617371559,-10.127761430163869,201.63163921883503,-45.788627637666124,154.5989045711408,-9.360748269341673,10.08777335359099,4.312179685813994,-0.8334976038229922,-0.24980887515825226,6.899766347073181,609.4854256138773,-946.9342188726556,-403.6197455027727,-3434.43950060582,596.7300057696908,-4163.493424095445
9.492995330220147,-53.94916171453133,20.235101183664543,-9.956076155726484,201.59064198202225,-45.797304161740364,154.86580463496125,-9.292660099352991,9.981139929956276,4.265890674865359,-1.2148121257952877,-0.18386219676769602,6.436091973956689,615.2395598677967,-971.1484493224372,-429.010652870252,-3424.4273046822213,589.4942924379505,-4176.8872684284
9.499666444296196,-54.31974294609246,20.632434306794107,-9.786300101966683,201.53440524092596,-45.80335726805405,155.11411641112983,-9.223947125360647,9.871827533755075,4.216784199605548,-1.5949405590626604,-0.11872811597945547,5.97099318251476,620.7248059353881,-995.1220961351178,-454.29865209414857,-3413.105116563468,582.1138710458953,-4189.115040694899
9.506337558372248,-54.68756181748481,21.025338854642307,-9.618545806345617,201.46297938126614,-45.806819800308425,155.3437854832147,-9.154639106088036,9.759863407573233,4.16487224927737,-1.9737375883611095,-0.05442243036224396,5.5045998894374035,625.9436607191539,-1018.8462946846449,-479.47389830246055,-3400.479077538192,574.5940028416596,-4200.172005763618
9.513008672448299,-55.052595101869606,21.413709248867907,-9.452925304535093,201.3764205911951,-45.807725222769726,155.55476264517802,-9.084765515859678,9.645275776964297,4.110167907207563,-2.351058610499967,0.009039651369148374,5.037042517113504,630.8987427239315,-1042.3122285859827,-504.5265566450135,-3386.555854582705,566.940018403165,-4210.053802657775
9.51967978652435,-55.414820746251905,21.797441060485244,-9.289550086649664,201.27479083162788,-45.806107596547335,155.7470039207827,-9.014355531201682,9.52809384488156,4.052685349472088,-2.726759792636226,0.07164351690283458,4.568451951898704,635.5927898752777,-1065.5111333711147,-529.4468062625689,-3371.342637187876,559.1573147713005,-4218.756446899132
9.5263509006004,-55.77421785929656,22.17643104886818,-9.128531053542144,201.15815780424774,-45.80200155557577,155.92047058132445,-8.943438017687608,9.408347785701437,3.9924398431194357,-3.1006981301841288,0.1333751575591708,4.098959502130228,640.0286572841674,-1088.4343001591692,-554.2248442621185,-3354.84713396939,551.2513525525408,-4226.276332718241
9.533022014676451,-56.130766698622956,22.550577200506403,-8.969978473178063,201.0265949172013,-45.795442282314355,156.0751291616777,-8.87204151703597,9.286068738839367,3.9294477439519695,-3.4727315043355675,0.1942211751954575,3.628696855903411,644.2093149592704,-1111.0730793190278,-578.8508896966862,-3337.077569062964,543.2276529924476,-4232.610235129772
9.5396931287525,-56.484448657587755,22.919778767498148,-8.814001937108625,200.88018124849896,-45.78646548317622,156.21095147464732,-8.80019423446483,9.16128880195895,3.8637264938643936,-3.842718739168066,0.25416878878443316,3.1577960386252526,648.137845467986,-1133.4188841228831,-603.3151875479833,-3318.042678306102,535.0917950214026,-4237.755311871868
9.546364242828552,-56.835246251568044,23.2839363057632,-8.660710317058495,200.7190015071395,-45.77510736370166,156.32791462361723,-8.727924026309285,9.034041023775243,3.7952946177393474,-4.210519658316465,0.31320584066240437,2.6863893703593305,651.8174415475992,-1155.4631943891206,-627.608012710229,-3297.7517052081794,526.8494122740824,-4241.709105208455
9.553035356904605,-57.18314310375246,23.642951712959523,-8.510211721646739,200.54314599197377,-45.761404603486916,156.42600101348768,-8.655258387907217,8.904359396454055,3.724171719900259,-4.575995141184799,0.3713208024446418,2.214609422978693,655.2514036677205,-1177.197560112953,-651.7196739734551,-3276.214396710605,518.5061900840266,-4244.469543593543
9.559706470980652,-57.528123930454086,23.99672826608739,-8.362613453259142,200.35271054832913,-45.74539433088367,156.50519835989337,-8.582224441758841,8.772278847608023,3.6503784801211854,-4.939007178674912,0.42850278060548297,1.7425889771413057,658.443137545462,-1198.613605083174,-675.6405180045646,-3253.440998739079,510.06786245484625,-4246.034943196561
9.566377585056705,-57.870174525955214,24.345170658765657,-8.218021965088477,200.147796522413,-45.72711409748177,156.56549969669743,-8.508848925964958,8.6378352318914,3.5739366491942888,-5.299418928409637,0.48474152172024804,1.270460979102937,661.3961516146024,-1219.70303048352,-699.3609333245392,-3229.4422515498163,501.5402090094657,-4246.404009287858
9.573048699132755,-58.20928174689336,24.688185038163006,-8.0765428183613,199.9285107135163,-45.70660185238866,156.6069033817521,-8.43515818294915,8.50106532219568,3.494869044055555,-5.657094769426628,0.5400274173668823,0.7983584973850673,664.1140544500641,-1240.4576184769742,-722.8713542800142,-3204.2293848719123,492.92905191887223,-4245.575837483559
9.579719813208804,-58.54543349620396,25.02567904156935,-7.938280639768741,199.69496532403903,-45.68389591631996,156.62941310092393,-8.361178148468785,8.362006800447238,3.4131995424690444,-6.011900356321291,0.5943515086850718,0.3264146793108664,666.6005521492024,-1260.8692357714822,-746.162265007584,-3177.8141128479824,484.24025281191416,-4243.549914848968
9.586390927284857,-58.87861870662662,25.35756183259055,-7.803339079118678,199.44727790735948,-45.659034955513754,156.63303787037572,-8.286934340919437,8.220698248010109,3.3289530772711444,-6.363702672815856,0.6477054905907694,-0.14523729257236936,668.8594456711159,-1280.9298371654813,-769.2242033891246,-3150.208628775315,475.4797096675292,-4240.326120859853
9.59306204136091,-59.20882732379138,25.683744136951344,-7.671820767227199,199.185571313572,-45.63205795548402,156.61779203710256,-8.212451850937525,8.077179135695392,3.242155630175433,-6.71237008473272,0.7000817156441496,-0.6164642441706645,670.8946281355936,-1300.6314690716495,-792.0477649964239,-3121.425599649944,466.65335369103127,-4235.904728220878
9.599733155436958,-59.53605028889341,26.004138277890462,-7.543827274067216,198.9099736331159,-45.603004194625264,156.58369527771848,-8.137755331305314,7.931489813380251,3.1528342251396,-7.057772392350504,0.7514731975698422,-1.08713305360327,672.7100820829503,-1319.9662730173375,-814.6236070234506,-3091.478160515973,457.767146175828,-4230.286403540657
9.606404269513009,-59.86027952097038,26.31865821113255,-7.419459067190264,198.62061813832173,-45.57191321768406,156.53077259548883,-8.062868987162814,7.7836714992392295,3.061016921296164,-7.399780882120973,0.8018736144268396,-1.5571106950299614,674.3098766962942,-1338.9264891201017,-836.9424522045686,-3060.3799086227173,448.82707535216673,-4223.472207862833
9.61307538358906,-60.18150789879376,26.62721955942132,-7.298815470441074,198.31764322290059,-45.53882480910984,156.45905431560874,-7.987816566530421,7.633766268590432,2.9667328054481645,-7.738268377725913,0.851277311428038,-2.026264282529031,675.6981649876309,-1357.504459536779,-858.9950927169912,-3028.1448973922147,439.839153224355,-4215.463597052708
9.61974649766511,-60.49972924238824,26.92973964659847,-7.181994622980667,198.00119233940376,-45.50377896630107,156.36857607872346,-7.912621351146475,7.4818170423597135,2.8700119841319447,-8.07310929045268,0.8996793034071502,-2.4944611140107673,676.8791809493811,-1375.6926318845385,-880.772394065788,-2994.787630199824,430.80941239806384,-4206.262422038932
9.62641761174116,-60.814938294188835,27.226137531213386,-7.069093438635777,197.67141393467915,-45.466815872758424,156.2593788326913,-7.837306147623317,7.327867575166422,2.770885575249204,-8.404179668868016,0.9470752769324877,-2.9615687151488412,677.8572366726228,-1393.4835626323957,-902.2652989497877,-2960.3230539705705,421.74390289910946,-4195.870928910006
9.633088725817213,-61.127130699852636,27.51633403964846,-6.960207565591983,197.32846138335475,-45.427975871161536,156.1315088225874,-7.761893278925536,7.171962443033351,2.669385699270087,-8.731357247769948,0.993461592066712,-3.42745488331541,678.6367194337762,-1410.8699204616348,-923.4648311066727,-2924.766552594133,412.6486889853613,-4184.291758865097
9.639759839893262,-61.436302988734035,27.800251798745055,-6.855431346447066,196.97249291937644,-45.387299436381696,155.98501757894965,-7.686404576173839,7.014147030725247,2.565545470010264,-9.054521496397438,1.0388352837716,-3.891987731501848,679.2220887510476,-1427.8444895936225,-944.362099135625,-2888.133940161303,403.5298459532,-4171.527948019068
9.646430953969313,-61.74245255403951,28.07781526791498,-6.754857778642793,196.60367156563245,-45.34482714844564,155.81996190426736,-7.610861370777839,6.854467518719008,2.459398984984131,-9.37355366587803,1.0831940629577985,-4.355035732209717,679.6178734123223,-1444.4001730834639,-964.948300295792,-2850.441454024998,394.3934569401381,-4157.582927061389
9.653102068045364,-62.04557763267442,28.348950770723594,-6.658578475290565,196.22216506169366,-45.30059966546487,155.63640385771242,-7.535284486900695,6.692970869809518,2.3509813153370875,-9.688336835894903,1.126536317178707,-4.816467761296448,679.8286684759776,-1460.5299960780496,-985.214724279005,-2811.705747688722,385.2456097250836,-4142.460520768838
9.659773182121414,-62.34567728479355,28.613586525929172,-6.5666836264086115,195.82814578970144,-45.254657696543376,155.43441073811937,-7.459694234258837,6.529704815355684,2.240328495360056,-9.998755960553167,1.1688611109685705,-5.276153141757535,679.8591322461176,-1476.2271090369582,-1005.1527569550246,-2771.9438835257147,376.0923935277634,-4126.16494737194
9.666444296197463,-62.64275137307194,28.871652677964864,-6.47926196058743,195.42179069843712,-45.20704197468007,155.2140550652116,-7.384110401259158,6.364717841169971,2.1274775115888893,-10.3046979134279,1.2101681858248456,-5.733961687431365,679.7139832239413,-1491.4847909147347,-1024.7538840877044,-2731.1733253319217,366.9398958089051,-4108.700817774978
9.673115410273518,-62.9368005417059,29.12308132684868,-6.396400707099364,195.0032812256037,-45.15779322967785,154.97541455908234,-7.30855224847656,6.198059173056817,2.012466291492584,-10.606051531774744,1.250457959834787,-6.1897637466081346,679.3979970366192,-1506.296452303112,-1044.0096950204374,-2689.4119307160377,357.79419907259773,-4090.0731346297775
9.679786524349566,-63.22782619516179,29.36780655750767,-6.31818555846943,194.57280321835586,-45.106952161076116,154.71857211793096,-7.233038502474098,6.029778762003657,1.8953336917533186,-10.902707659885607,1.289731526946686,-6.643430245528431,678.9160033454763,-1520.6556385316412,-1062.91188632924,-2646.677943330012,348.6613776724956,-4070.287291263184
9.686457638425615,-63.51583047668279,29.60576446850245,-6.244700633523689,194.13054685211225,-45.05455941111798,154.44361579406134,-7.157587349967919,5.859927269029646,1.776119486142184,-11.19455919157181,1.3279906558865855,-7.094832731753945,678.2728827348822,-1534.5560327253743,-1081.4522654418763,-2602.989984943313,339.5474946232426,-4049.349070458471
9.693128752501668,-63.80081624656993,29.836893200138647,-6.176028440929886,193.67670654768386,-45.00065553776954,154.1506387681464,-7.082216432339181,5.688556049696976,1.6548643529946758,-11.481501111757472,1.3652377887202658,-7.5438434173949185,677.4735635835638,-1547.9914588181152,-1099.6227542214397,-2558.3670473644825,330.4585984187586,-4027.2646430908626
9.699799866577719,-64.08278706024956,30.061132961951667,-6.112249843248421,193.21148088675696,-44.945280987802256,153.83973932176656,-7.006942840494721,5.5157171382896175,1.5316098622896002,-11.763430537166371,1.4014760390624887,-7.990335222177459,676.5230189198682,-1560.9558845198515,-1117.4153925127584,-2512.8284842134503,321.4007198588064,-4004.040566617413
9.706470980653767,-64.36174714614368,30.278426059551375,-6.0534440215080165,192.73507252576488,-44.888476069955374,153.51102080822645,-6.931783110078104,5.341463231664635,1.4063984623358263,-12.040246756085873,1.4367091899336495,-8.43418181633535,675.4262632627018,-1573.443424236929,-1134.822341650063,-2466.3940025482752,312.3798688854627,-3979.6837834215244
9.713142094729822,-64.6377013833534,30.488716920814273,-5.99968844032175,192.24768810818784,-44.83028092819016,153.16459162166024,-6.856753217032821,5.165847672781823,1.2792734660714637,-12.311851267191834,1.470941691265301,-8.875257663308945,674.1883494495743,-1585.448341943657,-1151.8358879243763,-2419.083654349838,303.40203143086836,-3954.201619012595
9.71981320880587,-64.91065527917428,30.69195212140996,-5.951058813559612,191.74953817531662,-44.770735515051825,152.80056516443005,-6.781868573518555,4.988924433916388,1.1502790369795077,-12.578147817419337,1.5041786570560178,-9.313438062236925,672.8143654535747,-1596.9650540039074,-1168.4484460090414,-2370.9178278682775,294.47316627788297,-3927.601780081049
9.72648432288192,-65.18061494645315,30.888080409649213,-5.907629070592149,191.24083707552128,-44.70987956515141,152.41905981283017,-6.707144024182154,4.810748099561221,1.0194601746253462,-12.839042438863268,1.5364258621789073,-9.74859919022259,671.3094311907206,-1607.988131941411,-1184.6525623418624,-2321.9172388349098,285.59920193504166,-3899.892352409441
9.733155436957972,-65.44758708080417,31.077052730642038,-5.869471323120272,190.72180287206075,-44.64775256878319,152.02019888110217,-6.632593842783827,4.631373849023686,0.8868626998204622,-13.094443484695033,1.5676897388424562,-10.180618144361071,669.6786953194304,-1618.5123051574114,-1200.4409184623669,-2272.102921543391,276.7860335273625,-3871.081798640005
9.739826551034023,-65.71157893769683,31.25882224975251,-5.836655832607133,190.19265724947644,-44.58439374569025,151.60411058377431,-6.558231729179636,4.450857438723373,0.7525332394177076,-13.344261664080106,1.5979773727069253,-10.609372983509584,667.9273320337129,-1628.5324635943261,-1215.8063343026029,-2221.496219804125,268.0395197044737,-3841.1789558993505
9.746497665110072,-65.97259830942942,31.433344375339644,-5.80925097832491,189.6536254186073,-44.51984201899212,151.1709279963341,-6.484070806660888,4.269255184196916,0.6165192107434669,-13.588410076083127,1.627296498657644,-11.034742769785742,666.0605378516324,-1638.0436603442045,-1230.7417714300975,-2170.1187777756663,259.3654795674834,-3810.193033280987
9.753168779186124,-66.2306535020042,31.600576780772066,-5.787323226032263,189.10493602026858,-44.45413598928934,150.72078901424464,-6.410123619650643,4.086623941815629,0.4788688056718183,-13.826804242547032,1.6556554962378593,-11.456607609778635,664.0835284008012,-1647.0411142006421,-1245.240336241413,-2117.992530677228,250.7696896161357,-3778.1336091863022
9.759839893262177,-66.48575331191688,31.760479425705217,-5.770937097296832,188.5468210276353,-44.38731390895612,150.25383631031912,-6.336402131757818,3.9030210902227283,0.33963097434643247,-14.059362139933048,1.6830633847435879,-11.874848695455862,662.0015352024116,-1655.520212152937,-1259.2952831048967,-2065.1396953862163,242.2578807176074,-3745.0106285248557
9.766511007338224,-66.73790700287579,31.913014576610077,-5.760155139475109,187.97951564737264,-44.31941365663788,149.77021729046245,-6.26291772418884,3.7185045114966573,0.1988554085561372,-14.286004230108963,1.7095298179821952,-12.28934834475173,659.8198024555252,-1663.4765118212547,-1272.9000174511696,-2011.5827609249811,233.83573509849668,-3710.8343997748148
9.773182121414274,-66.98712428246411,32.05814682654254,-5.7550378963660425,187.40325821955454,-44.25047271196344,149.27008404779636,-6.189681194516726,3.5331325720467106,0.0565925247695551,-14.50665349007388,1.7350650786985233,-12.699990041820811,657.5435838231803,-1670.9057438315815,-1286.0480988099416,-1957.3444788407473,225.50888336131348,-3675.6155919043654
9.779853235490329,-67.23341527876065,32.19584311414289,-5.755643879548861,186.81829011641477,-44.18052813048865,148.75359331517947,-6.116702755807363,3.3469641032482693,-0.08710655316460979,-14.721235440607492,1.7596800726700828,-13.106658476941693,655.1781392219759,-1677.8038141293264,-1298.7332437917896,-1902.4478534830014,217.28290152699773,-3639.3652311551286
9.786524349566376,-67.47679051693181,32.32607274185514,-5.762029540421134,186.22485563997174,-44.10961651888125,148.22090641613772,-6.043992036102493,3.1600583818240886,-0.23219001164586783,-14.929678173832887,1.7833863224754067,-13.509239586055164,652.7287316167138,-1684.1668062303597,-1310.949329013482,-1846.9161321824458,209.16330810476725,-3602.09469768853
9.793195463642428,-67.71726089581166,32.44880739335585,-5.774249242948517,185.62320191857378,-44.03777401036328,147.67218921421932,-5.971558078258553,2.972475109978825,-0.3786053652722474,-15.131912379682174,1.8061959609380462,-13.90762058992238,650.2006238218105,-1689.9909834083637,-1322.6903939655026,-1790.7727953358713,201.1555611908066,-3563.8157220961643
9.79986657771848,-67.95483766448031,32.56402115018335,-5.792355237139011,185.0135788024058,-43.9650362404209,147.10761206079107,-5.899409340141031,2.784274395294188,-0.5262994751060076,-15.327871371254425,1.8281217242495147,-14.301690032886885,647.599075310923,-1695.2727908174356,-1333.950643820489,-1734.041546401089,193.26505559703827,-3524.540381775394
9.806537691794528,-68.18953239885965,32.67169050755729,-5.8163976332551135,184.39623875800353,-43.89143832279705,146.52734974129024,-5.82755369517261,2.5955167303913553,-0.6752185672485481,-15.517491109056811,1.8491769447749697,-14.691337821227082,644.9293390365782,-1700.0088575487682,-1344.7244521812224,-1676.7463018063202,185.4971200114609,-3484.2810971711447
9.813208805870579,-68.42135697833598,32.77179438937973,-5.846424376775043,183.77143676182084,-43.81701482577739,145.931581419951,-5.755998433234681,2.406262972368856,-0.8253082517171118,-15.700710224118788,1.8693755435447916,-15.076455261082488,642.1966582612438,-1704.1959986204301,-1355.0063637669189,-1618.9111807783956,177.85701419131212,-3443.0506278853636
9.819879919946631,-68.65032356242715,32.864314162408924,-5.882481224115504,183.1394301928928,-43.741799748783684,145.3204905830202,-5.684750261920224,2.2165743220226104,-0.9765135416169488,-15.877470039971447,1.8887320224359658,-15.456935095941075,639.4062634015435,-1707.8312168991622,-1364.7910970365592,-1560.560495094049,170.349926190443,-3400.8620686552085
9.826551034022682,-68.87644456750668,32.94923364959675,-5.924611719128289,182.50047872464424,-43.66582649928605,144.69426498048267,-5.6138153081367825,2.026512302856323,-1.1287788726014478,-16.047714593483004,1.9072614560474401,-15.832671543671518,636.5633688871653,-1710.9117049531599,-1374.0735467479717,-1501.718738758886,162.98096962220797,-3357.728845201419
9.833222148098733,-69.09973264359785,33.026539142582365,-5.972857170380522,181.85484421588518,-43.58912787004612,144.05309656631374,-5.543199120057977,1.8361387398898126,-1.2820481226131533,-16.21139065454296,1.9249794832727871,-16.20356033308681,633.673170035981,-1713.4348468349422,-1382.848786451552,-1442.4105776182798,155.75518095913222,-3313.664709948275
9.839893262174783,-69.32020065125477,33.09621941333348,-6.027256629231027,181.20279060104264,-43.51173601670443,143.39718143727669,-5.472906669421275,1.6455157382728567,-1.436264631898451,-16.368447744587712,1.9419022985749426,-16.56949874002531,630.7408399470487,-1715.3982197932555,-1391.112070917345,-1382.6608389047824,148.67751687071086,-3268.683737616468
9.846564376250834,-69.53786163854039,33.158265724927915,-6.087846868713524,180.54458377967424,-43.43368243572153,142.7267197702871,-5.402942354170238,1.4547056617127423,-1.591371223288385,-16.518838153960587,1.9580466429672563,-16.93038562293437,627.771526412942,-1716.7995959131465,-1398.858838494363,-1322.4945007264607,141.7528516004993,-3222.8003206904777
9.853235490326883,-69.75272881811875,33.21267184146805,-6.154662363235796,179.88049150530966,-43.35499794268765,142.04191575836236,-5.333310001438951,1.2637711107236655,-1.7473102227377495,-16.662516958099985,1.9734297947047588,-17.286121457943274,624.7703488530492,-1717.6369436832806,-1406.0847134010276,-1261.9366815007968,134.98597438387543,-3176.0291647619906
9.859906604402935,-69.96481554447229,33.2594340371212,-6.2277352691074075,179.2107832736687,-43.275712651008824,141.34297754517826,-5.264012870876107,1.0727749007057092,-1.9040234801152516,-16.79944203255003,1.9880695596911797,-17.636608373411537,621.7423952692917,-1717.9084294896238,-1412.7855079455687,-1201.0126293385097,128.38158690754327,-3128.3852837508894
9.866577718478986,-70.17413529125969,33.29855110427955,-6.3070954059028965,178.53573021030144,-43.19585595098443,140.63011715825283,-5.195053658306339,0.8817800398620537,-2.061452390236389,-16.929574066788224,2.0019842616052883,-17.981750183939287,618.6927192258332,-1717.6124190346916,-1418.9572246753899,-1139.7477113819875,121.9443008121241,-3079.883995005531
9.873248832555037,-70.38070162882647,33.33002436083269,-6.392770238672933,177.85560495769857,-43.115456489283844,139.903550440781,-5.12643449972594,0.6908497069625347,-2.21953791413139,-17.05287657686535,2.015192731752508,-18.321452423825896,615.6263368542584,-1716.7474786814892,-1424.5960584542513,-1078.1674031028626,115.67863523891134,-3030.540914283986
9.879919946631087,-70.58452820188282,33.35385765654752,-6.484784861010587,177.1706815619204,-43.03454214883579,139.16349698213935,-5.058156975629982,0.5000472289617938,-2.378220600540165,-17.169315916853545,2.0277142986459924,-18.6556223799647,612.5482238857429,-1715.3123767213995,-1429.6983984663314,-1016.2972775632343,109.58901442202732,-2980.371950617917
9.886591060707138,-70.78562870736029,33.37005737854927,-6.583161978982522,176.48123535879097,-42.95314002913968,138.4101800470881,-4.990222115668037,0.309436058481162,-2.5374406076256464,-17.278861289098206,2.0395687773226387,-18.984169124159255,609.4633127116515,-1713.3060845652722,-1434.2608301461125,-954.1629946453359,103.6797653270818,-2929.393301061077
9.893262174783187,-70.98401687246248,33.378632455898725,-6.68792189593374,175.78754285970552,-42.87127642700984,137.64382650368896,-4.9226304036247965,0.11907975116189144,-2.6971377248979196,-17.38148475327134,2.0507764583992554,-19.30700354485043,606.376489474084,-1710.7277778569457,-1438.2801370331654,-891.7902902539918,97.95511533747697,-2877.6214453239872
9.89993328885924,-71.17970643292034,33.37959436326058,-6.799082498173592,175.08988163710083,-42.78897681776281,136.86466674996743,-4.855381782722782,-0.07095805710060611,-2.8572513953400422,-17.477161234222592,2.0613580968740477,-19.624038378239767,603.292591187739,-1707.5768375085813,-1441.753302550886,-829.2049654967086,92.4191899894257,-2825.0731402969996
9.90660440293529,-71.37271111146708,33.37295712365829,-6.916659241551376,174.38853020963384,-42.706265836858236,136.07293463933937,-4.7884756612429875,-0.26061367303366006,-3.017720737727615,-17.565868528626616,2.071334900679037,-19.93518823879867,600.2164028946058,-1703.8528506570872,-1444.677511708291,-766.4328758458464,87.07601075680101,-2771.765414463389
9.913275517011343,-71.56304459654382,33.358737310310914,-7.040665138929859,173.68376792711956,-42.623167262002056,135.26886740483064,-4.72191091846003,-0.44982336896584096,-3.1784845691330386,-17.647587310424473,2.080728518989332,-20.24036964914946,597.1526548528592,-1699.5556115410102,-1447.0501527239421,-703.4999202876913,81.92949288682429,-2717.71556220468
9.919946631087392,-71.75072052124929,33.33695404754884,-7.171110748561548,172.97587485527455,-42.5397039957237,134.45270558211237,-4.65568591088803,-0.6385234058987022,-3.339481427606096,-17.722301135058057,2.089561030294064,-20.539501069308205,594.1060197613397,-1694.685122297368,-1448.8688185712767,-640.4320304628546,76.98344328766336,-2662.941138000119
9.926617745163442,-71.93575244254549,33.307629010803836,-7.30800416337751,172.26513166031586,-42.45589804843427,133.62469293137914,-4.5897984788328925,-0.8266500566625514,-3.5006495950218786,-17.789996442496886,2.097854930235844,-20.832502925276284,591.0811100210302,-1689.2415936777593,-1450.1313084444125,-577.2551598027894,72.24155846890316,-2607.4599505223878
9.933288859239491,-72.11815382073172,33.2707864256709,-7.4513510011937205,171.55181949346186,-42.37177052197605,132.78507635809623,-4.524245953247041,-1.0141396291474472,-3.6619271200873182,-17.850662559056968,2.105633119224136,-21.11929763697002,588.082475034851,-1683.2254456832875,-1450.835629143705,-513.9952726669404,67.70742253586789,-2551.290056631673
9.939959973315544,-72.2979379991992,33.22645306603896,-7.601154395840359,170.8362198753856,-42.28734159367358,131.93410583264168,-4.459025162882132,-1.200928489600041,-3.8232518414971173,-17.904291698012223,2.1129188898283906,-21.399809645477028,585.114598547163,-1676.637308117796,-1450.9799963803407,-450.6783334853028,63.384505238822435,-2494.4497552702933
9.946631087391594,-72.47511818447748,33.1746582512877,-7.75741498922237,170.11861458066733,-42.20263050089153,131.07203430887165,-4.394132441735313,-1.3869530859775967,-3.9845614112303607,-17.95087895899912,2.11973591395785,-21.67396543962809,582.181896024234,-1669.4780210588988,-1450.5628359991672,-387.33029591083704,59.27616007784714,-2436.957581260001
9.953302201467645,-72.64970742658515,33.11543384254895,-7.920130924313462,169.39928552229455,-42.11765552611218,130.19911764163558,-4.329563636784442,-1.572149971349643,-4.145793317978422,-17.99042232621607,2.126108229833242,-21.94169358187444,579.2887120770125,-1661.7486352464614,-1449.582785119201,-323.9770919864826,55.38562246442798,-2378.832299004283
9.959973315543696,-72.82171859969526,33.04881423803024,-8.089297839091717,168.67851463625956,-42.03243398253632,129.3156145032705,-4.265314116007447,-1.7564558273382271,-4.306884910695049,-18.022922665419284,2.1320602287576973,-22.20292473345919,576.4393179274598,-1653.4504123880517,-1448.0386931910423,-260.64462133135277,51.71600794051672,-2320.0928960979063
9.966644429619745,-72.9911643831282,32.974836367399654,-8.264908861419455,167.95658376629902,-41.94698220021911,128.42178629910035,-4.20137877668076,-1.9398074875876843,-4.467773422259558,-18.048383719717737,2.137616641692676,-22.457591678873797,573.637908919712,-1644.5848253810375,-1445.9296229706777,-197.3587403506231,48.27031045599887,-2260.758576845977
9.973315543695795,-73.15805724268118,32.8935396852309,-8.446954604872404,167.23377454882856,-41.86131551274621,127.51789708197346,-4.137752053952202,-2.1221419612540666,-4.628395993243273,-18.066812104169742,2.14280252564571,-22.705629349588246,570.88860207728,-1635.1535584510166,-1443.2548514090545,-134.14525147389585,45.051400705332206,-2200.8487556950445
9.97998665777185,-73.32240941230735,32.804966163507835,-8.635423165521987,166.5103682981158,-41.775448244459156,126.60421346586222,-4.0744279296825745,-2.3033964565057063,-4.788689695770528,-18.078217299185003,2.1476432498764586,-22.94697484704688,568.1954337075234,-1625.1585072062496,-1440.0138704568935,-71.02989242635473,42.06202452418828,-2140.3830505784085
9.986657771847897,-73.48423287615323,32.70916028318818,-8.830300119675226,165.78664589174141,-41.689393698235136,125.68100453855922,-4.01139994155106,-2.4835084040248763,-4.9485915574641774,-18.08261164273565,2.1521644819281183,-23.181567464919034,565.5623570545442,-1614.6017786078428,-1436.2063877842004,-8.038325537467204,39.304801346806,-2079.381276178269
9.99332888592395,-73.6435393509662,32.60616902482707,-9.031568522572995,165.06288765639619,-41.60316414383101,124.74854177349626,-3.9486611924189186,-2.662415480501624,-5.108038585466516,-18.0800103213809,2.1563921734902225,-23.409348710596536,562.9932400016875,-1603.4856908555062,-1431.8323274140957,54.80387290836974,36.78222272487692,-2017.8634371070739
10.0,-73.80034026888192,32.49604185825989,-9.23920890805319,164.33937325406126,-41.5167708067945,123.80709894071957,-3.8862043599455687,-2.840055632110009,-5.266967790525678,-18.070431360110298,2.160352546100899,-23.630262325928168,560.4918628247875,-1591.812773188599,-1426.8918302703723,117.47122327458537,34.49665090857188,-1955.8497210106343
