time,q1,q2,q3,q4,q5,q6,dq1,dq2,dq3,dq4,dq5,dq6,ddq1,ddq2,ddq3,ddq4,ddq5,ddq6
0.000000000000000000e+00,2.888843664259022614e-01,8.216086351308814484e-01,5.546183900738036465e-01,2.136280786068752491e+00,1.292139239759527936e+00,-2.444177648857889018e+00,-7.998737186077451433e-01,-3.086171212492602178e-01,-8.611889739346090256e-01,5.373518041933765810e-01,-1.626077531029844758e+00,-1.134165119254275211e+00,5.466461801692954481e-01,-3.095897451712912751e+00,-1.795669750297371747e+00,-1.509009081668965635e+00,-1.977211936870460818e+00,-2.879128120198510388e+00
6.671114076050700149e-03,2.835605280961218666e-01,8.194810233277165512e-01,5.488334931754154100e-01,2.139832044255640220e+00,1.281247937433223960e+00,-2.451808144840479375e+00,-7.962062074352220797e-01,-3.292259847766675906e-01,-8.731004992399671316e-01,5.273305719221960119e-01,-1.639068289491440122e+00,-1.153500050611905525e+00,5.527668208001104144e-01,-3.082485147624263178e+00,-1.775328123285530690e+00,-1.495363756087869200e+00,-1.917297095047590272e+00,-2.917329185446213113e+00
1.334222815210140030e-02,2.782612875948640152e-01,8.172162327718330843e-01,5.429695892098145293e-01,2.143316752953700721e+00,1.270271310804607312e+00,-2.459568469464196383e+00,-7.925000016513148449e-01,-3.497422812753178123e-01,-8.848747785748706240e-01,5.174002151023872065e-01,-1.651656967429697698e+00,-1.173086700901047497e+00,5.582470629646218985e-01,-3.068146431494512605e+00,-1.754524107958461698e+00,-1.481765503225804359e+00,-1.856672241374713428e+00,-2.954590417927385193e+00
2.001334222815210132e-02,2.729868888194429410e-01,8.148149015767056635e-01,5.370276040181419797e-01,2.146735517317011066e+00,1.259212057817261421e+00,-2.467460280927245453e+00,-7.887593682906547388e-01,-3.701598423853595943e-01,-8.965087414509371744e-01,5.075604022234524448e-01,-1.663838909547462830e+00,-1.192918740038760639e+00,5.630885016328894821e-01,-3.052884902984618343e+00,-1.733261971782724453e+00,-1.468219539515012606e+00,-1.795361787731525549e+00,-2.990893791698694848e+00
2.668445630420280060e-02,2.677375472392346523e-01,8.122777089233244041e-01,5.310084838291254661e-01,2.150088940173141783e+00,1.248072906925538073e+00,-2.475485194801028577e+00,-7.849885626481680756e-01,-3.904725247576223968e-01,-9.079993463124542696e-01,4.978107674768965651e-01,-1.675609624316687807e+00,-1.212989719045611814e+00,5.672930611454636285e-01,-3.036704460485672108e+00,-1.711546121085996131e+00,-1.454730930834645886e+00,-1.733390418522611442e+00,-3.026221688720168501e+00
3.335557038025350335e-02,2.625134499813119859e-01,8.096053748867055866e-01,5.249131950629863930e-01,2.153377621797713637e+00,1.236856615996045239e+00,-2.483644783246103049e+00,-7.811918260870375219e-01,-4.106742120433582444e-01,-9.193435814582782140e-01,4.881509117650344454e-01,-1.686964785762453012e+00,-1.233293072790365930e+00,5.708629936203533095e-01,-3.019609300165683408e+00,-1.689381099712288226e+00,-1.441304591193671270e+00,-1.670783080459027126e+00,-3.060556905876880229e+00
4.002668445630420263e-02,2.573147559306656063e-01,8.067986602491497017e-01,5.187427241292267288e-01,2.156602159695705900e+00,1.225565971197465576e+00,-2.491940574246597873e+00,-7.773733838577940869e-01,-4.307588168772746307e-01,-9.305384659546125370e-01,4.785804037182485593e-01,-1.697900235178471995e+00,-1.253822122780900994e+00,5.738008772095761767e-01,-3.001603914911512572e+00,-1.666771587633410823e+00,-1.427945281514195086e+00,-1.607564972238282985e+00,-3.093882661812456192e+00
4.669779853235490191e-02,2.521415958449343409e-01,8.038583663002967228e-01,5.124980772183576061e-01,2.159763148389586274e+00,1.214203785879153452e+00,-2.500374050863408470e+00,-7.735374429295376331e-01,-4.507202828531598482e-01,-9.415810505383810369e-01,4.690987807200260318e-01,-1.708411982773430982e+00,-1.274570080000066996e+00,5.761096142062409609e-01,-2.982693093166185250e+00,-1.643722399517238530e+00,-1.414657608515437648e+00,-1.543761534127057633e+00,-3.126182603571623808e+00
5.336891260840560119e-02,2.469940724835609780e-01,8.007853346240254577e-01,5.061802800876344932e-01,2.162861179214296214e+00,1.202772899438990351e+00,-2.508946650506453935e+00,-7.696881898342817774e-01,-4.705525864914036904e-01,-9.524684185109064671e-01,4.597055499391083377e-01,-1.718496209247514894e+00,-1.295530047785223182e+00,5.777924290032012689e-01,-2.962881917661868592e+00,-1.620238483253344075e+00,-1.401446023698520671e+00,-1.479398437451021175e+00,-3.157440813049168238e+00
6.004002668445630048e-02,2.418722607512815426e-01,7.975804468722588192e-01,4.997903778408626652e-01,2.165896840119144517e+00,1.191276176180953161e+00,-2.517659764226280128e+00,-7.658297885254086168e-01,-4.902497391977169716e-01,-9.631976866216116484e-01,4.504001893680724677e-01,-1.728149267298524361e+00,-1.316695024750133225e+00,5.788528659043588043e-01,-2.942175764048825304e+00,-1.596324918436591300e+00,-1.388314822432192841e+00,-1.414501573996163053e+00,-3.187641813242707123e+00
6.671114076050700670e-02,2.367762078558512395e-01,7.942446245257329673e-01,4.933294347023420845e-01,2.168870715476653110e+00,1.179716504162869217e+00,-2.526514736025301300e+00,-7.619663782512116068e-01,-5.098057892123627477e-01,-9.737660059414687819e-01,4.411821488676773706e-01,-1.737367683057004841e+00,-1.338057907747922659e+00,5.792947867897866310e-01,-2.920580299420701298e+00,-1.571986914809277547e+00,-1.375268143139562804e+00,-1.349097045326079103e+00,-3.216770574306822450e+00
7.338225483655770598e-02,2.317059334799040637e-01,7.907788286417950507e-01,4.867985337850205263e-01,2.171783385898381269e+00,1.168096794034841013e+00,-2.535512862188936012e+00,-7.581020714445031450e-01,-5.292148235491993535e-01,-9.841705627259160760e-01,4.320508512162993808e-01,-1.746148157449841198e+00,-1.359611494873742332e+00,5.791223686358875078e-01,-2.898101480736543500e+00,-1.547229810662444249e+00,-1.362309966585846910e+00,-1.283211152019682277e+00,-3.244812519406134577e+00
8.005336891260840526e-02,2.266614299668334165e-01,7.871840595893034864e-01,4.801987768529252243e-01,2.174635428057771325e+00,1.156419977868811788e+00,-2.544655390636902492e+00,-7.542409516292392091e-01,-5.484709699238586866e-01,-9.944085792669778989e-01,4.230056931637790063e-01,-1.754487567491804345e+00,-1.381348488505817373e+00,5.783401008918733766e-01,-2.874745553139976817e+00,-1.522059071196973701e+00,-1.349444115267086630e+00,-1.216870382833838971e+00,-3.271753530365031359e+00
8.672448298865910454e-02,2.216426625205799861e-01,7.834613567707011672e-01,4.735312840779465349e-01,2.177427414520033633e+00,1.144689007979753370e+00,-2.553943520294928327e+00,-7.503870713451257224e-01,-5.675683986703651263e-01,-1.004477314734317339e+00,4.140460464890129977e-01,-1.762382967504560138e+00,-1.403261498383487682e+00,5.769527827139264708e-01,-2.850519048176021197e+00,-1.496480286845115693e+00,-1.336674252899749060e+00,-1.150101403795469546e+00,-3.297579953111838602e+00
9.339559706470980383e-02,2.166495694192011601e-01,7.796117983313456401e-01,4.667971937910506686e-01,2.180159913579100994e+00,1.132906855738973206e+00,-2.563378400487112962e+00,-7.465444500911463388e-01,-5.865013246455219598e-01,-1.014374066004962716e+00,4.051712590606122433e-01,-1.769831590262691101e+00,-1.425343044720881913e+00,5.749655200584435910e-01,-2.825428781906059506e+00,-1.470499171553090401e+00,-1.324003884011060173e+00,-1.082931047227669419e+00,-3.322278602915307744e+00
1.000667111407605031e-01,2.116820622420939879e-01,7.756365008561736385e-01,4.599976622279920990e-01,2.182833489101660529e+00,1.121076510380011770e+00,-2.572961130349176173e+00,-7.427170722889460119e-01,-6.052640091203833617e-01,-1.024096168481446467e+00,3.963806558999585228e-01,-1.776830848066300650e+00,-1.447585561354826300e+00,5.723837226358525765e-01,-2.799481852921497094e+00,-1.444121561025431877e+00,-1.311436353629862994e+00,-1.015386300714427037e+00,-3.345836769411409062e+00
1.067378252168112024e-01,2.067400261107356640e-01,7.715366190537977786e-01,4.531338632696112478e-01,2.185448700378294085e+00,1.109200977797636822e+00,-2.582692758262812749e+00,-7.389088852669978280e-01,-6.238507616581375759e-01,-1.033640996898110620e+00,3.876735402459893232e-01,-1.783378333739808141e+00,-1.469981398925579219e+00,5.692131007265259779e-01,-2.772685640256721040e+00,-1.417353410931746049e+00,-1.298974847077758010e+00,-9.474942960085518395e-01,-3.368242221418486615e+00
1.134089392928619017e-01,2.018233199428007552e-01,7.673133454281169108e-01,4.462069881767901092e-01,2.188006101981713858e+00,1.097283279340418582e+00,-2.592574281311382567e+00,-7.351237972664672604e-01,-6.422559419777348344e-01,-1.043005966115320593e+00,3.790491946210414742e-01,-1.789471821556571474e+00,-1.492522828088984621e+00,5.654596618604064151e-01,-2.745047801201971005e+00,-1.390200795076573348e+00,-1.286622389860213600e+00,-8.792822978874320627e-01,-3.389483211538950158e+00
1.200800533689126010e-01,1.969317767195055136e-01,7.629679099375490381e-01,4.392182453201528003e-01,2.190506243632122541e+00,1.085326450597386971e+00,-2.602606644757118559e+00,-7.313656754696750140e-01,-6.604739618025927683e-01,-1.052188531901354418e+00,3.705068818970884137e-01,-1.795109268089002841e+00,-1.515202042758597045e+00,5.611297073619894160e-01,-2.716576269016802048e+00,-1.362669903533047400e+00,-1.274381847657282796e+00,-8.107776929612749983e-01,-3.409548480545757876e+00
1.267511674449633141e-01,1.920652037660274258e-01,7.585015796419780632e-01,4.321688599045909185e-01,2.192949670069672674e+00,1.073333540179265855e+00,-2.612790741540065742e+00,-7.276383440520562962e-01,-6.784992866937165079e-01,-1.061186191701716020e+00,3.620458463617095557e-01,-1.800288812983878550e+00,-1.538011163376354240e+00,5.562298287623916870e-01,-2.687279250544826859e+00,-1.334767040741070110e+00,-1.262255926413527796e+00,-7.420079784384763233e-01,-3.428427261552049465e+00
1.334222815210140134e-01,1.872233830448392089e-01,7.539156583375293819e-01,4.250600736886994691e-01,2.195336920934047420e+00,1.061307608494784560e+00,-2.623127411798930275e+00,-7.239455822584899281e-01,-6.963264378665811050e-01,-1.069996485395652730e+00,3.536653147831298472e-01,-1.805008779662571561e+00,-1.560942240210338117e+00,5.507669040802798399e-01,-2.657165223730503456e+00,-1.306498623570709228e+00,-1.250247172526677275e+00,-6.730007508528113025e-01,-3.446109283962388137e+00
1.400933955970647127e-01,1.824060714617926626e-01,7.492114861792775748e-01,4.178931446992089072e-01,2.197668530651129881e+00,1.049251726522572703e+00,-2.633617442414010412e+00,-7.202911225048741484e-01,-7.139499939911231330e-01,-1.078616996039630571e+00,3.453644974736711504e-01,-1.809267675945965603e+00,-1.583987256678156985e+00,5.447480939734947736e-01,-2.626242935038721971e+00,-1.277871179351566688e+00,-1.238357973134512235e+00,-6.037836947571222357e-01,-3.462584777204150033e+00
1.467645096731154120e-01,1.776130011847796841e-01,7.443904392920061008e-01,4.106693469405024444e-01,2.199945028326768082e+00,1.037168974579131486e+00,-2.644261566572383870e+00,-7.166786485057992095e-01,-7.313645929741952045e-01,-1.087045350597561466e+00,3.371425893509655269e-01,-1.813064194603847934e+00,-1.607138132694486909e+00,5.381808377632637530e-01,-2.594521396778030287e+00,-1.248891343868841375e+00,-1.226590556499408180e+00,-5.343845713882098281e-01,-3.477844474237727024e+00
1.534356237491661112e-01,1.728438799747950005e-01,7.394539293691371196e-01,4.033899700993057724e-01,2.202166937647608513e+00,1.025062441083400833e+00,-2.655060463355501721e+00,-7.131117934291620886e-01,-7.485649337238455825e-01,-1.095279220657543240e+00,3.289987709962793883e-01,-1.816397213828597312e+00,-1.630386728041292477e+00,5.310728493329531785e-01,-2.562009884328343645e+00,-1.219565859326856128e+00,-1.214946992489923661e+00,-4.648312073076329431e-01,-3.491879614844279445e+00
1.601067378252168105e-01,1.680983915292175723e-01,7.344034032599510153e-01,3.960563192446413527e-01,2.204334776788972050e+00,1.012935221318410628e+00,-2.666014757349338460e+00,-7.095941380785555364e-01,-7.655457778947871716e-01,-1.103316323134916344e+00,3.209322097093015302e-01,-1.819265797633030646e+00,-1.653724845759225959e+00,5.234321129033605580e-01,-2.528717933274022833e+00,-1.189901572280791964e+00,-1.203429193158763733e+00,-3.951514830231317443e-01,-3.504681948689890802e+00
1.667778519012675098e-01,1.633761958371220402e-01,7.292403425452291810e-01,3.886697145231389761e-01,2.206449058329763346e+00,1.000790416190539212e+00,-2.677125018277227930e+00,-7.061292091042453700e-01,-7.823019516144266161e-01,-1.111154420961412370e+00,3.129420605587561743e-01,-1.821669196172286620e+00,-1.677144235558726049e+00,5.152668786866047013e-01,-2.494655336443269089e+00,-1.159905431537417986e+00,-1.192038913416410884e+00,-3.253733215953963365e-01,-3.516243738165067523e+00
1.734489659773182091e-01,1.586769295464277307e-01,7.239662631014471827e-01,3.812314908497952404e-01,2.208510289174363539e+00,9.886311309868718311e-01,-2.688391760655524543e+00,-7.027204772435424740e-01,-7.988283471888351084e-01,-1.118791323760200962e+00,3.050274674282072440e-01,-1.823606845989671932e+00,-1.700636597249308934e+00,5.065856584207323321e-01,-2.459832140854770088e+00,-1.129584486025581702e+00,-1.180777751799639619e+00,-2.555246772348955808e-01,-3.526557760998644486e+00
1.801200800533689084e-01,1.540002063426859080e-01,7.185827146536567511e-01,3.737429975942779259e-01,2.210518970481490708e+00,9.764604741311765368e-01,-2.699815443472190601e+00,-6.993713555913519953e-01,-8.151199247880407395e-01,-1.126224888506629940e+00,2.971875640564182186e-01,-1.825078370186409060e+00,-1.724193584185531813e+00,4.973972207871941720e-01,-2.424258644572629962e+00,-1.098945882637258231e+00,-1.169647151334127555e+00,-1.856335238935018506e-01,-3.535617312645220167e+00
1.867911941294196077e-01,1.493456173393022113e-01,7.130912803171942649e-01,3.662055982628702466e-01,2.212475597599969479e+00,9.642815559389998903e-01,-2.711396469888428751e+00,-6.960851979016819957e-01,-8.311717141100405382e-01,-1.133453020174467696e+00,2.894214750716501139e-01,-1.826083578515282024e+00,-1.747806806728139373e+00,4.877105867134127193e-01,-2.387945393470588762e+00,-1.067996864039954863e+00,-1.158648400490277730e+00,-1.157278438556214040e-01,-3.543416208445388627e+00
1.934623082054703069e-01,1.447127314789832531e-01,7.074935761283627222e-01,3.586206701761539550e-01,2.214380660011393775e+00,9.520974873723930809e-01,-2.723135186963447474e+00,-6.928652969208621837e-01,-8.469788160229211327e-01,-1.140473672367458002e+00,2.817283170192695363e-01,-1.826622467398176575e+00,-1.771467835718850026e+00,4.775350245627087986e-01,-2.350903177906626951e+00,-1.036744766461266565e+00,-1.147782634231349075e+00,-4.583561633355159870e-02,-3.549948785558116882e+00
2.001334222815210062e-01,1.401010959461957972e-01,7.017912505642331933e-01,3.509896041425265012e-01,2.216234641279605899e+00,9.399113787947721566e-01,-2.735031885402450236e+00,-6.897148827532242343e-01,-8.625364041845051677e-01,-1.147284847936004493e+00,2.741071993820639596e-01,-1.826695219867568776e+00,-1.795168205967280661e+00,4.668800452138922585e-01,-2.313143029309040699e+00,-1.005197017446411545e+00,-1.137050835152940920e+00,2.401519392821016563e-02,-3.555209904664696108e+00
2.068045363575717055e-01,1.355102365904185258e-01,6.959859840517165219e-01,3.433138041276570518e-01,2.218038019006964845e+00,9.277263387264258476e-01,-2.747086799327921547e+00,-6.866371212599647889e-01,-8.778397266389277309e-01,-1.153884599578808956e+00,2.665572255926511591e-01,-1.826302205432035031e+00,-1.818899419748466029e+00,4.557553970328901416e-01,-2.274676216675135976e+00,-9.733611335895518968e-01,-1.126453834712814572e+00,9.379664803501641668e-02,-3.559194951443847010e+00
2.134756504336224048e-01,1.309396583599608532e-01,6.900794884660652606e-01,3.355946869199775140e-01,2.219791264797340347e+00,9.155454726011719169e-01,-2.759300106074277892e+00,-6.836351124919095579e-01,-8.928841073895663616e-01,-1.160271030429288475e+00,2.590774940373861690e-01,-1.825443979865888577e+00,-1.842652950309467075e+00,4.441710607388146270e-01,-2.235514242983724476e+00,-9.412447182397379875e-01,-1.115992314550023679e+00,1.634808443057707006e-01,-3.561899837817606773e+00
2.201467645096731041e-01,1.263888457461239123e-01,6.840735066189604918e-01,3.278336817923139246e-01,2.221494844225767373e+00,9.033718815246669642e-01,-2.771671926005935926e+00,-6.807118891568693098e-01,-9.076649479477570948e-01,-1.166442294626605536e+00,2.516670990511732930e-01,-1.824121284923082564e+00,-1.866420245383511034e+00,4.321372441669297793e-01,-2.195668841522603998e+00,-9.088554591823042594e-01,-1.105666807892222270e+00,2.330399296135932108e-01,-3.563321002967767548e+00
2.268178785857238033e-01,1.218572632374675946e-01,6.779698117363502918e-01,3.200322301597594010e-01,2.223149216814717111e+00,8.912086610348813887e-01,-2.784202322358844128e+00,-6.778704151222721963e-01,-9.221777288567274411e-01,-1.172396597871155466e+00,2.443251319025987467e-01,-1.822335047975546241e+00,-1.890192730710157143e+00,4.196643769310199890e-01,-2.155151972132289373e+00,-8.762011262965625491e-01,-1.095477701050042052e+00,3.024461106987846870e-01,-3.563455414122712828e+00
2.334889926617745026e-01,1.173443557839475571e-01,6.717702069262067033e-01,3.121917852338941812e-01,2.224754836016890724e+00,8.790588998652371089e-01,-2.796891301105517869e+00,-6.751135839537308891e-01,-9.364180111901976300e-01,-1.178132197964344430e+00,2.370506817688092793e-01,-1.820086381576158541e+00,-1.913961813559942327e+00,4.067631049876954119e-01,-2.113975817367256482e+00,-8.432895691906365787e-01,-1.085425234997333899e+00,3.716716654494216510e-01,-3.562300567114603300e+00
2.401601067378252019e-01,1.128495492706793474e-01,6.654765246363705256e-01,3.043138116734576126e-01,2.226312149204494606e+00,8.669256787109089757e-01,-2.809738810843594781e+00,-6.724442174901907876e-01,-9.503814380251001115e-01,-1.183647405332520108e+00,2.298428366995601824e-01,-1.817376582946590213e+00,-1.937718886261975859e+00,3.934442851052328827e-01,-2.072152778575996557e+00,-8.101287148142928274e-01,-1.075509507036046308e+00,4.406889541449487968e-01,-3.559854486706988119e+00
2.468312208138759012e-01,1.083722510010854123e-01,6.590906261026590052e-01,2.963997852315776171e-01,2.227821597664903841e+00,8.548120689987963594e-01,-2.822744742707928189e+00,-6.698650644562910150e-01,-9.640637358878813012e-01,-1.188940583534906059e+00,2.227006845698852322e-01,-1.814207133390266957e+00,-1.961455329732957109e+00,3.797189792395717634e-01,-2.029695471901234338e+00,-7.767265650506224306e-01,-1.065730472544469620e+00,5.094704306581426811e-01,-3.556115726692975265e+00
2.535023348899266282e-01,1.039118501891719004e-01,6.526144007874155051e-01,2.884511923996657679e-01,2.229283616602634410e+00,8.427211316616570747e-01,-2.835908930306225706e+00,-6.673787991125446073e-01,-9.774607161738593231e-01,-1.194010149755399652e+00,2.156233140208234644e-01,-1.810579697630765539e+00,-1.985162517006081595e+00,3.655984488201360350e-01,-1.986616724201666129e+00,-7.430911942874450782e-01,-1.056087946807534150e+00,5.779886536108451711e-01,-3.551083369764240771e+00
2.601734489659773275e-01,9.946771846068325207e-02,6.460497658086818973e-01,2.804695300480865572e-01,2.230698635147566389e+00,8.306559159169050188e-01,-2.849231149678226771e+00,-6.649880199439306416e-01,-9.905682765391151667e-01,-1.198854575278105017e+00,2.086098153876694283e-01,-1.806496123075946425e+00,-2.008831816758311462e+00,3.510941489481910205e-01,-1.942929568896619053e+00,-7.092307469692951116e-01,-1.046581606927794228e+00,6.462162974788896452e-01,-3.544757027151226758e+00
2.668445630420280268e-01,9.503921036287596436e-02,6.393986653601768655e-01,2.724563050637067718e-01,2.232067076369300462e+00,8.186194580505621321e-01,-2.862711119278394722e+00,-6.626952483874775091e-01,-1.003382402264413109e+00,-1.203472385946472212e+00,2.016592816152072420e-01,-1.801958439008191970e+00,-2.032454596834482707e+00,3.362177225104742706e-01,-1.898647241735068825e+00,-6.751534351308682291e-01,-1.037210993815719906e+00,7.141261636416634806e-01,-3.537136838034984798e+00
2.735156771180787261e-01,9.062566388264794992e-02,6.326630701222722974e-01,2.644130339844391053e-01,2.233389357297580702e+00,8.066147802068573958e-01,-2.876348499982109619e+00,-6.605029275993862248e-01,-1.015899167590643248e+00,-1.207862162605920719e+00,1.947708091594103630e-01,-1.796968855701126300e+00,-2.056022227766729049e+00,3.209809942108891034e-01,-1.853783176490462425e+00,-6.408675359128033211e-01,-1.027975514257834622e+00,7.816911913717808913e-01,-3.528223468731246371e+00
2.801867911941294254e-01,8.622640097276047799e-02,6.258449766641557277e-01,2.563412426308877556e-01,2.234665888948691226e+00,7.946448891839649198e-01,-2.890142895115319632e+00,-6.584134212622342330e-01,-1.028114737025304537e+00,-1.212022541529838016e+00,1.879434988750829927e-01,-1.791529763463236780e+00,-2.079526086287701414e+00,3.053959645230701625e-01,-1.808351000582846702e+00,-6.063813890606803980e-01,-1.018874443061239088e+00,8.488844687603684935e-01,-3.518018111647349677e+00
2.868579052701801246e-01,8.184072808588149783e-02,6.189464068373752292e-01,2.482424657352068353e-01,2.235897076357718838e+00,7.827127752363606250e-01,-2.904093850507601271e+00,-6.564290124327831766e-01,-1.040025366619541369e+00,-1.215952214828835976e+00,1.811764568889520644e-01,-1.785643731608832940e+00,-2.102957558836082264e+00,2.894748035666735442e-01,-1.762364530629810133e+00,-5.717033944081204577e-01,-1.009906925273006850e+00,9.156792435734877333e-01,-3.506522484012811525e+00
2.935290193462308239e-01,7.746793671617910326e-02,6.119694071609645958e-01,2.401182465672866417e-01,2.237083318616594596e+00,7.708214108842895707e-01,-2.918200854568574698e+00,-6.545519024308792400e-01,-1.051627405215268096e+00,-1.219649930843167418e+00,1.744687954577013311e-01,-1.779313507356831359e+00,-2.126308045052867968e+00,2.732298449102767979e-01,-1.715837767927791635e+00,-5.368420093448703634e-01,-1.001071978472882984e+00,9.820489340352674956e-01,-3.493738826384388929e+00
3.002001334222815232e-01,7.310730394818780453e-02,6.049160481983506532e-01,2.319701365583760611e-01,2.238225008917804626e+00,7.589737497308143288e-01,-2.932463338387615526e+00,-6.527842097699344537e-01,-1.062917295661920836e+00,-1.223114494518206419e+00,1.678196338104743779e-01,-1.772542014657855214e+00,-2.149568961266933975e+00,2.566735793037973057e-01,-1.668784893865323804e+00,-5.018057462707692373e-01,-9.923684951377131913e-01,1.047967139533337644e+00,-3.479669900926591009e+00
3.068712474983322225e-01,6.875809301267124529e-02,5.977884239262446497e-01,2.237996949222596510e-01,2.239322534603670700e+00,7.471727252869302394e-01,-2.946880675856769827e+00,-6.511279691294478145e-01,-1.073891576002388160e+00,-1.226344767762895804e+00,1.612280989753677174e-01,-1.765332352950190309e+00,-2.172731743968385754e+00,2.398186483433747407e-01,-1.621220265269809335e+00,-4.666031700364822732e-01,-9.837952450759734901e-01,1.113407651242197760e+00,-3.464318989468695875e+00
3.135423615743829218e-01,6.441955384919603733e-02,5.905886510957267799e-01,2.156084882740980091e-01,2.240376277221090451e+00,7.354212498052107305e-01,-2.961452183816804418e+00,-6.495851303700028723e-01,-1.084546880627681231e+00,-1.229339669791081890e+00,1.546933265894548937e-01,-1.757687795845158440e+00,-2.195787853268200251e+00,2.226778380716930572e-01,-1.573158409689463078e+00,-4.312428953718981939e-01,-9.753508779307258347e-01,1.178344462660193104e+00,-3.447689891339436041e+00
3.202134756504336210e-01,6.009092367513610422e-02,5.833188685857341182e-01,2.073980902470503040e-01,2.241386612581623972e+00,7.237222131224607669e-01,-2.976177122226276506e+00,-6.481575575911677767e-01,-1.094879941399918843e+00,-1.232098177445655418e+00,1.482144616918887881e-01,-1.749611789742494317e+00,-2.218728776342685727e+00,2.052640725167345082e-01,-1.524614020612069298e+00,-3.957335843030912459e-01,-9.670339257493355545e-01,1.242751780055807664e+00,-3.429786920980583798e+00
3.268845897264843203e-01,5.577142756081556602e-02,5.759812367491629059e-01,1.991700811067904087e-01,2.242353910826810015e+00,7.120784815118357258e-01,-2.991054694353540544e+00,-6.468470282326950205e-01,-1.104887588743209914e+00,-1.234619325505423859e+00,1.417906594996428682e-01,-1.741107952376350632e+00,-2.241546030861290006e+00,1.875904071719963762e-01,-1.475601952622226598e+00,-3.600839435587377957e-01,-9.588428056181892423e-01,1.306604032819027594e+00,-3.410614905340803915e+00
3.335557038025350196e-01,5.146027901050273523e-02,5.685779367518009053e-01,1.909260473640350397e-01,2.243278536498605646e+00,7.004928965448915523e-01,-3.006084046991544856e+00,-6.456552322194009097e-01,-1.114566752702027985e+00,-1.236902206974649587e+00,1.354210861654643328e-01,-1.732180071292577228e+00,-2.264231168396290350e+00,1.696700224212196462e-01,-1.426137216498790661e+00,-3.243027219668910277e-01,-9.507758223606753711e-01,1.369875883713562725e+00,-3.390179181051204527e+00
3.402268178785857189e-01,4.715668054896250683e-02,5.611111699043108691e-01,1.826675813851966201e-01,2.244160848614815240e+00,6.889682739640210496e-01,-3.021264270695332321e+00,-6.445837711500889133e-01,-1.123914463966686927e+00,-1.238945973355191299e+00,1.291049195176238173e-01,-1.722832102257946030e+00,-2.286775777812922072e+00,1.515162169106945012e-01,-1.376234974254234356e+00,-2.883987078430084727e-01,-9.428311712966290781e-01,1.432542239025782038e+00,-3.368485591384123623e+00
3.468979319546364182e-01,4.285982431327199638e-02,5.535831569874818392e-01,1.743962810012815168e-01,2.245001200749395576e+00,6.775074025657245036e-01,-3.036594400042066155e+00,-6.436341575308514029e-01,-1.132927854865533490e+00,-1.240749834901195392e+00,1.228413497810544319e-01,-1.713068167602029401e+00,-2.309171488638495973e+00,1.331424008722497110e-01,-1.325910534117678896e+00,-2.523807263701411951e-01,-9.350069410614245680e-01,1.494578258606220844e+00,-3.345540482996787190e+00
3.535690460306871175e-01,3.856889264960036007e-02,5.459961375709744269e-01,1.661137491151442325e-01,2.245799941117510024e+00,6.661130430951678338e-01,-3.052073413913473310e+00,-6.428078140530693041e-01,-1.141604160323489214e+00,-1.242313060856285789e+00,1.166295802794917735e-01,-1.702892554492459354e+00,-2.331409974409077268e+00,1.145620894000307644e-01,-1.275179345463362202e+00,-2.162576369721704861e-01,-9.273011164828494080e-01,1.555959365799627570e+00,-3.321350702461565607e+00
3.602401601067378167e-01,3.428305871465702620e-02,5.383523693257840081e-01,1.578215933072207311e-01,2.246557412665196374e+00,6.547879271524645883e-01,-3.067700235800526087e+00,-6.421060729164120850e-01,-1.149940718786582439e+00,-1.243634979673208019e+00,1.104688281182349963e-01,-1.692309713144323879e+00,-2.353482955992321823e+00,9.578889568420001499e-02,-1.224056993686347239e+00,-1.800383306810019457e-01,-9.197115815139075279e-01,1.616661257259508488e+00,-3.295923592584634854e+00
3.669112741827885160e-01,3.000148708150381788e-02,5.306541273306522033e-01,1.495214254398531672e-01,2.247273953163533289e+00,6.435347561111228742e-01,-3.083473734130210531e+00,-6.415301751971065336e-01,-1.157934973112122901e+00,-1.244714979215896911e+00,1.043583248471592340e-01,-1.681324254964489562e+00,-2.375382204885037929e+00,7.683652420471498434e-02,-1.172559195027275347e+00,-1.437317274986116278e-01,-9.122361222196185837e-01,1.676659912643210681e+00,-3.269266988514962780e+00
3.735823882588392153e-01,2.572333434943192138e-02,5.229037033726532391e-01,1.412148612603259801e-01,2.247949895307150836e+00,6.323562000490831059e-01,-3.099392722614205731e+00,-6.410812702617405545e-01,-1.165584471424188973e+00,-1.245552506943924165e+00,9.829731710363176500e-02,-1.669940950631652710e+00,-2.397099546484111610e+00,5.771876388834940030e-02,-1.120701791348006404e+00,-1.073467737548423062e-01,-9.048724298158907775e-01,1.735931604183645671e+00,-3.241389213645619272e+00
3.802535023348899146e-01,2.144774975759340674e-02,5.151034052421922249e-01,1.329035200027311736e-01,2.248585566816974968e+00,6.212548966927793348e-01,-3.115455960619289755e+00,-6.407604152268269182e-01,-1.172886867934103350e+00,-1.246147070079313801e+00,9.228506723498253184e-02,-1.658164728112959008e+00,-2.418626863329390364e+00,3.844948123213376423e-02,-1.068500744860004348e+00,-7.089243946184292655e-02,-8.976181037585255762e-01,1.794452906133777947e+00,-3.212299075309486440e+00
3.869246164109406139e-01,1.717387580208911552e-02,5.072555560226450488e-01,1.245890239887774142e-01,2.249181290547045631e+00,6.102334503746403849e-01,-3.131662153559281681e+00,-6.405685744643448976e-01,-1.179839923725588768e+00,-1.246498235755699513e+00,8.632085390021060345e-02,-1.646000670618055661e+00,-2.439956098317178856e+00,1.904261339641710737e-02,-1.015972132807332118e+00,-3.437771566605218876e-02,-8.904706548803318356e-01,1.852200704080089411e+00,-3.182005860271572839e+00
3.935957304869913131e-01,1.290084885619764699e-02,4.993624933748818662e-01,1.162729982276663604e-01,2.249737384595281497e+00,5.992944310044445722e-01,-3.148009953308321673e+00,-6.405066191534534159e-01,-1.186441507504305104e+00,-1.246605631149805937e+00,8.040397265060439391e-02,-1.633454014491456441e+00,-2.461079257882991644e+00,-4.878387292526209507e-04,-9.631321421061638244e-01,2.188388201388169474e-03,-8.834275085743938938e-01,1.909152204121275620e+00,-3.150519330020161934e+00
4.002668445630420124e-01,8.627799793442157694e-03,4.914265688169069946e-01,1.079570700151469415e-01,2.250254162418052761e+00,5.884403730549387923e-01,-3.164497958635275943e+00,-6.405753268785423504e-01,-1.192689596311490963e+00,-1.246468943595258061e+00,7.453373648897876347e-02,-1.620530147044136893e+00,-2.481988415152224903e+00,-2.012781748420311434e-02,-9.099970639427128472e-01,3.879684697489760303e-02,-8.764860080214214033e-01,1.965284941908487903e+00,-3.117849715859184467e+00
4.069379586390927117e-01,4.353854613183334721e-03,4.834501469988613520e-01,9.964286853187261095e-02,2.250731932948399017e+00,5.776737745621243203e-01,-3.181124715659043645e+00,-6.407753812737737587e-01,-1.198582276201429098e+00,-1.246087920678706773e+00,6.870947640724089922e-02,-1.607234604325290972e+00,-2.502675713057433526e+00,-3.986321541545134739e-02,-8.565832883315125379e-01,7.543862240450699419e-02,-8.696434174591587407e-01,2.020576791543499340e+00,-3.084007713804225226e+00
4.136090727151434110e-01,7.813506842808959352e-05,4.754356049736243039e-01,9.133202444117491381e-02,2.251171000717778092e+00,5.669970961406030074e-01,-3.197888718324560564e+00,-6.411073717142394823e-01,-1.204117742882486741e+00,-1.245462370318279222e+00,6.293054190201097242e-02,-1.593573068835213435e+00,-2.523133367420913320e+00,-5.967988227402287738e-02,-8.029072986359934161e-01,1.121046658048217015e-01,-8.628969254917817633e-01,2.075005974331238789e+00,-3.049004479284691538e+00
4.202801867911941103e-01,-4.200240704456549568e-03,4.673853314632630540e-01,8.302616948637209227e-02,2.251571665981163761e+00,5.564127600143755625e-01,-3.214788408899227790e+00,-6.415717930538403779e-01,-1.209294302321477943e+00,-1.244592160824365301e+00,5.719630146803622583e-02,-1.579551367180285215e+00,-2.543353670001297306e+00,-7.956363202553223823e-02,-7.489856660533107391e-01,1.487859207020005292e-01,-8.562436484371815926e-01,2.128551067383192219e+00,-3.012851621654765832e+00
4.269513008672448096e-01,-8.482157554438846114e-03,4.593017261215728841e-01,7.472693608773245399e-02,2.251934224845371979e+00,5.459231490634726125e-01,-3.231822178489555775e+00,-6.421690454099753254e-01,-1.214110371311122982e+00,-1.243477220942752925e+00,5.150614306915890506e-02,-1.565175467671074738e+00,-2.563328991502907162e+00,-9.950024987178723856e-02,-6.948350440654103011e-01,1.854733254778890283e-01,-8.496806337100404338e-01,2.181191012068241619e+00,-2.975561198515805028e+00
4.336224149432955088e-01,-1.276850268323487247e-02,4.511871987929543804e-01,6.643595693920770207e-02,2.252258969400450450e+00,5.355306058867987939e-01,-3.248988367577749337e+00,-6.428994339950965253e-01,-1.218564478000382145e+00,-1.242117539880137178e+00,4.585947458659556109e-02,-1.550451477864578154e+00,-2.583051784546606555e+00,-1.194754992801755900e-01,-6.404721628583072146e-01,2.221578160104226707e-01,-8.432048632385804598e-01,2.232905122307585088e+00,-2.937145709852965858e+00
4.402935290193462081e-01,-1.706016501175640354e-02,4.430441687678782769e-01,5.815486460505528421e-02,2.252546187853974757e+00,5.252374318815544729e-01,-3.266285266577982238e+00,-6.437631689951776037e-01,-1.222655262387458919e+00,-1.240513167312027987e+00,4.025572424432133367e-02,-1.535385642051655175e+00,-2.602514586600925384e+00,-1.394751290175775815e-01,-5.859138237115946168e-01,2.588303283094355867e-01,-8.368132569128394760e-01,2.283673092710422736e+00,-2.897618091988907629e+00
4.469646430953969074e-01,-2.135803454590339684e-02,4.348750640351872199e-01,4.988529111646618219e-02,2.252796164668119605e+00,5.150458863395970255e-01,-3.283711116412090014e+00,-6.447603654951121754e-01,-1.226381476775280532e+00,-1.238664213373097400e+00,3.469434101135071558e-02,-1.519984338690728576e+00,-2.621710022872250079e+00,-1.594848801855657805e-01,-5.311768933601889175e-01,2.954818011470101702e-01,-8.305026760623159809e-01,2.333475006547210739e+00,-2.856991711357488306e+00
4.536357571714476067e-01,-2.566300174201473910e-02,4.266823205314815848e-01,4.162886756831642859e-02,2.253009180699325320e+00,5.049581855611022796e-01,-3.301264109104399047e+00,-6.458910434510377607e-01,-1.229741986189280656e+00,-1.236570848629990671e+00,2.917479498072206301e-02,-1.504254077788845123e+00,-2.640630809152880953e+00,-1.794904932536444675e-01,-4.762782983303429085e-01,3.321031786815042963e-01,-8.242699269608440016e-01,2.382291343557295438e+00,-2.815280358100457292e+00
4.603068712474983060e-01,-2.997595687229234751e-02,4.184683813878485870e-01,3.338722371615750889e-02,2.253185513340416612e+00,4.949765019858680115e-01,-3.318942388395421439e+00,-6.471551277095668464e-01,-1.232735768757313721e+00,-1.234233304036664869e+00,2.369657772502331561e-02,-1.488201498231212394e+00,-2.659269754625795734e+00,-1.994777150872847349e-01,-4.212350192519647152e-01,3.686854130744067204e-01,-8.181117643564850272e-01,2.430102987587873464e+00,-2.772498239490227334e+00
4.669779853235490052e-01,-3.429778939050867614e-02,4.102356961741803754e-01,2.516198757356284677e-02,2.253325436665017723e+00,4.851029633425990584e-01,-3.336744050374102155e+00,-6.485524480738741326e-01,-1.235361916051555875e+00,-1.231651870872290555e+00,1.825920262828462093e-02,-1.471833365060343679e+00,-2.677619764624958876e+00,-2.194323059675207244e-01,-3.660640851492918957e-01,4.052194670991703940e-01,-8.120248950242761055e-01,2.476891234061243452e+00,-2.728659973181862597e+00
4.736490993995997045e-01,-3.862938729831161266e-02,4.019867201413395708e-01,1.695478500994763299e-02,2.253429221574095642e+00,4.753396518165118323e-01,-3.354667144128335110e+00,-6.500827394165763495e-01,-1.237619633392248897e+00,-1.228826900661780908e+00,1.286220519410607999e-02,-1.455156566705972931e+00,-2.695673843350060217e+00,-2.393400465988716475e-01,-3.107825677119786523e-01,4.416963167411743219e-01,-8.060059813396190931e-01,2.522637797267428983e+00,-2.683780580297527418e+00
4.803202134756504038e-01,-4.297163651243857130e-02,3.937239134614263225e-01,8.767239348974907587e-03,2.253497135944490637e+00,4.656886032355775917e-01,-3.372709672413434667e+00,-6.517456418393151596e-01,-1.239508240113168736e+00,-1.225758805079008029e+00,7.505143329879393477e-03,-1.438178112166906164e+00,-2.713425096534557657e+00,-2.591867451023665003e-01,-2.554075755486644450e-01,4.781069537879878983e-01,-8.000516448701100458e-01,2.567324817479302190e+00,-2.637875478346662472e+00
4.869913275517011031e-01,-4.732542023314970092e-02,3.854497404664025129e-01,6.009709676666682987e-04,2.253529444779248436e+00,4.561518062757224379e-01,-3.390869592338244587e+00,-6.535407008789304584e-01,-1.241027169788703644e+00,-1.222448055832775493e+00,2.187597606996827260e-03,-1.420905128146009222e+00,-2.730866734065968249e+00,-2.789582439904588762e-01,-1.999562484250995142e-01,5.144423884090982835e-01,-7.941584699835964045e-01,2.610934867887431565e+00,-2.590960473985272294e+00
4.936624416277518024e-01,-5.169161831419331193e-02,3.771666688853287930e-01,-7.542403103668680886e-03,2.253526410359621757e+00,4.467312016852944545e-01,-3.409144816068569561e+00,-6.554673677600969528e-01,-1.242175970422452203e+00,-1.218895184535612408e+00,-3.090828503060083499e-03,-1.403344856139541852e+00,-2.747992072557310372e+00,-2.986404271206192229e-01,-1.444457514889095351e-01,5.506936517242787543e-01,-7.883230074702330947e-01,2.653450961351939696e+00,-2.543051755617742327e+00
5.003335557038025572e-01,-5.607110663460852795e-02,3.688771690804726888e-01,-1.566126958057514201e-02,2.253488292398552861e+00,4.374286815290956421e-01,-3.427533211547583836e+00,-6.575249996942696962e-01,-1.242954304597251092e+00,-1.215100782555484482e+00,-8.330508416835802343e-03,-1.385504649482063977e+00,-2.764794537868690227e+00,-3.182192266244153744e-01,-8.889326948308515219e-02,5.868517983597847376e-01,-7.825417781763125413e-01,2.694856556968751704e+00,-2.494165885844688901e+00
5.070046697798532565e-01,-6.046475647267958442e-02,3.605837132825438496e-01,-2.375401932254280618e-02,2.253415348195503043e+00,4.282460884522742983e-01,-3.446032603232911828e+00,-6.597128602247598339e-01,-1.243361949586572646e+00,-1.211065500850483811e+00,-1.353179225128819940e-02,-1.367391970348168506e+00,-2.781267667577993929e+00,-3.376806298089004565e-01,-3.331600095030159969e-02,6.229079089915627865e-01,-7.768112766476442665e-01,2.735135566447683519e+00,-2.444319793760399762e+00
5.136757838559039557e-01,-6.487343388234237396e-02,3.522887748253158424e-01,-3.181904772994208902e-02,2.253307832792440291e+00,4.191852149643571224e-01,-3.464640772850000161e+00,-6.620301196177541536e-01,-1.243398797427230029e+00,-1.206790049786607089e+00,-1.869500666051004956e-02,-1.349014386712294344e+00,-2.797405113399712207e+00,-3.570106860271442528e-01,2.226884756984881530e-02,6.588530928746754167e-01,-7.711279747802439744e-01,2.774272360299905316e+00,-2.393530767103481338e+00
5.203468979319546550e-01,-6.929799907235413559e-02,3.439948273798925649e-01,-3.985475513968553957e-02,2.253165999130835928e+00,4.102478027437014840e-01,-3.483355460161458250e+00,-6.644758552990522871e-01,-1.243064854953357168e+00,-1.202275198938701717e+00,-2.382045469682048111e-02,-1.330379569267909678e+00,-2.813200643550911373e+00,-3.761955135147454499e-01,7.784406734859185273e-02,6.946784903581397774e-01,-7.654883254760923572e-01,2.812251773832388668e+00,-2.341816444264419594e+00
5.270180120080053543e-01,-7.373930578852769258e-02,3.357043441888756252e-01,-4.785954721950695656e-02,2.252990098209522341e+00,4.014355419626305377e-01,-3.502174363752003750e+00,-6.670490523362931912e-01,-1.242360243791631902e+00,-1.197521776874689969e+00,-2.890841569625746121e-02,-1.311495288307352514e+00,-2.828648145063427322e+00,-3.952213061892112522e-01,1.333924532785768502e-01,7.303752753844043877e-01,-7.598887663017430683e-01,2.849059112947047723e+00,-2.289194806153771466e+00
5.336891260840560536e-01,-7.819820069933386408e-02,3.274197973006947593e-01,-5.583183536074448616e-02,2.252780379243208841e+00,3.927500706335110836e-01,-3.521095141828650910e+00,-6.697486039664051205e-01,-1.241285200317733262e+00,-1.192530670923172442e+00,-3.395914518847686914e-02,-1.292369410563642740e+00,-2.843741626041353943e+00,-4.140743404090734270e-01,1.888968096852416956e-01,7.659346579726761250e-01,-7.543257231475206659e-01,2.884680159742352146e+00,-2.235684167934807398e+00
5.403602401601067529e-01,-8.267552278517302511e-02,3.191436568043565236e-01,-6.377003706951867024e-02,2.252537089821534444e+00,3.841929739760244766e-01,-3.540115413035772374e+00,-6.725733121680048665e-01,-1.239840075574032197e+00,-1.187302826924514498e+00,-3.897287483106348649e-02,-1.273009896015592446e+00,-2.858475217862936901e+00,-4.327409816896527484e-01,2.443399561368246320e-01,8.013478866853336324e-01,-7.487956138851006305e-01,2.919101177915273126e+00,-2.181303170624462773e+00
5.470313542361574521e-01,-8.717210273161399292e-02,3.108783900648722232e-01,-7.167257635619588008e-02,2.252260476068472794e+00,3.757657838058666711e-01,-3.559232757284663151e+00,-6.755218882784465029e-01,-1.238025335148535300e+00,-1.181839248965548927e+00,-4.394981236822559367e-02,-1.253424794657547858e+00,-2.872843177326008579e+00,-4.512076913724031302e-01,2.997047332509150119e-01,8.366062510766668625e-01,-7.432948520212122601e-01,2.952308917961525836e+00,-2.126070772566492906e+00
5.537024683122081514e-01,-9.168876232689636419e-02,3.026264609596224786e-01,-7.953788412302643940e-02,2.251950782801931172e+00,3.674699779451172099e-01,-3.578444716597224406e+00,-6.785929536551965624e-01,-1.235841559015109059e+00,-1.176140999097991413e+00,-4.889014161384708235e-02,-1.233622243235117155e+00,-2.886839888736127513e+00,-4.694610332447803347e-01,3.549740084954278729e-01,8.717010841231866980e-01,-7.378198503452684243e-01,2.984290622172135699e+00,-2.070006240780822182e+00
5.603735823882588507e-01,-9.622631386399430053e-02,2.943903291159162827e-01,-8.736439854985039721e-02,2.251608253693380135e+00,3.593069796544875460e-01,-3.597748795963388702e+00,-6.817850403811998028e-01,-1.233289441335029490e+00,-1.170209197040717575e+00,-5.379402245884723488e-02,-1.213610461948257058e+00,-2.900459865936598103e+00,-4.874876801076105104e-01,4.101306819818959504e-01,9.066237646347685697e-01,-7.323670245686668689e-01,3.015034029424465523e+00,-2.013129142193086363e+00
5.670446964643095500e-01,-1.007855595475289634e-01,2.861724491500031164e-01,-9.515056547776511164e-02,2.251233131427355705e+00,3.512781570876740700e-01,-3.617142464211888786e+00,-6.850965920138711862e-01,-1.230369790219915327e+00,-1.164045019866011277e+00,-5.866159090278277866e-02,-1.193397751123079109e+00,-2.913697754279602758e+00,-5.052744202869638990e-01,4.651576922489646382e-01,9.413657196458935505e-01,-7.269327969535775980e-01,3.044527379765908037e+00,-1.955459334748426148e+00
5.737158105403602493e-01,-1.053672909058239321e-01,2.779752699077954192e-01,-1.028948387906451351e-01,2.250825657860666684e+00,3.433848227680113552e-01,-3.636623154893973364e+00,-6.885259643773385951e-01,-1.227083527456117817e+00,-1.157649701669937636e+00,-6.349295910962071687e-02,-1.172992487853781629e+00,-2.926548332537671548e+00,-5.228081640875533731e-01,5.200380220339948512e-01,9.759184267862655027e-01,-7.215135999289807867e-01,3.072759418788557184e+00,-1.897016958413672683e+00
5.803869246164109486e-01,-1.099722882083880304e-01,2.698012337075572087e-01,-1.105956807944104836e-01,2.250386074181152551e+00,3.356282330876250164e-01,-3.656188267179680373e+00,-6.920714263975306091e-01,-1.223431688190653510e+00,-1.151024533226966406e+00,-6.828821548757924020e-02,-1.152403122616095343e+00,-2.939006514754773036e+00,-5.400759501847218758e-01,5.747547040306535404e-01,1.010273416630094845e+00,-7.161058796917842972e-01,3.099719401793231022e+00,-1.837822426072039717e+00
5.870580386924616478e-01,-1.146013198891106533e-01,2.616527755848168102e-01,-1.182515625939406789e-01,2.249914621065832065e+00,3.280095878292653699e-01,-3.675835166766257878e+00,-6.957311609796948959e-01,-1.219415420578778386e+00,-1.144170861628997837e+00,-7.304742479294223934e-02,-1.131638175853658446e+00,-2.951067352036306435e+00,-5.570649519520971538e-01,6.292908266304119147e-01,1.044422275023340951e+00,-7.107060997908031252e-01,3.125397097741353214e+00,-1.777896414314559248e+00
5.937291527685123471e-01,-1.192551419754528108e-01,2.535323225397579927e-01,-1.258609644675263706e-01,2.249411538838266278e+00,3.205300297110023067e-01,-3.695561186798304920e+00,-6.995032659279062370e-01,-1.215035985393320583e+00,-1.137090089908940449e+00,-7.777062825771730026e-02,-1.110706234538739512e+00,-2.962726034277334719e+00,-5.737624837220327567e-01,6.836295396458411666e-01,1.078356645388223845e+00,-7.053107446914380629e-01,3.149782792993236491e+00,-1.717259854132482388e+00
6.004002668445630464e-01,-1.239344975239091151e-01,2.454422927873435301e-01,-1.334223762387607981e-01,2.248877067625008941e+00,3.131906439539456910e-01,-3.715363628799254414e+00,-7.033857549061058867e-01,-1.210294755595899829e+00,-1.129783676648989044e+00,-8.245784374100262326e-02,-1.089615948708738458e+00,-2.973977891828409437e+00,-5.901560069759858029e-01,7.377540600136313076e-01,1.112068231004331054e+00,-6.999163233188870903e-01,3.172867294831453577e+00,-1.655933921514924911e+00
6.070713809206137457e-01,-1.286401160620197770e-01,2.373850950104279822e-01,-1.409342976457664820e-01,2.248311447510953798e+00,3.059924578731453293e-01,-3.735239763613743325e+00,-7.073765584401973117e-01,-1.205193215870171919e+00,-1.122253135573769711e+00,-8.710906590391587212e-02,-1.068376027979902387e+00,-2.984818397098364162e+00,-6.062331364620110463e-01,7.916476774752382317e-01,1.145548797265637520e+00,-6.945193725777253357e-01,3.194641934768034375e+00,-1.593940027956081806e+00
6.137424949966644450e-01,-1.333727130372028002e-01,2.293631276161083588e-01,-1.483952387076578616e-01,2.247714918693445529e+00,2.989364404918229967e-01,-3.755186832360470905e+00,-7.114735249607007095e-01,-1.199732962117259660e+00,-1.114500035128506150e+00,-9.172426640791542241e-02,-1.046995238039706067e+00,-2.995243166093489950e+00,-6.219816462365859167e-01,8.452937602330986566e-01,1.178790173912791506e+00,-6.891164608457235330e-01,3.215098571634339653e+00,-1.531299810876366685e+00
6.204136090727151442e-01,-1.381329892726749775e-01,2.213787779955675994e-01,-1.558037200881406403e-01,2.247087721634984714e+00,2.920235021790720253e-01,-3.775202047395112892e+00,-7.156744218854521611e-01,-1.193915700913538158e+00,-1.106525998042380721e+00,-9.630339413633959289e-02,-1.025482397119338751e+00,-3.005247959892535903e+00,-6.373894756280258367e-01,8.986757605803314952e-01,1.211784257240010154e+00,-6.837041914397778974e-01,3.234229594452550316e+00,-1.468035123961845656e+00
6.270847231487658435e-01,-1.429216304307291963e-01,2.134344217876605054e-01,-1.631582734561487225e-01,2.246430097214382915e+00,2.852544943111465781e-01,-3.795282593282848449e+00,-7.199769367418185073e-01,-1.187743248930955842e+00,-1.098332700877259427e+00,-1.008463754389670175e-01,-1.003846372447780189e+00,-3.014828686057004159e+00,-6.524447351187746547e-01,9.517772205018830700e-01,1.244523012275954299e+00,-6.782792060518438859e-01,3.252027925087797922e+00,-1.404168027426404564e+00
6.337558372248165428e-01,-1.477393064836269865e-01,2.055324221464908119e-01,-1.704574418434230132e-01,2.245742286876203586e+00,2.786302089564697271e-01,-3.815425627780094420e+00,-7.243786783278756136e-01,-1.181217532320091745e+00,-1.089921873561954246e+00,-1.053531143993924335e-01,-9.820960766889033078e-01,-3.023981399976237050e+00,-6.671357121438978854e-01,1.004581777245058039e+00,1.276998474937959482e+00,-6.728381881527788488e-01,3.268487020680057586e+00,-1.339720778201085150e+00
6.404269513008672421e-01,-1.525866711923669627e-01,1.976751290132267858e-01,-1.776997799989346039e-01,2.245024532778350235e+00,2.721513785844597022e-01,-3.835628282824982804e+00,-7.288771779119782579e-01,-1.174340586056159319e+00,-1.081295298912209546e+00,-1.098234931249995050e-01,-9.602404643631019532e-01,-3.032702306146817683e+00,-6.814508768031516395e-01,1.057073168857405765e+00,1.309202754159007442e+00,-6.673778663620342222e-01,3.283600875855031020e+00,-1.274715820055061455e+00
6.470980653769179414e-01,-1.574643615935817920e-01,1.898648783924045125e-01,-1.848838547400603050e-01,2.244277077937645082e+00,2.658186757982737847e-01,-3.855887665536154252e+00,-7.334698904701468791e-01,-1.167114553248180142e+00,-1.072454812136586444e+00,-1.142573720592902076e-01,-9.382885282549006112e-01,-3.040987759385867406e+00,-6.953788874840325374e-01,1.109235239689929653e+00,1.341128033986836110e+00,-6.618950177811344648e-01,3.297364024713310915e+00,-1.209175773652769958e+00
6.537691794529686407e-01,-1.623729974948135424e-01,1.821039916329609265e-01,-1.920082453004130774e-01,2.243500166373240567e+00,2.596327130915624948e-01,-3.876200859219429251e+00,-7.381541959606559011e-01,-1.159541684411565132e+00,-1.063402300328442518e+00,-1.186545903163290783e-01,-9.162492958080390437e-01,-3.048834265977793834e+00,-7.089085963932596490e-01,1.161051945863615265e+00,1.372766575654612575e+00,-6.563864712889142528e-01,3.309771542597242711e+00,-1.143123426551702071e+00
6.604402935290193399e-01,-1.673131809784162705e-01,1.743947747142401694e-01,-1.990715436742391542e-01,2.242694043247744240e+00,2.535940426293106231e-01,-3.896564924381901385e+00,-7.429274006352146742e-01,-1.151624336704361040e+00,-1.054139701944192264e+00,-1.230149660370345455e-01,-8.941318255095156431e-01,-3.056238484754143059e+00,-7.220290549941809077e-01,1.212507360697264280e+00,1.404110719622578163e+00,-6.508491107965093114e-01,3.320819047634973931e+00,-1.076581723145420222e+00
6.671114076050700392e-01,-1.722854959143234888e-01,1.667395175372170524e-01,-2.060723549572892332e-01,2.241858955005874954e+00,2.477031560528316079e-01,-3.916976899753007668e+00,-7.477867383861011019e-01,-1.143364973127414030e+00,-1.044669006268044820e+00,-1.273382967670467769e-01,-8.719452032640675476e-01,-3.063197228106183445e+00,-7.347295193476509612e-01,1.263585680094661656e+00,1.435152887590116499e+00,-6.452798784601148085e-01,3.330502702061282072e+00,-1.009573754556339020e+00
6.737825216811207385e-01,-1.772905074819230431e-01,1.591404932211749335e-01,-2.130092976840735064e-01,2.240995149510541129e+00,2.419604843089752377e-01,-3.937433803312141212e+00,-7.527293721285932548e-01,-1.134766161688742336e+00,-1.034992252863423889e+00,-1.316243598558809458e-01,-8.496985387605908713e-01,-3.069707462929906594e+00,-7.469994553539485160e-01,1.314271227889090454e+00,1.465885584477684578e+00,-6.396757778495389957e-01,3.338819213314871526e+00,-9.421227484828798016e-01
6.804536357571714378e-01,-1.823287617012679940e-01,1.515999574060771238e-01,-2.198810041614139288e-01,2.240102876176182534e+00,2.363663975036021658e-01,-3.957932633322325255e+00,-7.577523952180387212e-01,-1.125830574532399764e+00,-1.025111531011260846e+00,-1.358729128770647110e-01,-8.274009618319849713e-01,-3.075766311503163042e+00,-7.588285438933776161e-01,1.364548461143241909e+00,1.496301400378081015e+00,-6.340338770706330784e-01,3.345765834911903713e+00,-8.742520590055746776e-01
6.871247498332221371e-01,-1.874007849738567044e-01,1.441201475608664129e-01,-2.266861207982057147e-01,2.239182386099239253e+00,2.309212047793552380e-01,-3.978470369369525805e+00,-7.628528329008681386e-01,-1.116560987032138241e+00,-1.015028979135381926e+00,-1.400836940689496601e-01,-8.050616188099153359e-01,-3.081371052294665791e+00,-7.702066858632211632e-01,1.414401975402585609e+00,1.526393012476515931e+00,-6.283513118396690800e-01,3.351340367095645423e+00,-8.059851563567373978e-01
6.937958639092728363e-01,-1.925070836332021806e-01,1.367032822979294682e-01,-2.334233084313036000e-01,2.238233932185607067e+00,2.256251542177650227e-01,-3.999043973407121477e+00,-7.680276437988609040e-01,-1.106960276850184277e+00,-1.004746784215185595e+00,-1.442564227958624268e-01,-7.826896688759904519e-01,-3.086519120704640073e+00,-7.811240071087725001e-01,1.463816509900259355e+00,1.556153186938985522e+00,-6.226252885077896426e-01,3.355541157262198926e+00,-7.373456166583278737e-01
7.004669779853235356e-01,-1.976481435054133762e-01,1.293515606939534546e-01,-2.400912426474470229e-01,2.237257769274961117e+00,2.204784327657021981e-01,-4.019650390805096229e+00,-7.732737214259473024e-01,-1.097031422961461056e+00,-9.942671811858333486e-01,-1.483908000292641916e-01,-7.602942804108459018e-01,-3.091208109736915066e+00,-7.915708632462300498e-01,1.512776952711590628e+00,1.585574780768442160e+00,-6.168530870336763616e-01,3.358367100162371166e+00,-6.683571116326213479e-01
7.071380920613742349e-01,-2.028244294800011505e-01,1.220671616174072438e-01,-2.466886141011441769e-01,2.236254154261789751e+00,2.154811661861908978e-01,-4.040286551403480253e+00,-7.785878957368170816e-01,-1.086777504643595460e+00,-9.835924523261652119e-01,-1.524865088485608533e-01,-7.378846273426254987e-01,-3.095435770602305681e+00,-8.015378443752649851e-01,1.561268345856344997e+00,1.614650743628285312e+00,-6.110320639026043388e-01,3.359817637879833008e+00,-5.990433982903429211e-01
7.138092061374249342e-01,-2.080363850911199908e-01,1.148522430628746982e-01,-2.532141288284319169e-01,2.235223346213039530e+00,2.106334190335783507e-01,-4.060949370569589156e+00,-7.839669347065940652e-01,-1.076201700433069952e+00,-9.727249266345607825e-01,-1.565432149612054902e-01,-7.154698854963563726e-01,-3.099200013253128105e+00,-8.110157796791512830e-01,1.609275890346840043e+00,1.643374119632700747e+00,-6.051596549900850608e-01,3.359892759585821675e+00,-5.294283086008900741e-01
7.204803202134756335e-01,-2.132844321094471418e-01,1.077089414924619348e-01,-2.596665085564316966e-01,2.234165606482208410e+00,2.059351946530496580e-01,-4.081635750258590711e+00,-7.894075459408131934e-01,-1.065307287047880802e+00,-9.616669791929697286e-01,-1.605605672417106389e-01,-6.930592289457045974e-01,-3.102498906848769167e+00,-8.199957419103813816e-01,1.656784951180066301e+00,1.671738049103390633e+00,-5.992333783683363446e-01,3.358593001070733663e+00,-4.595357391493007926e-01
7.271514342895263328e-01,-2.185689701449045619e-01,1.006393711845026129e-01,-2.660444910086257053e-01,2.233081198819798274e+00,2.013864352044724970e-01,-4.102342580076969725e+00,-7.949063783149412643e-01,-1.054097638277086801e+00,-9.504210305193332431e-01,-1.645381982891930273e-01,-6.706618263685960590e-01,-3.105330680152214473e+00,-8.284690517597526060e-01,1.703781062272000213e+00,1.699735770292257531e+00,-5.932508370538434050e-01,3.355919444053017120e+00,-3.893896407845932606e-01
7.338225483655770320e-01,-2.238903762604116943e-01,9.364562358978165135e-02,-2.723468302057727719e-01,2.231970389479973615e+00,1.969870217105312848e-01,-4.123066738348374116e+00,-8.004600236426412385e-01,-1.042576223837637261e+00,-9.389895459086330387e-01,-1.684757250030391451e-01,-6.482868374081939278e-01,-3.107693721857515357e+00,-8.364272821069562713e-01,1.750249931332275466e+00,1.727360621069606417e+00,-5.872097216942968601e-01,3.351873715265929476e+00,-3.190140082641500507e-01
7.404936624416277313e-01,-2.292490045968629542e-01,8.672976669549167794e-02,-2.785722967623928126e-01,2.230833447323331775e+00,1.927367741291217129e-01,-4.143805093181447852e+00,-8.060650183720020623e-01,-1.030746608198886971e+00,-9.273750347627883750e-01,-1.723727491762959696e-01,-6.259434090407008933e-01,-3.109586580848159532e+00,-8.438622621507727573e-01,1.796177444677456325e+00,1.754606040577461279e+00,-5.811078131932718716e-01,3.346457985322737194e+00,-2.484328698987479100e-01
7.471647765176784306e-01,-2.346451860095099540e-01,7.989384439713910491e-02,-2.847196781787435516e-01,2.229670643915648842e+00,1.886354514499442581e-01,-4.164554503539138253e+00,-8.117178453089064494e-01,-1.018612449375207119e+00,-9.155800499096459211e-01,-1.762288581063544135e-01,-6.036406719514771924e-01,-3.111007966386386769e+00,-8.507660814170024954e-01,1.841549671981117298e+00,1.781465570847583502e+00,-5.749429852709648792e-01,3.339674967361105473e+00,-1.776702772029086219e-01
7.538358905937291299e-01,-2.400792277159313481e-01,7.313987587860894257e-02,-2.907877791282178492e-01,2.228482253622497744e+00,1.846827518152432956e-01,-4.185311820309033592e+00,-8.174149353667278239e-01,-1.006177497687126721e+00,-9.036071869112928256e-01,-1.800436252225004474e-01,-5.813877369209282664e-01,-3.111956748233485115e+00,-8.571310936423530702e-01,1.886352870959009831e+00,1.807932858383824115e+00,-5.687132069594391659e-01,3.331527915467463963e+00,-1.067502945551610516e-01
7.605070046697798292e-01,-2.455514129557586356e-01,6.646985500059951479e-02,-2.967754217400940253e-01,2.227268553699626619e+00,1.808783126646202888e-01,-4.206073887374294884e+00,-8.231526693415174289e-01,-9.934455944914384329e-01,-8.914590833619320254e-01,-1.838166107298871976e-01,-5.591936912216399769e-01,-3.112431956701164015e+00,-8.629499205325337208e-01,1.930573491987589207e+00,1.834001655708418665e+00,-5.624165450307823111e-01,3.322020622882241980e+00,-3.569698887285399636e-02
7.671781187458305284e-01,-2.510620006623277556e-01,5.988574969762908151e-02,-3.026814458775648475e-01,2.226029824378984223e+00,1.772217109038397853e-01,-4.226837542684671156e+00,-8.289273797118356102e-01,-9.804206708807218229e-01,-8.791384181755669269e-01,-1.875473622694786568e-01,-5.370675950282167710e-01,-3.112432782634095396e+00,-8.682154553928829177e-01,1.974198182654206768e+00,1.859665822871884533e+00,-5.560511663566600760e-01,3.311157419986974659e+00,3.546558069387739653e-02
7.738492328218812277e-01,-2.566112251464181537e-01,5.338950138382063393e-02,-3.085047094109837351e-01,2.224766348950294237e+00,1.737124630975378503e-01,-4.247599619327193210e+00,-8.347353524623779553e-01,-9.671067463527425190e-01,-8.666479108637317186e-01,-1.912354155935028222e-01,-5.150184778412648656e-01,-3.111958577323793662e+00,-8.729208666299073105e-01,2.017213792237306791e+00,1.884919328926170312e+00,-5.496153401977921238e-01,3.298943172074337848e+00,1.067133730444217443e-01
7.805203468979319270e-01,-2.621992957922320566e-01,4.698302436766117057e-02,-3.142440884862591766e-01,2.223478413838070100e+00,1.703500256857393147e-01,-4.268356946596050250e+00,-8.405728289305232082e-01,-9.535079274502042956e-01,-8.539903208035205529e-01,-1.948802952559383073e-01,-4.930553349269810592e-01,-3.111008852353977616e+00,-8.770596011221631905e-01,2.059607376114974464e+00,1.909756253360733069e+00,-5.431074404218747542e-01,3.285383276902296146e+00,1.780223753816719823e-01
7.871914609739826263e-01,-2.678263967657696920e-01,4.066820527593352497e-02,-3.198984777883347452e-01,2.222166308673975355e+00,1.671337952240670166e-01,-4.289106351061215960e+00,-8.464360076749268824e-01,-9.396284063713314927e-01,-8.411684464961602936e-01,-1.984815153175548130e-01,-4.711871237737714213e-01,-3.109583279377650555e+00,-8.806253874589911046e-01,2.101366200100233339e+00,1.934170787501224620e+00,-5.365259476485622070e-01,3.270483662033603967e+00,2.493686134331416504e-01
7.938625750500333256e-01,-2.734926867357385105e-01,3.444690248701301472e-02,-3.254667907996918741e-01,2.220830326364437113e+00,1.640631086475294875e-01,-4.309844657635355958e+00,-8.523210463652801661e-01,-9.254724595517809238e-01,-8.281851248163767387e-01,-2.020385800650154051e-01,-4.494227605673275505e-01,-3.107681689826099714e+00,-8.836122390456541131e-01,2.142477744701490217e+00,1.958157235870501944e+00,-5.298694513201238632e-01,3.254250781962022110e+00,3.207281616346739916e-01
8.005336891260840249e-01,-2.791982986071382400e-01,2.832094557371824667e-02,-3.309479600538145494e-01,2.219470763153411408e+00,1.611372435577598239e-01,-4.330568690638563645e+00,-8.582240636923322841e-01,-9.110444462183857617e-01,-8.150432302528101136e-01,-2.055509847435441073e-01,-4.277711166855882041e-01,-3.105304074550108151e+00,-8.860144570735059011e-01,2.182929709306576260e+00,1.981710017511657096e+00,-5.231366516964561786e-01,3.236691615026666469e+00,3.920771532722240327e-01
8.072048032021347241e-01,-2.849433392676531396e-01,2.229213475590342830e-02,-3.363409373835589133e-01,2.218087918680218706e+00,1.583554185335648845e-01,-4.351275274860477715e+00,-8.641411412972702655e-01,-8.963488069152469873e-01,-8.017456741397297471e-01,-2.090182163026400586e-01,-4.062410152149834031e-01,-3.102450583393660644e+00,-8.878266333538662458e-01,2.222710016288843349e+00,2.004823667272821464e+00,-5.163263617731519428e-01,3.217813660116022767e+00,4.633917905772259038e-01
8.138759172781854234e-01,-2.907278893469771863e-01,1.636224036297256185e-02,-3.416446941643680457e-01,2.216682096032365656e+00,1.557167934646428165e-01,-4.371961236619351432e+00,-8.700683257195510611e-01,-8.813900620026935417e-01,-7.882954038803078323e-01,-2.124397541543340262e-01,-3.848412274893640017e-01,-3.099121524700461983e+00,-8.890436530143654981e-01,2.261806815033824414e+00,2.027492837053473718e+00,-5.094375091213967366e-01,3.197624933163220717e+00,5.346483547710909612e-01
8.205470313542361227e-01,-2.965520029891924869e-01,1.053300230649784064e-02,-3.468582215522779677e-01,2.215253601793265137e+00,1.532204699083060673e-01,-4.392623404817571853e+00,-8.760016303622562006e-01,-8.661728101296535254e-01,-7.746954021617054043e-01,-2.158150709434514258e-01,-3.635804696530047231e-01,-3.095317364753636724e+00,-8.896606970565426042e-01,2.300208485884966070e+00,2.049712297012012296e+00,-5.024691376484653471e-01,3.176133963434278229e+00,6.058232160543765010e-01
8.272181454302868220e-01,-3.024157076383148235e-01,4.806129563114915071e-03,-3.519805307166612995e-01,2.213802746084777784e+00,1.508654914690528148e-01,-4.413258611993251534e+00,-8.819370374740419516e-01,-8.507017266799739019e-01,-7.609486861622353215e-01,-2.191436333293515504e-01,-3.424673992490540053e-01,-3.091038727148986087e+00,-8.896732447735984373e-01,2.337903644007007120e+00,2.071476936734385710e+00,-4.954204092776866020e-01,3.153349789611074705e+00,6.768928435362425722e-01
8.338892595063375213e-01,-3.083190038371134700e-01,-8.167003321301880003e-04,-3.570106530676556700e-01,2.212329842604504382e+00,1.486508442008073194e-01,-4.433863695367397106e+00,-8.878705001467515068e-01,-8.349815621932475951e-01,-7.470583067508580477e-01,-2.224249027786037169e-01,-3.215106118347930697e-01,-3.086286392102210563e+00,-8.890770760272224127e-01,2.374881143165576525e+00,2.092781766363545071e+00,-4.882906055467415296e-01,3.129281955670934590e+00,7.478338150998038447e-01
8.405603735823882205e-01,-3.142618650393071977e-01,-6.333841781817464711e-03,-3.619476404782267509e-01,2.210835208657756734e+00,1.465754570316448735e-01,-4.454435497886247042e+00,-8.937979443277400682e-01,-8.190171407607081955e-01,-7.330273476792732446e-01,-2.256583363680489396e-01,-3.007186376250593485e-01,-3.081061295690552093e+00,-8.878682733824998508e-01,2.411130079421638150e+00,2.113621917689545437e+00,-4.810791291232281441e-01,3.103940506564748514e+00,8.186228271990436678e-01
8.472314876584389198e-01,-3.202442374352301169e-01,-1.174368161140607048e-02,-3.667905655008185106e-01,2.209319165184134626e+00,1.446382022108156362e-01,-4.474970869258335426e+00,-8.997152708459696946e-01,-8.028133583967674847e-01,-7.188589247668729643e-01,-2.288433875976954024e-01,-2.800999381651608777e-01,-3.075364529029315896e+00,-8.860432240999775999e-01,2.446639794739422058e+00,2.133992645200107230e+00,-4.737855052364781105e-01,3.077335983695676624e+00,8.892367045829898675e-01
8.539026017344896191e-01,-3.262660397910603916e-01,-1.704463954354315525e-02,-3.715385215785417805e-01,2.207782036778646706e+00,1.428378957778577707e-01,-4.495466666985834969e+00,-9.056183574509127920e-01,-7.863751813867765339e-01,-7.045561850788165659e-01,-2.319795072128811864e-01,-2.596629030346214728e-01,-3.069197337383777313e+00,-8.835986219840077371e-01,2.481399880506534483e+00,2.153889327091467631e+00,-4.664093830246276440e-01,3.049479420200529756e+00,9.596524099428735965e-01
8.605737158105403184e-01,-3.323271633016861015e-01,-2.223516866127367431e-02,-3.761906232508597236e-01,2.206224151707326442e+00,1.411732980535948812e-01,-4.515919757389774247e+00,-9.115030608633039044e-01,-7.697076446115989068e-01,-6.901223060974973622e-01,-2.350661440351404785e-01,-2.394158465830484861e-01,-3.062561119216998140e+00,-8.805314690865793104e-01,2.515400180964954657e+00,2.173307466239388752e+00,-4.589505367960271531e-01,3.020382336036038673e+00,1.029847053478046170e+00
8.672448298865910177e-01,-3.384274714572915177e-01,-2.731375585999863687e-02,-3.807460063537217443e-01,2.204645841917266758e+00,1.396431141528001185e-01,-4.536327016628683317e+00,-9.173652188367736882e-01,-7.528158498495972628e-01,-6.755604948876620108e-01,-2.381027458011947540e-01,-2.193670046994299350e-01,-3.055457425174115116e+00,-8.768390772658967158e-01,2.548630796551667910e+00,2.192242691130163124e+00,-4.514088672040890149e-01,2.990056732872250489e+00,1.099797902376475678e+00
8.739159439626417170e-01,-3.445667999237311818e-01,-3.227892228802944907e-02,-3.852038282141101999e-01,2.203047443041040054e+00,1.382459945182952510e-01,-4.556685331710252029e+00,-9.232006522293979556e-01,-7.357049640566384330e-01,-6.608739872554552086e-01,-2.410887600094919481e-01,-1.995245316161325944e-01,-3.047887957003671211e+00,-8.725190695990461265e-01,2.581082087147713366e+00,2.210690756751518826e+00,-4.437844023347468081e-01,2.958515088795433456e+00,1.169482390205673017e+00
8.805870580386924162e-01,-3.507449564367506323e-01,-3.712922377559800535e-02,-3.895632678389555625e-01,2.201429294395443659e+00,1.369805354762510530e-01,-4.576991601495586259e+00,-9.290051670841750209e-01,-7.183802176247338078e-01,-6.460660469016551444e-01,-2.440236347737037292e-01,-1.798964967488686506e-01,-3.039854566416618553e+00,-8.675693816481413467e-01,2.612744675234474734e+00,2.228647545443305233e+00,-4.360772987057228711e-01,2.925770352822900655e+00,1.238878126209938424e+00
8.872581721147431155e-01,-3.569617207101175027e-01,-4.186325125218112730e-02,-3.938235260983853347e-01,2.199791738974531619e+00,1.358452798124477057e-01,-4.597242737695657055e+00,-9.347745567174670089e-01,-7.008469026199324325e-01,-6.311399645693652749e-01,-2.469068196825973116e-01,-1.604908815738715910e-01,-3.031359253883615601e+00,-8.619882625794181852e-01,2.643609448956044439e+00,2.246109067707869666e+00,-4.282878421768727684e-01,2.891835939232241692e+00,1.307962904509913038e+00
8.939292861907938148e-01,-3.632168443577041828e-01,-4.647963115200035022e-02,-3.979838259032683068e-01,2.198135123436887550e+00,1.348387173692382202e-01,-4.617435665859495053e+00,-9.405046038144099230e-01,-6.831103710001068530e-01,-6.160990571864392029e-01,-2.497377666656774298e-01,-1.413155765435176736e-01,-3.022404167371290473e+00,-8.557742761348170468e-01,2.673667565086571773e+00,2.263071462980052129e+00,-4.204164487709030062e-01,2.856725721707571886e+00,1.376714713200383855e+00
9.006004002668445141e-01,-3.695100508295738329e-01,-5.097702580756889590e-02,-4.020434123770219026e-01,2.196459798087111448e+00,1.339592856629580053e-01,-4.637567326353784658e+00,-9.461910825303151418e-01,-6.651760328132592104e-01,-6.009466670028997815e-01,-2.525159308640058664e-01,-1.223783780416011213e-01,-3.012991601018167653e+00,-8.489263014556451825e-01,2.702910451901487487e+00,2.279531000356734616e+00,-4.124636654038216221e-01,2.820454027305416833e+00,1.445111743342435195e+00
9.072715143428952134e-01,-3.758410353620994515e-01,-5.535413383115464492e-02,-4.060015530216485313e-01,2.194766116851471605e+00,1.332053705215087147e-01,-4.657634675333403251e+00,-9.518297605970682529e-01,-6.470493543769977318e-01,-5.856861607236281131e-01,-2.552407715055877713e-01,-1.036869853794545326e-01,-3.003123993750961951e+00,-8.414435337579992957e-01,2.731329811951594966e+00,2.295484079285900147e+00,-4.044301705245261225e-01,2.783035630242982617e+00,1.513132397846014277e+00
9.139426284189459126e-01,-3.822094649421498014e-01,-5.960969048403878812e-02,-4.098575378779716893e-01,2.193054437247715427e+00,1.325753067418428410e-01,-4.677634685702541262e+00,-9.574164014335411199e-01,-6.287358564398348726e-01,-5.703209286365922281e-01,-2.579117527847232250e-01,-8.524899783409733978e-02,-2.992803927841999556e+00,-8.333254848596776121e-01,2.758917624738991492e+00,2.310927230215158446e+00,-3.963167746629796540e-01,2.744485745511592523e+00,1.580755300239082173e+00
9.206137424949966119e-01,-3.886149782853661749e-01,-6.374246803344781054e-02,-4.136106796800414487e-01,2.191325120348992961e+00,1.320673787670652577e-01,-4.697564348066006090e+00,-9.629467662590225352e-01,-6.102411123249613656e-01,-5.548543837368808962e-01,-2.605283447447082623e-01,-6.707191172956128433e-02,-2.982034127408522473e+00,-8.245719835583895652e-01,2.785666149293870575e+00,2.325857115199741365e+00,-3.881244208864844669e-01,2.704820022318154216e+00,1.647959303319562308e+00
9.272848565710473112e-01,-3.950571858285421012e-01,-6.775127609704667542e-02,-4.172603140036838520e-01,2.189578530741883355e+00,1.316798213828547226e-01,-4.717420671670316423e+00,-9.684166162086743634e-01,-5.915707460571665299e-01,-5.392899608468202377e-01,-2.630900241632713743e-01,-4.916311756253577414e-02,-2.970817456854683236e+00,-8.151831758611380874e-01,2.811567926651269200e+00,2.340270528469938771e+00,-3.798541851635954814e-01,2.664054537357609220e+00,1.714723497686340359e+00
9.339559706470980105e-01,-4.015356697361232019e-01,-7.163496197488330997e-02,-4.208057994091676246e-01,2.187815036478513608e+00,1.314108204329135776e-01,-4.737200685334223671e+00,-9.738217144500230793e-01,-5.727304304735711948e-01,-5.236311157324383680e-01,-2.655962754401289816e-01,-3.152989717345089371e-02,-2.959156919257028839e+00,-8.051595250647134439e-01,2.836615782226858951e+00,2.354164396958005057e+00,-3.715072766353024747e-01,2.622205787919346776e+00,1.781027220145647627e+00
9.406270847231487098e-01,-4.080499839208245882e-01,-7.539241096867385639e-02,-4.242465175779649988e-01,2.186035009022744724e+00,1.312585135531319502e-01,-4.756901438368265289e+00,-9.791578282994906068e-01,-5.537258853188482544e-01,-5.078813242165514108e-01,-2.680465914860413190e-01,-1.417942096408997266e-02,-2.947055654694346494e+00,-7.945018116873092673e-01,2.860802828090927008e+00,2.367535780784551402e+00,-3.630850377931076345e-01,2.579290684830670699e+00,1.846850061989224745e+00
9.472981987991994091e-01,-4.145996540783661866e-01,-7.902254668833529061e-02,-4.275818734435867241e-01,2.184238823190424839e+00,1.312209909241563444e-01,-4.776520001483004485e+00,-9.844207313379710333e-01,-5.345628753256201904e-01,-4.920440812887372228e-01,-2.704404746127409553e-01,2.881254837186597584e-03,-2.934516938522714113e+00,-7.832111332513391755e-01,2.884122465139740132e+00,2.380381873704467299e+00,-3.545889445637264714e-01,2.535326545240431884e+00,1.912171877140693921e+00
9.539693128752501083e-01,-4.211841777363153350e-01,-8.252433134566229678e-02,-4.308112953164678349e-01,2.182426857083702654e+00,1.312962960420417380e-01,-4.796053467685570837e+00,-9.896062055244674305e-01,-5.152472082807094678e-01,-4.761229002124719445e-01,-2.727774374231187737e-01,1.964519086155036565e-02,-2.921544179596649915e+00,-7.712889039175956363e-01,2.906568385163492252e+00,2.392700003512420182e+00,-3.460206063001645127e-01,2.490331085246044740e+00,1.976972790166673599e+00
9.606404269513008076e-01,-4.278030243170203306e-01,-8.589676603505859431e-02,-4.339342350028906337e-01,2.180599492019412722e+00,1.314824265066554254e-01,-4.815498953164169649e+00,-9.947100433067872505e-01,-4.957847330779450168e-01,-4.601213116296954952e-01,-2.750570037010340307e-01,3.610556723611824115e-02,-2.908140918437291500e+00,-7.587368539709717918e-01,2.928134572810111802e+00,2.404487632408002007e+00,-3.373817656789785957e-01,2.444322412367132991e+00,2.041233204149201619e+00
9.673115410273515069e-01,-4.344556352146119460e-01,-8.913889100123607856e-02,-4.369501679179242370e-01,2.178757112451513489e+00,1.317773348275022571e-01,-4.834853598160181676e+00,-9.997280497283156375e-01,-4.761813377582158058e-01,-4.440428626630736897e-01,-2.772787093001286562e-01,5.225568616964970659e-02,-2.894310825348519245e+00,-7.455570291580186915e-01,2.948815307444220046e+00,2.415742357320610711e+00,-3.286742985035804310e-01,2.397319017869135038e+00,2.104933808416105556e+00
9.739826551034022062e-01,-4.411414238860444370e-01,-9.224978589379813354e-02,-4.398585931923699732e-01,2.176900105887610959e+00,1.321789292466254706e-01,-4.854114567827540583e+00,-1.004656044529875114e+00,-4.564429475374737200e-01,-4.278911160162292560e-01,-2.794421030310126342e-01,6.808897448654771534e-02,-2.880057698481995221e+00,-7.317517898766938700e-01,2.968605164900576909e+00,2.426461910194144256e+00,-3.199002134135078279e-01,2.349339768940239548e+00,2.168055586126049317e+00
9.806537691794529055e-01,-4.478597759561377400e-01,-9.522857000862976207e-02,-4.426590337736968639e-01,2.175028862799568419e+00,1.326850745782390262e-01,-4.873279053079019540e+00,-1.009489864245690205e+00,-4.365755228233949015e-01,-4.116696490722059898e-01,-2.815467475461990721e-01,8.359898610818605746e-02,-2.865385461852099525e+00,-7.173238102187127208e-01,2.987499019131396150e+00,2.436644158231635160e+00,-3.110616514996122906e-01,2.300403900725090267e+00,2.230579821705024557e+00
9.873248832555036048e-01,-4.546100493365808903e-01,-9.807440251601888537e-02,-4.453510365209588096e-01,2.173143776528220439e+00,1.332935930647333456e-01,-4.892344271419120538e+00,-1.014225364292468345e+00,-4.165850572214045977e-01,-3.953820529904353842e-01,-2.835922202221552446e-01,9.877940448062949574e-02,-2.850298163301755228e+00,-7.022760768649909391e-01,3.005492043746945452e+00,2.446287104099933440e+00,-3.021608858251976226e-01,2.250531008218767948e+00,2.292488108131144564e+00
9.939959973315543040e-01,-4.613915743588466456e-01,-1.007864826754453075e-01,-4.479341722936824866e-01,2.171245243182215567e+00,1.340022652486957400e-01,-4.911307467763234236e+00,-1.018858421050629959e+00,-3.964775755307839988e-01,-3.790319318024693018e-01,-2.855781140378497174e-01,1.136240449478194137e-01,-2.834799972420170455e+00,-6.866118878347222676e-01,3.022579713448889649e+00,2.455388886094580503e+00,-2.932003208531579475e-01,2.199741038024571438e+00,2.353762354064669271e+00
1.000667111407605114e+00,-4.682036539209595283e-01,-1.033640500369678444e-01,-4.504080360347198497e-01,2.169333661531011703e+00,1.348088308605791819e-01,-4.930165915242739061e+00,-1.023384933936702268e+00,-3.762591317315740480e-01,-3.626229015067456984e-01,-2.875040384491608370e-01,1.281268570693290254e-01,-2.818895178413546532e+00,-6.703348510887148226e-01,3.038757805355872144e+00,2.463947778265017874e+00,-2.841824917792570293e-01,2.148054279979216385e+00,2.414384790820251148e+00
1.007338225483655814e+00,-4.750455636480579447e-01,-1.058063846291532606e-01,-4.527722468470594674e-01,2.167409432892053900e+00,1.357109897216423056e-01,-4.948916915995752674e+00,-1.027800827465913169e+00,-3.559358069629949273e-01,-3.461585891626529632e-01,-2.893696202585250288e-01,1.422819268818197314e-01,-2.802588187929799801e+00,-6.534488829876663463e-01,3.054022400220880673e+00,2.471962190500301304e+00,-2.751100637717085462e-01,2.095491358649114844e+00,2.474337979178479863e+00
1.014009339559706513e+00,-4.819165520666817137e-01,-1.081128071334941931e-01,-4.550264480645914711e-01,2.165472961012162134e+00,1.367064026617919037e-01,-4.967557801943218720e+00,-1.032102053304018385e+00,-3.355137074941100805e-01,-3.296426319841489483e-01,-2.911745044792041770e-01,1.560834791033478552e-01,-2.785883522838391357e+00,-6.359582066061280070e-01,3.068369883539969756e+00,2.479430668575477004e+00,-2.659858311172782486e-01,2.042073224701401735e+00,2.533604816033894203e+00
1.020680453635757212e+00,-4.888158407927071236e-01,-1.102826790452643840e-01,-4.571703073168268405e-01,2.163524651943188104e+00,1.377926924519309870e-01,-4.986085935550035764e+00,-1.036284592307401997e+00,-3.149989626874529769e-01,-3.130786764332063044e-01,-2.929183551935413687e-01,1.695258792796963121e-01,-2.768785817966358032e+00,-6.178673499029756488e-01,3.081796946551958349e+00,2.486351894158831399e+00,-2.568127162742031011e-01,1.987821146153497365e+00,2.592168540876650606e+00
1.027351567711807911e+00,-4.957426247328511337e-01,-1.123154028207675043e-01,-4.592035165875678615e-01,2.161564913911949937e+00,1.389674447504341548e-01,-5.004498710570938869e+00,-1.040344456550494456e+00,-2.943977229563536357e-01,-2.964703773133363640e-01,-2.946008564045900502e-01,1.826036358719415054e-01,-2.751299818791670404e+00,-5.991811437492622350e-01,3.094300587128783420e+00,2.492724684780195155e+00,-2.475937688322320529e-01,1.932756699504983189e+00,2.650012742105190444e+00
1.034022681787858611e+00,-5.026960722996552944e-01,-1.142104220109404766e-01,-4.611257922675325305e-01,2.159594157184522079e+00,1.402282090633490408e-01,-5.022793552780851378e+00,-1.044277691339562386e+00,-2.737161577166872806e-01,-2.798213968634547522e-01,-2.962217128804967570e-01,1.953114022844736342e-01,-2.733430379095043161e+00,-5.799047198144089421e-01,3.105878110556177685e+00,2.498547993760526609e+00,-2.383321643801881162e-01,1.876901760755636195e+00,2.707121363167274364e+00
1.040693795863909310e+00,-5.096753256398560694e-01,-1.159672213812755204e-01,-4.629368752009367927e-01,2.157612793924914119e+00,1.415724997179274025e-01,-5.040967920689446657e+00,-1.048080377211927372e+00,-2.529604533337845296e-01,-2.631354038523460170e-01,-2.977806509910227994e-01,2.076439788327307800e-01,-2.715182458571360868e+00,-5.600435083117287771e-01,3.116527130204453044e+00,2.503820910102993125e+00,-2.290312032814660892e-01,1.820278496313510574e+00,2.763478708526852401e+00
1.047364909939960009e+00,-5.166795008760413088e-01,-1.175853270180326482e-01,-4.646365307260370003e-01,2.155621238048196719e+00,1.429977968490793727e-01,-5.059019306239634695e+00,-1.051748631919677379e+00,-2.321368110652319294e-01,-2.464160726739807739e-01,-2.992774195355895617e-01,2.195963146499230190e-01,-2.696561120401882672e+00,-5.396032356043756195e-01,3.126245568089147220e+00,2.508542658345789267e+00,-2.196943093579621920e-01,1.762909353796983769e+00,2.819069449454325138e+00
1.054036024016010709e+00,-5.237076883614847356e-01,-1.190643064207152629e-01,-4.662245487096424168e-01,2.153619905068134610e+00,1.445015473983426169e-01,-5.076945235489721320e+00,-1.055278612396946425e+00,-2.112514450003011579e-01,-2.296670824439432379e-01,-3.007117905622422316e-01,2.311635095320536126e-01,-2.677571528788424526e+00,-5.185899216728409034e-01,3.135031655321375510e+00,2.512712598376946715e+00,-2.103250284829658590e-01,1.704817052734752814e+00,2.873878629637820925e+00
1.060707138092061408e+00,-5.307589529480487567e-01,-1.204037685807922697e-01,-4.677007435756027065e-01,2.151609211939384814e+00,1.460811661249512561e-01,-5.094743269279009112e+00,-1.058666516709839245e+00,-1.903105799967421408e-01,-2.128921160972200854e-01,-3.020835601769228385e-01,2.423408157205690916e-01,-2.658218946450697118e+00,-4.970098774452058610e-01,3.142883932447749551e+00,2.516330225211390381e+00,-2.009270270835832317e-01,1.646024575167762016e+00,2.927891670613208763e+00
1.067378252168112107e+00,-5.378323342670331408e-01,-1.216033640466473581e-01,-4.690649543272833455e-01,2.149589576894335607e+00,1.477340366285893325e-01,-5.112411003876568216e+00,-1.061908585988091680e+00,-1.693204496156766881e-01,-1.960948594876008588e-01,-3.033925493424528552e-01,2.531236396219979645e-01,-2.638508732088041597e+00,-4.748697019914152051e-01,3.149801249679782700e+00,2.519395168730520052e+00,-1.915040905533564874e-01,1.586555156157125612e+00,2.981094377010644614e+00
1.074049366244162806e+00,-5.449268470228484373e-01,-1.226627849747492505e-01,-4.703170445640375563e-01,2.147561419274646610e+00,1.494575123834019914e-01,-5.129946071612971892e+00,-1.065001106337566616e+00,-1.482872940553305041e-01,-1.792790004889402433e-01,-3.046386046666304526e-01,2.635075434639664871e-01,-2.618446337806779933e+00,-4.521762795828885295e-01,3.155782767012714984e+00,2.521907193384595569e+00,-1.820601215757362557e-01,1.526432274202097261e+00,3.033472941615549257e+00
1.080720480320213506e+00,-5.520414812993796883e-01,-1.235817651670342160e-01,-4.714569024916910878e-01,2.145525159357574374e+00,1.512489177828404974e-01,-5.147346141494737459e+00,-1.067940410732685752e+00,-1.272173580843428686e-01,-1.624482280985305449e-01,-3.058215991788464372e-01,2.734882468869967442e-01,-2.598037306514421996e+00,-4.289367766188623143e-01,3.160827954233775383e+00,2.523866197858233740e+00,-1.725991383591529704e-01,1.465679641572221303e+00,3.085013950241970448e+00
1.087391594396264205e+00,-5.591752028789075402e-01,-1.243600800945035556e-01,-4.724844409270526624e-01,2.143481218177147873e+00,1.531055491949130376e-01,-5.164608919801311870e+00,-1.070722880887916784e+00,-1.061168889753857647e-01,-1.456062315428247322e-01,-3.069414330946317326e-01,2.830616284715456454e-01,-2.577287269282003024e+00,-4.051586384209111547e-01,3.164936590819899642e+00,2.525272214699315843e+00,-1.631252727844876294e-01,1.404321194557780483e+00,3.135704386416417577e+00
1.094062708472314904e+00,-5.663269535734392068e-01,-1.249975469070384038e-01,-4.733995972964662458e-01,2.141430017340298253e+00,1.550246760274020252e-01,-5.181732150664313252e+00,-1.073344949107442936e+00,-8.499213443984030003e-02,-1.287566993857594544e-01,-3.079980345675621400e-01,2.922237271997297769e-01,-2.556201942675802474e+00,-3.808495858971443493e-01,3.168108765724981346e+00,2.526125409911619268e+00,-1.536427684657430959e-01,1.342381083642726347e+00,3.185531635870288980e+00
1.100733822548365604e+00,-5.734956515683058420e-01,-1.254940244294421303e-01,-4.742023336284248436e-01,2.139371978838004562e+00,1.570035418026157203e-01,-5.198713616628920064e+00,-1.075803100112145749e+00,-6.384934056425493887e-02,-1.119033186399130686e-01,-3.089913604279325710e-01,3.009707438512552735e-01,-2.534787126059745432e+00,-3.560176120776563646e-01,3.170344877056789912e+00,2.526426082511517901e+00,-1.441559787248354318e-01,1.279883663604272304e+00,3.234483490839165309e+00
1.107404936624416303e+00,-5.806801917778694477e-01,-1.258494131437243868e-01,-4.748926365402659777e-01,2.137307524851565610e+00,1.590393652412289693e-01,-5.215551139197129871e+00,-1.078093872843051360e+00,-4.269474974932913752e-02,-9.504977388074255240e-02,-3.099213969076393127e-01,3.092990423330628236e-01,-2.513048698869762454e+00,-3.306709785228478804e-01,3.171645631643694507e+00,2.526174664049082974e+00,-1.346693644814123125e-01,1.216853483543393510e+00,3.282548154167260979e+00
1.114076050700467002e+00,-5.878794462131791132e-01,-1.260636551576467257e-01,-4.754705172189674367e-01,2.135237077554076990e+00,1.611293413547747744e-01,-5.232242579352771372e+00,-1.080213862240399614e+00,-2.153459865215409663e-02,-7.819974636413097591e-02,-3.107881603507059998e-01,3.172051509422526561e-01,-2.490992617861431224e+00,-3.048182116062969627e-01,3.172012044491411942e+00,2.525371718093934348e+00,-1.251874920586895090e-01,1.153315276850449989e+00,3.329714243215489144e+00
1.120747164776517701e+00,-5.950922643614124929e-01,-1.261367341595540648e-01,-4.759360113960673933e-01,2.133161058907225183e+00,1.632706425463356648e-01,-5.248785838068056542e+00,-1.082159720997497576e+00,-3.751161324434884592e-04,-6.135691314748059622e-02,-3.115916979088918515e-01,3.246857635618536908e-01,-2.468624914332199438e+00,-2.784680986739309638e-01,3.171445438130017891e+00,2.524017939686201029e+00,-1.157150309063343929e-01,1.089293951110219316e+00,3.375970793571623663e+00
1.127418278852568401e+00,-6.023174735769315502e-01,-1.260686753595186005e-01,-4.762891793167364773e-01,2.131079890453485337e+00,1.654604197189864512e-01,-5.265178856791534301e+00,-1.083928161288546743e+00,2.077747879651446056e-02,-4.452494621458825963e-02,-3.123320882218368899e-01,3.317377407890700347e-01,-2.445951691319527832e+00,-2.516296840812801694e-01,3.169947441851492798e+00,2.522114154752975068e+00,-1.062567512414664961e-01,1.024814577950627248e+00,3.421307262561179563e+00
1.134089392928619100e+00,-6.095538794837741525e-01,-1.258595454168350281e-01,-4.765301057030218446e-01,2.128993993103836413e+00,1.676958033915391666e-01,-5.281419617917255671e+00,-1.085515956469631060e+00,4.191697901145282484e-02,-2.770751160452296358e-02,-3.130094420812006284e-01,3.383581109956224076e-01,-2.422979120776270534e+00,-2.243122651106703724e-01,3.167519990838156385e+00,2.519661319490619444e+00,-9.681752160890577663e-02,9.599023828394639413e-01,3.465713532557693100e+00
1.140760507004669799e+00,-6.168002663894043280e-01,-1.255094523538995976e-01,-4.766588997112957693e-01,2.126903786921106487e+00,1.699739048211318382e-01,-5.297506145235036712e+00,-1.086919942752071044e+00,6.303719131654714203e-02,-1.090826854473975205e-02,-3.136239030782559389e-01,3.445440713198651972e-01,-2.399713440724656532e+00,-1.965253877702648477e-01,3.164165325182325184e+00,2.516660519713340705e+00,-8.740230636182833024e-02,8.945827348334297602e-01,3.509179914091205887e+00
1.147431621080720499e+00,-6.240553977095277816e-01,-1.250185454565231336e-01,-4.766756948839348529e-01,2.124809690899046810e+00,1.722918171322111447e-01,-5.313436504361671808e+00,-1.088137020847369518e+00,8.413193847393252156e-02,5.869131411350675398e-03,-3.141756482344184587e-01,3.502929885903702800e-01,-2.376160952390197867e+00,-1.682788424768981717e-01,3.159885988797628720e+00,2.513112970168412730e+00,-7.801616306405079193e-02,8.288811362838199859e-01,3.551697148753823363e+00
1.154102735156771198e+00,-6.313180164037864861e-01,-1.243870151607211066e-01,-4.765806490952628760e-01,2.122712122737261176e+00,1.746466164514425823e-01,-5.329208803152955198e+00,-1.089164157582968029e+00,1.051950612265998286e-01,2.262104524213266743e-02,-3.146648886141837909e-01,3.556024001807028267e-01,-2.352328017316906550e+00,-1.395826596247287110e-01,3.154684828222408033e+00,2.509020013818463735e+00,-6.866423981519576003e-02,7.628232125032260447e-01,3.593256411901323499e+00
1.160773849232821897e+00,-6.385868454221328427e-01,-1.236150929260363823e-01,-4.763739444917859389e-01,2.120611498612106072e+00,1.770353630480953067e-01,-5.344821192096398832e+00,-1.089998387488072762e+00,1.262204203129486391e-01,3.934383931064042161e-02,-3.150918699199699580e-01,3.604700147951463429e-01,-2.328221054465159590e+00,-1.104471050417661360e-01,3.148564991315711215e+00,2.504383121091250608e+00,-5.935177250005607696e-02,6.964347013975905609e-01,3.633849315149894288e+00
1.167444963308872596e+00,-6.458605881616794608e-01,-1.227030510954536663e-01,-4.760557874267554723e-01,2.118508232943687286e+00,1.794551024794382998e-01,-5.360271864684537313e+00,-1.090636814348797889e+00,1.472018984722855972e-01,5.603389021230176237e-02,-3.154568730683602884e-01,3.648937131851561211e-01,-2.303846537293603891e+00,-8.088267533638426876e-02,3.141529925846398008e+00,2.499203889097337150e+00,-5.008408196349134478e-02,6.297414430679871833e-01,3.673467908667164217e+00
1.174116077384923296e+00,-6.531379289338207217e-01,-1.216512027419658637e-01,-4.756264083890948680e-01,2.116402738159070207e+00,1.819028667406821786e-01,-5.375559057768725779e+00,-1.091076612731904705e+00,1.681334024405550798e-01,7.268758561735437496e-02,-3.157602147472540755e-01,3.688715487963583062e-01,-2.279210990826458172e+00,-5.090009313598931051e-02,3.133583377975920126e+00,2.493484040816126068e+00,-4.086657111225289185e-02,5.627693693865151170e-01,3.712104683256768567e+00
1.180787191460973995e+00,-6.604175334414106313e-01,-1.204599015018620461e-01,-4.750860619267228135e-01,2.114295424451841487e+00,1.843756754190061797e-01,-5.390681051893309039e+00,-1.091315029476425114e+00,1.890088649355952666e-01,8.930132510773031163e-02,-3.160022479534445594e-01,3.724017483459354239e-01,-2.254320988707605888e+00,-2.051030222005079118e-02,3.124729390635409665e+00,2.487225424250669725e+00,-3.170472194518469955e-02,4.955444935506664317e-01,3.749752572235838688e+00
1.187458305537024694e+00,-6.676980492657859090e-01,-1.191295413948080945e-01,-4.744350265643135223e-01,2.112186699538152190e+00,1.868705368512063592e-01,-5.405636171610122886e+00,-1.091349385152470930e+00,2.098222466312180123e-01,1.058715210081978275e-01,-3.161833625101503342e-01,3.754827123302630354e-01,-2.229183150242848743e+00,1.027553745024412102e-02,3.114972301797700460e+00,2.480430011551729930e+00,-2.260409251324735358e-02,4.280928996205635162e-01,3.786404953104829385e+00
1.194129419613075394e+00,-6.749781063634056055e-01,-1.176605566307978301e-01,-4.736736047155320484e-01,2.110076968409372977e+00,1.893844492844940497e-01,-5.420422785773201468e+00,-1.091177075486544634e+00,2.305675381194104978e-01,1.223945992115598735e-01,-3.163039855640365494e-01,3.781130154627087014e-01,-2.203804137431717436e+00,4.144605480340635140e-02,3.104316742644986693e+00,2.473099898111530415e+00,-1.357031381092022038e-02,3.604407320434469542e-01,3.822055649009264755e+00
1.200800533689126093e+00,-6.822563175718884265e-01,-1.160534214040544465e-01,-4.728021225897850455e-01,2.107966633081509222e+00,1.919144020399831674e-01,-5.435039307813671172e+00,-1.090795572752690568e+00,2.512387618599681849e-01,1.388669999977038549e-01,-3.163645820612723814e-01,3.802914070415156500e-01,-2.178190651990229654e+00,7.298967282777213406e-02,3.092767635632839962e+00,2.465237301627688726e+00,-4.609086600505518660e-03,2.926141851697988683e-01,3.856698929993008118e+00
1.207471647765176792e+00,-6.895312791252138362e-01,-1.143086496739705582e-01,-4.718209300935281569e-01,2.105856092341501729e+00,1.944573766783994073e-01,-5.449484195994756419e+00,-1.090202427128832419e+00,2.718299741168695993e-01,1.552851788463125438e-01,-3.163656552021874013e-01,3.820168112477292932e-01,-2.152349432365975979e+00,1.048946138379553972e-01,3.080330192451353977e+00,2.456844561137778715e+00,4.273821829040569398e-03,2.246394927654781215e-01,3.890329514042834891e+00
1.214142761841227491e+00,-6.968015711778523524e-01,-1.124267949331768379e-01,-4.707304007261742251e-01,2.103745741490579579e+00,1.970103481675418156e-01,-5.463755953646840524e+00,-1.089395268017658847e+00,2.923352668807084886e-01,1.716456072430365132e-01,-3.163077468740853604e-01,3.832883273731609863e-01,-2.126287250746940138e+00,1.371489048351761664e-01,3.067009911884228668e+00,2.447924136025022790e+00,1.307258096712637929e-02,1.565429175242529780e-01,3.922942567924105894e+00
1.220813875917278191e+00,-7.040657583375897755e-01,-1.104084499628330829e-01,-4.695309314706445081e-01,2.101635972084788584e+00,1.995702860510327192e-01,-5.477853129382557640e+00,-1.088371805331451725e+00,3.127487697765038988e-01,1.879447734789364555e-01,-3.161914380618105480e-01,3.841052299783983548e-01,-2.100010910065438274e+00,1.697403829589858582e-01,3.052812577566624164e+00,2.438478604995597987e+00,2.178130044872217397e-02,8.835074058508829431e-02,3.954533707807494469e+00
1.227484989993328890e+00,-7.113223902068002147e-01,-1.082542465752431987e-01,-4.682229426786114201e-01,2.099527171672860515e+00,2.021341556178896659e-01,-5.491774317291898910e+00,-1.087129830740238834e+00,3.330646519562198149e-01,2.041791834430116137e-01,-3.160173492356397884e-01,3.844669689809134261e-01,-2.073527240998576548e+00,2.026567010278630399e-01,3.037744255642683022e+00,2.428510665028050131e+00,3.039403348200053756e-02,2.008925105856895765e-02,3.985098999686773613e+00
1.234156104069379589e+00,-7.185700019319198883e-01,-1.059648553438992669e-01,-4.668068779504758736e-01,2.097419723531573688e+00,2.046989190724493035e-01,-5.505518157117273326e+00,-1.085667218882701235e+00,3.532771239753246251e-01,2.203453614076295586e-01,-3.157861407161171585e-01,3.843731696733445613e-01,-2.046843098966615759e+00,2.358853331661165953e-01,3.021811292323627551e+00,2.418023130295315681e+00,3.890478033469357833e-02,-4.821526443320933719e-02,4.014634959587817242e+00
1.240827218145430288e+00,-7.258071147608754492e-01,-1.035409853210590148e-01,-4.652832040101307354e-01,2.095314006398754980e+00,2.072615367041827361e-01,-5.519083334408577457e+00,-1.083981928539259787e+00,3.733804396527313774e-01,2.364398508066702653e-01,-3.154985130154373540e-01,3.838236326720523839e-01,-2.019965361130637849e+00,2.694135805144909357e-01,3.005020311347395889e+00,2.407018931059867750e+00,4.730749187736971173e-02,-1.165365321989220160e-01,4.043138553568985216e+00
1.247498332221480988e+00,-7.330322366082092644e-01,-1.009833837429757603e-01,-4.636524105745570279e-01,2.093210394204082281e+00,2.098189680569360338e-01,-5.532468580658202129e+00,-1.082072003766793689e+00,3.933688979134652985e-01,2.524592150062152096e-01,-3.151552071550076661e-01,3.828183337960882060e-01,-1.992900923390907630e+00,3.032285770218363652e-01,2.987378211340810275e+00,2.395501112542488542e+00,5.559607318180481705e-02,-1.848483018981558201e-01,4.070607197513254505e+00
1.254169446297531687e+00,-7.402438626276454103e-01,-9.829283572289271298e-02,-4.619150102183048889e-01,2.091109255797854338e+00,2.123681730971285764e-01,-5.545672673416042642e+00,-1.079935574994460135e+00,4.132368446134120910e-01,2.684000380676017095e-01,-3.147570049588245267e-01,3.813574238767306612e-01,-1.965656697387311080e+00,3.373172953151563069e-01,2.968892163085309122e+00,2.383472833765198473e+00,6.376438717260435318e-02,-2.531243569350855038e-01,4.097038756712459318e+00
1.260840560373582386e+00,-7.474404757918348130e-01,-9.547016393192746253e-02,-4.600715382329085834e-01,2.089010954677875009e+00,2.149061133804545110e-01,-5.558694436384504556e+00,-1.077570860080098836e+00,4.329786743455065201e-01,2.842589255026756190e-01,-3.143047293223211747e-01,3.794412284977891070e-01,-1.938239607503261075e+00,3.716665526453377666e-01,2.949569606687300727e+00,2.370937366368858434e+00,7.180625833017573179e-02,-3.213385248214102319e-01,4.122431545244183759e+00
1.267511674449633086e+00,-7.546205474790146361e-01,-9.251622826796943033e-02,-4.581225524812917449e-01,2.086915848714643307e+00,2.174297532166164226e-01,-5.571532739493537001e+00,-1.074976165326730015e+00,4.525888322267297426e-01,3.000325050210684297e-01,-3.137992444563422190e-01,3.770702476668856828e-01,-1.910656587874451251e+00,4.062630169057919183e-01,2.929418248654254597e+00,2.357898093405984330e+00,7.971547644313958791e-02,-3.894646875042475642e-01,4.146784325141873673e+00
1.274182788525683785e+00,-7.617825380663145740e-01,-8.943192551272270696e-02,-4.560686332472130844e-01,2.084824289874978920e+00,2.199360608316391075e-01,-5.584186498955727274e+00,-1.072149886458661605e+00,4.720618156652880981e-01,3.157174272693447081e-01,-3.132414561059265745e-01,3.742451554179716533e-01,-1.882914579403830890e+00,4.410932127212474629e-01,2.908446058877659279e+00,2.344358508109305905e+00,8.748580040821885007e-02,-4.574767916547515245e-01,4.170096305358871547e+00
1.280853902601734484e+00,-7.689248975294397104e-01,-8.621818897702790419e-02,-4.539103830798080774e-01,2.082736623944291932e+00,2.224220095273041209e-01,-5.596654677301511782e+00,-1.069090509556754665e+00,4.913921761073598016e-01,3.313103665618543081e-01,-3.126323117435918508e-01,3.709667993453442114e-01,-1.855020526784178392e+00,4.761435276038712416e-01,2.886661267524016417e+00,2.330322212636595225e+00,9.511096207562763638e-02,-5.253488589132191411e-01,4.192367140527173852e+00
1.287525016677785183e+00,-7.760460660484534978e-01,-8.287598813459998159e-02,-4.516484266332858044e-01,2.080653190247637063e+00,2.248845788372452192e-01,-5.608936283394556632e+00,-1.065796611952402717e+00,5.105745207627951920e-01,3.468080216031297347e-01,-3.119728007368143263e-01,3.672362000694796569e-01,-1.826981375529635798e+00,5.114002181738782626e-01,2.864072361835087843e+00,2.315792916792343004e+00,1.025846701379526937e-01,-5.930549960864699433e-01,4.213596929511753686e+00
1.294196130753835883e+00,-7.831444746193864104e-01,-7.940632824432622416e-02,-4.492834105018322366e-01,2.078574321369742073e+00,2.273207556792562201e-01,-5.621030372427352262e+00,-1.062266863079806001e+00,5.296035143091737396e-01,3.622071162016852752e-01,-3.112639544894297283e-01,3.630545506350063567e-01,-1.798804069017569951e+00,5.468494164417647685e-01,2.840688082838624062e+00,2.300774436726795269e+00,1.099006140604679160e-01,-6.605694052933257510e-01,4.233786213761471906e+00
1.300867244829886582e+00,-7.902185456713909373e-01,-7.581024996127086468e-02,-4.468160030497825841e-01,2.076500342874180838e+00,2.297275355033558397e-01,-5.632936045897134036e+00,-1.058500025286137625e+00,5.484738805736216749e-01,3.775043999750586354e-01,-3.105068465566815927e-01,3.584232158411809754e-01,-1.770495545542106086e+00,5.824771361492551147e-01,2.816517421970860191e+00,2.285270693612925896e+00,1.170524680508362447e-01,-7.278663940540384125e-01,4.252935975457594608e+00
1.307538358905937281e+00,-7.972666936891584788e-01,-7.208882893653451029e-02,-4.442468942371193830e-01,2.074431573021866093e+00,2.321019234351622829e-01,-5.644652451562177653e+00,-1.054494954599221268e+00,5.671804041918081518e-01,3.926966490459589676e-01,-3.097025927336586326e-01,3.533437315052557204e-01,-1.742062735380689897e+00,6.182692791660426845e-01,2.791569617612075671e+00,2.269285712301889024e+00,1.240338950660839767e-01,-7.949203853195314640e-01,4.271047635461107994e+00
1.314209472981987981e+00,-8.042873258403160364e-01,-6.824317540612498401e-02,-4.415767954403557738e-01,2.072368322489042125e+00,2.344409354141323010e-01,-5.656178783378569719e+00,-1.050250601452358712e+00,5.857179322435426272e-01,4.077806667293699672e-01,-3.088523511168895785e-01,3.478178036591517142e-01,-1.713512557875005227e+00,6.542116419393849691e-01,2.765854151536558447e+00,2.252823619957525114e+00,1.308385508547462717e-01,-8.617059274363800814e-01,4.288123051060060753e+00
1.320880587058038680e+00,-8.112788426075121517e-01,-6.427443376899566463e-02,-4.388064392688681425e-01,2.070310894084956388e+00,2.367415993262180218e-01,-5.667514281417560973e+00,-1.045766011365962589e+00,6.040813758644081322e-01,4.227532842104797517e-01,-3.079573221388516302e-01,3.418473076798812516e-01,-1.684851918527585646e+00,6.902899219935551001e-01,2.739380745278353402e+00,2.235888644670466885e+00,1.374600880320155927e-01,-9.281977040434585824e-01,4.304164513518278667e+00
1.327551701134089379e+00,-8.182396384249082111e-01,-6.018378215441547163e-02,-4.359365793767327468e-01,2.068259582469392122e+00,2.390009561305039831e-01,-5.678658231763612285e+00,-1.041040325585671056e+00,6.222657118328738246e-01,4.376113612132963571e-01,-3.070187485751987300e-01,3.354342873541839021e-01,-1.656087706115439984e+00,7.264897244761788775e-01,2.712159356414185485e+00,2.218485114052418883e+00,1.438921601857429122e-01,-9.943705438962346932e-01,4.319174745426888506e+00
1.334222815210140078e+00,-8.251681023187775743e-01,-5.597243197883190746e-02,-4.329679902701387695e-01,2.066214673870246710e+00,2.412160609793858046e-01,-5.689609966393232021e+00,-1.036072781676646404e+00,6.402659841323368184e-01,4.523517866598224524e-01,-3.060379155244927762e-01,3.285809538778829975e-01,-1.627226789821996089e+00,7.627965687484189461e-01,2.684200174764994173e+00,2.200617453811189783e+00,1.501284260110858915e-01,-1.060199430614732430e+00,4.333156897860164669e+00
1.340893929286190778e+00,-8.320626185519260920e-01,-5.164162749240105987e-02,-4.299014671104308127e-01,2.064176445801332083e+00,2.433839843318575669e-01,-5.700368863034759315e+00,-1.030862714073768949e+00,6.580773054875573846e-01,4.669714793196586555e-01,-3.050161503602700774e-01,3.212896847904699316e-01,-1.598276016388666232e+00,7.991958950159859798e-01,2.655513618517550078e+00,2.182290186307021429e+00,1.561625534716124530e-01,-1.125659512351197877e+00,4.346114547337295519e+00
1.347565043362241477e+00,-8.389215672716301420e-01,-4.719264531535344309e-02,-4.267378255128537190e-01,2.062145166780592564e+00,2.455018130594781578e-01,-5.710934345009198942e+00,-1.025409554587468852e+00,6.756948588749578377e-01,4.814673884499188761e-01,-3.039548226552609700e-01,3.135630228454786561e-01,-1.569242207287327329e+00,8.356730709979114380e-01,2.626110330267631632e+00,2.163507929090823900e+00,1.619882239845944483e-01,-1.190726111373578755e+00,4.358051692591789816e+00
1.354236157438292176e+00,-8.457433251608059699e-01,-4.262679396437375756e-02,-4.234779013410585602e-01,2.060121096048919132e+00,2.475666515445857918e-01,-5.721305881052285436e+00,-1.019712832864949847e+00,6.931138990062701843e-01,4.958364944253320639e-01,-3.028553440776179384e-01,3.054036748172164195e-01,-1.540132155914985201e+00,8.722133986300133479e-01,2.596001172986296623e+00,2.144275393424854403e+00,1.675991366282753026e-01,-1.255374733560938649e+00,4.368972751150290712e+00
1.360907271514342876e+00,-8.525262660921018032e-01,-3.794541336917245378e-02,-4.201225504974404612e-01,2.058104483289751485e+00,2.495756227703456731e-01,-5.731482985117892781e+00,-1.013772176806590597e+00,7.103297537850177257e-01,5.100758093584205621e-01,-3.017191682590069091e-01,2.968145102444558203e-01,-1.510952624811894740e+00,9.088021207999640305e-01,2.565197225910789136e+00,2.124597382786453270e+00,1.729890123688105907e-01,-1.319581077806983194e+00,4.378882555722659831e+00
1.367578385590393575e+00,-8.592687617846220816e-01,-3.314987437943368170e-02,-4.166726487093702080e-01,2.056095568349650904e+00,2.515258694022041164e-01,-5.741465216162978003e+00,-1.007587312937314961e+00,7.273378257353411147e-01,5.241823777096404902e-01,-3.005477906344440342e-01,2.877985601117120096e-01,-1.481710342904388078e+00,9.454244281108692416e-01,2.533709780361664610e+00,2.104478791355381073e+00,1.781515983046123575e-01,-1.383321045327925436e+00,4.387786350405303182e+00
1.374249499666444274e+00,-8.659691824629731638e-01,-2.824157826232522039e-02,-4.131290913113911389e-01,2.054094580960041050e+00,2.534145548603439768e-01,-5.751252177914212282e+00,-1.001158066732756646e+00,7.441335934026771515e-01,5.381532768873780181e-01,-2.993427482537643902e-01,2.783590154687506368e-01,-1.452412002773642907e+00,9.820654656702302310e-01,2.501550335487741528e+00,2.083924602485366151e+00,1.830806719257931370e-01,-1.446570748870951162e+00,4.395689786699772839e+00
1.380920613742494973e+00,-8.726258975183394107e-01,-2.322195619075860529e-02,-4.094927930234470992e-01,2.052101740460297474e+00,2.552388643827205317e-01,-5.760843518616483472e+00,-9.944843629000572616e-01,7.607126127258145853e-01,5.519856178376995048e-01,-2.981056195646288876e-01,2.684992259890155442e-01,-1.423064257951628164e+00,1.018710339901164330e+00,2.468730593940498430e+00,2.062939887160422980e+00,1.877700453863738739e-01,-1.509306521819598679e+00,4.402598919348753803e+00
1.387591727818545673e+00,-8.792372761712767826e-01,-1.809246872259351324e-02,-4.057646877252097939e-01,2.050117255522379445e+00,2.569960060782825462e-01,-5.770238930763455620e+00,-9.875662256131629846e-01,7.770705183798640725e-01,5.656765456237512479e-01,-2.968380241670020014e-01,2.582226984676594395e-01,-1.393673720245424130e+00,1.055344125372775110e+00,2.435262457479586473e+00,2.041529802436533370e+00,1.922135697869619131e-01,-1.571504927192431733e+00,4.408520201991655618e+00
1.394262841894596372e+00,-8.858016881359251915e-01,-1.285460527098140904e-02,-4.019457282265769260e-01,2.048141323877199937e+00,2.586832119699742361e-01,-5.779438150810370267e+00,-9.804037787024951767e-01,7.932030250896848766e-01,5.792232399947196964e-01,-2.955416225390221641e-01,2.475330952599141265e-01,-1.364246957091126644e+00,1.091951871646484662e+00,2.401158022511133971e+00,2.019699589869266898e+00,1.964051394655085270e-01,-1.633142766531398893e+00,4.413460482642083349e+00
1.400933955970647071e+00,-8.923175042853348504e-01,-7.509883566047037551e-03,-3.980368860344076221e-01,2.046174132042914096e+00,2.602977390271201674e-01,-5.788440958869306208e+00,-9.729972457989091161e-01,8.091059289133311072e-01,5.926229159442558680e-01,-2.942181157342355080e-01,2.364342326605393119e-01,-1.334790488938504494e+00,1.128518610135214484e+00,2.366429575560551335e+00,1.997454573927927024e+00,2.003386962938256133e-01,-1.694197088676368645e+00,4.417426998989573583e+00
1.407605070046697771e+00,-8.987830973175975346e-01,-2.059849108107775217e-03,-3.940391511155716397e-01,2.044215855055326436e+00,2.618368701868066806e-01,-5.797247178387088695e+00,-9.653469504318559213e-01,8.247751084950785128e-01,6.058728242582754886e-01,-2.928692450501472200e-01,2.249300792251303083e-01,-1.305310786667579936e+00,1.165029360972241967e+00,2.331089588681565683e+00,1.974800160396801729e+00,2.040082339774846876e-01,-1.754645198422341901e+00,4.420427373528010406e+00
1.414276184122748470e+00,-9.051968424224837717e-01,3.493925387361582202e-03,-3.899535316563760845e-01,2.042266656200605102e+00,2.632979153638715375e-01,-5.805856675806083445e+00,-9.574533160817013666e-01,8.402065262876199370e-01,6.189702520520533602e-01,-2.914967916680890614e-01,2.130247540340678425e-01,-1.275814269038283655e+00,1.201469139886572890e+00,2.295150714803244174e+00,1.951741834764105787e+00,2.074078023567238471e-01,-1.814464665055940618e+00,4.422469608513261541e+00
1.420947298198799169e+00,-9.115571179482714337e-01,9.149840552814030026e-03,-3.857810538184463511e-01,2.040326686750491447e+00,2.646782124491258159e-01,-5.814269360208077941e+00,-9.493168661861624003e-01,8.553962297430173223e-01,6.319125232965323580e-01,-2.901025762643950623e-01,2.007225248999347511e-01,-1.246307300174301691e+00,1.237822965081677884e+00,2.258625783016776190e+00,1.928285160599182646e+00,2.105315117059789465e-01,-1.873633330767790151e+00,4.423562080752650338e+00
1.427618412274849868e+00,-9.178623060684684143e-01,1.490627093955637639e-02,-3.815227614911338438e-01,2.038396085700203031e+00,2.659751282954261886e-01,-5.822485182941512960e+00,-9.409382241008548142e-01,8.703403524720138007e-01,6.446969993337653415e-01,-2.886884585929063718e-01,1.880278065192374504e-01,-1.216796187082244352e+00,1.274075864114409651e+00,2.221527793803815598e+00,1.904435777918567441e+00,2.133735370296597211e-01,-1.932129318937491069e+00,4.423713536228893517e+00
1.434289526350900568e+00,-9.241107934481157526e-01,2.076156559630130266e-02,-3.771797160405189198e-01,2.036474979509213412e+00,2.671860596912393193e-01,-5.830504137232265016e+00,-9.323181130139582828e-01,8.850351153713265084e-01,6.573210793814256991e-01,-2.872563370388381276e-01,1.749451585692858302e-01,-1.187287177207217992e+00,1.310212880770960098e+00,2.183869914208209195e+00,1.880199401541475579e+00,2.159281223517661719e-01,-1.989931042287936824e+00,4.422933084561298855e+00
1.440960640426951267e+00,-9.303009719093712215e-01,2.671404865513199792e-02,-3.727529960550861610e-01,2.034563481845106381e+00,2.683084343213253398e-01,-5.838326257778254202e+00,-9.234573558150283024e-01,8.994768277185438698e-01,6.697822010263091430e-01,-2.858081481440560845e-01,1.614792837511264678e-01,-1.157786456025886146e+00,1.346219081936677497e+00,2.145665472952939190e+00,1.855581819435294433e+00,2.181895849969531787e-01,-2.047017210905782481e+00,4.421230193307028600e+00
1.447631754503001966e+00,-9.364312390960631838e-01,3.276201992466232921e-02,-3.682436970881447502e-01,2.032661693330690689e+00,2.693397117141908548e-01,-5.845951620328130538e+00,-9.143568749180112087e-01,9.136618882342695258e-01,6.820778407067698001e-01,-2.843458661038313906e-01,1.476350257794201148e-01,-1.128300144678068495e+00,1.382079564456594856e+00,2.106927955504150241e+00,1.830588891051671663e+00,2.201523198606486487e-01,-2.103366840124945014e+00,4.418614682105297398e+00
1.454302868579052666e+00,-9.424999991369104047e-01,3.890375549017231760e-02,-3.636529313970666699e-01,2.030769701294570684e+00,2.702773841759565920e-01,-5.853380341244285745e+00,-9.050176920385287760e-01,9.275867861111676271e-01,6.942055141840246524e-01,-2.828715022351477870e-01,1.334173673201966004e-01,-1.098834297637927726e+00,1.417779461983502021e+00,2.067670999084135985e+00,1.805226545653757286e+00,2.218108036658033300e-01,-2.158959258270062520e+00,4.415096716667524568e+00
1.460973982655103365e+00,-9.485056633071077270e-01,4.513750832049801681e-02,-3.589818276794189411e-01,2.028887579525350038e+00,2.711189777102957499e-01,-5.860612577050454242e+00,-8.954409279255295395e-01,9.412481020095738726e-01,7.061627770022713690e-01,-2.813871044166667001e-01,1.188314278774260657e-01,-1.069394900425742811e+00,1.453303951810439365e+00,2.027908387635176002e+00,1.779500780635181467e+00,2.231595992038954424e-01,-2.213774114256931824e+00,4.410686802616404556e+00
1.467645096731154064e+00,-9.544466506879649703e-01,5.146150888144819524e-02,-3.542315308060616785e-01,2.027015388029675069e+00,2.718620529241080330e-01,-5.867648523964207108e+00,-8.856278020474205315e-01,9.546425090193517704e-01,7.179472249375660198e-01,-2.798947565004593629e-01,1.038824616293680392e-01,-1.039987867361288343e+00,1.488638261684441355e+00,1.987654046736155644e+00,1.753417659831342013e+00,2.241933595577721705e-01,-2.267791385046969310e+00,4.405395779177051274e+00
1.474316210807204763e+00,-9.603213888243028462e-01,5.787396575552763989e-02,-3.494032015512932299e-01,2.025153172794291745e+00,2.725042059185909249e-01,-5.874488417414585051e+00,-8.755796322328169845e-01,9.677667735876829269e-01,7.295564944354104853e-01,-2.783965776956313087e-01,8.857585521569544262e-02,-1.010619039359782034e+00,1.523767676598415832e+00,1.946922038473873684e+00,1.726983311823568901e+00,2.249068323039213890e-01,-2.320991382952849680e+00,4.399234812723349819e+00
1.480987324883255463e+00,-9.661283143793022443e-01,6.437306626773271756e-02,-3.444980163201101231e-01,2.023300965552308206e+00,2.730430691653915609e-01,-5.881132531545175901e+00,-8.652978342660606614e-01,9.806177564124993751e-01,7.409882630370051571e-01,-2.768947219239915603e-01,7.291712547637740904e-02,-9.812941817713576320e-01,1.558677545558033506e+00,1.905726556271013505e+00,1.700203928236731166e+00,2.252948636917946335e-01,-2.373354762792509121e+00,4.392215390182758306e+00
1.487658438959306162e+00,-9.718658737865016883e-01,7.095697711719325951e-02,-3.395171668726623126e-01,2.021458783553846672e+00,2.734763123675121310e-01,-5.887581178702929741e+00,-8.547839214376893313e-01,9.931924133012731692e-01,7.522402497941250710e-01,-2.753913771479244987e-01,5.691191714335241958e-02,-9.520189822649970379e-01,1.593353288320515482e+00,1.864081919672714527e+00,1.673085762030847690e+00,2.253524027977764632e-01,-2.424862528888798607e+00,4.384349312302848745e+00
1.494329553035356861e+00,-9.775325238986501963e-01,7.762384501442667895e-02,-3.344618600459809965e-01,2.019626629341280122e+00,2.738016433046644993e-01,-5.893834708913010978e+00,-8.440395040500547896e-01,1.005487795994894018e+00,7.633102156725785070e-01,-2.738887646706390511e-01,4.056600048603237196e-02,-9.227990487578410228e-01,1.627780402102222190e+00,1.822002569093740032e+00,1.645635125787276776e+00,2.250745056514117381e-01,-2.475496041912120138e+00,4.375648686782936281e+00
1.501000667111407560e+00,-9.831267326331099010e-01,8.437179732397093179e-02,-3.293333174730497803e-01,2.017804490529214068e+00,2.740168086627663424e-01,-5.899893509339976028e+00,-8.330662888783038067e-01,1.017501052956378160e+00,7.741959639442193009e-01,-2.723891384089927037e-01,2.388526891168302191e-02,-8.936399073907529411e-01,1.661944468251965290e+00,1.779503060528219827e+00,1.617858389990024293e+00,2.244563393315175959e-01,-2.525237025563463522e+00,4.366125921274217170e+00
1.507671781187458260e+00,-9.886469796135151089e-01,9.119894271216144599e-02,-3.241327752993017342e-01,2.015992339589424365e+00,2.741195948472798793e-01,-5.905758003735621209e+00,-8.218660785869653651e-01,1.029229430124166678e+00,7.848953405674751194e-01,-2.708947841390942912e-01,6.875736521766762088e-03,-8.645470005510098588e-01,1.695831158886963896e+00,1.736598060223980999e+00,1.589761981302737937e+00,2.234931860297981743e-01,-2.574067573095320860e+00,4.355793716251883829e+00
1.514342895263508959e+00,-9.940917568073935895e-01,9.810337179981451494e-02,-3.188614838966136733e-01,2.014190133640908265e+00,2.741078287801066993e-01,-5.911428651873790407e+00,-8.104407711023996486e-01,1.040670271629783983e+00,7.954062345563728265e-01,-2.694080187149171524e-01,-1.045646437467562251e-02,-8.355256849429640864e-01,1.729426243488412229e+00,1.693302339323471850e+00,1.561352380841932730e+00,2.221804470796087394e-01,-2.621970153668055303e+00,4.344665057762747473e+00
1.521014009339559658e+00,-9.994595691594536646e-01,1.050831578195785265e-01,-3.135207075748802086e-01,2.012397814245243666e+00,2.739793786797528052e-01,-5.916905948972469353e+00,-7.987923589413938874e-01,1.051821020479636992e+00,8.057265783380286317e-01,-2.679311892601536904e-01,-2.810508578948381353e-02,-8.065812297074897996e-01,1.762715595453612005e+00,1.649630768473314690e+00,1.532636122447002203e+00,2.205136469475053040e-01,-2.668927618539336244e+00,4.332753210051940584e+00
1.527685123415610358e+00,-1.004748935220246997e+00,1.121363572777138301e-01,-3.081117242912384535e-01,2.010615307207427094e+00,2.737321548244902036e-01,-5.922190425103506684e+00,-7.869229284961990478e-01,1.062679219200757030e+00,8.158543480985911422e-01,-2.664666723335779031e-01,-4.606376662456906912e-02,-7.777188145910128858e-01,1.795685198601664645e+00,1.605598312404520334e+00,1.503619790947551049e+00,2.184884371852389706e-01,-2.714923207084365853e+00,4.320071708072357630e+00
1.534356237491661057e+00,-1.009958387769916754e+00,1.192610106200590464e-01,-3.026358253570251011e-01,2.008842522382358720e+00,2.733641102982455884e-01,-5.927282644590288641e+00,-7.748346592763275531e-01,1.073242510450294063e+00,8.257875641176187775e-01,-2.650168730681753404e-01,-6.432603528069830157e-02,-7.489435281648874065e-01,1.828321153629743234e+00,1.561220024485413305e+00,1.474310020428588386e+00,2.161006003398833197e-01,-2.759940552644674305e+00,4.306634349880487989e+00
1.541027351567711756e+00,-1.015086474436746045e+00,1.264551429019426798e-01,-2.970943151425415873e-01,2.007079353487172924e+00,2.728732417189578818e-01,-5.932183205393697811e+00,-7.625298231074588706e-01,1.083508637588585399e+00,8.355242910908748932e-01,-2.635842242843415839e-01,-8.288531230471335443e-02,-7.202603660958737386e-01,1.860609684516958184e+00,1.516511041249322345e+00,1.444713492494129614e+00,2.133460538197499146e-01,-2.803963688203342741e+00,4.292455188922406961e+00
1.547698465643762455e+00,-1.020131758310219405e+00,1.337167644617952289e-01,-2.914885107797030583e-01,2.005325677919557847e+00,2.722575899491492257e-01,-5.936892738486717391e+00,-7.500107832878027958e-01,1.093475445215641439e+00,8.450626384415388381e-01,-2.621711855774390143e-01,-1.017349130740270446e-01,-6.916742294684335990e-01,1.892537144872887600e+00,1.471486576899100784e+00,1.414836934529720702e+00,2.102208537138137157e-01,-2.846977051884600485e+00,4.277548526213708513e+00
1.554369579719813155e+00,-1.025092818548314355e+00,1.410438715982183233e-01,-2.858197418626521324e-01,2.003581356582248230e+00,2.715152407884681152e-01,-5.941411907218001609e+00,-7.372799937023051253e-01,1.103140879670897245e+00,8.544007606198216198e-01,-2.607802423800390512e-01,-1.208680505172180508e-01,-6.631899231595316246e-01,1.924090024227854467e+00,1.426161917790552014e+00,1.384687117964420455e+00,2.067211985623589321e-01,-2.888965492275806124e+00,4.261928902417182030e+00
1.561040693795863854e+00,-1.029968250978744448e+00,1.484344472502636958e-01,-2.800893501464096769e-01,2.001846233713864276e+00,2.706443256479646453e-01,-5.945741406664799555e+00,-7.243399978950917362e-01,1.112502989496100714e+00,8.635368573909891765e-01,-2.594139049991757151e-01,-1.402778378695308248e-01,-6.348121542666238515e-01,1.955254954262048983e+00,1.380552416896831724e+00,1.354270856532758582e+00,2.028434330765744864e-01,-2.929914273569918848e+00,4.245611089822148188e+00
1.567711807871914553e+00,-1.034756668693878945e+00,1.558864616806786563e-01,-2.742986892436460877e-01,2.000120136726247999e+00,2.696430222058716630e-01,-5.949881962975561045e+00,-7.111934281005720671e-01,1.121559925861210560e+00,8.724691741117902577e-01,-2.580747076289643394e-01,-1.599572914620770725e-01,-6.065455305894674742e-01,1.986018714970651633e+00,1.334673488255916363e+00,1.323595004537192477e+00,1.985840518048596071e-01,-2.969809080526625067e+00,4.228610084229335264e+00
1.574382921947965253e+00,-1.039456702639058205e+00,1.633978731618676572e-01,-2.684491243196442944e-01,1.998402876048473997e+00,2.685095550446678359e-01,-5.953834332702593990e+00,-6.978430042336322137e-01,1.130309942953204860e+00,8.811960019952951306e-01,-2.567652073389445899e-01,-1.798993335435237761e-01,-5.783945591663707253e-01,2.016368240762104858e+00,1.288540601403220354e+00,1.292666455111560087e+00,1.939397027436000620e-01,-3.008636023250394143e+00,4.210941096745290935e+00
1.581054036024015952e+00,-1.044067002194041027e+00,1.709666286643243271e-01,-2.625420317855362007e-01,1.996694244977680999e+00,2.672421962692154707e-01,-5.957599302125151652e+00,-6.842915328393781582e-01,1.138751398327705111e+00,8.897156783641596567e-01,-2.554879830385278217e-01,-2.000967951330423489e-01,-5.503636448654757318e-01,2.046290626486741981e+00,1.242169275791462857e+00,1.261492138486043579e+00,1.889071908902166808e-01,-3.046381641783785454e+00,4.192619545490296140e+00
1.587725150100066651e+00,-1.048586235747308804e+00,1.785906645472843390e-01,-2.565787989898877242e-01,1.994994019536901142e+00,2.658392661057601969e-01,-5.961177686563289058e+00,-6.705419060029025324e-01,1.146882753223336326e+00,8.980265868923130723e-01,-2.542456344179385708e-01,-2.205424189032757498e-01,-5.224570890316353466e-01,2.075773133393004510e+00,1.195575075199872606e+00,1.230079020254147393e+00,1.834834817363021342e-01,-3.083032910514435176e+00,4.173661047223827580e+00
1.594396264176117350e+00,-1.053013091262966494e+00,1.862679072513521994e-01,-2.505608239087104838e-01,1.993301958340019997e+00,2.642991334816055526e-01,-5.964570329682894467e+00,-6.565971002195627459e-01,1.154702572838760988e+00,9.061271578350990064e-01,-2.530407808660627422e-01,-2.412288620920864102e-01,-4.946790881894204128e-01,2.104803195008499550e+00,1.148773602134833816e+00,1.198434099642172512e+00,1.776657046986773736e-01,-3.118577242394236393e+00,4.154081408891648231e+00
1.601067378252168050e+00,-1.057346276839976840e+00,1.939962739928492441e-01,-2.444895148339757962e-01,1.991617802464040077e+00,2.626202165852699055e-01,-5.967778102792256512e+00,-6.424601752262890653e-01,1.162209526572338003e+00,9.140158682478799479e-01,-2.518760603656134966e-01,-2.621486994418102956e-01,-4.670337328027716062e-01,2.133368422943196840e+00,1.101780492224077923e+00,1.166564407781687018e+00,1.714511564862317705e-01,-3.153002492969274595e+00,4.133896619098626601e+00
1.607738492328218749e+00,-1.061584521263469139e+00,2.017736734596395354e-01,-2.383662900607090851e-01,1.989941275328788839e+00,2.608009834069435207e-01,-5.970801904130536464e+00,-6.281342727944388971e-01,1.169402388224368483e+00,9.216912421931281463e-01,-2.507541283660635889e-01,-2.832944261647727391e-01,-4.395250060917615942e-01,2.161456612612120409e+00,1.054611408606494383e+00,1.134477005985459863e+00,1.648373044004372012e-01,-3.186296964219222261e+00,4.113122839511397011e+00
1.614409606404269448e+00,-1.065726574547867678e+00,2.095980065081744781e-01,-2.321925775727419761e-01,1.988272082584210620e+00,2.588399522590843493e-01,-5.973642658148550666e+00,-6.136226154847584935e-01,1.176280036161902132e+00,9.291518509360261469e-01,-2.496776566347805870e-01,-3.046584609337660288e-01,-4.121567829069519018e-01,2.189055748874861873e+00,1.007282036319715690e+00,1.102178984027360809e+00,1.578217895674629556e-01,-3.218449408204907769e+00,4.091776396195053067e+00
1.621080720480320148e+00,-1.069771208471590240e+00,2.174671668615188180e-01,-2.259698147271969049e-01,1.986609912005402601e+00,2.567356922769774563e-01,-5.976301314782222818e+00,-5.989285053650005297e-01,1.182841453446109359e+00,9.363963131286120456e-01,-2.486493320868387036e-01,-3.262331488962251780e-01,-3.849328286617347272e-01,2.216154011589360096e+00,9.598080766875093373e-01,1.069677458426662842e+00,1.504024300997903740e-01,-3.249449030522937765e+00,4.069873770888065678e+00
1.627751834556370847e+00,-1.073717217103069332e+00,2.253790418080941493e-01,-2.196994479377805121e-01,1.984954433395526241e+00,2.544868238991170317e-01,-5.978778848719131567e+00,-5.840553226907891915e-01,1.189085727922208902e+00,9.434232949824876702e-01,-2.476718555939785293e-01,-3.480107647108025559e-01,-3.578567983230853677e-01,2.242739781077376815e+00,9.122052417091427445e-01,1.036979570737233569e+00,1.425772241853708877e-01,-3.279285493566256982e+00,4.047431592219618679e+00
1.634422948632421546e+00,-1.077563417317851213e+00,2.333315129009045363e-01,-2.133829323569655934e-01,1.983305298496725877e+00,2.520920193272560006e-01,-5.981076258658491795e+00,-5.690065245503234115e-01,1.195012052271981595e+00,9.502315104301392035e-01,-2.467479407732027230e-01,-3.699835156050367835e-01,-3.309322354610798600e-01,2.268801643499157361e+00,8.644892484527524346e-01,1.004092485842063009e+00,1.343443531022414650e-01,-3.307948919589693393e+00,4.024466626873631547e+00
1.641094062708472245e+00,-1.081308649306534475e+00,2.413224566569813767e-01,-2.070217315571322159e-01,1.981662140909201675e+00,2.495500029659932506e-01,-5.983194566565020800e+00,-5.537856434735373146e-01,1.200619724028900492e+00,9.568197212748927871e-01,-2.458803127555206913e-01,-3.921435444528308389e-01,-3.041625713575312195e-01,2.294328396134805992e+00,8.166758134548690595e-01,9.710233902535856387e-01,1.257021841567177445e-01,-3.335429893579541449e+00,4.000995770703707599e+00
1.647765176784522945e+00,-1.084951777073315027e+00,2.493497452568102790e-01,-2.006173172107467151e-01,1.980024576018560856e+00,2.468595518417660839e-01,-5.985134816917023315e+00,-5.383962860063429279e-01,1.205908145555927513e+00,9.631867373295570633e-01,-2.450717069353484101e-01,-4.144829328704081051e-01,-2.775511241740392654e-01,2.319309052569946239e+00,7.687806471281388720e-01,9.377794904202182424e-01,1.166492735431456929e-01,-3.361719465926404471e+00,3.977036039803319767e+00
1.654436290860573644e+00,-1.088491688924903666e+00,2.574112472434820775e-01,-1.941711687696550670e-01,1.978392200931569977e+00,2.440194960011327630e-01,-5.986898075949171449e+00,-5.228421312506077445e-01,1.210876823986033468e+00,9.693314165437871832e-01,-2.443248677010991798e-01,-4.369937043294439549e-01,-2.511010981797601183e-01,2.343732847783284612e+00,7.208194481793548380e-01,9.043680110395803107e-01,1.071843691233728135e-01,-3.386809154900532359e+00,3.952604561535500771e+00
1.661107404936624343e+00,-1.091927297949591091e+00,2.655048282213216537e-01,-1.876847731435619393e-01,1.976764594420442389e+00,2.410287188882339615e-01,-5.988485430890282402e+00,-5.071269293705242820e-01,1.215525371125522058e+00,9.752526651202192420e-01,-2.436425471475025528e-01,-4.596678272860531544e-01,-2.248155830391398435e-01,2.367589243133728871e+00,6.728078980398729536e-01,8.707961933788030962e-01,9.730641312404331167e-02,-3.410690948929008925e+00,3.927718565526377770e+00
1.667778519012675043e+00,-1.095257542486239632e+00,2.736283515537539790e-01,-1.811596243777738868e-01,1.975141316875772546e+00,2.378861577013287043e-01,-5.989897989196577122e+00,-4.912545000660524241e-01,1.219853503320245114e+00,9.809494376194286547e-01,-2.430275037702137597e-01,-4.824972183242994261e-01,-1.986975531598302869e-01,2.390867931244776923e+00,6.247616553104594628e-01,8.370712936023511075e-01,8.701454474986558552e-02,-3.433357308674256814e+00,3.902395374626878688e+00
1.674449633088725742e+00,-1.098481386582982111e+00,2.817796790601457824e-01,-1.745972233302779952e-01,1.973521910268236201e+00,2.345908037283175873e-01,-5.991136877780784964e+00,-4.752287310141254939e-01,1.223861041284814766e+00,9.864207370537528830e-01,-2.424825011432710786e-01,-5.054737453129130031e-01,-1.727498671010070375e-01,2.413558840783917248e+00,5.766963502226788441e-01,8.032005811077800317e-01,7.630810271109522702e-02,-3.454801168913335552e+00,3.876652395846949872e+00
1.681120747164776441e+00,-1.101597820445416875e+00,2.899566717113933878e-01,-1.679990773482335498e-01,1.971905898119171274e+00,2.311417026611636560e-01,-5.992203242237495786e+00,-4.590535762783296558e-01,1.227547909894924016e+00,9.916656149700454614e-01,-2.420103065799819042e-01,-5.285892305738776331e-01,-1.469752670422350693e-01,2.435652141134855952e+00,5.286275791188213002e-01,7.691913368698306552e-01,6.518662766343075177e-02,-3.475015940217694776e+00,3.850507111266618043e+00
1.687791861240827140e+00,-1.104605860874090073e+00,2.981571903239945143e-01,-1.613666999439470895e-01,1.970292785480139974e+00,2.275379548891445780e-01,-5.993098246065179602e+00,-4.427330546877772388e-01,1.230914137942911601e+00,9.966831715214069520e-01,-2.416136897778323744e-01,-5.518354540615554304e-01,-1.213763783130437091e-01,2.457138246960401951e+00,4.805708989524783981e-01,7.350508517932604624e-01,5.364986455863629544e-02,-3.493995510433037577e+00,3.823977068928293033e+00
1.694462975316877840e+00,-1.107504551691063543e+00,3.063790962523744166e-01,-1.547016104704046768e-01,1.968682058921591205e+00,2.237787157708579500e-01,-5.993823069885257482e+00,-4.262712481859104452e-01,1.233959857856715914e+00,1.001472555527963104e+00,-2.412954214480179105e-01,-5.752041565510188637e-01,-9.595570898329752740e-02,2.478007822653924386e+00,4.325418218117476066e-01,7.007864250747932733e-01,4.169776490416365888e-02,-3.511734245959114986e+00,3.797079873714650944e+00
1.701134089392928539e+00,-1.110292964155367379e+00,3.146202520792087398e-01,-1.480053337964379878e-01,1.967073186530708728e+00,2.198631958849361634e-01,-5.994378910658666015e+00,-4.096723001499891215e-01,1.236685305382370981e+00,1.006032964526741402e+00,-2.410582719302038490e-01,-5.986870428342504491e-01,-7.071564951447206759e-02,2.498251786677324837e+00,3.845558094671419069e-01,6.664053625745978149e-01,2.933048893018197489e-02,-3.528226992829289088e+00,3.769833178216465797e+00
1.707805203468979238e+00,-1.112970197367147307e+00,3.228785223035132157e-01,-1.412793999815909196e-01,1.965465617918549013e+00,2.157906612594132634e-01,-5.994766980900270603e+00,-3.929404136820194848e-01,1.239090819230219687e+00,1.010363644810721384e+00,-2.409050097931488832e-01,-6.222757849228790494e-01,-4.565847247185828017e-02,2.517861315783526788e+00,3.366282679461723992e-01,6.319149751976336216e-01,1.654840766235032845e-02,-3.543469077589854077e+00,3.742254673594776371e+00
1.714476317545029938e+00,-1.115535378660316823e+00,3.311517740262472920e-01,-1.345253439507632931e-01,1.963858784236561128e+00,2.115604335797091895e-01,-5.994988507891583218e+00,-3.760798498719080674e-01,1.241176840685029426e+00,1.014463891457115574e+00,-2.408384004218137586e-01,-6.459620252561119047e-01,-2.078633229774795588e-02,2.536827849121537692e+00,2.887745421366607612e-01,5.973225772852687188e-01,3.352104898837859892e-03,-3.557456307979126375e+00,3.714362080441736325e+00
1.721147431621080637e+00,-1.117987663983533109e+00,3.394378776332015457e-01,-1.277447051686998736e-01,1.962252098202575290e+00,2.071718903751985641e-01,-5.995044732892164774e+00,-3.590949260336248061e-01,1.242943913180204474e+00,1.018333048344961522e+00,-2.408612045916083688e-01,-6.697373799125321270e-01,3.898734854435037533e-03,2.555143092222192269e+00,2.410099104207122367e-01,5.626354850174926092e-01,-1.025762090999848830e-02,-3.570184973406470785e+00,3.686173139644550290e+00
1.727818545697131336e+00,-1.120326238269317320e+00,3.477347074749218558e-01,-1.209390273144007877e-01,1.960644954136341989e+00,2.026244651843457367e-01,-5.994936910350117110e+00,-3.419900139151823559e-01,1.244392681836313130e+00,1.021970508162086677e+00,-2.409761770304257866e-01,-6.935934418244199540e-01,2.839481122506404276e-02,2.572799020862739816e+00,1.933495793413914088e-01,5.278610148261189128e-01,-2.427975488068390142e-02,-3.581651845231442088e+00,3.657705603256807603e+00
1.734489659773182035e+00,-1.122550315791148723e+00,3.560401425434398526e-01,-1.141098579555168968e-01,1.959036728004707850e+00,1.979176476983902089e-01,-5.994666307112090031e+00,-3.247695378832410329e-01,1.245523892964142787e+00,1.025375712401527251e+00,-2.411860649691317526e-01,-7.175217839932768182e-01,5.270009749239057406e-02,2.589787884808490759e+00,1.458086783039958534e-01,4.930064818192723131e-01,-3.871306401594964974e-02,-3.591854176843375157e+00,3.628977225381632810e+00
1.741160773849232735e+00,-1.124659140508367461e+00,3.643520671455666715e-01,-1.072587482228063022e-01,1.957426777476489743e+00,1.930509838835833269e-01,-5.994234201633183545e+00,-3.074379730831692248e-01,1.246338393532537836e+00,1.028548151347473905e+00,-2.414936066811765869e-01,-7.415139627052138582e-01,7.681291275584445355e-02,2.606102211429797588e+00,9.840225431394650224e-02,4.580791982175390076e-01,-5.355609562561891579e-02,-3.600789703541780629e+00,3.600005753070937953e+00
1.747831887925283434e+00,-1.126651986398717442e+00,3.726683715725239709e-01,-1.003872524847189418e-01,1.955814441987134389e+00,1.880240760819747170e-01,-5.993641883187176944e+00,-2.899998435753955994e-01,1.246837130601249122e+00,1.031487364050828637e+00,-2.419015300120209710e-01,-7.655615207448719373e-01,1.007316944587020036e-01,2.621734809192700855e+00,5.114526675315489435e-02,4.230864718020761472e-01,-6.880717585048312657e-02,-3.608456642218064392e+00,3.570808917245189118e+00
1.754503002001334133e+00,-1.128528157778390772e+00,3.809869527656721266e-01,-9.349692802217844656e-02,1.954199042813214104e+00,1.828365830907716927e-01,-5.992890651077463104e+00,-2.724597204488973801e-01,1.247021150719081151e+00,1.034192938294441477e+00,-2.424125508990522260e-01,-7.896559906065708789e-01,1.244549982502415331e-01,2.636678771021632173e+00,4.052582196850451624e-03,3.880356043750209372e-01,-8.446440829036694353e-02,-3.614853690839062494e+00,3.541404423637917631e+00
1.761174116077384832e+00,-1.130286989609400328e+00,3.893057149781103399e-01,-8.658933470363028295e-02,1.952579883156830842e+00,1.774882202202852921e-01,-5.991981813849122318e+00,-2.548222199126912724e-01,1.246891599287591745e+00,1.036664510548127138e+00,-2.430293718827100102e-01,-8.137888977013426617e-01,1.479814977876013904e-01,2.650927477532611931e+00,-4.286103072729552377e-02,3.529338902324882232e-01,-1.005256727377297210e-01,-3.619980027733109118e+00,3.511809943769391484e+00
1.767845230153435532e+00,-1.131927847794159225e+00,3.976225704319176768e-01,-7.966603466042276871e-02,1.950956248239974045e+00,1.719787593305017181e-01,-5.990916688502495369e+00,-2.370920013661872161e-01,1.246449719890651231e+00,1.038901765913534225e+00,-2.437546806095118868e-01,-8.379517635585503887e-01,1.713099844775217706e-01,2.664474600135457560e+00,-8.958090643581922974e-02,3.177886146504759202e-01,-1.169886240179200954e-01,-3.623835310679300203e+00,3.482043105953675166e+00
1.774516344229486231e+00,-1.133450129457115763e+00,4.059354399708067773e-01,-7.272859196259214010e-02,1.949327405408898040e+00,1.663080288463180956e-01,-5.989696599708689284e+00,-2.192737654492916688e-01,1.245696853590148034e+00,1.040904438058954051e+00,-2.445911483277010134e-01,-8.621361090207753097e-01,1.944393671582118621e-01,2.677314104003560402e+00,-1.360924874400469831e-01,2.826070523839696591e-01,-1.338506909372747522e-01,-3.626419675800802267e+00,3.452121486343355361e+00
1.781187458305536930e+00,-1.134853263213313479e+00,4.142422537079691325e-01,-6.577857229511280268e-02,1.947692604248548953e+00,1.604759137514869538e-01,-5.988322879027411894e+00,-2.013722520731423271e-01,1.244634438188161552e+00,1.042672309144166753e+00,-2.455414283762470395e-01,-8.863334574306723779e-01,2.173686717216292141e-01,2.689440250909860275e+00,-1.823813293487891452e-01,2.473964661795133857e-01,-1.511090753401735931e-01,-3.627733736263089703e+00,3.422062600016243739e+00
1.787858572381587630e+00,-1.136136709423755997e+00,4.225409516688862777e-01,-5.881754263468337574e-02,1.946051076707099092e+00,1.544823555613348831e-01,-5.986796864127521545e+00,-1.833922384323740107e-01,1.243264007455930020e+00,1.044205209735408646e+00,-2.466081546679095293e-01,-9.105353378084897198e-01,2.400970406764286746e-01,2.700847601927703234e+00,-2.284331058212720755e-01,2.121641053015442813e-01,-1.687607512760584960e-01,-3.627778580778074691e+00,3.391883892108221499e+00
1.794529686457638329e+00,-1.137299960437449187e+00,4.308294844288883541e-01,-5.184707092711312443e-02,1.944402037230616553e+00,1.483273522743166484e-01,-5.985119898010673900e+00,-1.653385369998214838e-01,1.241587190329940471e+00,1.045503018710554732e+00,-2.477939401671296338e-01,-9.347332880189693771e-01,2.626237326519453852e-01,2.711531019995332858e+00,-2.742336134685715576e-01,1.769172040727454709e-01,-1.868024642774688271e-01,-3.626555771915214166e+00,3.361602728996496481e+00
1.801200800533689028e+00,-1.138342540820010518e+00,4.391058137452387156e-01,-4.486872576537258295e-02,1.942744682907899589e+00,1.420109583024823652e-01,-5.983293328238494801e+00,-1.472159935045734558e-01,1.239605710075504685e+00,1.046565663154610748e+00,-2.491013753634634398e-01,-9.589188579263356882e-01,2.849481218435163665e-01,2.721485672342826678e+00,-3.197687767017037830e-01,1.416629804286836936e-01,-2.052307307499887656e-01,-3.624067344220701870e+00,3.331236389537406417e+00
1.807871914609739727e+00,-1.139264007568737025e+00,4.473679131835353595e-01,-3.788407606837273373e-02,1.941078193625516146e+00,1.355332843809399224e-01,-5.981318506163630033e+00,-1.290294848942941108e-01,1.237321383418171772e+00,1.047393118245612875e+00,-2.505330267413338752e-01,-9.830836125361037681e-01,3.070696973995656887e-01,2.730707032780341770e+00,-3.650246525246755303e-01,1.064086344869648038e-01,-2.240418374750641206e-01,-3.620315802146000905e+00,3.300802056362976966e+00
1.814543028685790427e+00,-1.140063950314031516e+00,4.556137687382055823e-01,-3.089469076053927288e-02,1.939401732233053899e+00,1.288944974564061596e-01,-5.979196786165095645e+00,-1.107839172827529556e-01,1.234736119643355723e+00,1.047985407131029945e+00,-2.520914352468364150e-01,-1.007219135122432441e+00,3.289880627508129374e-01,2.739190883846619240e+00,-4.099874352707093550e-01,7.116134713118116295e-02,-2.432318412264666829e-01,-3.615304117786986904e+00,3.270316807240316148e+00
1.821214142761841126e+00,-1.140741991507084219e+00,4.638413794468974061e-01,-2.390213845224038736e-02,1.937714444718612095e+00,1.220948205549455823e-01,-5.976929524888277889e+00,-9.248422388348043199e-02,1.231851919664558981e+00,1.048342600794769375e+00,-2.537791147523718038e-01,-1.031317030339772289e+00,3.507029348820811521e-01,2.746933318816741298e+00,-4.546434612799797881e-01,3.592827860983971444e-02,-2.627965685012625396e-01,-3.609035728435110002e+00,3.239797606497952120e+00
1.827885256837891825e+00,-1.141297786593735042e+00,4.720487579985414572e-01,-1.690798712113485147e-02,1.936015460394537424e+00,1.151345326290087179e-01,-5.974518080489991334e+00,-7.413536293051019299e-02,1.228670875060593470e+00,1.048464817914887659e+00,-2.555985505198634655e-01,-1.055368927317549055e+00,3.722141435471244542e-01,2.753930743568202111e+00,-4.989792135171229326e-01,7.165671505390824869e-04,-2.827316153659580333e-01,-3.601514533942008711e+00,3.209261296523201690e+00
1.834556370913942525e+00,-1.141731024174414522e+00,4.802339313348982230e-01,-9.913803794497515198e-03,1.934303892093415023e+00,1.080139683838843428e-01,-5.971963811888953977e+00,-5.574231558714261292e-02,1.225195167082201664e+00,1.048352224712106429e+00,-2.575521976633431964e-01,-1.079366482736652255e+00,3.935216304269990029e-01,2.760179878304431345e+00,-5.429813261269162972e-01,-3.446667241043255281e-02,-3.030323474185767640e-01,-3.592744893899150860e+00,3.178724589334555706e+00
1.841227484989993224e+00,-1.142041426150103733e+00,4.883949412453680305e-01,-2.921154232589553978e-03,1.932578836374318820e+00,1.007335180836917143e-01,-5.969268078022082591e+00,-3.731008384369177699e-02,1.221427065628496234e+00,1.048005034789238232e+00,-2.596424796116607037e-01,-1.103301383886492015e+00,4.146254482324576163e-01,2.765677759134949731e+00,-5.866365889264325562e-01,-6.961434998282556297e-02,-3.236938998672220791e-01,-3.582731624634067913e+00,3.148204058233094571e+00
1.847898599066043923e+00,-1.142228747854231896e+00,4.965298449548804505e-01,4.068397386874103572e-03,1.930839373739310583e+00,9.329362733704871236e-02,-5.966432237106937819e+00,-1.884368840516817412e-02,1.217368928193647726e+00,1.047423508961629945e+00,-2.618717865721191251e-01,-1.127165351701413964e+00,4.355257597509402112e-01,2.770421739511434112e+00,-6.299319518321131461e-01,-1.047194015613360785e-01,-3.447111777257714227e-01,-3.571479996024933712e+00,3.117716129536882708e+00
1.854569713142094622e+00,-1.142292778170455048e+00,5.046367157046534047e-01,1.105328878309394525e-02,1.929084568860185644e+00,8.569479686255399020e-02,-5.963457645910730243e+00,-3.481665698654573537e-04,1.213023198784267231e+00,1.046607955078721508e+00,-2.642424739957973667e-01,-1.150950143775262280e+00,4.562228368386946897e-01,2.774409491518997850e+00,-6.728545292201285610e-01,-1.397747905484581499e-01,-3.660788561271526298e-01,-3.558995728135192049e+00,3.087277074402224653e+00
1.861240827218145322e+00,-1.142233339636250289e+00,5.127136433256384018e-01,1.803195988533601996e-02,1.927313470815447349e+00,7.793758223423655207e-02,-5.960345659026216936e+00,1.817142990018269511e-02,1.208392406807913266e+00,1.045558727836843893e+00,-2.667568610453669442e-01,-1.174647557352895388e+00,4.767170593586566030e-01,2.777639007022099094e+00,-7.153916042185198831e-01,-1.747735090611339803e-01,-3.877913807547315184e-01,-3.545284987670141330e+00,3.056903000735686327e+00
1.867911941294196021e+00,-1.142050288532282298e+00,5.207587348044515618e-01,2.500285314480447940e-02,1.925525113337493099e+00,7.002259360712712044e-02,-5.957097628154863322e+00,3.671003691590338236e-02,1.203479165933212469e+00,1.044276228583343791e+00,-2.694172290661700497e-01,-1.198249432297473049e+00,4.970089140646622994e-01,2.780108598664508435e+00,-7.575306329295334873e-01,-2.097085792210046651e-01,-4.098429683921478439e-01,-3.530354384257331724e+00,3.026609845200663340e+00
1.874583055370246720e+00,-1.141743514957495709e+00,5.287701148416107388e-01,3.196441384517864637e-02,1.923718515069986923e+00,6.195049542311989454e-02,-5.953714901397649584e+00,5.526258020406904503e-02,1.198286172922039983e+00,1.042760905112163794e+00,-2.722258200613717483e-01,-1.221747654032354413e+00,5.170989934326883919e-01,2.781816900722887898e+00,-7.992592485807207270e-01,-2.445730544281261021e-01,-4.322276075920212790e-01,-3.514210966552814952e+00,2.996413365322300404e+00
1.881254169446297420e+00,-1.141312942889890270e+00,5.367459264018861198e-01,3.891509041175832129e-02,1.921892679835388806e+00,5.372200609729566034e-02,-5.950198822553809386e+00,7.382397745538726852e-02,1.192816206434253790e+00,1.041013251450976673e+00,-2.751848351719637931e-01,-1.245134156456436436e+00,5.369879944397386584e-01,2.782762869813550033e+00,-8.405652656032568393e-01,-2.793600206179672196e-01,-4.549390594637472418e-01,-3.496862218175271764e+00,2.966329131694464216e+00
1.887925283522348119e+00,-1.140758530232953705e+00,5.446843312565912143e-01,4.585333471916105963e-02,1.920046596912605485e+00,4.533789768488918903e-02,-5.946550730427924591e+00,9.238914047681026642e-02,1.187072125805463063e+00,1.039033807639993645e+00,-2.782964331624272480e-01,-1.268400924831804666e+00,5.566767172911102346e-01,2.782945785452064058e+00,-8.814366836361062774e-01,-3.140625975015688409e-01,-4.779708585806889953e-01,-3.478316053470181579e+00,2.936372520292472643e+00
1.894596397598398818e+00,-1.140080268847724287e+00,5.525835105176283291e-01,5.277760239751608240e-02,1.918179241324721174e+00,3.679899552908497129e-02,-5.942771958145648625e+00,1.109529773470943892e-01,1.181056869798342790e+00,1.036823159502553215e+00,-2.815627289128416200e-01,-1.291539998642567078e+00,5.761660640967293245e-01,2.782365250465434592e+00,-9.218616914545741947e-01,-3.486739397887101410e-01,-5.013163140068832568e-01,-3.458580813106201468e+00,2.906558704895163103e+00
1.901267511674449517e+00,-1.139278184570467145e+00,5.604416651631176638e-01,5.968635313710138335e-02,1.916289574136766705e+00,2.810617788984631771e-02,-5.938863832478466165e+00,1.295103945746088059e-01,1.174773455327995153e+00,1.034381938407607837e+00,-2.849857919182391952e-01,-1.314543474423753855e+00,5.954570374973081615e-01,2.781021191256642489e+00,-9.618286708218827252e-01,-3.831872383939614046e-01,-5.249685104434085314e-01,-3.437665259506053062e+00,2.876902649619913266e+00
1.907938625750500217e+00,-1.138352337215946752e+00,5.682570165544407192e-01,6.657805099136901439e-02,1.914376542763471356e+00,1.926037555396925560e-02,-5.934827673177732521e+00,1.480562992564207758e-01,1.168224976161869044e+00,1.031710821024224289e+00,-2.885676447960213720e-01,-1.337403508559192655e+00,6.145507392411014846e-01,2.778913857921406994e+00,-1.001326200262436572e+00,-4.175957216255067328e-01,-5.489203094944927752e-01,-3.415578572114259526e+00,2.847419101574120592e+00
1.914609739826550916e+00,-1.137302820566298944e+00,5.760278069445220472e-01,7.345116467830625773e-02,1.912439081286943177e+00,1.026257142658329458e-02,-5.930664792318426137e+00,1.665856012376642492e-01,1.161414601594785267e+00,1.028810529068207025e+00,-2.923102618021961585e-01,-1.360112320047274892e+00,6.334483687120182616e-01,2.776043824217099942e+00,-1.040343058755425876e+00,-4.518926563566109111e-01,-5.731643510533175334e-01,-3.392330342504105811e+00,2.818122583626563760e+00
1.921280853902601615e+00,-1.136129762345495564e+00,5.837522999771973531e-01,8.030416788008166995e-02,1.910476110784214310e+00,1.113800104306478245e-03,-5.926376493652832700e+00,1.850932152702100819e-01,1.154345575099579690e+00,1.025681829040969495e+00,-2.962155673572881565e-01,-1.382662193233554326e+00,6.521512214099409732e-01,2.772411987383796905e+00,-1.078868229347521801e+00,-4.860713491796499475e-01,-5.976930548075229943e-01,-3.367930569326334389e+00,2.789027387302115635e+00
1.927951967978652315e+00,-1.134833324179416847e+00,5.914287811774920911e-01,8.713553954092159715e-02,1.908486539664589365e+00,-8.184852569711020820e-03,-5.921964071974556099e+00,2.035740631696480729e-01,1.147021212953927449e+00,1.022325531960760925e+00,-3.002854345826633797e-01,-1.405045480509124589e+00,6.706606873840461613e-01,2.768019567817537219e+00,-1.116890902683371323e+00,-5.201251475425832105e-01,-6.224986218642407643e-01,-3.342389653102075364e+00,2.760147565803074965e+00
1.934623082054703014e+00,-1.133413701541538865e+00,5.990555584326701100e-01,9.394376416317079537e-02,1.906469264016719123e+00,-1.763224996862927663e-02,-5.917428812493118251e+00,2.220230759695962786e-01,1.139444902843883778e+00,1.018742493086373324e+00,-3.045216838481161759e-01,-1.427254604973744900e+00,6.889782496200181905e-01,2.762868108595922578e+00,-1.154400480452712152e+00,-5.540474408678083273e-01,-6.475730364945400108e-01,-3.315718390862647524e+00,2.731496927160460775e+00
1.941294196130753713e+00,-1.131871123684264679e+00,6.066309624638813736e-01,1.007273321014822698e-01,1.904423167965321628e+00,-2.722720516240781374e-02,-5.912771990219475526e+00,2.404351960723545845e-01,1.131620102444720111e+00,1.014933611633442645e+00,-3.089260813314728682e-01,-1.449282063062707238e+00,7.071054823819992174e-01,2.756959474856233605e+00,-1.191386578752880787e+00,-5.878316616532912597e-01,-6.729080679970007584e-01,-3.287927970638844233e+00,2.703089027518452259e+00
1.947965310206804412e+00,-1.130205853555921625e+00,6.141533472882764189e-01,1.074847398550941996e-01,1.902347124037474968e+00,-3.696848141569403223e-02,-5.907994869362742207e+00,2.588053793949185999e-01,1.123550337979603020e+00,1.010899830483461770e+00,-3.135003375910399015e-01,-1.471120427136450193e+00,7.250440495102121741e-01,2.750295853026353932e+00,-1.227839031365602462e+00,-6.214712865559399724e-01,-6.984952726801842982e-01,-3.259029965802473505e+00,2.674937164555134750e+00
1.954636424282855112e+00,-1.128418187703458697e+00,6.216210906714264572e-01,1.142144903581367166e-01,1.900239993538381578e+00,-4.685479270285879128e-02,-5.903098702738422965e+00,2.771285975093712439e-01,1.115239202756714620e+00,1.006642135885629008e+00,-3.182461061516582146e-01,-1.492762348031927422e+00,7.427957026751329517e-01,2.742879749908807341e+00,-1.263747892946902818e+00,-6.549598374571078407e-01,-7.243259959635912626e-01,-3.229036329262894078e+00,2.647054371042649734e+00
1.961307538358905811e+00,-1.126508456160891125e+00,6.290325945699202226e-01,1.209150932679307761e-01,1.898100626936525481e+00,-5.688480423992538226e-02,-5.898084731188419916e+00,2.953998397766754991e-01,1.106690355685372218e+00,1.002161557151645344e+00,-3.231649821051814087e-01,-1.514200557574797434e+00,7.603622795892007735e-01,2.734713991618331175e+00,-1.299103442129099450e+00,-6.882908825102316275e-01,-7.503913745967569771e-01,-3.197959387521414509e+00,2.619453408549768714e+00
1.967978652434956510e+00,-1.124477022323528974e+00,6.363862855639863536e-01,1.275850652512240113e-01,1.895927864258109885e+00,-6.705713303312191287e-02,-5.892954183013129565e+00,3.136141154728948610e-01,1.097907519771762486e+00,9.974591663435833366e-01,-3.282585007261366594e-01,-1.535427871051477045e+00,7.777457021769731416e-01,2.725801722373422109e+00,-1.333896184533789775e+00,-7.214580371705001660e-01,-7.766823389959744972e-01,-3.165811834586417461e+00,2.592146761289829016e+00
1.974649766511007210e+00,-1.122324282808055074e+00,6.436806152800220726e-01,1.342229302683252412e-01,1.893720535490677870e+00,-7.737034844379024612e-02,-5.887708273415858784e+00,3.317664559068632668e-01,1.088894480594865932e+00,9.925360779549472490e-01,-3.335281361033795577e-01,-1.556437189640146990e+00,7.949479747047600853e-01,2.716146403142413845e+00,-1.368116855694852418e+00,-7.544549652065704048e-01,-8.031896156981548351e-01,-3.132606725752199228e+00,2.565146630116940774e+00
1.981320880587057909e+00,-1.120050667298503333e+00,6.509140608028836095e-01,1.408272198550843679e-01,1.891477460995807380e+00,-8.782297276937003905e-02,-5.882348203959870681e+00,3.498519165283397458e-01,1.079655084763192940e+00,9.873934485850445197e-01,-3.389752997884920016e-01,-1.577221502799807773e+00,8.119711818706845108e-01,2.705751810144666702e+00,-1.401756423890455849e+00,-7.872753796942455473e-01,-8.299037299312139737e-01,-3.098357471244492345e+00,2.538464926673258848e+00
1.987991994663108608e+00,-1.117656638378209166e+00,6.580851250778226857e-01,1.473964734026829704e-01,1.889197451930766603e+00,-9.841348184018314238e-02,-5.876875162038287748e+00,3.678655790256845082e-01,1.070193238352922904e+00,9.820324766067872746e-01,-3.446013394617319925e-01,-1.597773890616510872e+00,8.288174868562294684e-01,2.694622033207538792e+00,-1.434806092883166295e+00,-8.199130439921449298e-01,-8.568150083003709394e-01,-3.063077829735750601e+00,2.512113267690070817e+00
1.994663108739159307e+00,-1.115142691347803305e+00,6.651923373019420493e-01,1.539292384351833576e-01,1.886879310679001165e+00,-1.091403056317196835e-01,-5.871290320357129389e+00,3.858025534120940181e-01,1.060512905328086841e+00,9.764544018280449933e-01,-3.504075376162725797e-01,-1.618087526105901564e+00,8.454891293402732044e-01,2.682761473979867528e+00,-1.467257304567219478e+00,-8.523617726993069077e-01,-8.839135815896304038e-01,-3.026781901733288649e+00,2.486102969445355804e+00
2.001334222815210229e+00,-1.112509354029328934e+00,6.722342533050543745e-01,1.604240708847993746e-01,1.884521831289345251e+00,-1.200018288921391313e-01,-5.865594836431705872e+00,4.036579800994420930e-01,1.050618105943385672e+00,9.706605051466713485e-01,-3.563951102615232625e-01,-1.638155677471238247e+00,8.619884234766903575e-01,2.670174844002759507e+00,-1.499101741522117059e+00,-8.846154325947486186e-01,-9.111893876777275025e-01,-2.989484122843444336e+00,2.460445042380427161e+00
2.008005336891260928e+00,-1.109757186556568076e+00,6.792094559198290638e-01,1.668795353648432622e-01,1.882123799923810292e+00,-1.309963917846837800e-01,-5.859789852096644047e+00,4.214270319587744007e-01,1.040512915130302307e+00,9.646521081993213453e-01,-3.625652056462779216e-01,-1.657971710316070268e+00,8.783177558365675708e-01,2.656867162638548940e+00,-1.530331329471692925e+00,-9.166679435589548675e-01,-9.386321745676713402e-01,-2.951199256914970537e+00,2.435150185878159679e+00
2.014676450967311627e+00,-1.106886781151670274e+00,6.861165553411190388e-01,1.732942054403123211e-01,1.879683995313826239e+00,-1.421222905446999640e-01,-5.853876493029737560e+00,4.391049163665237121e-01,1.030201460867118834e+00,9.584305730041806637e-01,-3.689189030024483396e-01,-1.677529089810786411e+00,8.944795833161369725e-01,2.642843754858840377e+00,-1.560938239647879477e+00,-9.485132794773338816e-01,-9.662315035290645060e-01,-2.911942389064877901e+00,2.410228783205231817e+00
2.021347565043362327e+00,-1.103898761888177482e+00,6.929541894743636021e-01,1.796666638960688900e-01,1.877201189224792177e+00,-1.533777781509563232e-01,-5.847855868289860481e+00,4.566868772354932826e-01,1.019687922533483171e+00,9.519973015977307718e-01,-3.754572113101438124e-01,-1.696821382812248924e+00,9.104764310115249781e-01,2.628110248892647327e+00,-1.590914891058406777e+00,-9.801454691256246132e-01,-9.939767523522387016e-01,-2.871728918590081392e+00,2.385690896620779711e+00
2.028018679119413026e+00,-1.100793784440559309e+00,6.997210242729601237e-01,1.859955030025796374e-01,1.874674146928791973e+00,-1.647610650109427310e-01,-5.841729069869195712e+00,4.741681970296915960e-01,1.008976529250178444e+00,9.453537356656656065e-01,-3.821810680848140018e-01,-1.715842259935767444e+00,9.263108900614169805e-01,2.612672573735652648e+00,-1.620253952657711993e+00,-1.011558597037290230e+00,-1.021857118713207502e+00,-2.830574551768129332e+00,2.361546262653704709e+00
2.034689793195463725e+00,-1.097572535820357631e+00,7.064157540645189526e-01,1.922793247791731164e-01,1.872101627685327063e+00,-1.762703196598330857e-01,-5.835497172259926479e+00,4.915441987620901010e-01,9.980715582047242629e-01,9.385013561680822791e-01,-3.890913381872229126e-01,-1.734585497578694291e+00,9.419856154588066577e-01,2.596536956521733330e+00,-1.648948345420406358e+00,-1.042746804352934875e+00,-1.049861623648432607e+00,-2.788495294550448644e+00,2.337804287550856674e+00
2.041360907271514424e+00,-1.094235734099066715e+00,7.130371018658958615e-01,1.985167412547775845e-01,1.869482385229905175e+00,-1.879036694727821977e-01,-5.829161232035639628e+00,5.088102479743897844e-01,9.869773329634837777e-01,9.314416829590634883e-01,-3.961888126569533819e-01,-1.753044979894916588e+00,9.575033238329349050e-01,2.579709919757910974e+00,-1.676991244316623941e+00,-1.073704289651752575e+00,-1.077979115138251398e+00,-2.745507445151483150e+00,2.314474042898221562e+00
2.048032021347565124e+00,-1.090784128117867402e+00,7.195838196869277503e-01,2.047063747261032574e-01,1.866815168270336667e+00,-1.996592013902295237e-01,-5.822722287447630762e+00,5.259617546978897495e-01,9.756982217709093685e-01,9.241762744007777641e-01,-4.034742075701850395e-01,-1.771214700719577095e+00,9.728667912026147668e-01,2.562198278423983844e+00,-1.704376080188685583e+00,-1.104425309765082241e+00,-1.106198271797854904e+00,-2.701627586537233228e+00,2.291564261417116999e+00
2.054703135423615823e+00,-1.087218497184348376e+00,7.260546888227760176e-01,2.108468580132320247e-01,1.864098720990561953e+00,-2.115349626558754026e-01,-5.816181358036267568e+00,5.429941753945570770e-01,9.642386358366096255e-01,9.167067269722060097e-01,-4.109481629224488453e-01,-1.789088765443360263e+00,9.880788507020976663e-01,2.544009136938138127e+00,-1.731096541528493127e+00,-1.134904180572089860e+00,-1.134507606674562963e+00,-2.656872578816659392e+00,2.269083332937406272e+00
2.061374249499666522e+00,-1.083539650756340844e+00,7.324485201348072128e-01,2.169368347125792129e-01,1.861331783561852804e+00,-2.235289615669920071e-01,-5.809539444257633356e+00,5.599030148774170046e-01,9.526030276108903294e-01,9.090346748726223503e-01,-4.186112415370564221e-01,-1.806661392835702040e+00,1.003142390280660656e+00,2.525149885989898202e+00,-1.757146576155134365e+00,-1.165135277777644029e+00,-1.162895471150150684e+00,-2.611259551539487411e+00,2.247039300549526164e+00
2.068045363575717221e+00,-1.079748428113020964e+00,7.387641543199318095e-01,2.229749594471930885e-01,1.858513092661201682e+00,-2.356391682367218188e-01,-5.802797527125592048e+00,5.766838282093690315e-01,9.407958890494297899e-01,9.011617896199468625e-01,-4.264639279999249410e-01,-1.823926916816319022e+00,1.018060350377147483e+00,2.505628199241862308e+00,-1.782520392792232400e+00,-1.195113037672452361e+00,-1.191350058946902157e+00,-2.564805895904016975e+00,2.225439856937203587e+00
2.074716477651767921e+00,-1.075845698013412344e+00,7.450004621683323780e-01,2.289598981143578793e-01,1.855641381996732786e+00,-2.478635153680238679e-01,-5.795956567869446907e+00,5.933322225795716331e-01,9.288217498677808770e-01,8.930897796440822045e-01,-4.345066276214510914e-01,-1.840879788174461629e+00,1.032835721570627641e+00,2.485452029901684678e+00,-1.807212462544560694e+00,-1.224831957875510025e+00,-1.219859410235989650e+00,-2.517529256878488830e+00,2.204292340892470836e+00
2.081387591727818620e+00,-1.071832358342454272e+00,7.511563448095149864e-01,2.348903281304681456e-01,1.852715382839940972e+00,-2.601998990389106092e-01,-5.789017507607346680e+00,6.098438591565271683e-01,9.166851757863447858e-01,8.848203898753588259e-01,-4.427396654261478437e-01,-1.857514576235335557e+00,1.047471542208441075e+00,2.464629607165873981e+00,-1.831217520273560995e+00,-1.254286598058950819e+00,-1.248411415846781169e+00,-2.469447525239679919e+00,2.183603734014668341e+00
2.088058705803869319e+00,-1.067709335744783994e+00,7.572307339466228804e-01,2.407649386731412211e-01,1.849733824564583351e+00,-2.726461794986262954e-01,-5.781981267035591898e+00,6.262144549170225449e-01,9.043907667665215255e-01,8.763554013282014443e-01,-4.511632851706764979e-01,-1.873825970473136815e+00,1.061970896012821797e+00,2.443169432536992147e+00,-1.854530565871356895e+00,-1.283471580655364486e+00,-1.276993821575551413e+00,-2.420578829532358256e+00,2.163380657594907497e+00
2.094729819879920019e+00,-1.063477585246401791e+00,7.632225920789571516e-01,2.465824309205364440e-01,1.846695435192016621e+00,-2.852001819744029998e-01,-5.774848746133971034e+00,6.424397844500795429e-01,8.919431552386856143e-01,8.676966306801383588e-01,-4.597776483909667977e-01,-1.889808782070203197e+00,1.076336909667373831e+00,2.421080276015930899e+00,-1.877146865432973710e+00,-1.312381591547681303e+00,-1.305594232592091064e+00,-2.370941527953314143e+00,2.143629369687461761e+00
2.101400933955970718e+00,-1.059138089864387622e+00,7.691309127126457756e-01,2.523415182878504526e-01,1.843598941942802272e+00,-2.978596974884415438e-01,-5.767620823887274817e+00,6.585156817350952263e-01,8.793470043226966348e-01,8.588459298462615132e-01,-4.685828334790398397e-01,-1.905457945421773935e+00,1.090572750384623646e+00,2.398371172170975285e+00,-1.899061952326446701e+00,-1.341011380741695458e+00,-1.334200117942593744e+00,-2.320554200163652769e+00,2.124355762369424028e+00
2.108072048032021417e+00,-1.054691860204844733e+00,7.749547205594271571e-01,2.580409266609604568e-01,1.840443071794358065e+00,-3.106224836847454873e-01,-5.760298358023066889e+00,6.744380418933526578e-01,8.666070060416012355e-01,8.498051855492618767e-01,-4.775788347902060194e-01,-1.920768519585905221e+00,1.104681623455941342e+00,2.375051416085444345e+00,-1.920271628160604038e+00,-1.369355763021350869e+00,-1.362798815147197029e+00,-2.269435639033114516e+00,2.105565359189889740e+00
2.114743162108072116e+00,-1.050139934049247659e+00,7.806930717234855654e-01,2.636793946271818179e-01,1.837226552044472827e+00,-3.234862656654413637e-01,-5.752882184765885754e+00,6.902028229120937830e-01,8.537278795292276845e-01,8.405763188851481660e-01,-4.867655617812211011e-01,-1.935735689678090843e+00,1.118666769785057191e+00,2.351130559185719004e+00,-1.940771963650284926e+00,-1.397409618586855196e+00,-1.391377534890476886e+00,-2.217604842320158198e+00,2.087263312809842120e+00
2.121414276184122816e+00,-1.045483375929384673e+00,7.863450538763208097e-01,2.692556737031177039e-01,1.833948110880460725e+00,-3.364487368362216735e-01,-5.745373118607941976e+00,7.058060473403720003e-01,8.407143692323446604e-01,8.311612848847674817e-01,-4.961428381800626619e-01,-1.950354768210178946e+00,1.132531463406496242e+00,2.326618404951567687e+00,-1.960559299378855425e+00,-1.425167893675769903e+00,-1.419923365803142046e+00,-2.165081004291613098e+00,2.069454402833807993e+00
2.128085390260173515e+00,-1.040723276691081889e+00,7.919097864196011916e-01,2.747685285595677374e-01,1.830606477953747202e+00,-3.495075597605306061e-01,-5.737771952096409223e+00,7.212438039558966008e-01,8.275712431080867182e-01,8.215620720712364378e-01,-5.057104011878855720e-01,-1.964621196373190326e+00,1.146279008990172432e+00,2.301525004510692973e+00,-1.979630246457878995e+00,-1.452625601167151892e+00,-1.448423279333139968e+00,-2.111883507285678530e+00,2.052143033834288310e+00
2.134756504336224214e+00,-1.035860753046906835e+00,7.973864206359800866e-01,2.802167372434703485e-01,1.827200384959669854e+00,-3.626603670221172360e-01,-5.730079455637412167e+00,7.365122494021096866e-01,8.143032908173065687e-01,8.117807020134018003e-01,-5.154679007137807911e-01,-1.978530545263670337e+00,1.159912739333458731e+00,2.275860652119501282e+00,-1.997981687083859370e+00,-1.479777821168891228e+00,-1.476864134704339193e+00,-2.058031913222100329e+00,2.035333233569848410e+00
2.141427618412274914e+00,-1.030896947118053797e+00,8.027741398278492868e-01,2.855990913968566303e-01,1.823728566222274416e+00,-3.759047620955862090e-01,-5.722296377316784977e+00,7.516076097947410606e-01,8.009153219145753733e-01,8.018192288754338870e-01,-5.254148986428854862e-01,-1.992078517053247566e+00,1.173436012842011156e+00,2.249635880532138366e+00,-2.015610774992014242e+00,-1.506619701588349125e+00,-1.505232683960867623e+00,-2.003545955063353201e+00,2.019028651397676732e+00
2.148098732488325613e+00,-1.025833025965611878e+00,8.080721594440053446e-01,2.909143964727826659e-01,1.820189759283878495e+00,-3.892383202245547902e-01,-5.714423442737662562e+00,7.665261822971002337e-01,7.874121640354804219e-01,7.916797389626738513e-01,-5.355508681384451020e-01,-2.005260946101069308e+00,1.186852211000664514e+00,2.222861456259891622e+00,-2.032514935807066880e+00,-1.533146458686434288e+00,-1.533515577095198923e+00,-1.948445528230686952e+00,2.003232556881330062e+00
2.154769846564376312e+00,-1.020670181111435149e+00,8.132797271942195927e-01,2.961614719482224545e-01,1.816582705499179662e+00,-4.026585893070416811e-01,-5.706461354874979186e+00,7.812643366633851283e-01,7.737986610819427291e-01,7.813643502638361049e-01,-5.458751929783356438e-01,-2.018073800008830965e+00,1.200164735835676399e+00,2.195548374723100160e+00,-2.048691867291090762e+00,-1.559353377615239511e+00,-1.561699367257969318e+00,-1.892750681978873750e+00,1.987947838594280370e+00
2.161440960640427011e+00,-1.015409628048821844e+00,8.183961231516956314e-01,3.013391515338953996e-01,1.812906150633670332e+00,-4.161630907877038599e-01,-5.698410793946917074e+00,7.958185167492970447e-01,7.600796714062126869e-01,7.708752119896782329e-01,-5.563871669266311493e-01,-2.030513180618148006e+00,1.213377007369662364e+00,2.167707855297777542e+00,-2.064139539488491160e+00,-1.585235812939389310e+00,-1.589770516047521065e+00,-1.836481610733549097e+00,1.973177003119797046e+00
2.168112074716477711e+00,-1.010052605743229304e+00,8.234206598434090640e-01,3.064462833810024378e-01,1.809158845466125376e+00,-4.297493205565321994e-01,-5.690272417303363639e+00,8.101852419892653367e-01,7.462600659942459913e-01,7.602145041082497556e-01,-5.670859931407032928e-01,-2.042575324950013371e+00,1.226492461070503914e+00,2.139351336259187608e+00,-2.078856194768218035e+00,-1.610789189141219824e+00,-1.617715398877059396e+00,-1.779658645395008287e+00,1.958922174247601511e+00
2.174783188792528410e+00,-1.004600376123246042e+00,8.283526823283295926e-01,3.114817302848529867e-01,1.805339546394932659e+00,-4.434147498536177845e-01,-5.682046859331389754e+00,8.243611088396002318e-01,7.323447266491430740e-01,7.493844368768217690e-01,-5.779707836143810340e-01,-2.054256606086147130e+00,1.239514545295552050e+00,2.110490469624664467e+00,-2.092840347763374353e+00,-1.636009001109943295e+00,-1.645520310417325272e+00,-1.722302244612348820e+00,1.945185092367618829e+00
2.181454302868579109e+00,-9.990542235620545330e-01,8.331915682635260278e-01,3.164443698853565134e-01,1.801447016048006056e+00,-4.571568261796098431e-01,-5.673734731377799712e+00,8.383427921869175403e-01,7.183385441753251666e-01,7.383872503706073731e-01,-5.890405586576717978e-01,-2.065553533992045665e+00,1.252446718732457942e+00,2.081137115898024970e+00,-2.106090785208421856e+00,-1.660890814614955246e+00,-1.673171470112612358e+00,-1.664432986031857187e+00,1.931967114061105661e+00
2.188125416944629809e+00,-9.934154543496113154e-01,8.379367279581616534e-01,3.213330948643622897e-01,1.797480023896053991e+00,-4.709729742114647788e-01,-5.665336621688761731e+00,8.521270467211757849e-01,7.042464165641486584e-01,7.272252140083754757e-01,-6.002942464135108125e-01,-2.076462756281570954e+00,1.265292447837920609e+00,2.051303338717940683e+00,-2.118606565674193032e+00,-1.685430266763417340e+00,-1.700655027767900451e+00,-1.606071557523511384e+00,1.919269211889288229e+00
2.194796531020680508e+00,-9.876853961557919837e-01,8.425876044153933764e-01,3.261468131398216341e-01,1.793437346868943072e+00,-4.848605967231003899e-01,-5.656853095366521700e+00,8.657107082727016900e-01,6.900732471816127811e-01,7.159006260750681028e-01,-6.117306824120216646e-01,-2.086981058922950272e+00,1.278055204275694301e+00,2.021001399412722055e+00,-2.130387019201002374e+00,-1.709623066442286676e+00,-1.727957069204882012e+00,-1.547238748389521579e+00,1.907091974379569344e+00
2.201467645096731207e+00,-9.818653974847360022e-01,8.471436733621883208e-01,3.308844480567573743e-01,1.789317769974912320e+00,-4.988170755105667542e-01,-5.648284694343214341e+00,8.790906951125814217e-01,6.758239429588703828e-01,7.044158132415155871e-01,-6.233486091627238324e-01,-2.097105366886077515e+00,1.290738462355153660e+00,1.990243751463966593e+00,-2.141431746830151805e+00,-1.733464994744936982e+00,-1.755063621984553235e+00,-1.487955440558792253e+00,1.895435606209296964e+00
2.208138759172781906e+00,-9.759568271206403578e-01,8.516044432670828446e-01,3.355449385750198243e-01,1.785120086922374005e+00,-5.128397723213380388e-01,-5.639631937371746062e+00,8.922640092158251601e-01,6.615034125861862790e-01,6.927731300813592119e-01,-6.351466757851407241e-01,-2.106832744731036211e+00,1.303345696471753135e+00,1.959043034881589929e+00,-2.151740620034193086e+00,-1.756951905382554635e+00,-1.781960661194075701e+00,-1.428242599771176735e+00,1.884299928586946393e+00
2.214809873248832606e+00,-9.699610735652520743e-01,8.559694553459019639e-01,3.401272394538101262e-01,1.780843100744057494e+00,-5.269260297873322729e-01,-5.630895320033762808e+00,9.052277374867165882e-01,6.471165647110462826e-01,6.809749585852801212e-01,-6.471234376782095676e-01,-2.116160397137786475e+00,1.315880378550674301e+00,1.927412070492796170e+00,-2.161313780046322464e+00,-1.780079725080441877e+00,-1.808634115295505662e+00,-1.368121266755459420e+00,1.873684379830498514e+00
2.221480987324883305e+00,-9.638795444673168289e-01,8.602382835554805984e-01,3.446303214329559106e-01,1.776485624423220555e+00,-5.410731723612731692e-01,-5.622075314764627407e+00,9.179790529457825254e-01,6.326683061410647291e-01,6.690237076726313070e-01,-6.592773562289229172e-01,-2.125085669376992836e+00,1.328345975495007103e+00,1.895363854147591454e+00,-2.170151637089347663e+00,-1.802844453959437487e+00,-1.835069872033990412e+00,-1.307612548404909703e+00,1.863588016142726733e+00
2.228152101400934004e+00,-9.577136660442344684e-01,8.644105345754065084e-01,3.490531714109182393e-01,1.772046481521678096e+00,-5.552785072559903723e-01,-5.613172370895430419e+00,9.305152158778362548e-01,6.181635400523778356e-01,6.569218127005791441e-01,-6.716067985605589374e-01,-2.133606047721980481e+00,1.340745946639735786e+00,1.862911550843448616e+00,-2.178254869504677949e+00,-1.825242165902578817e+00,-1.861253784402989053e+00,-1.246737608954311183e+00,1.854009512582957875e+00
2.234823215476984704e+00,-9.514648824961891016e-01,8.684858477778387709e-01,3.533947926195190048e-01,1.767524506809373452e+00,-5.695393253862783833e-01,-5.604186914711950074e+00,9.428335749405658550e-01,6.036071642041727081e-01,6.446717349708410705e-01,-6.841100373209076935e-01,-2.141719159801855454e+00,1.353083741212886881e+00,1.830068488771824597e+00,-2.185624422781859533e+00,-1.847269008907229892e+00,-1.887171676664038289e+00,-1.185517661162307945e+00,1.844947164234824744e+00
2.241494329553035403e+00,-9.451346554130191091e-01,8.724638951854312152e-01,3.576542047953664150e-01,1.762918546895228866e+00,-5.838529023129074291e-01,-5.595119349530516928e+00,9.549315682331491750e-01,5.890040691600264555e-01,6.322759612341307678e-01,-6.967852505108128591e-01,-2.149422774895820787e+00,1.365362795805092899e+00,1.796848153289207328e+00,-2.192261508489169675e+00,-1.868921205422797716e+00,-1.912809350418521737e+00,-1.123973957502963472e+00,1.836398887569419713e+00
2.248165443629086102e+00,-9.387244631740883083e-01,8.763443814174183277e-01,3.618304443479706811e-01,1.758227460859006719e+00,-5.982164991884093563e-01,-5.585970055790733468e+00,9.668067243244085063e-01,5.743591365167013407e-01,6.197370031923891132e-01,-7.096305213534026546e-01,-2.156714804168781363e+00,1.377586531848925544e+00,1.763264180815459881e+00,-2.198167603105884105e+00,-1.890195052674266796e+00,-1.938152590728923430e+00,-1.062127781370338253e+00,1.828362222003160120e+00
2.254836557705136801e+00,-9.322358003414369376e-01,8.801270436239103656e-01,3.659225645245288150e-01,1.753450120883903729e+00,-6.126273637042338738e-01,-5.576739391164979409e+00,9.784566632400231168e-01,5.596772371410664304e-01,6.070573969989098151e-01,-7.226438382042970066e-01,-2.163593300848318357e+00,1.389758353109246558e+00,1.729330352662214132e+00,-2.203344446756803521e+00,-1.911086922971687585e+00,-1.963187172286950721e+00,-1.000000438299944339e+00,1.820834331649596294e+00
2.261507671781187501e+00,-9.256701770464865753e-01,8.838116514084590758e-01,3.699296355713706519e-01,1.748585412889609003e+00,-6.270827310388956688e-01,-5.567427690684603192e+00,9.898790974083457872e-01,5.449632294157713552e-01,5.942397027564432221e-01,-7.358230945031309922e-01,-2.170056460343178006e+00,1.401881643185907578e+00,1.695060588794140344e+00,-2.207794041849708400e+00,-1.931593264005845079e+00,-1.987898865625933986e+00,-9.376132472108870131e-01,1.813812007264292703e+00
2.268178785857238200e+00,-9.190291183705703304e-01,8.873980067389443116e-01,3.738507448920480591e-01,1.743632237165543941e+00,-6.415798248067086096e-01,-5.558035266882747294e+00,1.001071832564383923e+00,5.302219574943474178e-01,5.812865040133765593e-01,-7.491660887666407032e-01,-2.176102620303402180e+00,1.413959763030050443e+00,1.660468941525916176e+00,-2.211518651616429132e+00,-1.951710599130244361e+00,-2.012273443374838600e+00,-8.749875316724899932e-01,1.807291668381824312e+00
2.274849899933288899e+00,-9.123141637195774090e-01,8.908859438468603731e-01,3.776849972020581703e-01,1.738589509004010214e+00,-6.561158580067389945e-01,-5.548562409953672336e+00,1.012032768611525579e+00,5.154582495663468933e-01,5.682004072580740806e-01,-7.626705246236248348e-01,-2.181730260622306794e+00,1.425996048475319355e+00,1.625569589157783490e+00,-2.214520798558256232e+00,-1.971435527629644469e+00,-2.036296686551216872e+00,-8.121446111991885708e-01,1.801269365643824560e+00
2.281521014009339599e+00,-9.055268661929880558e-01,8.942753291150606909e-01,3.814315146801874890e-01,1.733456159332967372e+00,-6.706880339715677319e-01,-5.539009387928517825e+00,1.022759900440612268e+00,5.006769161331814377e-01,5.549840414114726173e-01,-7.763340108919860594e-01,-2.186938003380473727e+00,1.437993807785214351e+00,1.590376829552556437e+00,-2.216803262796458451e+00,-1.990764724975295330e+00,-2.059954390890406550e+00,-7.491057925774360360e-01,1.795740783316980504e+00
2.288192128085390298e+00,-8.986687919475888631e-01,8.975660609540381252e-01,3.850894371164638175e-01,1.728231135348149206e+00,-6.852935473154910806e-01,-5.529376446867358297e+00,1.033251318705973087e+00,4.858827482952684518e-01,5.416400573180194522e-01,-7.901540616981299614e-01,-2.191724612732015576e+00,1.449956319217897693e+00,1.554905073657050218e+00,-2.218369080328698839e+00,-2.009694943067086292e+00,-2.083232373208224963e+00,-6.858923612283940319e-01,1.790701241999706816e+00
2.294863242161440997e+00,-8.917415195561569918e-01,9.007580696668177067e-01,3.886579220567094040e-01,1.722913401144246626e+00,-6.999295848817725929e-01,-5.519663811067439418e+00,1.043505210558066221e+00,4.710805160511282175e-01,5.281711272350348985e-01,-8.041280966389013907e-01,-2.196088994733342403e+00,1.461886828609666011e+00,1.519168838970844648e+00,-2.219221541192192948e+00,-2.028223010462785414e+00,-2.106116477794409469e+00,-6.225255726100855647e-01,1.786145701516194784e+00
2.301534356237491696e+00,-8.847466393613995228e-01,9.038513173025467529e-01,3.921361449436801538e-01,1.717501938344866641e+00,-7.145933266885553525e-01,-5.509871683287472344e+00,1.053519860332377656e+00,4.562749666090437639e-01,5.145799443205909540e-01,-8.182534409862669555e-01,-2.200030197114713815e+00,1.473788546978350933e+00,1.483182742965372558e+00,-2.219364187534470290e+00,-2.046345832594566705e+00,-2.128592582834030633e+00,-5.590266436627151503e-01,1.782068763996440097e+00
2.308205470313542396e+00,-8.776857528254461416e-01,9.068457974988619608e-01,3.955232992547859094e-01,1.711995746730981427e+00,-7.292819468730677990e-01,-5.500000244987854003e+00,1.063293650194266693e+00,4.414708227118878670e-01,5.008692221199838590e-01,-8.325273259349309507e-01,-2.203547408994876555e+00,1.485664648147897893e+00,1.446961496456336427e+00,-2.218800811592649858e+00,-2.064060391973017161e+00,-2.150646606854052401e+00,-4.954167443008192784e-01,1.778464677140722650e+00
2.314876584389593095e+00,-8.705604718751881466e-01,9.097415353131277360e-01,3.988185966363779200e-01,1.706393844867583054e+00,-7.439926146337294544e-01,-5.490049656586647231e+00,1.072825060739444059e+00,4.266727809757454581e-01,4.870416940508913717e-01,-8.469468888930181683e-01,-2.206639960539111378e+00,1.497518266395308384e+00,1.410519896932459938e+00,-2.217535453582159199e+00,-2.081363748378806555e+00,-2.172264515192221079e+00,-4.317169889558720719e-01,1.775327337666990246e+00
2.321547698465643794e+00,-8.633724182437580996e-01,9.125385870426420132e-01,4.020212670346009487e-01,1.700695270728255659e+00,-7.587224951697963959e-01,-5.480020057731187499e+00,1.082112671549813276e+00,4.118855102429070936e-01,4.731001128872887040e-01,-8.615091738159960100e-01,-2.209307322561043119e+00,1.509352494121214416e+00,1.373872821843631131e+00,-2.215572399495878031e+00,-2.098253039042238477e+00,-2.193432326485440509e+00,-3.679484281729572537e-01,1.772650294939447591e+00
2.328218812541694493e+00,-8.561232228084530993e-01,9.152370400339001622e-01,4.051305588227945842e-01,1.694899082317373074e+00,-7.734687506181534555e-01,-5.469911567585148404e+00,1.091155161704407295e+00,3.971136499498545414e-01,4.590472502422059953e-01,-8.762111315839189452e-01,-2.211549106068568804e+00,1.521170379545231821e+00,1.337035221851482936e+00,-2.212916178814706480e+00,-2.114725478810838055e+00,-2.214136119174745065e+00,-3.041320402650617982e-01,1.770426754776600831e+00
2.334889926617745193e+00,-8.488145249253985503e-01,9.178370124810245612e-01,4.081457389254440349e-01,1.689004358289636798e+00,-7.882285409869010939e-01,-5.459724285130890031e+00,1.099951310245183222e+00,3.823618085107966524e-01,4.448858960494110892e-01,-8.910496204221334260e-01,-2.213365061754327012e+00,1.532974924427337182e+00,1.300022114045504384e+00,-2.209571562130595801e+00,-2.130778360305210839e+00,-2.234362038023998576e+00,-2.402887230285550846e-01,1.768649583436935124e+00
2.341561040693795892e+00,-8.414479717612574072e-01,9.203386532134658626e-01,4.110660929386671381e-01,1.683010198566663229e+00,-8.029990250853541456e-01,-5.449458289486929452e+00,1.108499996597452020e+00,3.676345617173664704e-01,4.306188580440886704e-01,-9.060214063654925543e-01,-2.214755079431104612e+00,1.544769081816392386e+00,1.262848575127764050e+00,-2.205543558683114469e+00,-2.146409054063332711e+00,-2.254096300649405471e+00,-1.764392855233203328e-01,1.767311311780268568e+00
2.348232154769846591e+00,-8.340252176222852087e-01,9.227421414730809790e-01,4.138909252472356970e-01,1.676915724950325703e+00,-8.177773614500923882e-01,-5.439113640240317515e+00,1.116800200944751520e+00,3.529364511550235894e-01,4.162489612425924745e-01,-9.211231637661720928e-01,-2.215719187412637403e+00,1.556555753827040256e+00,1.225529734569367868e+00,-2.200837413810655896e+00,-2.161615008673497318e+00,-2.273325204056905413e+00,-1.126044399210401892e-01,1.766404139602784529e+00
2.354903268845897291e+00,-8.265479232810369892e-01,9.250476866807069154e-01,4.166195591381214314e-01,1.670720081732566697e+00,-8.325607092667010045e-01,-5.428690377793770949e+00,1.124851004557974044e+00,3.382719826367545091e-01,4.017790474213533414e-01,-9.363514758450993680e-01,-2.216257551840263407e+00,1.568337789446068165e+00,1.188080767741754196e+00,-2.195458606317412631e+00,-2.176393750896075563e+00,-2.292035131184539942e+00,-4.880479342502730411e-02,1.765919940143670264e+00
2.361574382921947990e+00,-8.190177553010308253e-01,9.272555281923422488e-01,4.192513369105649312e-01,1.664422436301380870e+00,-8.473462292868401136e-01,-5.418188523727319073e+00,1.132651590078601611e+00,3.236456246546035587e-01,3.872119745950063918e-01,-9.517028352870552377e-01,-2.216370475955924846e+00,1.580117982369418694e+00,1.150516889025994693e+00,-2.189412845757293002e+00,-2.190742885774325188e+00,-2.310212557446805093e+00,1.493915973497639271e-02,1.765850264761152033e+00
2.368245496997998689e+00,-8.114363853596785470e-01,9.293659350450614864e-01,4.217856199826593988e-01,1.658021979742691610e+00,-8.621310847402821054e-01,-5.407608081174292813e+00,1.140201241755905093e+00,3.090618068496078230e-01,3.725506164938200415e-01,-9.671736448794137075e-01,-2.216058399322022865e+00,1.591899068870941569e+00,1.112853344903214303e+00,-2.182706069635967694e+00,-2.204660096734404107e+00,-2.327844057278059431e+00,7.860704622970415834e-02,1.766186347775707599e+00
2.374916611074049388e+00,-8.038054895697834823e-01,9.313792056927842067e-01,4.242217889944470688e-01,1.651517927437807787e+00,-8.769124422415777165e-01,-5.396949035211397572e+00,1.147499345637996937e+00,2.945249185006579284e-01,3.577978620404853594e-01,-9.827602181945374049e-01,-2.215321896988660555e+00,1.603683725704022178e+00,1.075105407029308902e+00,-2.175344440532284374e+00,-2.218143145674809080e+00,-2.344916310671989024e+00,1.421786214756772804e-01,1.766919111478086446e+00
2.381587725150100088e+00,-7.961267477999212083e-01,9.332956677320289884e-01,4.265592439075218678e-01,1.644909519656194918e+00,-8.916874726909822524e-01,-5.386211353262696733e+00,1.154545389716637338e+00,2.800393070328357492e-01,3.429566148263561987e-01,-9.984587803157631836e-01,-2.214161678608832506e+00,1.615474568037140290e+00,1.037288365297110548e+00,-2.167334343140288055e+00,-2.231189873045406280e+00,-2.361416109714173484e+00,2.056337773956282700e-01,1.768039171299764512e+00
2.388258839226150787e+00,-7.884018429940066186e-01,9.351156776177795837e-01,4.287974041011385351e-01,1.638196022143252106e+00,-9.064533521693149964e-01,-5.375394985517236712e+00,1.161338964025727449e+00,2.656092765457382376e-01,3.280297925871829001e-01,-1.014265468606951437e+00,-2.212578587502136429e+00,1.627274147424478734e+00,9.994175208891864504e-01,-2.158682381233149705e+00,-2.243798197916268666e+00,-2.377330365104731946e+00,2.689525500908624966e-01,1.769536841143309669e+00
2.394929953302201486e+00,-7.806324604903603914e-01,9.368396203696062186e-01,4.309357084648202108e-01,1.631376726702808977e+00,-9.212072628263985319e-01,-5.364499865360095043e+00,1.167879760693434132e+00,2.512390863623215065e-01,3.130203266784292726e-01,-1.030176333525489429e+00,-2.210573599667598810e+00,1.639084949812598779e+00,9.615081793244230068e-01,-2.149395374550307380e+00,-2.255966118036490276e+00,-2.392646112668077585e+00,3.321151274223599348e-01,1.771402138870115106e+00
2.401601067378252186e+00,-7.728202873405813911e-01,9.384679092681713630e-01,4.329736154874674336e-01,1.624450951774058405e+00,-9.359463937627476859e-01,-5.353525909816601924e+00,1.174167573947915155e+00,2.369329495987525791e-01,2.979311615502251431e-01,-1.046187339478689360e+00,-2.208147822746248323e+00,1.650909393584261142e+00,9.235756435016052590e-01,-2.139480355609163276e+00,-2.267691709883176365e+00,-2.407350519846757742e+00,3.951018564975021796e-01,1.773624791942841838e+00
2.408272181454302885e+00,-7.649670116285359756e-01,9.400009855422692961e-01,4.349106033429608331e-01,1.617418043002629480e+00,-9.506679419041670354e-01,-5.342473020009485651e+00,1.180202300076633959e+00,2.226950317557909176e-01,2.827652542220291387e-01,-1.062294365723428502e+00,-2.205302494934056945e+00,1.662749827640374267e+00,8.856352067431424446e-01,-2.128944566442700026e+00,-2.278973128700789719e+00,-2.421430892176392291e+00,4.578932510593543004e-01,1.776194243219880065e+00
2.414943295530353584e+00,-7.570743217897722976e-01,9.414393180465410182e-01,4.367461699722604562e-01,1.610277373805512280e+00,-9.653691128689375622e-01,-5.331341081628685252e+00,1.185983937339284200e+00,2.085294493321644127e-01,2.675255737570526593e-01,-1.078493207308927282e+00,-2.202038983845929554e+00,1.674608529521122602e+00,8.477021458421444278e-01,-2.117795455264424476e+00,-2.289808608531048506e+00,-2.434874679738673997e+00,5.204699987754883850e-01,1.779099656899005399e+00
2.421614409606404283e+00,-7.491439059316727933e-01,9.427834029300133922e-01,4.384798331619966238e-01,1.603028345929555121e+00,-9.800471218272613916e-01,-5.320129965413551432e+00,1.191512585834342497e+00,1.944402684604408238e-01,2.522151007365256992e-01,-1.094779576062486548e+00,-2.198358785331407717e+00,1.686487703567217888e+00,8.097917141160300147e-01,-2.106040673062042679e+00,-2.300196462233540906e+00,-2.447669483589439476e+00,5.828129684233460672e-01,1.782329924607406912e+00
2.428285523682454983e+00,-7.411774511546496136e-01,9.440337632956126157e-01,4.401111306195545358e-01,1.595670390003241845e+00,-9.946991943526453106e-01,-5.308839527647204903e+00,1.196788447319316884e+00,1.804315035658569377e-01,2.368368267338487043e-01,-1.111149101618015500e+00,-2.194263522242788866e+00,1.698389479122256462e+00,7.719191344698135282e-01,-2.093688070121330735e+00,-2.310135081497260323e+00,-2.459803062158806064e+00,6.449032169692714422e-01,1.785873671635150206e+00
2.434956637758505682e+00,-7.331766428746923081e-01,9.451909488508123403e-01,4.416396200446501830e-01,1.588202966081458944e+00,-1.009322567264913761e+00,-5.297469610662719042e+00,1.201811824984759802e+00,1.665071160485572799e-01,2.213937537886974116e-01,-1.127597332487160209e+00,-2.189754943156392297e+00,1.710315908777149119e+00,7.340995924723041632e-01,-2.080745692481656306e+00,-2.319622936843229066e+00,-2.471263337620329015e+00,7.067219965383118030e-01,1.789719263309051511e+00
2.441627751834556381e+00,-7.251431641475807321e-01,9.462555355495662068e-01,4.430648791973973988e-01,1.580625564182988274e+00,-1.023914489464530675e+00,-5.286020043360881715e+00,1.206583123182141115e+00,1.526710129897166646e-01,2.058888938811433977e-01,-1.144119737172800910e+00,-2.184834921047691392e+00,1.722268966657508393e+00,6.963482294483309687e-01,-2.067221778324664250e+00,-2.328658577618382353e+00,-2.482038402226210749e+00,7.682507612719935430e-01,1.793854811503940549e+00
2.448298865910607081e+00,-7.170786949950624933e-01,9.472281252256931072e-01,4.443865059628686609e-01,1.572937704820414728e+00,-1.038472222757940600e+00,-5.274490641739241426e+00,1.211102847105705482e+00,1.389270458819570342e-01,1.903252684058388544e-01,-1.160711705324702248e+00,-2.179505451921085246e+00,1.734250546754944278e+00,6.586801355902006661e-01,-2.053124754297630083e+00,-2.337240631980908034e+00,-2.492116524605532568e+00,8.294711740713296422e-01,1.798268181288139145e+00
2.454969979986657780e+00,-7.089849117333100192e-01,9.481093452178721570e-01,4.456041184121451448e-01,1.565138939522200623e+00,-1.052993042673607382e+00,-5.262881209432131335e+00,1.215371602428443110e+00,1.252790093845193575e-01,1.747059076463341465e-01,-1.177368548937034465e+00,-2.173768653395072636e+00,1.746262461303112357e+00,6.211103430915151380e-01,-2.038463231773040008e+00,-2.345367806877188599e+00,-2.501486156022527663e+00,8.903651132223449061e-01,1.802946997700006104e+00
2.461641094062708479e+00,-7.008634863039546747e-01,9.488998479864193536e-01,4.467173548598653010e-01,1.557228851346620369e+00,-1.067474239268480396e+00,-5.251191538261377190e+00,1.219390094892343512e+00,1.117306401035858265e-01,1.590338502495657336e-01,-1.194085503587514641e+00,-2.167626763243628130e+00,1.758306439199412985e+00,5.836538193065199387e-01,-2.023246003045945596e+00,-2.353038888010551943e+00,-2.510135936591882277e+00,9.509146789015212597e-01,1.807878652652241236e+00
2.468312208138759178e+00,-6.927160856080109008e-01,9.496003107220104544e-01,4.477258739182634617e-01,1.549207055387298082e+00,-1.081913117924575118e+00,-5.239421408797369395e+00,1.223159129853104377e+00,9.828561539818173043e-02,1.433121427005945581e-01,-1.210857729717850884e+00,-2.161082137894585919e+00,1.770384124473155296e+00,5.463254599381033305e-01,-2.007482037470698533e+00,-2.360252739801954380e+00,-2.518054701448117161e+00,1.011102199558535863e+00,1.813050311960680672e+00
2.474983322214809878e+00,-6.845443708429840290e-01,9.502114349465268228e-01,4.486293545477089695e-01,1.541073199270059702e+00,-1.096307000135406495e+00,-5.227570590930223915e+00,1.226679611779503798e+00,8.494755221203886819e-02,1.275438387976183530e-01,-1.227680313955189284e+00,-2.154137250885863164e+00,1.782497074801026704e+00,5.091400822575800067e-01,-1.991180477538653681e+00,-2.367008305342807262e+00,-2.525231486866027275e+00,1.070910238173838236e+00,1.818448922494151354e+00
2.481654436290860577e+00,-6.763499968434729670e-01,9.507339461061941055e-01,4.494274961037417748e-01,1.532826963640842033e+00,-1.110653224281972662e+00,-5.215638844450649181e+00,1.229952543707653501e+00,7.172000593182745187e-02,1.117319991273348773e-01,-1.244548270474208351e+00,-2.146794691280354606e+00,1.794646760070641722e+00,4.721124183593659041e-01,-1.974350634898496271e+00,-2.373304606340076450e+00,-2.531655536329270539e+00,1.130321598388570603e+00,1.824061219442000059e+00
2.488325550366911276e+00,-6.681346114255597435e-01,9.511685931571937092e-01,4.501200183806116084e-01,1.524468062644371624e+00,-1.124949146398040778e+00,-5.203625919640264996e+00,1.232979026650381726e+00,5.860646927211124457e-02,9.587969054068955221e-02,-1.261456542399532088e+00,-2.139057162040377769e+00,1.806834560992972794e+00,4.352571084536431822e-01,-1.957001986320806575e+00,-2.379140743053834051e+00,-2.537316306544105782e+00,1.189319330504472028e+00,1.829873733695754678e+00
2.494996664442961976e+00,-6.598998547352918909e-01,9.515161481439269320e-01,4.507066616513185631e-01,1.515996244393363224e+00,-1.139192140924445651e+00,-5.191531557871003066e+00,1.235760258962000702e+00,4.561037118741909091e-02,7.998998562907083665e-02,-1.278400003248053807e+00,-2.130927478362522720e+00,1.819061767764379223e+00,3.985886942001001243e-01,-1.939144169608569168e+00,-2.384515894227411170e+00,-2.542203473395377333e+00,1.247886737351421083e+00,1.835872799341408790e+00
2.501667778519012675e+00,-6.516473586015459896e-01,9.517774057701104962e-01,4.511871867041639117e-01,1.507411291427954270e+00,-1.153379601452160674e+00,-5.179355492213246315e+00,1.238297535658754001e+00,3.273507581175916226e-02,6.406596220099017303e-02,-1.295373458410806755e+00,-2.122408565973811889e+00,1.831329578778987166e+00,3.621216120857889686e-01,-1.920786979455268551e+00,-2.389429317010308029e+00,-2.546306937841809948e+00,1.306007380020384634e+00,1.842044561258693314e+00
2.508338892595063374e+00,-6.433787458935760206e-01,9.519531829628932185e-01,4.515613748758088297e-01,1.498713021165136494e+00,-1.167508941453866633e+00,-5.167097448052426323e+00,1.240592247695236239e+00,1.998388142594847983e-02,4.811070275930275086e-02,-1.312371646673940129e+00,-2.113503459390064343e+00,1.843639099392109237e+00,3.258701868501686638e-01,-1.901940363252328847e+00,-2.393880346874009746e+00,-2.549616831747718138e+00,1.363665083459552951e+00,1.848374982823709489e+00
2.515010006671114073e+00,-6.350956298835311875e-01,9.520443184301725648e-01,4.518290280808495152e-01,1.489901286337894204e+00,-1.181577595003783676e+00,-5.154757143713665002e+00,1.242645881197124158e+00,7.360019453061583672e-03,3.212729397901367689e-02,-1.329389241778389463e+00,-2.104215300137398437e+00,1.855991340735384965e+00,2.898486249603445808e-01,-1.882614416847554040e+00,-2.397868397520866335e+00,-2.552123523648219372e+00,1.420843941931561050e+00,1.854849853711190155e+00
2.521681120747164773e+00,-6.267996136142404140e-01,9.520516722113105956e-01,4.519899688379096503e-01,1.480975975423828972e+00,-1.195583017485515320e+00,-5.142334291094159404e+00,1.244460016650547285e+00,-5.133346517652959129e-03,1.611882618571423148e-02,-1.346420854017767343e+00,-2.094547334937788996e+00,1.868387218584286469e+00,2.540710081394990105e-01,-1.862819380256367952e+00,-2.401392960786162156e+00,-2.553817624445118728e+00,1.477528324329713483e+00,1.861454797792665206e+00
2.528352234823215472e+00,-6.184922892725447374e-01,9.519761252214284930e-01,4.520440402922563106e-01,1.471937013062981414e+00,-1.209522686287674897e+00,-5.129828596302946409e+00,1.246036328048478525e+00,-1.749312167810418428e-02,8.839283469093406342e-05,-1.363461031874025675e+00,-2.084502913859643147e+00,1.880827552278636183e+00,2.185512869515020551e-01,-1.842565633327561292e+00,-2.404453606533537346e+00,-2.554689993030575756e+00,1.533702879351256376e+00,1.868175281126691623e+00
2.535023348899266171e+00,-6.101752375684696972e-01,9.518185787894813954e-01,4.519911062349423192e-01,1.462784360464629341e+00,-1.223394101487055075e+00,-5.117239760307686680e+00,1.247376581994518840e+00,-2.971628091961869833e-02,-1.596091000924009656e-02,-1.380504263690369715e+00,-2.074085488434336266e+00,1.893313063696708376e+00,1.833032744446454476e-01,-1.821863691365340321e+00,-2.407049982543877142e+00,-2.554731741835774894e+00,1.589352540525740043e+00,1.874996620037359563e+00
2.541694462975316871e+00,-6.018500271205149410e-01,9.515799541903041669e-01,4.518310511184829847e-01,1.453518015802795160e+00,-1.237194786519125289e+00,-5.104567479588112633e+00,1.248482636764487008e+00,-4.179986972186383598e-02,-3.202598419114302541e-02,-1.397544979380944685e+00,-2.063298609739706357e+00,1.905844376283523101e+00,1.483406398574332874e-01,-1.800724200709438838e+00,-2.409181814397822752e+00,-2.553934242301740376e+00,1.644462531096656965e+00,1.881903989277118550e+00
2.548365577051367570e+00,-5.935182138473458213e-01,9.512611921708246099e-01,4.515637800690684434e-01,1.444138014600228725e+00,-1.250922288835636609e+00,-5.091811446795777130e+00,1.249356441326230582e+00,-5.374100501214457148e-02,-4.810372998456158289e-02,-1.414577552176742081e+00,-2.052145926451461655e+00,1.918422014133851272e+00,1.136769023893249297e-01,-1.779157934275103603e+00,-2.410848905352019234e+00,-2.552289130269568496e+00,1.699018368754554364e+00,1.888882430270045321e+00
2.555036691127418269e+00,-5.851813403661592083e-01,9.508632524706479572e-01,4.511892188953198213e-01,1.434644430100627810e+00,-1.264574180549119742e+00,-5.078971351419741431e+00,1.250000034318109243e+00,-6.553687599481566872e-02,-6.419104660927629769e-02,-1.431596300407190547e+00,-2.040631182863524629e+00,1.931046401130478873e+00,7.932542503929662647e-02,-1.757175787054760852e+00,-2.412051136209229618e+00,-2.549788311287303877e+00,1.753005870219919826e+00,1.895916859431575174e+00
2.561707805203468968e+00,-5.768409353980055165e-01,9.503871133372017166e-01,4.507073140935947686e-01,1.425037373628847082e+00,-1.278148059064081243e+00,-5.066046880457804491e+00,1.250415542986609285e+00,-7.718474495057325857e-02,-8.028483274817259374e-02,-1.448595489316866214e+00,-2.028758216878302711e+00,1.943717860138214792e+00,4.529940851508629240e-02,-1.734788771583160250e+00,-2.412788465182448938e+00,-2.546423965830698855e+00,1.806411155674212399e+00,1.902992076560639845e+00
2.568378919279519668e+00,-5.684985131803260705e-01,9.498337710356553609e-01,4.501180328498478045e-01,1.415316994938883299e+00,-1.291641547694685643e+00,-5.053037719092960955e+00,1.250605182083562195e+00,-8.868194800536227662e-02,-9.638198706318223952e-02,-1.465569332916733858e+00,-2.016530957967908932e+00,1.956436612254107255e+00,1.161188521587885880e-02,-1.712008013367860126e+00,-2.413060927753110985e+00,-2.542188554435254488e+00,1.859220653037472415e+00,1.910092773300276603e+00
2.575050033355570367e+00,-5.601555728869873629e-01,9.492042393538105971e-01,4.494213630380520241e-01,1.405483482549384266e+00,-1.305052296268758738e+00,-5.039943551374626018e+00,1.250571252723486904e+00,-1.000258958687040844e-01,-1.124794087102649054e-01,-1.482511995869323140e+00,-2.003953425107373398e+00,1.969202776114331144e+00,-2.172428670871284773e-02,-1.688844746286874088e+00,-2.412868636523535226e+00,-2.537074822736734347e+00,1.911421102091020563e+00,1.917203541662469979e+00
2.581721147431621066e+00,-5.518135980560648912e-01,9.484995491021687153e-01,4.486173132151871634e-01,1.395537064066485478e+00,-1.318377981717891112e+00,-5.026764060904333142e+00,1.250316141201545328e+00,-1.112140745412042442e-01,-1.285739978533773920e-01,-1.499417595407214865e+00,-1.991029724680850821e+00,1.982016367258133682e+00,-5.469642922072048830e-02,-1.665310307955331304e+00,-2.412211781063693827e+00,-2.531075806417676155e+00,1.962999558443834225e+00,1.924308882613311011e+00
2.588392261507671765e+00,-5.434740560256453579e-01,9.477207476093797434e-01,4.477059126128052347e-01,1.385478006493719771e+00,-1.331616308653506886e+00,-5.013498931525460556e+00,1.249842317772677625e+00,-1.222440459910633659e-01,-1.446626561774119468e-01,-1.516280203284212869e+00,-1.977764048361919214e+00,1.994877297549259687e+00,-8.729205017413854684e-02,-1.641416135063018533e+00,-2.411090627752426219e+00,-2.524184836057129733e+00,2.013943397341265040e+00,1.931393214714123729e+00
2.595063375583722465e+00,-5.351383973778995884e-01,9.468688982132857923e-01,4.466872111251755095e-01,1.375306616528825909e+00,-1.344765009928693855e+00,-5.000147848016632146e+00,1.249152335392440527e+00,-1.331134487993828608e-01,-1.607422874000466462e-01,-1.533093847758524753e+00,-1.964160670968975175e+00,2.007785374655177257e+00,-1.194988490109194501e-01,-1.617173758684663731e+00,-2.409505519613184710e+00,-2.516395541881221831e+00,2.064240317314815165e+00,1.938440882814607136e+00
2.601734489659773164e+00,-5.268080553916816289e-01,9.459450797477629846e-01,4.455612792940187861e-01,1.365023240847199393e+00,-1.357821847185657793e+00,-4.986710496788398395e+00,1.248248828420152501e+00,-1.438199987741084485e-01,-1.768097977824951428e-01,-1.549852515607315073e+00,-1.950223948296834209e+00,2.020740301584480481e+00,-1.513047223699128807e-01,-1.592594799564840846e+00,-2.407456876144427493e+00,-2.507701858411835349e+00,2.113878343671830251e+00,1.945436166793575561e+00
2.608405603735823863e+00,-5.184844455039067102e-01,9.449503860255694665e-01,4.443282082898399876e-01,1.354628266371820988e+00,-1.370784611388621288e+00,-4.973186566582810109e+00,1.247134511284905711e+00,-1.543614895324295078e-01,-1.928620966390913183e-01,-1.566550154171903575e+00,-1.935958314925576351e+00,2.033741676282730726e+00,-1.826977696062266343e-01,-1.567690963379380298e+00,-2.404945193144741644e+00,-2.498098029011061261e+00,2.162845831823916321e+00,1.952363290343281488e+00
2.615076717811874563e+00,-5.101689647799442229e-01,9.438859253174184394e-01,4.429881098898628133e-01,1.344122120529424702e+00,-1.383651123342048539e+00,-4.959575749175487047e+00,1.245812177115066977e+00,-1.647357930515033764e-01,-2.088960968457041212e-01,-1.583180673432948771e+00,-1.921368282007728467e+00,2.046788991287044723e+00,-2.136662982184251991e-01,-1.542474035975150537e+00,-2.401971042532779599e+00,-2.487578610318858630e+00,2.211131470453136849e+00,1.959206429792937687e+00
2.621747831887925262e+00,-5.018629913932804998e-01,9.427528198274816029e-01,4.415411164525787080e-01,1.333505271492739785e+00,-1.396419234194021808e+00,-4.945877740079803964e+00,1.244284696331892315e+00,-1.749408601873483349e-01,-2.249087153469259415e-01,-1.599737948114844155e+00,-1.906458435034878329e+00,2.059881633439656579e+00,-2.441988291810299749e-01,-1.516955878590159346e+00,-2.398535072162103265e+00,-2.476138476581524195e+00,2.258724284514950220e+00,1.965949722967217816e+00
2.628418945963975961e+00,-4.935678841146757811e-01,9.415522051655353941e-01,4.399873808889152027e-01,1.322778228408581835e+00,-1.409086825924669828e+00,-4.932092239252776622e+00,1.242555015207883473e+00,-1.849747211617966958e-01,-2.408968736620128448e-01,-1.616215819818647592e+00,-1.891233431584788294e+00,2.073018883660688871e+00,-2.742841021799007351e-01,-1.491148423055789873e+00,-2.394638005631019695e+00,-2.463772823868608963e+00,2.305613638077064209e+00,1.972577278075494656e+00
2.635090060040026660e+00,-4.852849818110589464e-01,9.402852298159697364e-01,4.383270766300337851e-01,1.311941541611637563e+00,-1.421651811819490518e+00,-4.918218951802280081e+00,1.240626154390556124e+00,-1.948354860173788505e-01,-2.568574983895367536e-01,-1.632608099182743189e+00,-1.875697999050134568e+00,2.086199916780303809e+00,-3.039110807480047693e-01,-1.465063666983160484e+00,-2.390280642087462937e+00,-2.450477174175905049e+00,2.351789236993353072e+00,1.979073182627432148e+00
2.641761174116077360e+00,-4.770156029543802245e-01,9.389530546038642456e-01,4.365603975917660140e-01,1.300995802823734948e+00,-1.434112136927473857e+00,-4.904257588695173808e+00,1.238501207392279646e+00,-2.045213450400563127e-01,-2.727875217107226802e-01,-1.648908568070500014e+00,-1.859856932349948311e+00,2.099423801430422731e+00,-3.330689572992542313e-01,-1.438713668935430734e+00,-2.385463856029018892e+00,-2.436247379412226799e+00,2.397241131412150672e+00,1.985421512370717956e+00
2.648432288192128059e+00,-4.687610451406530876e-01,9.375568521583587112e-01,4.346875581356946516e-01,1.289941645338434029e+00,-1.446465778503897681e+00,-4.890207867465967695e+00,1.236183339046886820e+00,-2.140305691496984797e-01,-2.886838818914349014e-01,-1.665110981784123645e+00,-1.843715091624890334e+00,2.112689499996116993e+00,-3.617471580580107204e-01,-1.412110543588039668e+00,-2.380188597098134906e+00,-2.421079625267702262e+00,2.441959718118240197e+00,1.991606340246503848e+00
2.655103402268178758e+00,-4.605225846193968797e-01,9.360978063735189147e-01,4.327087930268935789e-01,1.278779744190766454e+00,-1.458710746437698491e+00,-4.876069512925593763e+00,1.233675783933748660e+00,-2.233615102582444945e-01,-3.045435237827781028e-01,-1.681209071303926050e+00,-1.827277399917441425e+00,2.125995868626797680e+00,-3.899353478820175578e-01,-1.385266456878694097e+00,-2.374455889872601588e+00,-2.404970434961389181e+00,2.485935742707982676e+00,1.997611745358326196e+00
2.661774516344229458e+00,-4.523014758337036700e-01,9.345771118669253807e-01,4.306243573883295483e-01,1.267510816311947286e+00,-1.470845083663320008e+00,-4.861842257869914974e+00,1.230981844770042244e+00,-2.325126015954785408e-01,-3.203633993202908425e-01,-1.697196545552170033e+00,-1.810548840838163143e+00,2.139341657307270772e+00,-4.176234349764638143e-01,-1.358193621149108798e+00,-2.368266833651336611e+00,-2.387916672865998180e+00,2.529160301597081606e+00,2.003421821950040815e+00
2.668445630420280157e+00,-4.440989509711318339e-01,9.329959734361980006e-01,4.284345266519405948e-01,1.256135620668917152e+00,-1.482866866556949104e+00,-4.847525843787561683e+00,1.228104890771930080e+00,-2.414823580023696403e-01,-3.361404680216876772e-01,-1.713067093680692210e+00,-1.793534456219097351e+00,2.152725509988692387e+00,-4.448015754970413571e-01,-1.330904290280329860e+00,-2.361622602235545543e+00,-2.369915548007685224e+00,2.571624843860571552e+00,2.009020688388567955e+00
2.675116744496330856e+00,-4.359162195256342520e-01,9.313556055136673617e-01,4.261395965063984326e-01,1.244654958388530241e+00,-1.494774205317059623e+00,-4.833120021566686297e+00,1.225048355985421722e+00,-2.502693761919517201e-01,-3.518716974831337940e-01,-1.728814387381447659e+00,-1.776239343755479316e+00,2.166145964779470745e+00,-4.714601780397829067e-01,-1.303410754823589368e+00,-2.354524443705293901e+00,-2.350964617438711990e+00,2.613321172904702561e+00,2.014392496146901301e+00
2.681787858572381555e+00,-4.277544678707218551e-01,9.296572316194211538e-01,4.237398828415648300e-01,1.233069672866268007e+00,-1.506565244329183706e+00,-4.818624552200254207e+00,1.221815737587654382e+00,-2.588723349776993476e-01,-3.675540638740063537e-01,-1.744432083219118690e+00,-1.758668654636835083e+00,2.179601454196069099e+00,-4.975899080156385157e-01,-1.275725337128591486e+00,-2.346973680191537959e+00,-2.331061789481077895e+00,2.654241447970428158e+00,2.019521438783216105e+00
2.688458972648432255e+00,-4.196148588440532512e-01,9.279020838129260484e-01,4.212357216896525647e-01,1.221380649859312051e+00,-1.518238162514851997e+00,-4.804039207489447350e+00,1.218410594159383908e+00,-2.672899954694120117e-01,-3.831845524301255024e-01,-1.759913824984937758e+00,-1.740827591168622623e+00,2.193090305473691437e+00,-5.231816919077287853e-01,-1.247860386471101313e+00,-2.338971707643657361e+00,-2.310205326839055218e+00,2.694378185468362830e+00,2.024391760911584015e+00
2.695130086724482954e+00,-4.114985313436466674e-01,9.260914021434619725e-01,4.186274691631015066e-01,1.209588817563851615e+00,-1.529791173664634574e+00,-4.789363770744814452e+00,1.214836543929479706e+00,-2.755212012365874097e-01,-3.987601579454178591e-01,-1.775253246070816804e+00,-1.722721404385533450e+00,2.206610740936764792e+00,-5.482267214092551022e-01,-1.219828274181803840e+00,-2.330519995592509108e+00,-2.288393849578728823e+00,2.733724260145060647e+00,2.028987767159952771e+00
2.701801200800533653e+00,-4.034065999358902310e-01,9.242264340995645089e-01,4.159155013891798758e-01,1.197695146676484246e+00,-1.541222526755242850e+00,-4.774598037484739876e+00,1.211097262992204993e+00,-2.835648784393159372e-01,-4.142778852619830587e-01,-1.790443971862920813e+00,-1.704355391657563779e+00,2.220160878429142226e+00,-5.727164574401821806e-01,-1.191641388778230004e+00,-2.321620086909054859e+00,-2.265626337972685089e+00,2.772272906080619492e+00,2.033293831111110173e+00
2.708472314876584353e+00,-3.953401544755370534e-01,9.223084340577116791e-01,4.131002144413215005e-01,1.185700650439587056e+00,-1.552530506250628495e+00,-4.759741816130838465e+00,1.207196483498124140e+00,-2.914200359267089535e-01,-4.297347497585362053e-01,-1.805479622153747243e+00,-1.685734894290009445e+00,2.233738731803863509e+00,-5.966426340407502416e-01,-1.163312131101751579e+00,-2.312273597558558436e+00,-2.241902135207986646e+00,2.810017717517646396e+00,2.037294404222170563e+00
2.715143428952635052e+00,-3.873002597378502054e-01,9.203386627304535050e-01,4.101820242672103434e-01,1.173606384670538016e+00,-1.563713432387068725e+00,-4.744794928699894498e+00,1.203137991819441810e+00,-2.990857653029127539e-01,-4.451277778371979243e-01,-1.820353813571828905e+00,-1.666865295118474588e+00,2.247342211472350471e+00,-6.199972621400466899e-01,-1.134852909461423254e+00,-2.302482216350397071e+00,-2.217220949955699627e+00,2.846952649521728773e+00,2.040974024718344548e+00
2.721814543028685751e+00,-3.792879550630756658e-01,9.183183866142174967e-01,4.071613666136226217e-01,1.161413447774674701e+00,-1.574769661442179336e+00,-4.729757211491941504e+00,1.198925626690630519e+00,-3.065612409607495481e-01,-4.604540074085977652e-01,-1.835060162028087083e+00,-1.647752016100054506e+00,2.260969125012824321e+00,-6.427726331978014240e-01,-1.106276134786645216e+00,-2.292247704683489040e+00,-2.191582858800233069e+00,2.883072018473607390e+00,2.044317326456561279e+00
2.728485657104736450e+00,-3.713042540133938418e-01,9.162488774369907940e-01,4.040386969480395662e-01,1.149122980741871469e+00,-1.585697585987863256e+00,-4.714628515774070827e+00,1.194563277325184414e+00,-3.138457200830618854e-01,-4.757104883752667490e-01,-1.849592285177946938e+00,-1.628400515901776924e+00,2.274617177837757964e+00,-6.649613227177555430e-01,-1.077594215790433463e+00,-2.281571896287349688e+00,-2.164988308526852201e+00,2.918370502393348165e+00,2.047309047754716005e+00
2.735156771180787150e+00,-3.633501440425158102e-01,9.141314116061048933e-01,4.008144903770402001e-01,1.136736167126654928e+00,-1.596495635127151314e+00,-4.699408708459610118e+00,1.190054881509376550e+00,-3.209385426118248619e-01,-4.908942831132855900e-01,-1.863943804898210876e+00,-1.608816287487460528e+00,2.288283973920075098e+00,-6.865561936308819391e-01,-1.048819554145239419e+00,-2.270456696958781606e+00,-2.137438118265740261e+00,2.952843141096858748e+00,2.049934040182140649e+00
2.741827885256837849e+00,-3.554265861780667168e-01,9.119672696563323466e-01,3.974892415614866836e-01,1.124254233011736881e+00,-1.607162274714954986e+00,-4.684097672782247201e+00,1.185404423673873664e+00,-3.278391311851286960e-01,-5.060024669521673291e-01,-1.878108349777770192e+00,-1.589004855704063690e+00,2.301967016577882053e+00,-7.075503995469183405e-01,-1.019964539673106518e+00,-2.258904084294206971e+00,-2.108933481491079398e+00,2.986485336185221051e+00,2.052177277307080772e+00
2.748498999332888548e+00,-3.475345147169101589e-01,9.097577356985104835e-01,3.940634646285159914e-01,1.111678446954897481e+00,-1.617696007562708926e+00,-4.668695308964733393e+00,1.180615932944114377e+00,-3.345469910421201565e-01,-5.210321286529302487e-01,-1.892079557621152652e+00,-1.568971774868686442e+00,2.315663709317367314e+00,-7.279373878726145275e-01,-9.910415455520672490e-01,-2.246916107417626485e+00,-2.079475967873655406e+00,3.019292850867310030e+00,2.054023863396845506e+00
2.755170113408939248e+00,-3.396748369335420570e-01,9.075040968689058740e-01,3.905376930803462487e-01,1.099010119919117123e+00,-1.628095373626928577e+00,-4.653201534881766577e+00,1.175693481170328347e+00,-3.410617098960350146e-01,-5.359803708843519088e-01,-1.905851077963943485e+00,-1.548722626357288190e+00,2.329371356733605403e+00,-7.477109027952597575e-01,-9.620629235405667723e-01,-2.234494886704205818e+00,-2.049067524985548339e+00,3.051261809616348408e+00,2.055459042066392072e+00
2.761841227484989947e+00,-3.318484328016942930e-01,9.052076427795333613e-01,3.869124796999134919e-01,1.086250605185904217e+00,-1.638358950181683316e+00,-4.637616286716674807e+00,1.170641180938098991e+00,-3.473829577754237175e-01,-5.508443106973549552e-01,-1.919416574599082770e+00,-1.528263016196259372e+00,2.343087165468840993e+00,-7.668649881300548810e-01,-9.330409992217850723e-01,-2.221642613499478447e+00,-2.017710479855580274e+00,3.082388697661005761e+00,2.056468204871158001e+00
2.768512341561040646e+00,-3.240561547292731825e-01,9.028696649696370535e-01,3.831883964533494558e-01,1.073401298251719149e+00,-1.648485351975024660e+00,-4.621939519611514058e+00,1.165463183560407900e+00,-3.535104868337373141e-01,-5.656210799975157633e-01,-1.932769728113029828e+00,-1.507598572657940394e+00,2.356808245227918874e+00,-7.853939900299451438e-01,-9.039880672696370967e-01,-2.208361549834134241e+00,-1.985407540374119595e+00,3.112670360311851514e+00,2.057036899839788990e+00
2.775183455637091345e+00,-3.162988273067501854e-01,9.004914563585506571e-01,3.793660343893140441e-01,1.060463636707468904e+00,-1.658473231369380629e+00,-4.606171208310204435e+00,1.160163677052038933e+00,-3.594441311273965933e-01,-5.803078260156423474e-01,-1.945904238430801181e+00,-1.486734943861168778e+00,2.370531609850417443e+00,-8.032925595566722254e-01,-8.749163867382750981e-01,-2.194654028134395141e+00,-1.952161796546126649e+00,3.142104002123903506e+00,2.057150839942778031e+00
2.781854569713142045e+00,-3.085772470691242608e-01,8.980743107001385450e-01,3.754460035351942504e-01,1.047439100100975073e+00,-1.668321278465970225e+00,-4.590311347794331809e+00,1.154746884087321623e+00,-3.651838063625307829e-01,-5.949017117764182627e-01,-1.958813827368852678e+00,-1.465677795377975601e+00,2.384254178439054073e+00,-8.205556551117465514e-01,-8.458381763768697548e-01,-2.180522450927928180e+00,-1.917976721591105438e+00,3.170687185896257532e+00,2.056795911492632634e+00
2.788525683789192744e+00,-3.008921822715584504e-01,8.956195220390346101e-01,3.714289327901839077e-01,1.034329209782406389e+00,-1.678028221213271109e+00,-4.574359953911210752e+00,1.149217059942106545e+00,-3.707295096105417409e-01,-6.093999165650630934e-01,-1.971492241194792827e+00,-1.444432807847472855e+00,2.397972776543888518e+00,-8.371785447262338753e-01,-8.167656099714554196e-01,-2.165969290545281645e+00,-1.882856172888974555e+00,3.198417831509679843e+00,2.055958182471640860e+00
2.795196797865243443e+00,-2.932443726788005467e-01,8.931283841688795189e-01,3.673154698152570896e-01,1.021135528732607822e+00,-1.687592825499597105e+00,-4.558317063993906793e+00,1.143578490420955385e+00,-3.760813189926948130e-01,-6.237996363919831033e-01,-1.983933253192878166e+00,-1.423005674598059267e+00,2.411684137401826078e+00,-8.531568082081846249e-01,-7.877108117156037537e-01,-2.150997088816809288e+00,-1.846804392770692083e+00,3.225294214603253273e+00,2.054623910782976459e+00
2.801867911941294143e+00,-2.856345293684714459e-01,8.906021900927648671e-01,3.631062809200479857e-01,1.007859661374293170e+00,-1.697013895229845026e+00,-4.542182737472759690e+00,1.137835489770472552e+00,-3.812393933339224272e-01,-6.380980844553936215e-01,-1.996130666234275042e+00,-1.401402099278962865e+00,2.425384903230905387e+00,-8.684863391467269045e-01,-7.586858516116506967e-01,-2.135608456765026197e+00,-1.809826009152697424e+00,3.251314965091188558e+00,2.052779552421188036e+00
2.808539026017344842e+00,-2.780633345483249363e-01,8.880422314860904054e-01,3.588020509466515739e-01,9.945032533660899121e-01,-1.706290272386475015e+00,-4.525957056478125295e+00,1.131992398579755088e+00,-3.862039717860600296e-01,-6.522924916018651986e-01,-2.008078315351018439e+00,-1.379627793502230970e+00,2.439071626578802388e+00,-8.831633467717847630e-01,-7.297027409042544654e-01,-2.119806074292382991e+00,-1.771926036014215278e+00,3.276479065520966572e+00,2.050411769557956010e+00
2.815210140093395541e+00,-2.705314413875475332e-01,8.854497981620346181e-01,3.544034831503595218e-01,9.810679913793917128e-01,-1.715420837074796978e+00,-4.509640126433922980e+00,1.126053581668913672e+00,-3.909753734207277454e-01,-6.663801067847783255e-01,-2.019770070312639554e+00,-1.357688474496175912e+00,2.452740771724989166e+00,-8.971843576685604171e-01,-7.007734275479388097e-01,-2.103592689864383303e+00,-1.733109873716554006e+00,3.300785849274085137e+00,2.047507438539188929e+00
2.821881254169446240e+00,-2.630394738621871786e-01,8.828261775398434930e-01,3.499112990773440290e-01,9.675556028580267753e-01,-1.724404507552643739e+00,-4.493232076641661799e+00,1.120023425966649278e+00,-3.955539967920962963e-01,-6.803581975206417498e-01,-2.031199838204385433e+00,-1.335589862771368708e+00,2.466388716135932135e+00,-9.105462173458928055e-01,-6.719097917103901141e-01,-2.086971120188012119e+00,-1.693383309163610573e+00,3.324234998610731573e+00,2.044053657789447698e+00
2.828552368245496940e+00,-2.555880266147683710e-01,8.801726541161337680e-01,3.453262384393042672e-01,9.539678557607116360e-01,-1.733240240244524610e+00,-4.476733060854574120e+00,1.113906338377856242e+00,-3.999403194697788710e-01,-6.942240503432589582e-01,-2.042361566005976847e+00,-1.313337679800173241e+00,2.480011751972702072e+00,-9.232460916577387433e-01,-6.431236413131270480e-01,-2.069944249885401266e+00,-1.652752515802811795e+00,3.346826542559803386e+00,2.040037755619800386e+00
2.835223482321547639e+00,-2.481776648281701636e-01,8.774905089394133828e-01,3.406490589850926787e-01,9.403065582863197047e-01,-1.741927029740333976e+00,-4.460143257841536979e+00,1.107706743642221880e+00,-4.041348975420984146e-01,-7.079749712556890895e-01,-2.053249243169854132e+00,-1.290937645710879877e+00,2.493606087650341863e+00,-9.352814680770490385e-01,-6.144267076112448489e-01,-2.052515031162704950e+00,-1.611224053465891703e+00,3.368560854655678671e+00,2.035447297935287114e+00
2.841894596397598338e+00,-2.408089241138108572e-01,8.747810190880112025e-01,3.358805363693305179e-01,9.265735585819352416e-01,-1.750463908778743249e+00,-4.443462871940397463e+00,1.101429082184847363e+00,-4.081383650900110016e-01,-7.216082861799951731e-01,-2.063856904197797881e+00,-1.268395476997442817e+00,2.507167849448297847e+00,-9.466501568213836482e-01,-5.858306408138681531e-01,-2.034686483474081431e+00,-1.568804868048794043e+00,3.389438650523384222e+00,2.030270095838015543e+00
2.848565710473649037e+00,-2.334823104141995620e-01,8.720454571516168540e-01,3.310214640180331180e-01,9.127707444337451737e-01,-1.758849948215359005e+00,-4.426692133600399259e+00,1.095077807959826233e+00,-4.119514336319429759e-01,-7.351213414047241823e-01,-2.074178631214904200e+00,-1.245716884245824385e+00,2.520693083171222426e+00,-9.573502918297113196e-01,-5.573470057469402938e-01,-2.016461693180745751e+00,-1.525502291030302882e+00,3.409460985313637948e+00,2.024494213122312480e+00
2.855236824549699737e+00,-2.261982999198918765e-01,8.692850907166166374e-01,3.260726529912550964e-01,8.989000429407556503e-01,-1.767084256975775869e+00,-4.409831299913358649e+00,1.088657386287830597e+00,-4.155748915398496668e-01,-7.485115040301064671e-01,-2.084208556539789203e+00,-1.222907569877951461e+00,2.534177755859400971e+00,-9.673803315898451549e-01,-5.289872775599446797e-01,-1.997843813205006480e+00,-1.481324038828783607e+00,3.428629250989562394e+00,2.018107973657964127e+00
2.861907938625750436e+00,-2.189573390008894838e-01,8.665011818554239076e-01,3.210349318427765386e-01,8.849634201713925119e-01,-1.775165981993638731e+00,-4.392880655133279078e+00,1.082172291688654253e+00,-4.190096034267748459e-01,-7.617761624109170571e-01,-2.093940865249970695e+00,-1.199973225914256147e+00,2.547617757548056083e+00,-9.767390598160995419e-01,-5.007628374781616376e-01,-1.978836062679225849e+00,-1.436278211996791843e+00,3.446945173466681389e+00,2.011099968658090376e+00
2.868579052701801135e+00,-2.117598441525127828e-01,8.636949866199846726e-01,3.159091464768390978e-01,8.709628808029927782e-01,-1.783094308133847283e+00,-4.375840511184045489e+00,1.075627005709757888e+00,-4.222565095062363882e-01,-7.749127265969916190e-01,-2.103369797741331926e+00,-1.176919531755788118e+00,2.561008903074731169e+00,-9.854255859767648840e-01,-4.726849686020027086e-01,-1.959441726589604915e+00,-1.390373294253067327e+00,3.464410809608138742e+00,2.003459063827781605e+00
2.875250166777851835e+00,-2.046062019557700340e-01,8.608677545396556940e-01,3.106961600019541581e-01,8.569004677442584317e-01,-1.790868458101023464e+00,-4.358711208154931960e+00,1.069026014751773834e+00,-4.253166249237446683e-01,-7.879186287713382253e-01,-2.112489652280588714e+00,-1.153752151986841223e+00,2.574346933933968629e+00,-9.934393456711119175e-01,-4.447648517549900316e-01,-1.939664155414739577e+00,-1.343618151351799295e+00,3.481028544076863795e+00,1.995174406390142874e+00
2.881921280853902534e+00,-1.974967690522409225e-01,8.580207281236281736e-01,3.053968525817945534e-01,8.427782617406955890e-01,-1.798487692333403443e+00,-4.341493114783544272e+00,1.062373807892023292e+00,-4.281910390607950312e-01,-8.007913236858265060e-01,-2.121294787549660832e+00,-1.130476734199063138e+00,2.587627520178430895e+00,-1.000780100855657384e+00,-4.170135613818669595e-01,-1.919506764758833528e+00,-1.296022029788831187e+00,3.496801086046754214e+00,1.986235431985998723e+00
2.888592394929953233e+00,-1.904318721334823661e-01,8.551551423680902042e-01,3.000121212831904915e-01,8.285983809631208841e-01,-1.805951308882278727e+00,-4.324186628925971831e+00,1.055674874707001720e+00,-4.308809148116595211e-01,-8.135282890944064427e-01,-2.129779625180883595e+00,-1.107098906837955088e+00,2.600846262365627215e+00,-1.007447939919551061e+00,-3.894420614983777895e-01,-1.898973034979516861e+00,-1.247594555344822664e+00,3.511731465774732719e+00,1.976631871443989441e+00
2.895263509006003932e+00,-1.834118079449615912e-01,8.522722242682998495e-01,2.945428799212389537e-01,8.143629805792794718e-01,-1.813258643277150917e+00,-4.306792178013759020e+00,1.048933703094888426e+00,-4.333874878333439096e-01,-8.261270261838336015e-01,-2.137938652281934804e+00,-1.083624277072710473e+00,2.613998693549349550e+00,-1.013443277608942150e+00,-3.620612016941511246e-01,-1.878066510810132428e+00,-1.198345731465178643e+00,3.525823031035864474e+00,1.966353757417451664e+00
2.901934623082054632e+00,-1.764368433045149509e-01,8.493731923357549229e-01,2.889900589015536592e-01,8.000742523086661340e-01,-1.820409068376759087e+00,-4.289310219497482812e+00,1.042154777099048468e+00,-4.357120657690545795e-01,-8.385850600018479595e-01,-2.145766423949433843e+00,-1.060058428690282328e+00,2.627080281314945420e+00,-1.018766854800317256e+00,-3.348817131901673516e-01,-1.856790800976442668e+00,-1.148285937476895890e+00,3.539079443423539306e+00,1.955391430884888981e+00
2.908605737158105331e+00,-1.695072151353153589e-01,8.464592561206243371e-01,2.833546050596637556e-01,7.857344239606077752e-01,-1.827401994206138136e+00,-4.271741241276580503e+00,1.035342574733554510e+00,-4.378560274455522983e-01,-8.508999398827807870e-01,-2.153257565770082760e+00,-1.036406920014570243e+00,2.640086429857488426e+00,-1.023419738122827827e+00,-3.079142049522040070e-01,-1.835149577807632548e+00,-1.097425926642307425e+00,3.551504674516946292e+00,1.943735547510638817e+00
2.915276851234156030e+00,-1.626231305133416793e-01,8.435316157396256509e-01,2.776374814975826055e-01,7.713457589557130012e-01,-1.834236867779883706e+00,-4.254085762115189517e+00,1.028501565811740237e+00,-4.398208220447703543e-01,-8.630692398705486212e-01,-2.160406776308288812e+00,-1.012675281851624476e+00,2.653012482101892999e+00,-1.027403319429706752e+00,-2.811691598616938847e-01,-1.813146576841512481e+00,-1.045776824049948539e+00,3.563103001918091373e+00,1.931377083862513055e+00
2.921947965310206730e+00,-1.557847667293181804e-01,8.405914614095119086e-01,2.718396674175639904e-01,7.569105558307755999e-01,-1.840913172911796014e+00,-4.236344332043701755e+00,1.021636209778763682e+00,-4.416079682500811954e-01,-8.750905591389902538e-01,-2.167208829579171159e+00,-9.888690154617010286e-01,2.665853721864041681e+00,-1.030719315118951762e+00,-2.546569309453458052e-01,-1.790785596423826398e+00,-9.933501243427704797e-01,3.573879005160569999e+00,1.918307343483313110e+00
2.928619079386257429e+00,-1.489922713650971287e-01,8.376399729863341914e-01,2.659621579530626612e-01,7.424311477272217408e-01,-1.847430430011093305e+00,-4.218517532745760690e+00,1.014750953549230728e+00,-4.432190533676122479e-01,-8.869615224095128703e-01,-2.173658577505872103e+00,-9.649935905590442120e-01,2.678605376051902187e+00,-1.033369765303503218e+00,-2.283877376648701940e-01,-1.768070497301553079e+00,-9.401576892839467181e-01,3.583837561492546175e+00,1.904517962812996235e+00
2.935290193462308128e+00,-1.422457623844487762e-01,8.346783195106527442e-01,2.600059639969192760e-01,7.279099018632336771e-01,-1.853788195865365473e+00,-4.200605977930462309e+00,1.007850229350826465e+00,-4.446557324230111519e-01,-8.986797803660033779e-01,-2.179750952360091532e+00,-9.410544433402063813e-01,2.691262616905662597e+00,-1.035357032831226709e+00,-2.023716622681630550e-01,-1.745005202210103690e+00,-8.862117451607358642e-01,3.592983841536214307e+00,1.890000916958599619e+00
2.941961307538358827e+00,-1.355453282382119984e-01,8.317076587588514425e-01,2.539721120267835475e-01,7.133492189896371016e-01,-1.859986063410487223e+00,-4.182610313689457016e+00,1.000938452575014015e+00,-4.459197272340827967e-01,-9.102430100669691715e-01,-2.185480969184749878e+00,-9.170569745417316287e-01,2.703820564275824179e+00,-1.036683802155080381e+00,-1.766186462032027782e-01,-1.721593695454279649e+00,-8.315248800267387441e-01,3.601323304826333338e+00,1.874748525308803204e+00
2.948632421614409527e+00,-1.288910279837587047e-01,8.287291368007201342e-01,2.478616439278010508e-01,6.987515328297042583e-01,-1.866023661487655749e+00,-4.164531218838760651e+00,9.940200196357389384e-01,-4.470128254597094397e-01,-9.216489153548548252e-01,-2.190843728197741314e+00,-8.930065475279977960e-01,2.716274287938237553e+00,-1.037353078053893762e+00,-1.511384865959639612e-01,-1.697840022482917099e+00,-7.761100407831695858e-01,3.608861695230183297e+00,1.858753456990392294e+00
2.955303535690460226e+00,-1.222828914187110150e-01,8.257438875634560693e-01,2.416756168125759885e-01,6.841193095029708404e-01,-1.871900654587792090e+00,-4.146369405244970885e+00,9.870993058371952955e-01,-4.479368796254990515e-01,-9.328952272625082864e-01,-2.195834417175649200e+00,-8.689084864100050654e-01,2.728618809944997725e+00,-1.037368184204288113e+00,-1.259408327935498395e-01,-1.673748289457066996e+00,-7.199805300996120483e-01,3.615605036251671400e+00,1.842008736163624150e+00
2.961974649766510925e+00,-1.157209192288534971e-01,8.227530324022470642e-01,2.354151028384341426e-01,6.694550469332372078e-01,-1.877616742583485099e+00,-4.128125618135715769e+00,9.801806632515837059e-01,-4.486938061265848265e-01,-9.439797044167366202e-01,-2.200448313816416146e+00,-8.447680741958624173e-01,2.740849107010124186e+00,-1.036732761604300723e+00,-1.010351829737902163e-01,-1.649322662811622653e+00,-6.631500031750332536e-01,3.621559626222008443e+00,1.824507747153923942e+00
2.968645763842561625e+00,-1.092050831501626407e-01,8.197576796775775110e-01,2.290811890220003644e-01,6.547612742408660536e-01,-1.883171660448715645e+00,-4.109800636394040474e+00,9.732684186079024746e-01,-4.492855842080415996e-01,-9.549001334389244366e-01,-2.204680788079852238e+00,-8.205905509737364545e-01,2.752960112928910075e+00,-1.035450766849366877e+00,-7.643088082245563797e-02,-1.624567368810246881e+00,-6.056324643396582275e-01,3.626732033379801212e+00,1.806244239417044373e+00
2.975316877918612324e+00,-1.027353261448856192e-01,8.167589243394115517e-01,2.226749770511190774e-01,6.400405511195578212e-01,-1.888565177966557096e+00,-4.091395272836578556e+00,9.663668711927172472e-01,-4.497142549233550946e-01,-9.656543293426477215e-01,-2.208527304504955602e+00,-7.963811121279821270e-01,2.764946721029851506e+00,-1.033526470261372898e+00,-5.213711227926232095e-02,-1.599486693093518763e+00,-5.474422634986231273e-01,3.631129090843079776e+00,1.787212332335260001e+00
2.981987991994663023e+00,-9.631156259157666599e-02,8.137578475183956384e-01,2.161975830941258170e-01,6.252954671977311030e-01,-1.893797099425101216e+00,-4.072910374475231521e+00,9.594802907639007339e-01,-4.499819200714208489e-01,-9.762401359282641966e-01,-2.211983424502990569e+00,-7.721449065891597963e-01,2.776803786657986883e+00,-1.030964453871551445e+00,-2.816290235376506246e-02,-1.574084980220133323e+00,-4.885940924181499945e-01,3.634757891476136926e+00,1.767406519841932866e+00
2.988659106070713722e+00,-8.993367848900690742e-02,8.107555161242244735e-01,2.096501376065013633e-01,6.105286413847063054e-01,-1.898867263301814212e+00,-4.054346822762200375e+00,9.526129154783214981e-01,-4.500907411125400492e-01,-9.866554261744079346e-01,-2.215044808625244332e+00,-7.478870351186528431e-01,2.788526129688509769e+00,-1.027769609258085470e+00,-4.517112012270008137e-03,-1.548366633201064602e+00,-4.291029808552957459e-01,3.637625782653929107e+00,1.746821674872070851e+00
2.995330220146764422e+00,-8.360153167384987150e-02,8.077529824513043355e-01,2.030337851349221234e-01,5.957427212018334695e-01,-1.903775541936573168e+00,-4.035705533818140900e+00,9.457689498344298284e-01,-4.500429380638790722e-01,-9.968981026263614709e-01,-2.217707218804475744e+00,-7.236125486285334141e-01,2.800108537069491810e+00,-1.023947135239306583e+00,1.879156486322342001e-02,-1.522336113026550475e+00,-3.689842925321724643e-01,3.639740360926834395e+00,1.725453053636486933e+00
3.002001334222815121e+00,-7.731495205203936516e-02,8.047512837918551210e-01,1.963496841187317987e-01,5.809403820987689704e-01,-1.908521841193609569e+00,-4.016987458643266784e+00,9.389525626307231310e-01,-4.498407883748961611e-01,-1.006966097781240910e+00,-2.219966520568964263e+00,-6.993264465373565386e-01,2.811545765392515328e+00,-1.019502535423498779e+00,4.175460444296830165e-02,-1.495997938185778642e+00,-3.082537209558133817e-01,3.641109466588717147e+00,1.703296299717261153e+00
3.008672448298865820e+00,-7.107374184369028014e-02,8.017514420565762245e-01,1.895990066888527115e-01,5.661243267550678526e-01,-1.913106100112608177e+00,-3.998193583311208776e+00,9.321678849410194312e-01,-4.494866257832043632e-01,-1.016857374469956721e+00,-2.221818685228181600e+00,-6.750336751624917975e-01,2.822832543490038315e+00,-1.014441615616317405e+00,6.436365584335201895e-02,-1.469356684179145001e+00,-2.469272850847359368e-01,3.641741178151142400e+00,1.680347447982311504e+00
3.015343562374916520e+00,-6.487767584147005606e-02,7.987544634030159241e-01,1.827829384641606880e-01,5.512972843672997447e-01,-1.917528290549203929e+00,-3.979324929145467316e+00,9.254190081075104324e-01,-4.489828391513882577e-01,-1.026569926235895158e+00,-2.223259792029033566e+00,-6.507391261496394685e-01,2.833963575058242146e+00,-1.008770481086973536e+00,8.661054394569522863e-02,-1.442416983022957178e+00,-1.850213248435021995e-01,3.641643806726760246e+00,1.656602928316917245e+00
3.022014676450967219e+00,-5.872650168229387457e-02,7.957613378717514063e-01,1.759026783453455645e-01,5.364620099218739835e-01,-1.921788416805124688e+00,-3.960382552878279672e+00,9.187099817525112844e-01,-4.483318712852596422e-01,-1.036101777710266569e+00,-2.224286030281683590e+00,-6.264476349400939226e-01,2.844933541304185631e+00,-1.002495533694312657e+00,1.084872721390940375e-01,-1.415183522746456202e+00,-1.225524964864730393e-01,3.640825890324785874e+00,1.632059569170189128e+00
3.028685790527017918e+00,-5.261994013222215383e-02,7.927730390305254282e-01,1.689594383062774097e-01,5.216212834537966581e-01,-1.925886515248243835e+00,-3.941367546791759935e+00,9.120448118098521961e-01,-4.475362177340818648e-01,-1.045450984984076293e+00,-2.224893701453940942e+00,-6.021639792763622268e-01,2.855737103615965111e+00,-9.956234688740730476e-01,1.299860249863326045e-01,-1.387661046881020432e+00,-5.953776781219910497e-02,3.639296188061677650e+00,1.606714600914484370e+00
3.035356904603068617e+00,-4.655768538441940052e-02,7.897905236264362028e-01,1.619544431829036957e-01,5.067779092915529748e-01,-1.929822653922783404e+00,-3.922281038841137768e+00,9.054274585768219419e-01,-4.465984255732581287e-01,-1.054615635976659194e+00,-2.225079221233237092e+00,-5.778928777466652011e-01,2.866368906254687321e+00,-9.881612724885866506e-01,1.510991708120587029e-01,-1.359854353941427840e+00,4.005586770237101746e-03,3.637063674289991777e+00,1.580565659015915170e+00
3.042028018679119317e+00,-4.053940537003913880e-02,7.868147312463086296e-01,1.548889304596990368e-01,4.919347152883516427e-01,-1.933596932149949099e+00,-3.903124192759980904e+00,8.988618347875900749e-01,-4.455210921700243354e-01,-1.063593850800728102e+00,-2.224839121555192367e+00,-5.536389883688797031e-01,2.876823579066925873e+00,-9.801162175403181909e-01,1.718192642123381741e-01,-1.331768296899038972e+00,6.805999132134488150e-02,3.634137532648612279e+00,1.553610787014145789e+00
3.048699132755170016e+00,-3.456474208188900499e-02,7.838465839853567818e-01,1.477641500536922281e-01,4.770945520399521023e-01,-1.937209480119239213e+00,-3.883898208147259723e+00,8.923518037089963606e-01,-4.443068639326591129e-01,-1.072383782123879747e+00,-2.224170052597812308e+00,-5.294069072144226284e-01,2.887095740216438333e+00,-9.714958607506483101e-01,1.921390484847962377e-01,-1.303407782646782920e+00,1.326075735963181401e-01,3.630527150037366813e+00,1.525848439309802185e+00
3.055370246831220715e+00,-2.863331191071796789e-02,7.808869861242390131e-01,1.405813640960928146e-01,4.622602920892950329e-01,-1.940660458470722549e+00,-3.864604320536115800e+00,8.859011772596121492e-01,-4.429584350437493212e-01,-1.080983615526503350e+00,-2.223068784740349635e+00,-5.052011670725704562e-01,2.897179998933833822e+00,-9.623080390053989630e-01,2.120514579786016984e-01,-1.274777771455798847e+00,1.976301704134899584e-01,3.626242110519278583e+00,1.497277483757841532e+00
3.062041360907271415e+00,-2.274470599397473980e-02,7.779368238146222581e-01,1.333418467115413952e-01,4.474348291182015380e-01,-1.943950057868528036e+00,-3.845243801444241605e+00,8.795137141529554281e-01,-4.414785461780548204e-01,-1.089391569856037023e+00,-2.221532210485868575e+00,-4.810262361556971733e-01,2.907070958282861994e+00,-9.525608656686679332e-01,2.315496203634945793e-01,-1.245883276423606301e+00,2.631093331643912236e-01,3.621292189153613172e+00,1.467897204065372385e+00
3.068712474983322114e+00,-1.689849057686865219e-02,7.749969647733416789e-01,1.260468837950119159e-01,4.326210771263527821e-01,-1.947078498565844029e+00,-3.825817958405746566e+00,8.731931180657297453e-01,-4.398699832054965286e-01,-1.097605897577516476e+00,-2.219557346346601623e+00,-4.568865168458692283e-01,2.916763217942081710e+00,-9.422627267665448780e-01,2.506268588172264611e-01,-1.216729362913687940e+00,3.290263334637706372e-01,3.615687345762892857e+00,1.437707301992501296e+00
3.075383589059372813e+00,-1.109420738556468611e-02,7.720682579852669036e-01,1.186977727863848531e-01,4.178219695978369064e-01,-1.950046029961692851e+00,-3.806328134984428679e+00,8.669430358319520913e-01,-4.381355758798379796e-01,-1.105624885120348511e+00,-2.217141334691131505e+00,-4.327863444832372730e-01,2.926251377000512743e+00,-9.314222770424300801e-01,2.692766941306737882e-01,-1.187321147986333703e+00,3.953621689376363157e-01,3.609437718637193537e+00,1.406707899354839864e+00
3.082054703135423512e+00,-5.331374012336798085e-03,7.691515334149595651e-01,1.112958224427208209e-01,4.030404586554854895e-01,-1.952852930149759692e+00,-3.786775710768338854e+00,8.607670556638179482e-01,-4.362781965135897333e-01,-1.113446853221268462e+00,-2.214281445552525263e+00,-4.087299861966205983e-01,2.935530036766013318e+00,-9.200484358856383382e-01,2.874928467300474910e-01,-1.157663799820623618e+00,4.620975691475746050e-01,3.602553618178900852e+00,1.374899539826412331e+00
3.088725817211474212e+00,3.905156875004811567e-04,7.662476017272172868e-01,1.038423526082598303e-01,3.882795142032950397e-01,-1.955499505459566967e+00,-3.767162101345586489e+00,8.546687054001489425e-01,-4.343007586397110154e-01,-1.121070157263403200e+00,-2.210975078396480331e+00,-3.847216397766859419e-01,2.944593803584990344e+00,-9.081503831351223077e-01,3.052692386155408943e-01,-1.127762537127429354e+00,5.292130016492611055e-01,3.595045520491291224e+00,1.342283190541824656e+00
3.095396931287524911e+00,6.071991187072051099e-03,7.633572540165841636e-01,9.633869398217102809e-02,3.735421230571782103e-01,-1.957986089990270351e+00,-3.747488758261286357e+00,8.486514507832394472e-01,-4.322062156606483740e-01,-1.128493187611393722e+00,-2.207219763848622396e+00,-3.607654325920676142e-01,2.953437291672145193e+00,-8.957375547601134080e-01,3.225999952159088746e-01,-1.097622628553287294e+00,5.966886781832994036e-01,3.586924060914168155e+00,1.308860243496590359e+00
3.102068045363575610e+00,1.171360486802072720e-02,7.604812615459187741e-01,8.878618788408070006e-02,3.588312880643403924e-01,-1.960313045137372701e+00,-3.727757168955613487e+00,8.427186937649322473e-01,-4.299975594852942229e-01,-1.135714369942504076e+00,-2.203013165380067750e+00,-3.368654205487886522e-01,2.962055125948869883e+00,-8.828196384196403956e-01,3.394794471583828521e-01,-1.067249392075035885e+00,6.645045609961861555e-01,3.578200027509950587e+00,1.274632516744656385e+00
3.108739159439626309e+00,1.731593158938921073e-02,7.576203754940920021e-01,8.118618601740293372e-02,3.441500272115416426e-01,-1.962480759112636308e+00,-3.707968856682879011e+00,8.368737708427032018e-01,-4.276778191544146068e-01,-1.142732165573669079e+00,-2.198353080950378846e+00,-3.130255870932793227e-01,2.970441944888967623e+00,-8.694065689028217525e-01,3.559021319534805272e-01,-1.036648194385064503e+00,7.326403692893936892e-01,3.568884354503477407e+00,1.239602255392225683e+00
3.115410273515677009e+00,2.287956824549908230e-02,7.547753267128902710e-01,7.354005023050670664e-02,3.295013727225558631e-01,-1.964489646457493910e+00,-3.688125380411622523e+00,8.311199514265712462e-01,-4.252500594551265056e-01,-1.149545071784399797e+00,-2.193237444607091913e+00,-2.892498422593240415e-01,2.978592403370305952e+00,-8.555085234520097837e-01,3.718627955942075403e-01,-1.005824450267085446e+00,8.010755857942650771e-01,3.558988115678971553e+00,1.203772132387099791e+00
3.122081387591727708e+00,2.840513331304650446e-02,7.519468254931988005e-01,6.584915227573749641e-02,3.148883701450947425e-01,-1.966340147550252215e+00,-3.668228334705640581e+00,8.254604362375830284e-01,-4.227173795249911659e-01,-1.156151622135499712e+00,-2.187664328040951567e+00,-2.655420217591702992e-01,2.986501175531060426e+00,-8.411359169708041428e-01,3.873563940692507090e-01,-9.747836219622582066e-01,8.697894634705851669e-01,3.548522517737461079e+00,1.167145249102809146e+00
3.128752501667778407e+00,3.389326638761347432e-02,7.491355613405301650e-01,5.811487356633117385e-02,3.003140774275158131e-01,-1.968032728107369289e+00,-3.648279349585980214e+00,8.198983557386403387e-01,-4.200829114463018876e-01,-1.162550386783516743e+00,-2.181631942096075250e+00,-2.419058861190912513e-01,2.994162957629178834e+00,-8.262993971190766285e-01,4.023780947897431792e-01,-9.435312185255906314e-01,9.387610323264123924e-01,3.537498893618059803e+00,1.129725135716987294e+00
3.135423615743829107e+00,3.934462770983096491e-02,7.463422027599592168e-01,5.033860493124098223e-02,2.857815639856000622e-01,-1.969567878679126638e+00,-3.628280090373812161e+00,8.144367685984383876e-01,-4.173498188311437485e-01,-1.168739972790870940e+00,-2.175138638234194399e+00,-2.183451198595999232e-01,3.001572470903653755e+00,-8.110098392972049375e-01,4.169232779292846303e-01,-9.120727951724498794e-01,1.007969106356887412e+00,3.525928695786575862e+00,1.091515751383381749e+00
3.142094729819879806e+00,4.475989768139579383e-02,7.435673970505303210e-01,4.252174636791401785e-02,2.712939097597267812e-01,-1.970946114139973115e+00,-3.608232257514250918e+00,8.090786601892009378e-01,-4.145212953978015258e-01,-1.174719024431585490e+00,-2.168182909952245829e+00,-1.948633307205475118e-01,3.008724464436287604e+00,-7.952783415216824192e-01,4.309875376768436128e-01,-8.804139526151130157e-01,1.077392290599531233e+00,3.513823489494707797e+00,1.052521484197206592e+00
3.148765843895930505e+00,5.013977637119193531e-02,7.408117701091843088e-01,3.466570679303944413e-02,2.568542042627383060e-01,-1.972167973173855726e+00,-3.588137586381056732e+00,8.038269411189858937e-01,-4.116005635391043471e-01,-1.180486223492562159e+00,-2.160763394152489969e+00,-1.714640489312688754e-01,3.015613718012503774e+00,-7.791162191944593918e-01,4.445666834023134228e-01,-8.485603363891869311e-01,1.147008988303598320e+00,3.501194946013419518e+00,1.012747150953394071e+00
3.155436957971981204e+00,5.548498301172924418e-02,7.380759262442644353e-01,2.677190379130301584e-02,2.424655456188333502e-01,-1.973234017754826208e+00,-3.567997847062277739e+00,7.986844457992071655e-01,-4.085908728832835513e-01,-1.186040289570329920e+00,-2.152878872464448090e+00,-1.481507265259487394e-01,3.022235044979881380e+00,-7.625349997682551173e-01,4.576567407344169780e-01,-8.165176361698264218e-01,1.216797408210918974e+00,3.488054835843733326e+00,9.721979966976157517e-01
3.162108072048031904e+00,6.079625548614833730e-02,7.353604479986464160e-01,1.884176336218005079e-02,2.281310395938023761e-01,-1.974144832623238255e+00,-3.547814844126829570e+00,7.936539310481061094e-01,-4.054954988479355649e-01,-1.191379980363190150e+00,-2.144528272517887579e+00,-1.249267367043536137e-01,3.028583295102982742e+00,-7.455464173102966940e-01,4.702539525507863916e-01,-7.842915850776225328e-01,1.286735571945627488e+00,3.474415021908525247e+00,9.308796940699011202e-01
3.168779186124082603e+00,6.607434980603310581e-02,7.326658959825342876e-01,1.087671966479028529e-02,2.138537986169309901e-01,-1.974901024757823365e+00,-3.527590416372037296e+00,7.887380747308041506e-01,-4.023177411876681098e-01,-1.196504091958707772e+00,-2.135710669166164699e+00,-1.017953732380209031e-01,3.034653357413123587e+00,-7.281624069668379828e-01,4.823547798800231767e-01,-7.518879589740333769e-01,1.356801321510195057e+00,3.460287452728627144e+00,8.887983424408085753e-01
3.175450300200133302e+00,7.132003958027069435e-02,7.299928087159675005e-01,2.878214760854317517e-03,1.996369407949197261e-01,-1.975503222843966178e+00,-3.507326436552204107e+00,7.839394744366219303e-01,-3.990609225360319812e-01,-1.201411459116455527e+00,-2.126425285659205855e+00,-7.875984992202633705e-02,3.040440163051674194e+00,-7.103950993309856576e-01,4.939559027155863147e-01,-7.193125757462787151e-01,1.426972326884959674e+00,3.445684155586753672e+00,8.459604668402536110e-01
3.182121414276184002e+00,7.653411547521696279e-02,7.273417024810685527e-01,-5.152301644222610777e-03,1.854835889181349617e-01,-1.975952076738469065e+00,-3.487024811088218712e+00,7.792606461942761520e-01,-3.957283869423064981e-01,-1.206100955545962528e+00,-2.116671494765460348e+00,-5.582330007237823466e-02,3.045938688105548131e+00,-6.922568147162861951e-01,5.050542207414192575e-01,-6.865712945815691803e-01,1.497226093728530438e+00,3.430617229682609182e+00,8.023730166791034346e-01
3.188792528352234701e+00,8.171738466641706444e-02,7.247130711840724659e-01,-1.321337246210278413e-02,1.713968694595629505e-01,-1.976248256931118386e+00,-3.466687479758292945e+00,7.747040232255892889e-01,-3.923234984037486939e-01,-1.210571494179777607e+00,-2.106448819842150044e+00,-3.298877606910255444e-02,3.051143956433439719e+00,-6.737600573386933744e-01,5.156468539692283803e-01,-6.536700152305853218e-01,1.567539971176144409e+00,3.415098839282670440e+00,7.580433642638437775e-01
3.195463642428285400e+00,8.687067028214257025e-02,7.221073862271557564e-01,-2.130353348407446751e-02,1.573799115667867399e-01,-1.976392454003352173e+00,-3.446316415369870878e+00,7.702719547383127807e-01,-3.888496393938795093e-01,-1.214822027441586627e+00,-2.095756935853175573e+00,-1.025924894502905360e-02,3.056051042481490843e+00,-6.549175094094668026e-01,5.257311432873853496e-01,-6.206146772600955597e-01,1.637891159733211088e+00,3.399141206868006471e+00,7.129793031046229856e-01
3.202134756504336099e+00,9.199481083900859502e-02,7.195250963901002050e-01,-2.942131364538377522e-02,1.434358460473497132e-01,-1.976385378084339672e+00,-3.425913623412789821e+00,7.659667047586399269e-01,-3.853102093874054557e-01,-1.218851547509306688e+00,-2.084595670334058237e+00,1.236239197971600312e-02,3.060655074086969130e+00,-6.357420251416565637e-01,5.353046509214424153e-01,-5.874112592946146849e-01,1.708256719261124656e+00,3.382756606283584766e+00,6.671890460171359116e-01
3.208805870580386799e+00,9.709065966993461749e-02,7.169666277218020856e-01,-3.756523529130079142e-02,1.295678043478682984e-01,-1.976227758304780258e+00,-3.405481141693794012e+00,7.617904510039936739e-01,-3.817086233823626662e-01,-1.222659086573085974e+00,-2.072965004303304326e+00,3.487333941752068789e-02,3.064951235268596363e+00,-6.162466246728938168e-01,5.443651608063118097e-01,-5.540657782470280734e-01,1.778613577052348793e+00,3.365957355892502001e+00,6.206812230189204804e-01
3.215476984656437498e+00,1.021590843447226227e-01,7.144323834416497210e-01,-4.573381444489340447e-02,1.157789175272352089e-01,-1.975920342248703721e+00,-3.385021039952468502e+00,7.577452837966158761e-01,-3.780483104200710320e-01,-1.226243717088130403e+00,-2.060865073119614088e+00,5.727086838746386910e-02,3.068934769002171326e+00,-5.964444879071373329e-01,5.529106788701529940e-01,-5.205842885380715934e-01,1.848938535991872190e+00,3.348755811738457489e+00,5.734648790206384739e-01
3.222148098732488197e+00,1.072009660835231970e-01,7.119227438507835792e-01,-5.392556107646755831e-02,1.020723152242974385e-01,-1.975463895403615666e+00,-3.364535419458726917e+00,7.538332050185101441e-01,-3.743327121034948357e-01,-1.229604552022289354e+00,-2.048296167284365144e+00,7.955233644390602432e-02,3.072600979980088631e+00,-5.763489482782182538e-01,5.609394332300903230e-01,-4.869728813045958171e-01,1.919208282801877496e+00,3.331164360719969686e+00,5.255494713131572126e-01
3.228819212808538897e+00,1.122171991634737243e-01,7.094380662532381310e-01,-6.213897937464470805e-02,8.845112462035067957e-02,-1.974859200609253351e+00,-3.344026412591925457e+00,7.500561271082383241e-01,-3.705652811145799808e-01,-1.232740745098321211e+00,-2.035258733188815228e+00,1.017151838596068725e-01,3.075945237353439943e+00,-5.559734864379095587e-01,5.684498742999064547e-01,-4.532376835965148953e-01,1.989399396366699158e+00,3.313195413779626008e+00,4.769448668511655498e-01
3.235490326884589596e+00,1.172086903187814638e-01,7.069786848869801243e-01,-7.037256801903374326e-02,7.491846939684779216e-02,-1.974107057505281704e+00,-3.323496182401758148e+00,7.464158721000717645e-01,-3.667494797311777743e-01,-1.235651491030762550e+00,-2.021753373805522891e+00,1.237569337634532030e-01,3.078962977455288463e+00,-5.353317238714161430e-01,5.754406748098651603e-01,-4.193848575623855268e-01,2.059488356134766995e+00,3.294861399111807199e+00,4.276613393343429159e-01
3.242161440960640295e+00,1.221763581345390592e-01,7.045449108648402792e-01,-7.862482045446905765e-02,6.147746868867484671e-02,-1.973208281978211742e+00,-3.302946922151053677e+00,7.429141707059609967e-01,-3.628887783441216985e-01,-1.238336025757327263e+00,-2.007780849323464345e+00,1.456751922329551086e-01,3.081649706503831521e+00,-5.144374164430891572e-01,5.819107297388805833e-01,-3.854205996235199327e-01,2.129451550594530396e+00,3.276174755392159632e+00,3.777095660870153360e-01
3.248832555036690994e+00,1.271211324345609406e-01,7.021370321253365132e-01,-8.689422516676774400e-02,4.813123603338637091e-02,-1.972163705607861139e+00,-3.282380854840612372e+00,7.395526614407962329e-01,-3.589866539750530272e-01,-1.240793626664756122e+00,-1.993342077726371064e+00,1.674676483416446260e-01,3.084001003284047471e+00,-4.933044478753376705e-01,5.878591561592859671e-01,-3.513511396365914807e-01,2.199265285821016658e+00,3.257147925032252367e+00,3.271006247374916853e-01
3.255503669112741694e+00,1.320439536635311661e-01,6.997553133933760439e-01,-9.517926595998214834e-02,3.488287831676104012e-02,-1.970974175113644700e+00,-3.261800232716207226e+00,7.363328897913798965e-01,-3.550465887955651656e-01,-1.243023612809044165e+00,-1.978438135313815405e+00,1.891320741615873380e-01,3.086012521806549724e+00,-4.719468231636008149e-01,5.932852929944744114e-01,-3.171827400446179945e-01,2.268905794089928207e+00,3.237793347462640803e+00,2.758459896981890758e-01
3.262174783188792393e+00,1.369457722637529296e-01,6.973999961508372536e-01,-1.034784222350971228e-01,2.173549471508584574e-02,-1.969640551800996953e+00,-3.241207336757957247e+00,7.332563074295375127e-01,-3.510720686482656228e-01,-1.245025345129961547e+00,-1.963070257164628352e+00,2.106663247211735257e-01,3.087679993942277878e+00,-4.503786619304084304e-01,5.981887006897190773e-01,-2.829216950163160327e-01,2.338349242555835428e+00,3.218123452447710253e+00,2.239575284479400352e-01
3.268845897264843092e+00,1.418275480467974525e-01,6.950712986170028973e-01,-1.117901692701421534e-01,8.692175634535392881e-03,-1.968163711008226624e+00,-3.220604476152188145e+00,7.303242714697562032e-01,-3.470665815703125601e-01,-1.246798226659798781e+00,-1.947239837542209084e+00,2.320683379184342865e-01,3.088999232031747422e+00,-4.286141917214771890e-01,6.025691607965222296e-01,-2.485743295737332104e-01,2.407571741991280767e+00,3.198150653435548385e+00,1.714474976178133048e-01
3.275517011340893792e+00,1.466902495603452650e-01,6.927694157388410989e-01,-1.201129785016728790e-01,-4.243998351953381931e-03,-1.966544541554092973e+00,-3.199993987745985979e+00,7.275380437717265947e-01,-3.430336163200189969e-01,-1.248341702726248448e+00,-1.930948430241354652e+00,2.533361343901082696e-01,3.089966131467535959e+00,-4.066677412468694408e-01,6.064266754708672602e-01,-2.141469987081336401e-01,2.476549355583348433e+00,3.177887340946063510e+00,1.183285388819586004e-01
3.282188125416944491e+00,1.515348534505375766e-01,6.904945191910939473e-01,-1.284453178075917745e-01,-1.706995756993068269e-02,-1.964783945186410641e+00,-3.179378235484603632e+00,7.248987902881625089e-01,-3.389766609070837822e-01,-1.249655261149350771e+00,-1.914197748876202088e+00,2.744678173367596230e-01,3.090576673248690120e+00,-3.845537335703199666e-01,6.097614668858188924e-01,-1.796460864840451199e-01,2.545258107784374779e+00,3.157345876000707818e+00,6.461367465502165786e-02
3.288859239492995190e+00,1.563623438201148519e-01,6.882467573861664745e-01,-1.367856517912590664e-01,-2.978264431040129889e-02,-1.962882836031956124e+00,-3.158759609831939486e+00,7.224075804582031912e-01,-3.348992011270315872e-01,-1.250738432432424885e+00,-1.896989667108977429e+00,2.954615723041887909e-01,3.090826926505815031e+00,-3.622866792497015931e-01,6.125739765588626984e-01,-1.450780051314805863e-01,2.613673993213339486e+00,3.136538583596836460e+00,1.031630359783131112e-02
3.295530353569045889e+00,1.611737115826716860e-01,6.860262554937699431e-01,-1.451324420668557991e-01,-4.237901389811980779e-02,-1.960842140047987403e+00,-3.138140527174254846e+00,7.200653866467433550e-01,-3.308047191004191423e-01,-1.251590789946902538e+00,-1.879326218819189931e+00,3.163156669214804984e-01,3.090713050995534505e+00,-3.398811694318439880e-01,6.148648645945212765e-01,-1.104491941262622373e-01,2.681772985604481185e+00,3.115477746230049583e+00,-4.454980406689834638e-02
3.302201467645096589e+00,1.659699538133194152e-01,6.838331154702989023e-01,-1.534841475459633453e-01,-5.485603576081904409e-02,-1.958662794475648061e+00,-3.117523429207373464e+00,7.178730836299628271e-01,-3.266966918173759837e-01,-1.252211950110986516e+00,-1.861209598212986593e+00,3.370284505960027266e-01,3.090231299563070522e+00,-3.173518689047151176e-01,6.166350088427193787e-01,-7.576611925842165196e-02,2.749531046799714495e+00,3.094175597467542005e+00,-9.997051142703927695e-02
3.308872581721147288e+00,1.707520730960737643e-01,6.816674160978939412e-01,-1.618392247253099825e-01,-6.721069449896048542e-02,-1.956345747295552995e+00,-3.096910782307552346e+00,7.158314481273460039e-01,-3.225785896880444814e-01,-1.252601572562056509e+00,-1.842642159872384777e+00,3.575983541657112852e-01,3.089378020571706074e+00,-2.947135091102103255e-01,6.178855039734650889e-01,-4.103527168865944708e-02,2.816924135781234462e+00,3.072644315575676632e+00,-1.559313199396807903e-01
3.315543695797197987e+00,1.755210768682780864e-01,6.795292130331538338e-01,-1.701961279756506740e-01,-7.943999095562255530e-02,-1.953891956685830600e+00,-3.076305076886259204e+00,7.139411583804324835e-01,-3.184538750994595491e-01,-1.252759360322737159e+00,-1.823626418744108246e+00,3.780238895091389550e-01,3.088149660297874188e+00,-2.719808811206192445e-01,6.186176604684212599e-01,-6.263166992821589396e-03,2.883928217740920896e+00,3.050896017204793864e+00,-2.124173746740192215e-01
3.322214809873248687e+00,1.802779767623705898e-01,6.774185388654541118e-01,-1.785533098317296230e-01,-9.154094328610183628e-02,-1.951302390482912319e+00,-3.055708826729093275e+00,7.122027937785389007e-01,-3.143260009794426324e-01,-1.252685059960556124e+00,-1.804165050067820575e+00,3.983036491134496204e-01,3.086542765290664292e+00,-2.491688285820358173e-01,6.188330035299755005e-01,2.854365580559553583e-02,2.950519273182809599e+00,3.028942751134395817e+00,-2.694134697362517983e-01
3.328885923949299386e+00,1.850237879453115186e-01,6.753354031848199934e-01,-1.869092212832880739e-01,-1.035105880268402528e-01,-1.948578025645337553e+00,-3.035124568319083060e+00,7.106168345316509205e-01,-3.101984093680377752e-01,-1.252378461741104010e+00,-1.784260889243534542e+00,4.184363056009723913e-01,3.084553984694552664e+00,-2.262922406278181642e-01,6.185332719084450925e-01,6.337863521493794505e-02,3.016673307055198094e+00,3.006796492081637240e+00,-3.269040538744212299e-01
3.335557038025350085e+00,1.897595284559864537e-01,6.732797926593029336e-01,-1.952623120670717582e-01,-1.153459811632559923e-01,-1.945719847720857043e+00,-3.014554860144631476e+00,7.091836613906865594e-01,-3.060745299970542010e-01,-1.251839399774621997e+00,-1.763916931638008556e+00,4.384206112146550871e-01,3.082180072534125070e+00,-2.033660447654064285e-01,6.177204166480941838e-01,9.823518826688887318e-02,3.082366357908653764e+00,2.984469134576197114e+00,-3.848732362608036084e-01
3.342228152101400784e+00,1.944862185409061417e-01,6.712516711218036169e-01,-2.036110309597942702e-01,-1.270441991960907235e-01,-1.942728850317104072e+00,-2.994002281992319325e+00,7.079035554152923737e-01,-3.019577788782266126e-01,-1.251067752155933688e+00,-1.743136332329962901e+00,4.582553972628916061e-01,3.079417889959653820e+00,-1.804051997396528551e-01,6.163965997526855700e-01,1.331067115199635609e-01,3.147574507076407180e+00,2.961972486904434376e+00,-4.433047924495925329e-01
3.348899266177451484e+00,1.992048799885080546e-01,6.692509796662833299e-01,-2.119538260720109646e-01,-1.386023402058420562e-01,-1.939606034576103255e+00,-2.973469434224888630e+00,7.067766977893151781e-01,-2.978515569005578678e-01,-1.250063441097645889e+00,-1.721922405794007016e+00,4.779395735241745991e-01,3.076264407452352856e+00,-1.574246883759213844e-01,6.145641927712572894e-01,1.679865820749859573e-01,3.212273887873402956e+00,2.939318265125723251e+00,-5.021821705073428177e-01
3.355570380253502183e+00,2.039165354623953819e-01,6.672776367533030939e-01,-2.202891451428594105e-01,-1.500175249148877343e-01,-1.936352408652884938e+00,-2.952958937044642074e+00,7.058031696840812996e-01,-2.937592484373553470e-01,-1.248826433056529073e+00,-1.700278625523127918e+00,4.974721276120970259e-01,3.072716706988152247e+00,-1.344395104062551249e-01,6.122257753049412665e-01,2.028681586025541383e-01,3.276440694810348386e+00,2.916518087163916029e+00,-5.614884973136704538e-01
3.362241494329552882e+00,2.086222078338131336e-01,6.653315383248202819e-01,-2.286154358356185523e-01,-1.612868977468845944e-01,-1.932968987198462107e+00,-2.932473429742550319e+00,7.049829521695720747e-01,-2.896842199634915294e-01,-1.247356738853010683e+00,-1.678208623589694248e+00,5.168521243011729993e-01,3.068771984158907173e+00,-1.114646752817777253e-01,6.093841334355681871e-01,2.377447823824421491e-01,3.340051192819129877e+00,2.893583466976659579e+00,-6.212065850296268898e-01
3.368912608405603581e+00,2.133229195137048007e-01,6.634125579281702212e-01,-2.369311460340449982e-01,-1.724076278830347642e-01,-1.929456790847442038e+00,-2.912015569933348313e+00,7.043159261735980614e-01,-2.856298186834008157e-01,-1.245654413783688463e+00,-1.655716190144855382e+00,5.360787048140588373e-01,3.064427550249867682e+00,-8.851519497471838083e-02,6.060422580769373457e-01,2.726097783549636389e-01,3.403081726485837510e+00,2.870525808805464596e+00,-6.813189377310115979e-01
3.375583722481654281e+00,2.180196917846447535e-01,6.615205468491696106e-01,-2.452347241394322030e-01,-1.833769103148082391e-01,-1.925816845710512704e+00,-2.891588032776930106e+00,7.038018724890067190e-01,-2.815993711703353442e-01,-1.243719557726793434e+00,-1.632805272856363565e+00,5.551510860706625472e-01,3.059680834272385130e+00,-6.560607677320973163e-02,6.022033432495481620e-01,3.074564561842012544e-01,3.465508729287742895e+00,2.847356401509171686e+00,-7.418077582038904438e-01
3.382254836557704980e+00,2.227135441329878007e-01,6.596553342542550435e-01,-2.535246193683544091e-01,-1.941919668927038489e-01,-1.922050182872065971e+00,-2.871193510186327291e+00,7.034404718289761771e-01,-2.775961820173850070e-01,-1.241552315240521454e+00,-1.609479976284750924e+00,5.740685598997637973e-01,3.054529384950732229e+00,-4.275231607226115393e-02,5.978707842797215122e-01,3.422781113331238023e-01,3.527308732830432891e+00,2.824086412983601413e+00,-8.026549548994288408e-01
3.388925950633755679e+00,2.274054935815387757e-01,6.578167273415820304e-01,-2.617992820510354757e-01,-2.048500473706481584e-01,-1.918157837893206485e+00,-2.850834710022605467e+00,7.032313049304049768e-01,-2.736235325007565500e-01,-1.239152875654150110e+00,-1.585744561197913072e+00,5.928304922136684585e-01,3.048970872662022824e+00,-1.996888916407157932e-02,5.930481759239847328e-01,3.770680261504827935e-01,3.588458376081457235e+00,2.800726884669955119e+00,-8.638421490451726470e-01
3.395597064709806379e+00,2.320965540230854052e-01,6.560045115009947025e-01,-2.700571639303095406e-01,-2.153484304456169118e-01,-1.914140850320386722e+00,-2.830514355276949612e+00,7.031738527053899013e-01,-2.696846792558117434e-01,-1.236521473151866779e+00,-1.561603443824090665e+00,6.114363221465732856e-01,3.043003091328150500e+00,2.729253968891676152e-03,5.877393104197012885e-01,4.118194709695137679e-01,3.648934414596665121e+00,2.777288726154681697e+00,-9.253506819097130354e-01
3.402268178785857078e+00,2.367877355550885021e-01,6.542184504827904812e-01,-2.782967184611105371e-01,-2.256844247920649082e-01,-1.910000263199905790e+00,-2.810235183240321621e+00,7.032674964407661378e-01,-2.657828529663567307e-01,-1.233658386849229238e+00,-1.537061195043359252e+00,6.298855611571809732e-01,3.036623960258788113e+00,2.532719685490980588e-02,5.819481754628536008e-01,4.465257052183029818e-01,3.708713729735544362e+00,2.753782709863243028e+00,-9.871616222177306277e-01
3.408939292861907777e+00,2.414800438158731799e-01,6.524582865751776817e-01,-2.865164011104491815e-01,-2.358553700907578543e-01,-1.905737122598518685e+00,-2.789999944660962683e+00,7.035115180456545936e-01,-2.619212570676611174e-01,-1.230563940862178240e+00,-1.512122539517678721e+00,6.481777920962591422e-01,3.029831525944409520e+00,4.781006372469909227e-02,5.756789521140295296e-01,4.811799785418135467e-01,3.767773337861747063e+00,2.730219465850399541e+00,-1.049255773712189033e+00
3.415610406937958476e+00,2.461744793226270378e-01,6.507237407903416759e-01,-2.947146696578255010e-01,-2.458586380515973002e-01,-1.901352477130376029e+00,-2.769811402890128615e+00,7.039051003469465329e-01,-2.581030664636804195e-01,-1.227238504368527883e+00,-1.486792354759622015e+00,6.663126682397655376e-01,3.022623963798387159e+00,7.016302669057550290e-02,5.689360126335906154e-01,5.157755319354684342e-01,3.826090399525098995e+00,2.706609476689392224e+00,-1.111613682860547403e+00
3.422281521014009176e+00,2.508720368115253119e-01,6.490145130590191380e-01,-3.028899844960233345e-01,-2.556916334300268212e-01,-1.896847377490527897e+00,-2.749672333016361048e+00,7.044473274326321643e-01,-2.543314262589585484e-01,-1.223682491661854499e+00,-1.461075670139942329e+00,6.842899122882043494e-01,3.014999579847222222e+00,9.237131290979072595e-02,5.617239182470739056e-01,5.503055988902074702e-01,3.883642228621297932e+00,2.682963072462461351e+00,-1.174215646701647131e+00
3.428952635090059875e+00,2.555737045803187502e-01,6.473302824334782324e-01,-3.110408089322456715e-01,-2.653517950366170441e-01,-1.892222875995216214e+00,-2.729585520988653258e+00,7.051371850428505006e-01,-2.506094505056627453e-01,-1.219896362197707695e+00,-1.434977665834081151e+00,7.021093153329405201e-01,3.006956812367933995e+00,1.144202117286974851e-01,5.540474168419289303e-01,5.847634065489790700e-01,3.940406301525536836e+00,2.659290425855068918e+00,-1.237041720829926694e+00
3.435623749166110574e+00,2.602804638336734255e-01,6.456707072988124851e-01,-3.191656094895234941e-01,-2.748365967394181819e-01,-1.887480026129170207e+00,-2.709553762728885040e+00,7.059735610085318136e-01,-2.469402209662099612e-01,-1.215880620632070475e+00,-1.408503671707882710e+00,7.197707357900984260e-01,2.998494233471777015e+00,1.362950818045958190e-01,5.459114405966309924e-01,6.191421768744902465e-01,3.996360266196312683e+00,2.635601547356069219e+00,-1.300071727513567366e+00
3.442294863242161274e+00,2.649932880316073769e-01,6.440354255924291005e-01,-3.272628562083622072e-01,-2.841435484586734006e-01,-1.882619882100117215e+00,-2.689579863233867663e+00,7.069552457374610466e-01,-2.433267858919352100e-01,-1.211635816851990510e+00,-1.381659166142656048e+00,7.372740983028363004e-01,2.989610550633329922e+00,1.579813582018590457e-01,5.373211035433416161e-01,6.534351278281995690e-01,4.051481951245620827e+00,2.611906280566134608e+00,-1.363285263943035952e+00
3.448965977318211973e+00,2.697131422413155954e-01,6.424240550316363541e-01,-3.353310229485617078e-01,-2.932701971534986130e-01,-1.877643498400722866e+00,-2.669666635667375054e+00,7.080809327475894310e-01,-2.397721588182394059e-01,-1.207162545998311520e+00,-1.354449774799880490e+00,7.546193926126533169e-01,2.980304608164164204e+00,1.794645594592177429e-01,5.282816990652199340e-01,6.876354745603781016e-01,4.105749374971821020e+00,2.588214297616552972e+00,-1.426661710606525801e+00
3.455637091394262672e+00,2.744409824927250274e-01,6.408361933492061624e-01,-3.433685876911651280e-01,-3.022141278001157505e-01,-1.872551929378164282e+00,-2.649816900442527157e+00,7.093492192473855873e-01,-2.362793173766402077e-01,-1.202461448480422357e+00,-1.326881269325749901e+00,7.718066724005523405e-01,2.970575388630192215e+00,2.007302946248178954e-01,5.187986973295872772e-01,7.217364306111813121e-01,4.159140754351388303e+00,2.564535094700603146e+00,-1.490180239788627015e+00
3.462308205470313371e+00,2.791777551380626443e-01,6.392714185368104651e-01,-3.513740328404758029e-01,-3.109729643612474392e-01,-1.867346228811525011e+00,-2.630033484294906909e+00,7.107586067630035087e-01,-2.328512021241640195e-01,-1.197533209982967195e+00,-1.298959565995911225e+00,7.888360540987320313e-01,2.960422014211948394e+00,2.217642702559655676e-01,5.088777426581001517e-01,7.557312091225568684e-01,4.211634513985841544e+00,2.540877987719491138e+00,-1.553819824188615861e+00
3.468979319546364071e+00,2.839243962157733114e-01,6.377292890962020788e-01,-3.593458455260946094e-01,-3.195443707462694016e-01,-1.862027449497223097e+00,-2.610319219346804331e+00,7.123075018120196278e-01,-2.294907153904858499e-01,-1.192378561464425335e+00,-1.270690724300659991e+00,8.057077156736511814e-01,2.949843748006965694e+00,2.425522973802042848e-01,4.985246508351757200e-01,7.896130240608922879e-01,4.263209295000049970e+00,2.517252108044939707e+00,-1.617559245654531130e+00
3.475650433622414770e+00,2.886818308190773341e-01,6.362093442980316649e-01,-3.672825179049185040e-01,-3.279260517617273440e-01,-1.856596642842641032e+00,-2.590676942162962959e+00,7.139942166234645171e-01,-2.262007201432327808e-01,-1.186998279147507329e+00,-1.242080945470962705e+00,8.224218953811911481e-01,2.938839995273533567e+00,2.630802984146524137e-01,4.877454063558715469e-01,8.233750914502531160e-01,4.313843963888277067e+00,2.493666398400317341e+00,-1.681377104029367908e+00
3.482321547698465469e+00,2.934509724694978061e-01,6.347111044481676956e-01,-3.751825474630488544e-01,-3.361157540518270315e-01,-1.851054858468160758e+00,-2.571109492798216767e+00,7.158169699038791078e-01,-2.229840388718324629e-01,-1.181393184501281279e+00,-1.213136570945623216e+00,8.389788904947738102e-01,2.927410304615051917e+00,2.833343140402755367e-01,4.765461596145162404e-01,8.570106306160736320e-01,4.363517621304159988e+00,2.470129608862236203e+00,-1.745251826105422621e+00
3.488992661774516169e+00,2.982327224956391465e-01,6.332340711614012907e-01,-3.830444373175522221e-01,-3.441112670284998676e-01,-1.845403143817763381e+00,-2.551619713837443015e+00,7.177738876490550313e-01,-2.198434524903263854e-01,-1.175564144214975348e+00,-1.183864080780035799e+00,8.553790560071856675e-01,2.915554369104320642e+00,3.033005100280513622e-01,4.649332240353205581e-01,8.905128654391408771e-01,4.412209610790995384e+00,2.446650292984426933e+00,-1.809161674682971732e+00
3.495663775850566868e+00,3.030279694175374017e-01,6.317777276424085819e-01,-3.908666965180186414e-01,-3.519104237906614530e-01,-1.839642543778377437e+00,-2.532210449428203614e+00,7.198630040011583242e-01,-2.167816992595028025e-01,-1.169512070163375661e+00,-1.154270091996890013e+00,8.716228033069672865e-01,2.903272027347050699e+00,3.229651840138114682e-01,4.529130731462942538e-01,9.238750256197162392e-01,4.459899527448603074e+00,2.423236804045652892e+00,-1.873084757729296390e+00
3.502334889926617567e+00,3.078375883368779653e-01,6.303415389738342700e-01,-3.986478403478598276e-01,-3.595111020322732664e-01,-1.833774100308143140e+00,-2.512884544306509316e+00,7.220822621508565797e-01,-2.138014737287473599e-01,-1.163237919363761863e+00,-1.124361356879295615e+00,8.877105988301898787e-01,2.890563264483960282e+00,3.423147722186239417e-01,4.404923375977872757e-01,9.570903479516226220e-01,4.506567226533083392e+00,2.399897291423382928e+00,-1.936999037634009602e+00
3.509006004002668266e+00,3.126624403333830848e-01,6.289249524113700307e-01,-4.063863906252938585e-01,-3.669112249388297720e-01,-1.827798852073745373e+00,-2.493644842816088669e+00,7.244295152840980467e-01,-2.109054256979493447e-01,-1.156742693924305287e+00,-1.094144761206745420e+00,9.036429626884661115e-01,2.877428213130798884e+00,3.613358561116589707e-01,4.276778021269661556e-01,9.901520776061447648e-01,4.552192831985895971e+00,2.376639697094830250e+00,-2.000882340556733308e+00
3.515677118078718966e+00,3.175033718676606997e-01,6.275273976856883262e-01,-4.140808760039548231e-01,-3.741087620718857587e-01,-1.821717834096975075e+00,-2.474494187921608024e+00,7.269025275731330060e-01,-2.080961591998474192e-01,-1.150027440983873994e+00,-1.063627322434450573e+00,9.194204672740483586e-01,2.863867154255734793e+00,3.800151690123942938e-01,4.144764024696057647e-01,1.023053469425524664e+00,4.596756744888499391e+00,2.353471752266965478e+00,-2.064712365862884536e+00
3.522348232154769665e+00,3.223612141908094308e-01,6.261482873110990610e-01,-4.217298322730737570e-01,-3.811017302412505470e-01,-1.815532077410680900e+00,-2.455435420216246278e+00,7.294989752113713033e-01,-2.053762315031453234e-01,-1.143093252643174518e+00,-1.032816187816520515e+00,9.350437358428729251e-01,2.849880517993505613e+00,3.983396026291788905e-01,4.008952222205385274e-01,1.055787789225893336e+00,4.640239651839078938e+00,2.330400974136956904e+00,-2.128466695643568052e+00
3.529019346230820364e+00,3.272367827610784818e-01,6.247870169007818664e-01,-4.293318026571692481e-01,-3.878881943644763575e-01,-1.809242608724230594e+00,-2.436471376924042254e+00,7.322164474916368349e-01,-2.027481521367351935e-01,-1.135941265887175256e+00,-1.001718632473531212e+00,9.505134410764433106e-01,2.835468884395784706e+00,4.162962135310275258e-01,3.869414896441850105e-01,1.088348315109427977e+00,4.682622533247642771e+00,2.307434662784539459e+00,-2.192122804315243645e+00
3.535690460306871064e+00,3.321308766678524593e-01,6.234429654884621197e-01,-4.368853381151920900e-01,-3.944662683132710290e-01,-1.802850450098645307e+00,-2.417604890897470327e+00,7.350524479273663481e-01,-2.002143819353692233e-01,-1.128572662498741774e+00,-9.703420574050506398e-01,9.658303036234042738e-01,2.820632984117271924e+00,4.338722295497620118e-01,3.726225744365251891e-01,1.120728338785526024e+00,4.723886671546044802e+00,2.284579898197628633e+00,-2.255658068295066432e+00
3.542361574382921763e+00,3.370442780632745827e-01,6.221154958563749338e-01,-4.443889976390658081e-01,-4.008341157464710980e-01,-1.796356618631520519e+00,-2.398838789610628908e+00,7.380043954162777142e-01,-1.977773321070798174e-01,-1.120988668963426971e+00,-9.386939874476597501e-01,9.809950906217586031e-01,2.805373699036973534e+00,4.510550561093842337e-01,3.579459844399809354e-01,1.152921166900809480e+00,4.764013659309276782e+00,2.261843537432519646e+00,-2.319049775747514364e+00
3.549032688458972462e+00,3.419777516017577512e-01,6.208039548693814469e-01,-4.518413485515605510e-01,-4.069899509292108641e-01,-1.789762126151872801e+00,-2.380175894148519156e+00,7.410696254460070742e-01,-1.954393633226780280e-01,-1.113190556365366568e+00,-9.067820691791298460e-01,9.960086142025559308e-01,2.789692062814251194e+00,4.678322824798734070e-01,3.429193623126014501e-01,1.184920122377703056e+00,4.802985407284612762e+00,2.239232211909883308e+00,-2.382275136398065207e+00
3.555703802535023161e+00,3.469320438876857260e-01,6.195076738150837592e-01,-4.592409668034428960e-01,-4.129320395379330599e-01,-1.783067978925027441e+00,-2.361619018192831376e+00,7.442453913412137023e-01,-1.932027848276136051e-01,-1.105179640274210673e+00,-8.746140687693367832e-01,1.010871729976014155e+00,2.773589261379191484e+00,4.841916879524192918e-01,3.275504821530245136e-01,1.216718545761386716e+00,4.840784152325079859e+00,2.216752324847741207e+00,-2.445311291409566046e+00
3.562374916611073861e+00,3.519078829315652746e-01,6.182259687497885237e-01,-4.665864372698410589e-01,-4.186586994508852966e-01,-1.776275177367659719e+00,-2.343170967004676974e+00,7.475288655515998082e-01,-1.910698535765016914e-01,-1.096957280623048980e+00,-8.421978697785967860e-01,1.025585335500973638e+00,2.757066633356890506e+00,5.001212479332122207e-01,3.118472460826814396e-01,1.248309796574868180e+00,4.877392465223765683e+00,2.194410048832514448e+00,-2.508135323316849075e+00
3.569046030687124560e+00,3.569059776149124397e-01,6.169581408501679798e-01,-4.738763540457684442e-01,-4.241683015237602272e-01,-1.769384715773095973e+00,-2.324834536404705609e+00,7.509171409803132580e-01,-1.890427733905783447e-01,-1.088524881577259462e+00,-8.095414709040457124e-01,1.040150368738617326e+00,2.740125670425269444e+00,5.156091399529886266e-01,2.958176807867044511e-01,1.279687254681970643e+00,4.912793258445653066e+00,2.172211323529151805e+00,-2.570724266015303350e+00
3.575717144763175259e+00,3.619270171641291167e-01,6.157034767704641087e-01,-4.811093207407361461e-01,-4.294592703501221576e-01,-1.762397582046991262e+00,-2.306612511751075179e+00,7.544072323521445744e-01,-1.871236941383728758e-01,-1.079883891394249673e+00,-7.766529836748276017e-01,1.054567806491374604e+00,2.722768017606107094e+00,5.306437495894731349e-01,2.794699340150520461e-01,1.310844321657923084e+00,4.946969793753448918e+00,2.150161853531344036e+00,-2.633055114798803942e+00
3.582388258839225958e+00,3.669716706336383361e-01,6.144612490050829212e-01,-4.882839507724058836e-01,-4.345300850062986942e-01,-1.755314757453454000e+00,-2.288507666915680971e+00,7.579960776209399009e-01,-1.853147109398472492e-01,-1.071035802274022952e+00,-7.435406300967446480e-01,1.068838662827950703e+00,2.704995473488940760e+00,5.452136763000068331e-01,2.628122710453253408e-01,1.341774422167361980e+00,4.979905689724179574e+00,2.128267106352642823e+00,-2.695104836442690388e+00
3.589059372915276658e+00,3.720405863985371542e-01,6.132307162564153424e-01,-4.953988676592087637e-01,-4.393792797803829364e-01,-1.748137216371735247e+00,-2.270522763259142263e+00,7.616805394156127562e-01,-1.836178633942610050e-01,-1.061982150200532216e+00,-7.102127402471647422e-01,1.082963987495432434e+00,2.686809990387580172e+00,5.593077391615615124e-01,2.458530711088244280e-01,1.372471005349430673e+00,5.011584929153148238e+00,2.106532310559364518e+00,-2.756850379327136835e+00
3.595730486991327357e+00,3.771343916570276122e-01,6.120111238077319271e-01,-5.024527053118809095e-01,-4.440054448850373481e-01,-1.740865926063535074e+00,-2.252660548604941138e+00,7.654574065241366299e-01,-1.820351348319868556e-01,-1.052724514773765385e+00,-6.766777498208826902e-01,1.096944864319414847e+00,2.668213674428939974e+00,5.729149825155058773e-01,2.286008237813305644e-01,1.402927546209741916e+00,5.041991866342041995e+00,2.084962454045967917e+00,-2.818268683596542701e+00
3.602401601067378056e+00,3.822536919428682900e-01,6.108017039009874249e-01,-5.094441083238433476e-01,-4.484072271537565824e-01,-1.733501846451037665e+00,-2.234923756213221147e+00,7.693233954148619436e-01,-1.805684515905254250e-01,-1.043264519032528037e+00,-6.429441976277949777e-01,1.110782409593097375e+00,2.649208785574020730e+00,5.860246815144205534e-01,2.110641253401937256e-01,1.433137547018892954e+00,5.071111234267877244e+00,2.063562282453625052e+00,-2.879336691350245836e+00
3.609072715143428756e+00,3.873990706480973656e-01,6.096016761193735478e-01,-5.163717322603719184e-01,-4.525833307202818956e-01,-1.726045929905709375e+00,-2.217315103754655237e+00,7.732751517945121167e-01,-1.792196823149289076e-01,-1.033603829267872420e+00,-6.090207230431304852e-01,1.124477770456306480e+00,2.629797737570788385e+00,5.986263475684128199e-01,1.932516750892215862e-01,1.463094538717270465e+00,5.098928151629666949e+00,2.042336297732539219e+00,-2.940031356860149270e+00
3.615743829219479455e+00,3.925710885562695984e-01,6.084102477744578463e-01,-5.232342439464869877e-01,-4.565325176808497365e-01,-1.718499121047958544e+00,-2.199837292284868795e+00,7.773092522021607387e-01,-1.779906372828449213e-01,-1.023744154827137542e+00,-5.749160634111127877e-01,1.138032123265406703e+00,2.609983097838835420e+00,6.107097336882979510e-01,1.751722716529723334e-01,1.492792082325828273e+00,5.125428129769559860e+00,2.021288756848582668e+00,-3.000329656810527990e+00
3.622414943295530154e+00,3.977702833864507070e-01,6.072266142977397196e-01,-5.300303217535090594e-01,-4.602536087389659247e-01,-1.710862356557680375e+00,-2.182493005219846793e+00,7.814222056385091708e-01,-1.768830677543732910e-01,-1.013687247908553468e+00,-5.406390514028462935e-01,1.151446671955082657e+00,2.589767587285650929e+00,6.222648397231622663e-01,1.568348092419727391e-01,1.522223770362568285e+00,5.150597079465423000e+00,2.000423670634662088e+00,-3.060208600555536673e+00
3.629086057371580853e+00,4.029971693481867456e-01,6.060499596364646857e-01,-5.367586558842099009e-01,-4.637454838324057693e-01,-1.703136564995769708e+00,-2.165284907312802876e+00,7.856104552297437094e-01,-1.758986653469400974e-01,-1.003434903346382523e+00,-5.061986123293521489e-01,1.164722646392916783e+00,2.569154080054427691e+00,6.332819174898487447e-01,1.382482738904488861e-01,1.551383228264387570e+00,5.174421317591745506e+00,1.979744802787238633e+00,-3.119645240389747443e+00
3.635757171447631553e+00,4.082522367076971137e-01,6.048794566535213857e-01,-5.434179486564993944e-01,-4.670070827421374249e-01,-1.695322666636621012e+00,-2.148215643632961136e+00,7.898703799252426716e-01,-1.750390614353502516e-01,-9.929889583865570968e-01,-4.716037614106043385e-01,1.177861300727783167e+00,2.548145603203317400e+00,6.437514757918667563e-01,1.194217396681589438e-01,1.580264115813988290e+00,5.196887573645838643e+00,1.959255669008272527e+00,-3.178616681827063140e+00
3.642428285523682252e+00,4.135359513654921493e-01,6.037142675312584528e-01,-5.500069147855832785e-01,-4.700374056828892089e-01,-1.687421573311673084e+00,-2.131287838546702673e+00,7.941982962283937741e-01,-1.743058265772014226e-01,-9.823512924527830759e-01,-4.368636010014974591e-01,1.190863911732973346e+00,2.526745336316107871e+00,6.536642853254475138e-01,1.003643648678753941e-01,1.608860128571526493e+00,5.217982996136408147e+00,1.938959536292860886e+00,-3.237100093883464424e+00
3.649099399599732951e+00,4.188487544456590550e-01,6.025535441790474955e-01,-5.565242816645296076e-01,-4.728355138750630626e-01,-1.679434188264014471e+00,-2.114504094701540549e+00,7.985904599597506426e-01,-1.737004699637945682e-01,-9.715238269030743723e-01,-4.019873177756413396e-01,1.203731777145095494e+00,2.504956611044284909e+00,6.630113834702809905e-01,8.108538817014318556e-02,1.637164999310680047e+00,5.237695158831487063e+00,1.918859422362709566e+00,-3.295072719358823399e+00
3.655770513675783651e+00,4.241910618970046731e-01,6.013964286444256624e-01,-5.629687896431794236e-01,-4.754005300977283133e-01,-1.671361406014085560e+00,-2.097866992013366350e+00,8.030430680517690600e-01,-1.732244388967181248e-01,-9.605085247766965706e-01,-3.669841798679713274e-01,1.216466213999643609e+00,2.482782910580534796e+00,6.717840789627902431e-01,6.159412478687134596e-02,1.665172499458783317e+00,5.256012066862950860e+00,1.898958095245530941e+00,-3.352511885113268697e+00
3.662441627751834350e+00,4.295632641062801516e-01,6.002420535276437041e-01,-5.693391923053340298e-01,-4.777316392224136288e-01,-1.663204112236494669e+00,-2.081379086657465738e+00,8.075522603743066075e-01,-1.728791182902107981e-01,-9.493073905314900474e-01,-3.318635339771183745e-01,1.229068556964268533e+00,2.460227869063722483e+00,6.799739564495901334e-01,4.189996258539124829e-02,1.692876440540691974e+00,5.272922162684686498e+00,1.879258073000404927e+00,-3.409395012333304109e+00
3.669112741827885049e+00,4.349657255236820674e-01,5.990895423994460067e-01,-5.756342567441624647e-01,-4.798280887274435913e-01,-1.654963183647949920e+00,-2.065042910063697779e+00,8.121141215901084287e-01,-1.726658301994501987e-01,-9.379224697715492498e-01,-2.966348024285141438e-01,1.241540156670698281e+00,2.437295270915417866e+00,6.875728809190408963e-01,2.201235819454194775e-02,1.720270675626038415e+00,5.288414331881745589e+00,1.859761623589015755e+00,-3.465699626783172782e+00
3.675783855903935748e+00,4.403987843008280167e-01,5.979380102219127302e-01,-5.818527638357555709e-01,-4.816891891925470515e-01,-1.646639487906335297e+00,-2.048860967916360742e+00,8.167246830394305768e-01,-1.725858333748733209e-01,-9.263558489652391481e-01,-2.613074801992747442e-01,1.253882378046280888e+00,2.413989050108116707e+00,6.945730020087054202e-01,1.940833094432437012e-03,1.747349100779503672e+00,5.302477908827664344e+00,1.840470764892665478e+00,-3.521403369036669506e+00
3.682454969979986448e+00,4.458627519414044560e-01,5.967865637721859740e-01,-5.879935085107704795e-01,-4.833143147735001754e-01,-1.638233883520895384e+00,-2.032835739159132515e+00,8.213799246529888132e-01,-1.726403228426260095e-01,-9.146096551535203290e-01,-2.258911319058161671e-01,1.266096598646137661e+00,2.390313289365256555e+00,7.009667581866751984e-01,-1.830503030857111302e-02,1.774105656513763174e+00,5.315102682187373695e+00,1.821387264874835488e+00,-3.576484004684889584e+00
3.689126084056037147e+00,4.513579129646637655e-01,5.956343020689082168e-01,-5.940553000240942350e-01,-4.847029036565473903e-01,-1.629747219773562961e+00,-2.016969675005610529e+00,8.260757768923687738e-01,-1.728304295112490230e-01,-9.026860556485827303e-01,-1.903953887553228586e-01,1.278184206986876514e+00,2.366272219293248824e+00,7.067468808047233653e-01,-3.871559261996027068e-02,1.800534329244717124e+00,5.326278900263009319e+00,1.802512641889042477e+00,-3.630919434515122113e+00
3.695797198132087846e+00,4.568845245819577183e-01,5.944803168011980610e-01,-6.000369622224652755e-01,-4.858544584923706888e-01,-1.621180336651378173e+00,-2.001265197955842901e+00,8.308081227170458494e-01,-1.731572198046691657e-01,-8.905872577227575970e-01,-1.548299454620584714e-01,1.290146600882848382e+00,2.341870217445709557e+00,7.119063980213417020e-01,-5.928116140675221413e-02,1.826629152748645790e+00,5.335997276180154181e+00,1.783848165131626917e+00,-3.684687704656370855e+00
3.702468312208138546e+00,4.624428163864733321e-01,5.933236927599845334e-01,-6.059373338099891537e-01,-4.867685468093718715e-01,-1.612534064790007493e+00,-1.985724700819337940e+00,8.355727995771378147e-01,-1.736216953215833636e-01,-8.783155082877103226e-01,-1.192045571296346251e-01,1.301985185785889954e+00,2.317111807320132222e+00,7.164386385927646872e-01,-7.999199515706373331e-02,1.852384209620897781e+00,5.344248992911969864e+00,1.765394855239065475e+00,-3.737767016686820654e+00
3.709139426284189245e+00,4.680329900563588441e-01,5.921635082715264176e-01,-6.117552686114768878e-01,-4.874448014060438483e-01,-1.603809225428315166e+00,-1.970350545744987469e+00,8.403656014309941469e-01,-1.742247925212679627e-01,-8.658730935638889736e-01,-8.352903610029382975e-02,1.313701373129565475e+00,2.292001657287269012e+00,7.203372355300647900e-01,-1.008383072480022458e-01,1.877793632735729856e+00,5.351025708138773318e+00,1.747153485029302455e+00,-3.790135737698569152e+00
3.715810540360239944e+00,4.736552190713755883e-01,5.909988356329393122e-01,-6.174896358335518753e-01,-4.878829207222210029e-01,-1.595006630373967171e+00,-1.955145063258361571e+00,8.451822807867463982e-01,-1.749673824358999596e-01,-8.532623387402403781e-01,-4.781324877233938953e-02,1.325296578678796022e+00,2.266544579453527053e+00,7.235961296206390170e-01,-1.218102699202673334e-01,1.902851606706900789e+00,5.356319558940756842e+00,1.729124580386547816e+00,-3.841772410315159814e+00
3.722481654436290643e+00,4.793096484432576299e-01,5.898287415495521158e-01,-6.231393203234487643e-01,-4.880826691889874613e-01,-1.586127081980025277e+00,-1.940110551306808429e+00,8.500185507668716056e-01,-1.758502704093991287e-01,-8.404856076241733476e-01,-1.206711238682411924e-02,1.336772220885899198e+00,2.240745528456708602e+00,7.262095728122561766e-01,-1.428980182578373226e-01,1.927552369348621397e+00,5.360123166321456800e+00,1.711308421288896042e+00,-3.892655762657136087e+00
3.729152768512341343e+00,4.849963944599069432e-01,5.886522875739202965e-01,-6.287032228254482158e-01,-4.880438775570585808e-01,-1.577171373132482568e+00,-1.925249274312816228e+00,8.548700871948928803e-01,-1.768741958628414213e-01,-8.275453022817851334e-01,2.369940821536614672e-02,1.348129719253925218e+00,2.214609600195458938e+00,7.281721314580767990e-01,-1.640916541711718857e-01,1.951890213136452168e+00,5.362429639559821659e+00,1.693705042978078446e+00,-3.942764718251244638e+00
3.735823882588392042e+00,4.907155444435949976e-01,5.874685305463106522e-01,-6.341802602348771689e-01,-4.877664432034254371e-01,-1.568140287248686260e+00,-1.910563462236064547e+00,8.597325307032347430e-01,-1.780398320864396422e-01,-8.144438626683302429e-01,5.947630386489827226e-02,1.359370492708309452e+00,2.188142030492794543e+00,7.294786894209526196e-01,-1.853812503823028535e-01,1.975859486667741027e+00,5.363232580388579862e+00,1.676314237270528196e+00,-3.992078405878516811e+00
3.742494996664442741e+00,4.964671565232816053e-01,5.862765230364901381e-01,-6.395693658496122147e-01,-4.872503304160881177e-01,-1.559034598286603845e+00,-1.896055309644611331e+00,8.646014888613382521e-01,-1.793477860581224881e-01,-8.011837662489625922e-01,9.525352436265022149e-02,1.370495957977700963e+00,2.161348193694169417e+00,7.301244510355515693e-01,-2.067568544102395545e-01,1.999454596121182925e+00,5.362526086996933117e+00,1.659135554008973390e+00,-4.040576169356906000e+00
3.749166110740493441e+00,5.022512594212028558e-01,5.850753137866318010e-01,-6.448694896190215742e-01,-4.864955706566933546e-01,-1.549855070764842857e+00,-1.881726974795653540e+00,8.694725383230341720e-01,-1.807985982886912424e-01,-7.877675276097332313e-01,1.310209818044889007e-01,1.381507527984973560e+00,2.134233601200495656e+00,7.301049439267430774e-01,-2.282084925550708077e-01,2.022670006715081126e+00,5.360304757855390179e+00,1.642168302653569611e+00,-4.088237577253764243e+00
3.755837224816544140e+00,5.080678522538387698e-01,5.838639481551697319e-01,-6.500795983902756259e-01,-4.855022628009122432e-01,-1.540602459793385837e+00,-1.867580578726291574e+00,8.743412269922589131e-01,-1.823927426935496310e-01,-7.741976980588788360e-01,1.667685539309542997e-01,1.392406610249279364e+00,2.106803899936632529e+00,7.294160216828926568e-01,-2.497261738792123653e-01,2.045500244163869219e+00,5.356563695360883948e+00,1.625411554011658044e+00,-4.135042432523858835e+00
3.762508338892594839e+00,5.139169043473985621e-01,5.826414685614157429e-01,-6.551986761519703606e-01,-4.842705733563855697e-01,-1.531277511114926382e+00,-1.853618204354707588e+00,8.792030762060940585e-01,-1.841306264909730039e-01,-7.604768652183846456e-01,2.024860875006769811e-01,1.403194605300141395e+00,2.079064870755821914e+00,7.280538663826316981e-01,-2.712998941841893719e-01,2.067939896132488631e+00,5.351298509300130846e+00,1.608864142105008721e+00,-4.180970782068298419e+00
3.769179452968645538e+00,5.197983550679128317e-01,5.814069149307715678e-01,-6.602257242749900445e-01,-4.828007366580935877e-01,-1.521880961156758083e+00,-1.839841895592227772e+00,8.840535829341834573e-01,-1.860125901268944726e-01,-7.466076526058653684e-01,2.381634016862670955e-01,1.413872905104427868e+00,2.051022426780648278e+00,7.260149909738928820e-01,-2.929196399813982499e-01,2.089983613688156439e+00,5.344505320129507631e+00,1.592524666173496417e+00,-4.226002926210074229e+00
3.775850567044696238e+00,5.257121136660559690e-01,5.801593251403507345e-01,-6.651597617505491389e-01,-4.810930550410011941e-01,-1.512413537093103333e+00,-1.826253656466634068e+00,8.888882219935272389e-01,-1.880389072261543504e-01,-7.325927192067676064e-01,2.737902914914799313e-01,1.424442891507151421e+00,2.022682611681062781e+00,7.232962415039267956e-01,-3.145753924552743275e-01,2.111626112749095618e+00,5.336180762069608008e+00,1.576391492813987938e+00,-4.270119428081754265e+00
3.782521681120746937e+00,5.316580591367934261e-01,5.788977354648392470e-01,-6.699998254253503038e-01,-4.791478989898332319e-01,-1.502875956917798295e+00,-1.812855450257194523e+00,8.937024482776368961e-01,-1.902097845701541390e-01,-7.184347590369156711e-01,3.093565311883960667e-01,1.434905934686999229e+00,1.994051597890096117e+00,7.198947991991482276e-01,-3.362571314173021797e-01,2.132862175529780302e+00,5.326321986012764853e+00,1.560462758253150284e+00,-4.313301122920925046e+00
3.789192795196797636e+00,5.376360400939361739e-01,5.776211810224173293e-01,-6.747449702337874333e-01,-4.769657072658652353e-01,-1.493268929527230338e+00,-1.799649198641789516e+00,8.984916989990808789e-01,-1.925253621008632676e-01,-7.041365006954385386e-01,3.448518777733680096e-01,1.445263391627441774e+00,1.965135684757881585e+00,7.158081823937538779e-01,-3.579548392493279163e-01,2.153686651982232636e+00,5.314926662241968636e+00,1.544736370752922916e+00,-4.355529127269170075e+00
3.795863909272848336e+00,5.436458746597127023e-01,5.763286962205655950e-01,-6.793942694271395411e-01,-4.745469870105892829e-01,-1.483593154813415138e+00,-1.786636780856562190e+00,9.032513959443689844e-01,-1.949857129510789988e-01,-6.897007069080793862e-01,3.802660744404833815e-01,1.455516604604360609e+00,1.935941296644628107e+00,7.110342483060139163e-01,-3.796585048346232671e-01,2.174094461232938258e+00,5.301992982959538026e+00,1.529210013147160208e+00,-4.396784848070144136e+00
3.802535023348899035e+00,5.496873503694073015e-01,5.750193152015844467e-01,-6.839468147996813352e-01,-4.718923138261644779e-01,-1.473849323767112196e+00,-1.773820032868484553e+00,9.079769477401958833e-01,-1.975908435008761344e-01,-6.751301740609542135e-01,4.155888540712471824e-01,1.465666899691000058e+00,1.906474980953266174e+00,7.055711946613556496e-01,-4.013581274751781836e-01,2.194080593014893665e+00,5.287519664624148241e+00,1.513881145508100046e+00,-4.437049991662629367e+00
3.809206137424949734e+00,5.557602240911602154e-01,5.736920722876468481e-01,-6.884017169116550816e-01,-4.690023318325272639e-01,-1.464038118590849535e+00,-1.761200746561263575e+00,9.126637521299795219e-01,-2.003406934601338896e-01,-6.604277317247602141e-01,4.508099427392135428e-01,1.475715585281159647e+00,1.876743406102452161e+00,6.994175611612802879e-01,-4.230437207936790234e-01,2.213640109094336950e+00,5.271505950094723225e+00,1.498747007941022336e+00,-4.476306572664234373e+00
3.815877251501000433e+00,5.618642219609797372e-01,5.723460024252162714e-01,-6.927581053090343666e-01,-4.658777537010841963e-01,-1.454160212821741904e+00,-1.748780668934949434e+00,9.173071982597009733e-01,-2.032351359770440125e-01,-6.455962421694964037e-01,4.859190632282688882e-01,1.485663950631431751e+00,1.846753359440691966e+00,6.925722307973467551e-01,-4.447053166186851758e-01,2.232768144691693823e+00,5.253951610579939313e+00,1.483804623505619258e+00,-4.514536922741688052e+00
3.822548365577051133e+00,5.679990393330414111e-01,5.709801416286522935e-01,-6.970151287400202511e-01,-4.625193606648833611e-01,-1.444216271463957479e+00,-1.736561501319663359e+00,9.219026689719727052e-01,-2.062739777724666435e-01,-6.306385998697130457e-01,5.209059385632810457e-01,1.495513264423373734e+00,1.816511745102335373e+00,6.850344310093947620e-01,-4.663329688514912252e-01,2.251459909896257994e+00,5.234856947391973492e+00,1.469050801262295147e+00,-4.551723699263476419e+00
3.829219479653101832e+00,5.741643407453054238e-01,5.695935274228371981e-01,-7.011719553682052020e-01,-4.589280025052012157e-01,-1.434206951130723606e+00,-1.724544898603813881e+00,9.264455431073294056e-01,-2.094569593000292218e-01,-6.155577310003581548e-01,5.557602955517793042e-01,1.505264773346385976e+00,1.786025581806259588e+00,6.768037346874022919e-01,-4.879167573131898417e-01,2.269710691074141806e+00,5.214222793503433095e+00,1.454482139441835908e+00,-4.587849893830881598e+00
3.835890593729152531e+00,5.803597599005143604e-01,5.681851992846450594e-01,-7.052277729823421826e-01,-4.551045975144661360e-01,-1.424132900195697715e+00,-1.712732468477193848e+00,9.309311978116634467e-01,-2.127837549318086774e-01,-6.003565929232463905e-01,5.904718683353646913e-01,1.514919700702161309e+00,1.755302000598058632e+00,6.678800610162940465e-01,-5.094467915704502525e-01,2.287515852269005556e+00,5.192050514906247471e+00,1.440095028736527727e+00,-4.622898840683260069e+00
3.842561707805203230e+00,5.865848996625950829e-01,5.667541990830894383e-01,-7.091817892026570647e-01,-4.510501324354639907e-01,-1.413994758953589503e+00,-1.701125770689321914e+00,9.353550108487822534e-01,-2.162539731694728129e-01,-5.850381736642152886e-01,6.250304019495152019e-01,1.524479245031478580e+00,1.724348242536593467e+00,6.582636761631976974e-01,-5.309132147385513534e-01,2.304870836595100059e+00,5.168342011771592581e+00,1.425885655710996014e+00,-4.656854224973685952e+00
3.849232821881253930e+00,5.928393320685119150e-01,5.652995715179792713e-01,-7.130332316836424100e-01,-4.467656623767681801e-01,-1.403793159789856526e+00,-1.689726316323397093e+00,9.397123629170206494e-01,-2.198671568806983556e-01,-5.696054913810100206e-01,6.594256558904855181e-01,1.533944578764150357e+00,1.693171656325760388e+00,6.479551938066316907e-01,-5.523062072602530348e-01,2.321771167622115328e+00,5.143099719409792492e+00,1.411850006330817475e+00,-4.689700090910994490e+00
3.855903935957304629e+00,5.991225983555749091e-01,5.638203645569106470e-01,-7.167813483132690067e-01,-4.422523107043568324e-01,-1.393528727359329311e+00,-1.678535567086238744e+00,9.439986399688473639e-01,-2.236227835607227932e-01,-5.540615938219615177e-01,6.936474076879116657e-01,1.543316846892900163e+00,1.661779695892422692e+00,6.369555755072529024e-01,-5.736159906590060364e-01,2.338212450751370408e+00,5.116326609029412609e+00,1.397983869606936436e+00,-4.721420849764315975e+00
3.862575050033355328e+00,6.054342090042359459e-01,5.623156298704325984e-01,-7.204254074085590931e-01,-4.375112689093799689e-01,-1.383202078773604571e+00,-1.667554934614555062e+00,9.482092355324303057e-01,-2.275202656188446693e-01,-5.384095577755126927e-01,7.276854564818313609e-01,1.552597165671921076e+00,1.630179917911395382e+00,6.252661309198073170e-01,-5.948328312651448568e-01,2.354190374582841638e+00,5.088026188294707985e+00,1.384282841353941862e+00,-4.752001287726377754e+00
3.869246164109406028e+00,6.117736437963697815e-01,5.607844232652186012e-01,-7.239646979074524369e-01,-4.325437964520573164e-01,-1.372813823797034427e+00,-1.656785779797909086e+00,9.523395530340693638e-01,-2.315589506896840177e-01,-5.226524885106604845e-01,7.615296266027212768e-01,1.561786621340891967e+00,1.598379979278470309e+00,6.128885178460299343e-01,-6.159470439136005560e-01,2.369700712272533316e+00,5.058202501680718832e+00,1.370742328060058135e+00,-4.781426573631714305e+00
3.875917278185456727e+00,6.181403518890574711e-01,5.592258051150788001e-01,-7.273985295569143084e-01,-4.273512205816785148e-01,-1.362364565051137122e+00,-1.646229412118691338e+00,9.563850081204648967e-01,-2.357381219690137808e-01,-5.067935192083690144e-01,7.951697711532668134e-01,1.570886268875174574e+00,1.566387634532422357e+00,5.998247421282740799e-01,-6.369489956118130625e-01,2.384739322879708023e+00,5.026860130625355971e+00,1.357357550866773677e+00,-4.809682266526174033e+00
3.882588392261507426e+00,6.245337519038492990e-01,5.576388407896507582e-01,-7.307262330972155162e-01,-4.219349361327150993e-01,-1.351854898227261348e+00,-1.635887089009479656e+00,9.603410309797312250e-01,-2.400569985739549606e-01,-4.908358103840378406e-01,8.285957755904246325e-01,1.579897130762918156e+00,1.534210733227052037e+00,5.860771573837815218e-01,-6.578291091763913689e-01,2.399302152703466362e+00,4.994004193477970865e+00,1.344123549655900529e+00,-4.836754323084004881e+00
3.889259506337558125e+00,6.309532320315084375e-01,5.560226010806074148e-01,-7.339471604423349893e-01,-4.162964052970351547e-01,-1.341285412307312352e+00,-1.625760015228081334e+00,9.642030686601215095e-01,-2.445147359273305288e-01,-4.747825493010857101e-01,8.617975613064946527e-01,1.588820195809778291e+00,1.501857217254243704e+00,5.716484645795194552e-01,-6.785778668372283162e-01,2.413385236608192042e+00,4.959640345243895965e+00,1.331035187241865980e+00,-4.862629104869055752e+00
3.895930620413608825e+00,6.373981501522139048e-01,5.543761626252201591e-01,-7.370606848564161817e-01,-4.104371573722347954e-01,-1.330656689792362180e+00,-1.615849342250599507e+00,9.679665873853673386e-01,-2.491104261659395636e-01,-4.586369493757335158e-01,8.947650892077845253e-01,1.597656417971954346e+00,1.469335118119130978e+00,5.565417114475963434e-01,-6.991858138077023943e-01,2.426984699337339180e+00,4.923774777124560131e+00,1.318087153666893885e+00,-4.887293385436429993e+00
3.902601734489659524e+00,6.438678339711888521e-01,5.526986083271191452e-01,-7.400662011262262308e-01,-4.043587884861121751e-01,-1.319969306938949760e+00,-1.606156167682832425e+00,9.716270748656061773e-01,-2.538430985725462219e-01,-4.424022495730656201e-01,9.274883632895335461e-01,1.606406715218205328e+00,1.436652554168417861e+00,5.407602917413805166e-01,-7.196435618196415085e-01,2.440096756815085755e+00,4.886414215852923348e+00,1.305273970596827482e+00,-4.910734357271339334e+00
3.909272848565710223e+00,6.503615811697381899e-01,5.509890277740937536e-01,-7.429631257295581381e-01,-3.980629612973016762e-01,-1.309223834002861242e+00,-1.596681534690314042e+00,9.751800426027943391e-01,-2.587117200313140408e-01,-4.260817137944394317e-01,9.599574342057231036e-01,1.615071968421540216e+00,1.403817727772961099e+00,5.243079443324221156e-01,-7.399417926217766173e-01,2.452717717435334954e+00,4.847565922823885209e+00,1.292589995815069059e+00,-4.932939638561575357e+00
3.915943962641760923e+00,6.568786595716337162e-01,5.492465176527768778e-01,-7.457508969995143566e-01,-3.915514046721205732e-01,-1.298420835490221581e+00,-1.587426431447303887e+00,9.786210281895801888e-01,-2.637151955064662712e-01,-4.096786302563503179e-01,9.921624028323918765e-01,1.623653020281188297e+00,1.370838922465743792e+00,5.071887521484819139e-01,-7.600712614403604128e-01,2.464843983337559052e+00,4.807237693019667191e+00,1.280029427812352960e+00,-4.953897279800482778e+00
3.922615076717811622e+00,6.634183073248184348e-01,5.474701821600599372e-01,-7.484289752846223776e-01,-3.848259133376669139e-01,-1.287560870415662251e+00,-1.578391790605008893e+00,9.819455976005626585e-01,-2.688523685438951594e-01,-3.931963108608254043e-01,1.024093423823108528e+00,1.632150674275508528e+00,1.337724500036365338e+00,4.894071409529163752e-01,-7.800228004007276894e-01,2.476472051668990648e+00,4.765437853729975082e+00,1.267586310469764221e+00,-4.973595770217082546e+00
3.929286190793862321e+00,6.699797330983603416e-01,5.456591334110845182e-01,-7.509968431047184811e-01,-3.778883475112323476e-01,-1.276644492567375666e+00,-1.569578488779338921e+00,9.851493474748692636e-01,-2.741220217954677407e-01,-3.766380905574477356e-01,1.055740709155203572e+00,1.640565693646447443e+00,1.304482897583237655e+00,4.709678779658261760e-01,-7.997873219085064322e-01,2.487598515832642576e+00,4.722175263067054374e+00,1.255254537832493744e+00,-4.992024044030213048e+00
3.935957304869913020e+00,6.765621162946109379e-01,5.438124918436619826e-01,-7.534540053025513551e-01,-3.707406325060835228e-01,-1.265672250778830943e+00,-1.560987346058457348e+00,9.882279073890194443e-01,-2.795228775657465636e-01,-3.600073266970950647e-01,1.087094531665442787e+00,1.648898800416133792e+00,1.271122624524627653e+00,4.518760703273811963e-01,-8.193558219893225525e-01,2.498220066720670651e+00,4.677459308275631500e+00,1.243027858971767152e+00,-5.009171486523619876e+00
3.942628418945963720e+00,6.831646072764820943e-01,5.419293866189733855e-01,-7.557999891910439638e-01,-3.633847583137063131e-01,-1.254644689206949826e+00,-1.552619125530408928e+00,9.911769421190013141e-01,-2.850535983808487606e-01,-3.433073983775114524e-01,1.118145228573708572e+00,1.657150674436199678e+00,1.237652259569805846e+00,4.321371634038781995e-01,-8.387193835857229551e-01,2.508333493932541014e+00,4.631299903838041132e+00,1.230899882932305012e+00,-5.025027939938956578e+00
3.949299533022014419e+00,6.897863276097825347e-01,5.400089560183987114e-01,-7.580343446961638199e-01,-3.558227791625787062e-01,-1.243562347616506081e+00,-1.544474532831080493e+00,9.939921538905391873e-01,-2.907127875791545857e-01,-3.265417057807980528e-01,1.148883204993382368e+00,1.665321952470378619e+00,1.204080447651475039e+00,4.117569389370832056e-01,-8.578691798101890642e-01,2.517935686977534004e+00,4.583707489374713617e+00,1.218864083762682737e+00,-5.039583709183791171e+00
3.955970647098065118e+00,6.964263703205132439e-01,5.380503478363348746e-01,-7.601566444953484769e-01,-3.480568130535801608e-01,-1.232425761670540965e+00,-1.536554215712759408e+00,9.966692846164784125e-01,-2.964989899235689341e-01,-3.097136695029392706e-01,1.179298937427016858e+00,1.673413227310930562e+00,1.170415896820769852e+00,3.907415130375517798e-01,-8.767964771530399881e-01,2.527023636461050327e+00,4.534693027340423122e+00,1.206913805625835279e+00,-5.052829567351714068e+00
3.962641761174115818e+00,7.030838001670559612e-01,5.360527197688585987e-01,-7.621664841514296240e-01,-3.400890412721268019e-01,-1.221235463226546969e+00,-1.528858763633511808e+00,9.992041181202770961e-01,-3.024106922350244808e-01,-2.928267298754644865e-01,1.209382977245990753e+00,1.681425046929427403e+00,1.136667375106030775e+00,3.690973340226002541e-01,-8.954926386441410813e-01,2.535594435254226120e+00,4.484268000516665964e+00,1.195042267986996531e+00,-5.064756761051834921e+00
3.969312875250166517e+00,7.097576539271356344e-01,5.340152397980919563e-01,-7.640634822420069305e-01,-3.319217078771566909e-01,-1.209991980638212450e+00,-1.521388707367651305e+00,1.001592482344548785e+00,-3.084463240469239587e-01,-2.758843462793701962e-01,1.239125954152722420e+00,1.689357913662394406e+00,1.102843707336707002e+00,3.468311800997940786e-01,-9.139491269672372908e-01,2.543645279646346236e+00,4.432444409300750010e+00,1.183242570876248845e+00,-5.075357015544891048e+00
3.975983989326217216e+00,7.164469406994686818e-01,5.319370865721344543e-01,-7.658472804842199055e-01,-3.235571191670765789e-01,-1.198695839062474455e+00,-1.514144518637495329e+00,1.003830251543650576e+00,-3.146042582801968912e-01,-2.588899964514111973e-01,1.268518579624150489e+00,1.697212283432292912e+00,1.068953771933612629e+00,3.239501568967642076e-01,-9.321575075258734522e-01,2.551173470479566330e+00,4.379234768792143129e+00,1.171507700222930826e+00,-5.084622539683447684e+00
3.982655103402267915e+00,7.231506422199763806e-01,5.298174497804216676e-01,-7.675175438548665907e-01,-3.149976431228068696e-01,-1.187347560771653487e+00,-1.507126609766652692e+00,1.005913348459271495e+00,-3.208828119386446520e-01,-2.418471757828814517e-01,1.297551650335075024e+00,1.704988565004329271e+00,1.035006497666920211e+00,3.004616948383294073e-01,-9.501094514597874241e-01,2.558176414265422416e+00,4.324652105676788594e+00,1.159830533258942920e+00,-5.092546030653567257e+00
3.989326217478318615e+00,7.298677131924619088e-01,5.276555305243810778e-01,-7.690739607058185712e-01,-3.062457088280542417e-01,-1.175947665470419734e+00,-1.500335333355029555e+00,1.007837746478017937e+00,-3.272802468242377860e-01,-2.247593966110089936e-01,1.326216051560070275e+00,1.712687119279532322e+00,1.001010860383160228e+00,2.763735463718877128e-01,-9.677967386107887426e-01,2.564651624282635822e+00,4.268709954910085536e+00,1.148203843988118145e+00,-5.099120678515552285e+00
3.995997331554369314e+00,7.365970816336098181e-01,5.254505416832497833e-01,-7.705162428746866743e-01,-2.973038058669698058e-01,-1.164496670617360063e+00,-1.493770981975783618e+00,1.009599471769997425e+00,-3.337947702720313603e-01,-2.076301875030918676e-01,1.354502760552585006e+00,1.720308258624521081e+00,9.669758797026225539e-01,2.516937830421919209e-01,-9.852112604370355520e-01,2.570596721655717509e+00,4.211422356199463479e+00,1.136620308718742089e+00,-5.104340170541418864e+00
4.002668445630420457e+00,7.433376492321893680e-01,5.232017082749225168e-01,-7.718441257906848429e-01,-2.881744836993422876e-01,-1.152995091750883994e+00,-1.487433787894397952e+00,1.011194605407371272e+00,-3.404245359043447383e-01,-1.904630925335015768e-01,1.382402849899907249e+00,1.727852246238396283e+00,9.329106156885060841e-01,2.264307924166324426e-01,-1.002345022874756353e+00,2.576009436413872145e+00,4.152803850287398291e+00,1.125072511656177721e+00,-5.108198695346747975e+00
4.009339559706471157e+00,7.500882917223185009e-01,5.209082678117094023e-01,-7.730573685756491065e-01,-2.788603510134983754e-01,-1.141443442819242815e+00,-1.481323922810068083e+00,1.012619285461915819e+00,-3.471676444038550025e-01,-1.732616705536973445e-01,1.409907490852676082e+00,1.735319295557117059e+00,8.988241654891981902e-01,2.005932748622394346e-01,-1.019190149146425695e+00,2.580887608529698340e+00,4.092869475035943339e+00,1.113552950552715970e+00,-5.110690946814833602e+00
4.016010673782521856e+00,7.568478592706553432e-01,5.185694706508703344e-01,-7.741557541401630216e-01,-2.693640750570692743e-01,-1.129842236514376097e+00,-1.475441497619568887e+00,1.013869709080583048e+00,-3.540221443052417039e-01,-1.560294944553654306e-01,1.437007956627624594e+00,1.742709569695765293e+00,8.647256599550536826e-01,1.741902401756674212e-01,-1.035738882514472881e+00,2.585229188937207212e+00,4.031634761313748427e+00,1.102054042411516832e+00,-5.111812127810937412e+00
4.022681787858572555e+00,7.636151768773492554e-01,5.161845803398092958e-01,-7.751390892747457295e-01,-2.596883809458327974e-01,-1.118191984609369527e+00,-1.469786562203784896e+00,1.014942134538093343e+00,-3.609860328050206735e-01,-1.387701504268514796e-01,1.463695625682202461e+00,1.750023180929025646e+00,8.306242602311357803e-01,1.472310040675515186e-01,-1.051983588979544137e+00,2.589032240528655215e+00,3.969115728686905875e+00,1.090568129241670237e+00,-5.111557953684705780e+00
4.029352901934623254e+00,7.703890447906158734e-01,5.137528739558065993e-01,-7.760072047360554448e-01,-2.498360509507926985e-01,-1.106493198299238312e+00,-1.464359105237033498e+00,1.015832883265594511e+00,-3.680572565891851444e-01,-1.214872372030080111e-01,1.489961984959828012e+00,1.757260190210221396e+00,7.965291543272741137e-01,1.197251845025764094e-01,-1.067916759922507008e+00,2.592294939129705877e+00,3.905328880914683776e+00,1.079087483861257191e+00,-5.109924655558796047e+00
4.036024016010673954e+00,7.771682389347578379e-01,5.112736424401717050e-01,-7.767599553280699620e-01,-2.398099237637197623e-01,-1.094746388544797444e+00,-1.459159054019346424e+00,1.016538341854431593e+00,-3.752337126782894217e-01,-1.041843653086114985e-01,1.515798633104430859e+00,1.764420606729219188e+00,7.624495536669138041e-01,9.168269789679617254e-02,-1.083531014689245398e+00,2.595015574452449236e+00,3.840291201251623932e+00,1.067604315745348975e+00,-5.106908983401925894e+00
4.042695130086724653e+00,7.839515113514664568e-01,5.087461909266995930e-01,-7.773972199781967740e-01,-2.296128937413502435e-01,-1.082952066419344606e+00,-1.454186274331846107e+00,1.017054964034066256e+00,-3.825132492895738090e-01,-8.686515629549625139e-02,1.541197283643010563e+00,1.771504387509479583e+00,7.283946896161943574e-01,6.311375517371731192e-02,-1.098819103117451235e+00,2.597192551025773621e+00,3.774020147557322957e+00,1.056110776915744509e+00,-5.102508208884557916e+00
4.049366244162775352e+00,7.907375906542304378e-01,5.061698390643210033e-01,-7.779189018082746099e-01,-2.192479101284668941e-01,-1.071110743457908798e+00,-1.449440570315332799e+00,1.017379272623236464e+00,-3.898936667157611446e-01,-6.953324197356268443e-02,1.566149768134941667e+00,1.778511437044532739e+00,6.943738099946952236e-01,3.402885768074814798e-02,-1.113773908004572544e+00,2.598824389102638577e+00,3.706533647215447314e+00,1.044598967869420747e+00,-5.096720128015670426e+00
4.056037358238826052e+00,7.975251824956733904e-01,5.035439213338374076e-01,-7.783249282004238712e-01,-2.087179762600774591e-01,-1.059222932008775597e+00,-1.444921684372206583e+00,1.017507861453388340e+00,-3.973727182201080010e-01,-5.219226363580246886e-02,1.590648039286747029e+00,1.785441606974133011e+00,6.603961755693337210e-01,4.438792967685234458e-03,-1.128388447516155413e+00,2.599909725543747552e+00,3.637850091863466417e+00,1.033060943542359222e+00,-5.089543063558956248e+00
4.062708472314876751e+00,8.043129700476209232e-01,5.008677873586284690e-01,-7.786152508577084408e-01,-1.980261487429423595e-01,-1.047289145587060100e+00,-1.440629297091831962e+00,1.017437397263519117e+00,-4.049481109473286322e-01,-3.484587127751889724e-02,1.614684174031090214e+00,1.792294695800287219e+00,6.264710565328762693e-01,-2.564536957102681036e-02,-1.142655877533779174e+00,2.600447314677175381e+00,3.567988331934844659e+00,1.021488719305752912e+00,-5.080975867227119025e+00
4.069379586390927450e+00,8.110996144937152597e-01,4.981408022092334020e-01,-7.787898458595703399e-01,-1.871755366166764356e-01,-1.035309899230022479e+00,-1.436563027199443621e+00,1.017164621565471050e+00,-4.126175068499763343e-01,-1.749772280988440287e-02,1.638250376568728184e+00,1.799070448643408149e+00,5.926077289685683924e-01,-5.621228318846327454e-02,-1.156569493941875137e+00,2.600436029133462501e+00,3.496967671015347001e+00,1.009874276991206354e+00,-5.071017921652831717e+00
4.076050700466978149e+00,8.178837555343687615e-01,4.953623467017009840e-01,-7.788487137119983750e-01,-1.761693004946943697e-01,-1.023285709853893888e+00,-1.432722431528678619e+00,1.016686352478844757e+00,-4.203785236298741568e-01,-1.514832680228339612e-04,1.661338981372208146e+00,1.805768557038727185e+00,5.588154713023520959e-01,-8.725032840998325767e-02,-1.170122734852709678e+00,2.599874860655742026e+00,3.424807860015317118e+00,9.982095709418965512e-01,-5.059669142135170716e+00
4.082721814543028849e+00,8.246640119038604055e-01,4.925318176896101852e-01,-7.787918793923959138e-01,-1.650106516852363203e-01,-1.011217096611905619e+00,-1.429107005017808074e+00,1.015999486534590268e+00,-4.282287356941799628e-01,1.718917598624357390e-02,1.683942456150073763e+00,1.812388658773173233e+00,5.251035607441898456e-01,-1.187476177886477302e-01,-1.183309182768872425e+00,2.598762920884396976e+00,3.351529091159711093e+00,9.864865340862351006e-01,-5.046929978160274999e+00
4.089392928619079548e+00,8.314389818993515036e-01,4.896486283496654379e-01,-7.786193923891142621e-01,-1.537028512927645640e-01,-9.991045812532880488e-01,-1.425716180729751370e+00,1.015101000446474444e+00,-4.361656751256705600e-01,3.452057806678421326e-02,1.706053404770382809e+00,1.818930337762820981e+00,4.914812697199959501e-01,-1.506920007893364222e-01,-1.196122566682577437e+00,2.597099442115854639e+00,3.277151991797953468e+00,9.746970840310285045e-01,-5.032801414695301290e+00
4.096064042695130247e+00,8.382072439216107229e-01,4.867122084607720667e-01,-7.783313267356156695e-01,-1.422492092999922131e-01,-9.869486884829415940e-01,-1.422549329895909764e+00,1.013987952849518592e+00,-4.441868326668146350e-01,5.183904137052834649e-02,1.727664570142319445e+00,1.825393123971047471e+00,4.579578622957067302e-01,-1.830710687995082964e-01,-1.208556764111191395e+00,2.594883778035017130e+00,3.201697618035585613e+00,9.628331291706726525e-01,-5.017284973254594327e+00
4.102735156771180947e+00,8.449673570272275835e-01,4.837220046765027259e-01,-7.779277810392331016e-01,-1.306530836308299470e-01,-9.747499463215226756e-01,-1.419605761983886216e+00,1.012657486004604479e+00,-4.522896587172103855e-01,6.914088038963184246e-02,1.748768837054749836e+00,1.831776493367494485e+00,4.245425905949855583e-01,-2.158721602645357063e-01,-1.220605803068375739e+00,2.592115404420919145e+00,3.125187448189791883e+00,9.508865748092435455e-01,-5.000382712737281743e+00
4.109406270847231646e+00,8.517178614920769553e-01,4.806774807908664737e-01,-7.774088785044995786e-01,-1.189178791945491032e-01,-9.625088864656687893e-01,-1.416884724789115202e+00,1.011106827468418512e+00,-4.604715643439619144e-01,8.642240652825478042e-02,1.769359234970527828e+00,1.838079867927894462e+00,3.912446912121120279e-01,-2.490823659454470818e-01,-1.232263863970266771e+00,2.588793919825176371e+00,3.047643376071058618e+00,9.388493292921835653e-01,-4.982097230035531510e+00
4.116077384923282345e+00,8.584572793858109563e-01,4.775781179972942159e-01,-7.767747669510088881e-01,-1.070470469114444823e-01,-9.502260446480751410e-01,-1.414385404550437375e+00,1.009333291727893211e+00,-4.687299223045455765e-01,1.036799289237856775e-01,1.789428940775411148e+00,1.844302615674835444e+00,3.580733816215806997e-01,-2.826885342968736836e-01,-1.243525281476188571e+00,2.584919046222761363e+00,2.969087704093100299e+00,9.267133101441962229e-01,-4.962431660412747192e+00
4.122748498999333044e+00,8.651841151571318944e-01,4.744234151407629163e-01,-7.760256188257892429e-01,-9.504408272032285887e-02,-9.379019609971821492e-01,-1.412106926089625070e+00,1.007334281798410114e+00,-4.770620680817440062e-01,1.209097552722977614e-01,1.808971281480450388e+00,1.850444050759478820e+00,3.250378565859415314e-01,-3.166772769629524475e-01,-1.254384546263349387e+00,2.580490629634729416e+00,2.889543136213503782e+00,9.144704502102662946e-01,-4.941389677651248036e+00
4.129419613075383744e+00,8.718968562296018909e-01,4.712128889629732531e-01,-7.751616312101512474e-01,-8.291252656811695654e-02,-9.255371803961655042e-01,-1.410048352974885510e+00,1.005107290784922114e+00,-4.854653009301895805e-01,1.381081926580768893e-01,1.827979736876715666e+00,1.856503433584246299e+00,2.921472845634339732e-01,-3.510349743888334650e-01,-1.264836306735065197e+00,2.575508640722439679e+00,2.809032770707402094e+00,9.021127037962932693e-01,-4.918975493968861912e+00
4.136090727151434443e+00,8.785939736077437168e-01,4.679460743405106649e-01,-7.741830258209939641e-01,-7.065596138195534559e-02,-9.131322528409832051e-01,-1.408208687708319751e+00,1.002649903405290477e+00,-4.939368849340916023e-01,1.552715483870100166e-01,1.846447942141276499e+00,1.862479970966456122e+00,2.594108041169376766e-01,-3.857477815454724013e-01,-1.274875370662039931e+00,2.569973175352886052e+00,2.727580092776689114e+00,8.896320528062477972e-01,-4.895193859704166428e+00
4.142761841227485142e+00,8.852739224931760464e-01,4.646225245159127937e-01,-7.730900490065344410e-01,-5.827801202400639813e-02,-9.006877337971791464e-01,-1.406586871937321792e+00,9.999597974750283891e-01,-5.024740500756742501e-01,1.723961308236544865e-01,1.864369690393330448e+00,1.868372816342896536e+00,2.268375203258066186e-01,-4.208016337652378258e-01,-1.284496706756320883e+00,2.563884455134703533e+00,2.645208966997256717e+00,8.770205128723554955e-01,-4.870050062770052257e+00
4.149432955303535842e+00,8.919351429105223383e-01,4.612418113215751569e-01,-7.718829717364443788e-01,-4.578234422944563176e-02,-8.882041845552038906e-01,-1.405181786689914336e+00,9.970347453527799164e-01,-5.110739933139040181e-01,1.894782502317773898e-01,1.881738935199416041e+00,1.874181070015241923e+00,1.944365012021074257e-01,-4.561822526859016236e-01,-1.293695446177474118e+00,2.557242827924487649e+00,2.561943629606930450e+00,8.642701394752322352e-01,-4.843549927875496763e+00
4.156104069379586541e+00,8.985760603428273319e-01,4.578035253964283235e-01,-7.705620895863668496e-01,-3.317266352788103556e-02,-8.756821725839452064e-01,-1.403992252633961657e+00,9.938726153457724255e-01,-5.197338796730238686e-01,2.065142196181762868e-01,1.898549793026646615e+00,1.879903779436267186e+00,1.622167741128455742e-01,-4.918751523004396553e-01,-1.302466883970674116e+00,2.550048768303001978e+00,2.477808680636737204e+00,8.513730340504886973e-01,-4.815699815515479543e+00
4.162775183455637240e+00,9.051950863762162625e-01,4.543072763953192039e-01,-7.691277227167954145e-01,-2.045271414859023418e-02,-8.631222718822312290e-01,-1.403017030360236950e+00,9.904713730745802192e-01,-5.284508433404646599e-01,2.235003555795745667e-01,1.914796545642945436e+00,1.885539939536742260e+00,1.301873222096755489e-01,-5.278656451101235714e-01,-1.310806480436318422e+00,2.542302878020924695e+00,2.392829075888260881e+00,8.383213500786941275e-01,-4.786506620729085171e+00
4.169446297531687939e+00,9.117906193535227910e-01,4.507526931910414980e-01,-7.675802158462903257e-01,-7.626277909920653464e-03,-8.505250633279954897e-01,-1.402254820689265102e+00,9.868290827964836254e-01,-5.372219887736549016e-01,2.404329791523871496e-01,1.930473642463248929e+00,1.891088493092886846e+00,9.835708086769273661e-02,-5.641388483782396879e-01,-1.318709862430937907e+00,2.534005886413717157e+00,2.307030118759850978e+00,8.251072991552467206e-01,-4.755977771625953032e+00
4.176117411607738639e+00,9.183610450366009870e-01,4.471394240689530175e-01,-7.659199382190206018e-01,5.302826906773444593e-03,-8.378911350248762213e-01,-1.401704265001900040e+00,9.829439086867967079e-01,-5.460443918152857457e-01,2.573084166651506410e-01,1.945575702840687704e+00,1.896548331134245036e+00,6.673493413481368375e-02,-6.006796904817814919e-01,-1.326172824599036515e+00,2.525158650785289893e+00,2.220437451924635042e+00,8.117231570370510019e-01,-4.724121227681318480e+00
4.182788525683789338e+00,9.249047372770481390e-01,4.434671369141233721e-01,-7.641472835666085484e-01,1.833074669829823367e-02,-8.252210826459498438e-01,-1.401363945593541604e+00,9.788141160774980198e-01,-5.549151008165599253e-01,2.741230005934079950e-01,1.960097518301766151e+00,1.901918293391812842e+00,3.532971119329836318e-02,-6.374729173584210429e-01,-1.333191330535680841e+00,2.515762156760076529e+00,2.133077048863186942e+00,7.981612696626452230e-01,-4.690945477800001484e+00
4.189459639759840037e+00,9.314200586950381888e-01,4.397355193909670001e-01,-7.622626700642650688e-01,3.145359369549921569e-02,-8.125155097743443910e-01,-1.401232386051918910e+00,9.744380726525418979e-01,-5.638311377679627867e-01,2.908730704168323022e-01,1.974034054724571163e+00,1.907197168786218811e+00,4.150182834980753466e-03,-6.745030990459319753e-01,-1.339761513879591082e+00,2.505817518603172811e+00,2.044975205253951156e+00,7.844140591425392550e-01,-4.656459538149818833e+00
4.196130753835890737e+00,9.379053613659953381e-01,4.359442791153059216e-01,-7.602665402811997764e-01,4.466744713349410367e-02,-7.997750282404582078e-01,-1.401308051658330278e+00,9.698142495992412293e-01,-5.727894994370990034e-01,3.075549734783860067e-01,1.987380454459094281e+00,1.912383695955775620e+00,-2.679494204831811555e-02,-7.117546363113769203e-01,-1.345879679336571932e+00,2.495325979508199232e+00,1.956158530224324954e+00,7.704740297165639795e-01,-4.620672949764932369e+00
4.202801867911941436e+00,9.443589875147890833e-01,4.320931438188218010e-01,-7.581593611252922527e-01,5.796835443584011371e-02,-7.870002584555312319e-01,-1.401589349812248475e+00,9.649412227151381583e-01,-5.817871585131153545e-01,3.241650658452834288e-01,2.000132038388713784e+00,1.917476563824138225e+00,-5.749701995758182971e-02,-7.492117673670748434e-01,-1.351542303633095798e+00,2.484288911852548409e+00,1.866653937465718727e+00,7.563337736749684570e-01,-4.583595775919846460e+00
4.209472981987992135e+00,9.507792702171695698e-01,4.281818615058496924e-01,-7.559416237820166806e-01,7.135233241226410228e-02,-7.741918297412924144e-01,-1.402074630479164252e+00,9.598176734697929646e-01,-5.908210647572632590e-01,3.406997131715542859e-01,2.012284307931977878e+00,1.922474412207344496e+00,-8.794747626114396422e-02,-7.868585746705851758e-01,-1.356746036399921529e+00,2.472707817419700582e+00,1.776488636215602268e+00,7.419859772401204978e-01,-4.545238599274788349e+00
4.216144096064042834e+00,9.571645341081326253e-01,4.242102006024813798e-01,-7.536138436476043090e-01,8.481536846954085274e-02,-7.613503806554275943e-01,-1.402762186661539623e+00,9.544423900209281220e-01,-5.998881461591077935e-01,3.571552915619717328e-01,2.023832946983777692e+00,1.927375832459944593e+00,-1.181378086494028201e-01,-8.246789918056927071e-01,-1.361487700985674509e+00,2.460584327588274611e+00,1.685690122109889000e+00,7.274234264055381427e-01,-4.505612518793334687e+00
4.222815210140093534e+00,9.635130960969083835e-01,4.201779500979336834e-01,-7.511765602564427491e-01,9.835342183511569525e-02,-7.484765593126158079e-01,-1.403650254892746307e+00,9.488142681844218274e-01,-6.089853100979452094e-01,3.735281884371343120e-01,2.034773823795084979e+00,1.932179368159937738e+00,-1.480595905682347002e-01,-8.626568104414891192e-01,-1.365764295200262435e+00,2.447920203487530255e+00,1.594286167908906204e+00,7.126390127292003829e-01,-4.464729146433263907e+00
4.229486324216144233e+00,9.698232660882689649e-01,4.160849196781561399e-01,-7.486303372026965608e-01,1.119624247930672001e-01,-7.355710237008471486e-01,-1.404737015753823925e+00,9.429323123576031085e-01,-6.181094445089335698e-01,3.898148033994751072e-01,2.045102992790400087e+00,1.936883515832192426e+00,-1.777044746295676769e-01,-9.007756873664982677e-01,-1.369572991988164734e+00,2.434717336118987774e+00,1.502304814100279717e+00,6.976257390778239920e-01,-4.422600603611670067e+00
4.236157438292194932e+00,9.760933477098361344e-01,4.119309398516423637e-01,-7.459757620561512370e-01,1.256382839319752642e-01,-7.226344419928134588e-01,-1.406020594412916491e+00,9.367956363954015320e-01,-6.272574190534900840e-01,4.060115490999617327e-01,2.054816696322116165e+00,1.941486725710018124e+00,-2.070641959976330382e-01,-9.390191515948592693e-01,-1.372911140031504162e+00,2.420977746443920608e+00,1.409774359382204079e+00,6.823767253191826976e-01,-4.379239517445538965e+00
4.242828552368245631e+00,9.823216390450754121e-01,4.077158620674223299e-01,-7.432134462722720381e-01,1.393768814042860016e-01,-7.096674928520690928e-01,-1.407499061187211353e+00,9.304034644388430308e-01,-6.364260862934698615e-01,4.221148521052709990e-01,2.063911366360999367e+00,1.945987402534527178e+00,-2.361305757493787905e-01,-9.773706115414317885e-01,-1.375776264282981831e+00,2.406703585436404502e+00,1.316723351030510303e+00,6.668852139591747719e-01,-4.334659016769036199e+00
4.249499666444296331e+00,9.885064333716541141e-01,4.034395588252081000e-01,-7.403440250964788971e-01,1.531740761967324838e-01,-6.966708657337530308e-01,-1.409170432127209605e+00,9.237551316954704106e-01,-6.456122828686724491e-01,4.381211537651996113e-01,2.072383626122036304e+00,1.950383906391402800e+00,-2.648955242075811123e-01,-1.015813362262768305e+00,-1.378166066428669456e+00,2.391897134101684586e+00,1.223180575153077543e+00,6.511445757207114937e-01,-4.288872727928866979e+00
4.256170780520347030e+00,9.946460199048535733e-01,3.991019237776790574e-01,-7.373681574626312907e-01,1.670257054113950812e-01,-6.836452611795900136e-01,-1.411032669623126345e+00,9.168500851712358957e-01,-6.548128306771996421e-01,4.540269110800781438e-01,2.080230291624901362e+00,1.954674553584700769e+00,-2.933510442451786049e-01,-1.054330592760812424e+00,-1.380078425280808485e+00,2.376560803459570437e+00,1.129175046835061869e+00,6.351483150612853290e-01,-4.241894770359166067e+00
4.262841894596397729e+00,1.000738684545688040e+00,3.947028718248786205e-01,-7.342865258857297350e-01,1.809275855569397462e-01,-6.705913911069466549e-01,-1.413083683033247162e+00,9.096878843534771386e-01,-6.640245380581963897e-01,4.698285975679643012e-01,2.087448373188317330e+00,1.958857617547223651e+00,-3.214892345593323708e-01,-1.092905393346086607e+00,-1.381511397100633864e+00,2.360697134492639293e+00,1.034736000178706039e+00,6.188900756262013525e-01,-4.193739751937512139e+00
4.269513008672448429e+00,1.006782710633427502e+00,3.902423392007183800e-01,-7.310998363488332430e-01,1.948755138496118811e-01,-6.575099790916966169e-01,-1.415321329334014999e+00,9.022682018445818963e-01,-6.732442009765213786e-01,4.855227041313644465e-01,2.094035076857643674e+00,1.962931329787067192e+00,-3.493022929138062116e-01,-1.131520763057278112e+00,-1.382463215851419847e+00,2.344308798058999610e+00,9.398928782412294680e-01,6.023636456345564660e-01,-4.144422764123680381e+00
4.276184122748499128e+00,1.012776379702170271e+00,3.857202835515713968e-01,-7.278088181841962934e-01,2.088652695235200807e-01,-6.444017606446467150e-01,-1.417743413791635820e+00,8.945908239459784417e-01,-6.824686042088624616e-01,5.011057399232625720e-01,2.099987805764998328e+00,1.966893880869856392e+00,-3.767825193481705859e-01,-1.170159617133876395e+00,-1.382932293381874178e+00,2.327398594769384488e+00,8.446753228746504139e-01,5.855629631948915392e-01,-4.093959376882944312e+00
4.282855236824549827e+00,1.018717972241158121e+00,3.811366840069522754e-01,-7.244142239486317525e-01,2.228926151497788721e-01,-6.312674834812933566e-01,-1.420347690654982564e+00,8.866556511920987704e-01,-6.916945225308548384e-01,5.165742332121994185e-01,2.105304161421287734e+00,1.970743421436206955e+00,-4.039223193524535960e-01,-1.208804794538735239e+00,-1.382917219540117593e+00,2.309969454828357360e+00,7.491131644711207516e-01,5.684821215476851819e-01,-4.042365633395718305e+00
4.289526350900600526e+00,1.024605768458473731e+00,3.764915412422735197e-01,-7.209168292931057431e-01,2.369532979640298631e-01,-6.181079077846773906e-01,-1.423131863869556257e+00,8.784626988340096254e-01,-7.009187219047183781e-01,5.319247322461810867e-01,2.109981944939523846e+00,1.974478063253899407e+00,-4.307142070057649041e-01,-1.247439065527145008e+00,-1.382416762218405815e+00,2.292024437839437212e+00,6.532364116177569180e-01,5.511153742317129733e-01,-3.989658044555551619e+00
4.296197464976651226e+00,1.030438049047805560e+00,3.717848775336782263e-01,-7.173174328265752298e-01,2.510430512019029003e-01,-6.049238064611048848e-01,-1.426093587812260477e+00,8.700120972724001422e-01,-7.101379606669715461e-01,5.471538061151645094e-01,2.114019158188832570e+00,1.978095880304266085e+00,-4.571508080775413818e-01,-1.286045139259246017e+00,-1.381429867328880068e+00,2.273566732573941707e+00,5.570752406646329868e-01,5.334571401714962580e-01,-3.935853583257466148e+00
4.302868579052701925e+00,1.036213095957920105e+00,3.670167368049521706e-01,-7.136168559740780903e-01,2.651575954419299053e-01,-5.917159653885077919e-01,-1.429230468046740921e+00,8.613040924396531128e-01,-7.193489907157455399e-01,5.622580456118740910e-01,2.117414004878588774e+00,1.981594909902235191e+00,-4.832248630899655950e-01,-1.324605671452329103e+00,-1.379955658710614319e+00,2.254599656703366151e+00,4.606599852099657610e-01,5.155020086829276149e-01,-3.880969678478839668e+00
4.309539693128752624e+00,1.041929193164527812e+00,3.621871846665161709e-01,-7.098159428290822248e-01,2.792926399554753747e-01,-5.784851836572202366e-01,-1.432540062099012301e+00,8.523390461307369659e-01,-7.285485586972614280e-01,5.772340640907197562e-01,2.120164891572149379e+00,1.984973153849500793e+00,-5.089292303402475071e-01,-1.363103272069806415e+00,-1.377993437968266788e+00,2.235126656495123321e+00,3.640211255062212325e-01,4.972447443943583956e-01,-3.825024209154975097e+00
4.316210807204803324e+00,1.047584627444169136e+00,3.572963084465087813e-01,-7.059155600001175701e-01,2.934438840631756751e-01,-5.652322738029534888e-01,-1.436019880253120551e+00,8.431174362826955315e-01,-7.377334071909913416e-01,5.920784983245550581e-01,2.122270428629648098e+00,1.988228579620219483e+00,-5.342568888813381545e-01,-1.401520513043364780e+00,-1.375542684242647473e+00,2.215151306471494053e+00,2.671892777913028594e-01,4.786802920803479022e-01,-3.768035497851785820e+00
4.322881921280854023e+00,1.053177689149804142e+00,3.523442172139675255e-01,-7.019165964516962397e-01,3.076070184974382671e-01,-5.519580620317567909e-01,-1.439667386366537016e+00,8.336398572025223164e-01,-7.469002758930722852e-01,6.067880093590406476e-01,2.123729431079388164e+00,1.991359121578659686e+00,-5.592009414597790551e-01,-1.439839936025008704e+00,-1.372603053913574733e+00,2.194677309031641155e+00,1.701951835486504860e-01,4.598037814054204420e-01,-3.710022304237933888e+00
4.329553035356904722e+00,1.058706672987746789e+00,3.473310417941221639e-01,-6.978199633395449908e-01,3.217777267705168587e-01,-5.386633884367471037e-01,-1.443479998705011091e+00,8.239070197432262210e-01,-7.560459027975086066e-01,6.213592833643616364e-01,2.124540919417358786e+00,1.994362682228195238e+00,-5.837546174093490858e-01,-1.478044060165562223e+00,-1.369174380235395505e+00,2.173708494036545869e+00,7.306969870032897774e-02,4.406105315751333018e-01,-3.651003818358955932e+00
4.336224149432955421e+00,1.064169878795594437e+00,3.422569347758175895e-01,-6.936265938401627862e-01,3.359516865476679381e-01,-5.253491072064095935e-01,-1.447455090796575083e+00,8.139197514279323808e-01,-7.651670253747171468e-01,6.357890324840512752e-01,2.124704120334444113e+00,1.997237133490998851e+00,-6.079112754991631284e-01,-1.516115389916181222e+00,-1.365256672905585056e+00,2.152248818356745641e+00,-2.415621726278227577e-02,4.210960558918335206e-01,-3.590999653716008488e+00
4.342895263509006121e+00,1.069565612320823256e+00,3.371220705110833382e-01,-6.893374429747261001e-01,3.501245710249335508e-01,-5.120160868242479291e-01,-1.451589992304390897e+00,8.036789965218615883e-01,-7.742603817469818628e-01,6.500739956806754760e-01,2.124218467370921903e+00,1.999980318017812397e+00,-6.316644067349868052e-01,-1.554036422849528476e+00,-1.360850117566865691e+00,2.130302365382760410e+00,-1.214515122097670208e-01,4.012560662125439492e-01,-3.530029840151824860e+00
4.349566377585056820e+00,1.074892185999677396e+00,3.319266451068753065e-01,-6.849534874273657259e-01,3.642920503110305686e-01,-4.986652102596121350e-01,-1.455881989918126340e+00,7.931858160520872669e-01,-7.833227118603540706e-01,6.642109395781246040e-01,2.123083601497866901e+00,2.002590050527117249e+00,-6.550076371124262664e-01,-1.591789657497067578e+00,-1.355955075243298946e+00,2.107873344498111923e+00,-2.187850523530991964e-01,3.810864773064313038e-01,-3.468114816546780776e+00
4.356237491661107519e+00,1.080147919736026196e+00,3.266708764090097139e-01,-6.804757253578354037e-01,3.784497928128846000e-01,-4.852973751494897847e-01,-1.460328328263534647e+00,7.824413877749598623e-01,-7.923507586525831980e-01,6.781966593002646260e-01,2.121299371625113839e+00,2.005064119173034509e+00,-6.779347303207930997e-01,-1.629357601199138195e+00,-1.350572081710840200e+00,2.084966090514860149e+00,-3.161256332827611093e-01,3.605834111094181615e-01,-3.405275423327809747e+00
4.362908605737158219e+00,1.085331141679818812e+00,3.213550039783231171e-01,-6.759051762085991344e-01,3.925934666242969495e-01,-4.719134939710816212e-01,-1.464926210829904374e+00,7.714470060911347016e-01,-8.013412692166199669e-01,6.920279793056962614e-01,2.118865835035458112e+00,2.007400286941257050e+00,-7.004395903963563930e-01,-1.666722777964238178e+00,-1.344701846802874412e+00,2.061585063071565749e+00,-4.134419910467154180e-01,3.397432008734428965e-01,-3.341532894793214581e+00
4.369579719813208918e+00,1.090440189004805882e+00,3.159792890590819026e-01,-6.712428805063607173e-01,4.067187409172740020e-01,-4.585144942049641514e-01,-1.469672800915035715e+00,7.602040819081377077e-01,-8.102909959592854428e-01,7.057017542183812164e-01,2.115783257744781931e+00,2.009596293072303475e+00,-7.225162643238101090e-01,-1.703867736334158556e+00,-1.338345253651274547e+00,2.037734845993617760e+00,-5.107028132737333470e-01,3.185623952080132160e-01,-3.276908851256300714e+00
4.376250833889259617e+00,1.095473408685166072e+00,3.105440145396871632e-01,-6.664898996580709278e-01,4.208212873354990613e-01,-4.451013184886806751e-01,-1.474565222587394198e+00,7.487141424504637488e-01,-8.191966977546487616e-01,7.192148696538587238e-01,2.112052114787860813e+00,2.011649854511369906e+00,-7.441589445847105466e-01,-1.740775057251392255e+00,-1.331503357863550452e+00,2.013420146615903406e+00,-6.078767503341340195e-01,2.970377620117397033e-01,-3.211425291011052341e+00
4.382921947965310316e+00,1.100429158270689101e+00,3.050494849056958335e-01,-6.616473157414352047e-01,4.348967813894708545e-01,-4.316749247605651818e-01,-1.479600561665090686e+00,7.369788310171855317e-01,-8.280551410917160737e-01,7.325642430408337846e-01,2.107673090429594609e+00,2.013558667384034884e+00,-7.653619716517543470e-01,-1.777427361925441263e+00,-1.324177386636651299e+00,1.988645795067759625e+00,-7.049324265344011353e-01,2.751662922915465437e-01,-3.145104582122937753e+00
4.389593062041361016e+00,1.105305806660168422e+00,2.994960261852112060e-01,-6.567162312899580412e-01,4.489409038527923945e-01,-4.182362863936439634e-01,-1.484775866711311121e+00,7.249999066871064546e-01,-8.368631012159871707e-01,7.457468244378602229e-01,2.102647078301463690e+00,2.015320408497060178e+00,-7.861198364276940076e-01,-1.813807319694437314e+00,-1.316368737808063294e+00,1.963416743520205232e+00,-8.018384513412462056e-01,2.529452038673285497e-01,-3.077969454048220754e+00
4.396264176117411715e+00,1.110101734872651180e+00,2.938839858866768018e-01,-6.516977690725546113e-01,4.629493421591337476e-01,-4.047863923194328639e-01,-1.490088150045830728e+00,7.127792439714794037e-01,-8.456173632644863325e-01,7.587595973448802988e-01,2.096975181463007765e+00,2.016932736863520148e+00,-8.064271826278028854e-01,-1.849897655878693925e+00,-1.308078978844840812e+00,1.937738065395409937e+00,-8.985634306310098518e-01,2.303719449598744529e-01,-3.010042989085023102e+00
4.402935290193462414e+00,1.114815336816200597e+00,2.882137329291224459e-01,-6.465930718677690425e-01,4.769177917993426274e-01,-3.913262471414945542e-01,-1.495534388772233436e+00,7.003188324143844179e-01,-8.543147233938335194e-01,7.715995795093634202e-01,2.090658712388203888e+00,2.018393295251472264e+00,-8.262788091047499339e-01,-1.885681159622651926e+00,-1.299309845771197125e+00,1.911614954538461975e+00,-9.950759779599707144e-01,2.074441976599912252e-01,-2.941348613659643618e+00
4.409606404269513114e+00,1.119445020053809969e+00,2.824856575649090096e-01,-6.414033022326294242e-01,4.908419577182182025e-01,-3.778568712385764194e-01,-1.501111525820438830e+00,6.876207761408309471e-01,-8.629519899009635564e-01,7.842638237267917090e-01,2.083699192876586448e+00,2.019699711755361449e+00,-8.456696721147956008e-01,-1.921140691721722860e+00,-1.290063242035385693e+00,1.885052724351391706e+00,-1.091344725851300046e+00,1.841598812766787052e-01,-2.871910089451632508e+00
4.416277518345563813e+00,1.123989206566136545e+00,2.767001712950216130e-01,-6.361296422661882888e-01,5.047175557104377486e-01,-3.643793008572052683e-01,-1.506816471004157387e+00,6.746872933527160443e-01,-8.715259843360834147e-01,7.967494186352469532e-01,2.076098353889039849e+00,2.020849601389365091e+00,-8.645948875242717158e-01,-1.956259192430635396e+00,-1.280341237316526160e+00,1.858056806889543555e+00,-1.187338337094371088e+00,1.605171555624649304e-01,-2.801751504361148726e+00
4.422948632421614512e+00,1.128446333510693345e+00,2.708577067769668001e-01,-6.307732933677761000e-01,5.185403138151424285e-01,-3.508945881935636724e-01,-1.512646102092854772e+00,6.615207157727485132e-01,-8.800335426074739065e-01,8.090534895038400398e-01,2.067858135308167533e+00,2.021840567701820301e+00,-8.830497329552697838e-01,-1.991019689249700964e+00,-1.270146066272168195e+00,1.830632751920269197e+00,-1.283025516052068049e+00,1.365144238138071842e-01,-2.730897263322313862e+00
4.429619746497665211e+00,1.132814853977162084e+00,2.649587177253255321e-01,-6.253354759900211501e-01,5.323059737086676124e-01,-3.374038014645455164e-01,-1.518597265897832838e+00,6.481234880365271955e-01,-8.884715160777382215e-01,8.211731990147385085e-01,2.058980685623230666e+00,2.022670204409934058e+00,-9.010296498695586909e-01,-2.025405304685650609e+00,-1.259480127227268875e+00,1.802786225944078558e+00,-1.378375019971751936e+00,1.121503358448456833e-01,-2.659372078966233843e+00
4.436290860573715911e+00,1.137093237738475260e+00,2.590036788050250061e-01,-6.198174293866712814e-01,5.460102920949192473e-01,-3.239080249678295553e-01,-1.524666779371993908e+00,6.344981670329337131e-01,-8.968367726511122795e-01,8.331057480385356540e-01,2.049468361539614758e+00,2.023336097053882732e+00,-9.185302455897031981e-01,-2.059399263983474615e+00,-1.248345980805429356e+00,1.774523011178258614e+00,-1.473355670295521502e+00,8.742379083252838079e-02,-2.587200962137539140e+00
4.442961974649766610e+00,1.141279971997327447e+00,2.529930855173853632e-01,-6.142204113552697242e-01,5.596490420928958986e-01,-3.104083591308658407e-01,-1.530851430722888651e+00,6.206474211930563811e-01,-9.051261978514518747e-01,8.448483764027180376e-01,2.039323727512876605e+00,2.023835824669478090e+00,-9.355472952564611866e-01,-2.092984902825924642e+00,-1.236746348503113158e+00,1.745849004503094770e+00,-1.567936363965448443e+00,6.233394003147241236e-02,-2.514409212268241323e+00
4.449633088725817309e+00,1.145373562127773193e+00,2.469274540790099004e-01,-6.085456979747233541e-01,5.732180146208510907e-01,-2.969059205486315189e-01,-1.537147980538590808e+00,6.065740297278569004e-01,-9.133366958905243527e-01,8.563983636529735044e-01,2.028549555207377786e+00,2.024166961478487181e+00,-9.520767437214775475e-01,-2.126145674997133472e+00,-1.224684111207743342e+00,1.716770216370741897e+00,-1.662086084719414547e+00,3.688018935673542664e-02,-2.441022407612895684e+00
4.456304202801868009e+00,1.149372532411564674e+00,2.408073212935775420e-01,-6.027945833378192120e-01,5.867130197765919597e-01,-2.834018420100634650e-01,-1.543553162926000866e+00,5.922808818148542764e-01,-9.214651907262247921e-01,8.677530298071055581e-01,2.017148822879629044e+00,2.024327078595748564e+00,-9.681147073744025278e-01,-2.158865160007035655e+00,-1.212162307660413330e+00,1.687292769676908222e+00,-1.755773914373190303e+00,1.106220183296890980e-02,-2.367066395348997432e+00
4.462975316877918708e+00,1.153275426768900491e+00,2.346332444166169817e-01,-5.969683792787392473e-01,6.001298882134110668e-01,-2.698972725130485140e-01,-1.550063686661093731e+00,5.777709757340762087e-01,-9.295086271103585318e-01,8.789097361012826459e-01,2.005124714686415288e+00,2.024313745752174043e+00,-9.836574759035190407e-01,-2.191127070673082766e+00,-1.199184132864171470e+00,1.657422898595459992e+00,-1.848969044084363578e+00,-1.512010009167630287e-02,-2.292567281546758373e+00
4.469646430953969407e+00,1.157080809483235662e+00,2.284058010133209748e-01,-5.910684150956180272e-01,6.134644725111559893e-01,-2.563933772678634870e-01,-1.556676236350706510e+00,5.630474179535889245e-01,-9.374639716256212285e-01,8.898658857284016399e-01,1.992480619917852191e+00,2.024124533032726880e+00,-9.987015139890336179e-01,-2.222915260655923042e+00,-1.185752936438668526e+00,1.627166947376075257e+00,-1.941640785593818919e+00,-4.166653236841266761e-02,-2.217551421012289303e+00
4.476317545030020106e+00,1.160787265919829503e+00,2.221255888094821052e-01,-5.850960372682070254e-01,6.267126485419280968e-01,-2.428913376889815789e-01,-1.563387473605386324e+00,5.481134221649182070e-01,-9.453282137114299433e-01,9.006189245683038358e-01,1.979220132155541378e+00,2.023757012628477181e+00,-1.013243462928206551e+00,-2.254213731945656995e+00,-1.171872220922092200e+00,1.596531369105131493e+00,-2.033758582440356566e+00,-6.857664730882850890e-02,-2.142045407008412727e+00
4.482988659106070806e+00,1.164393403237687030e+00,2.157932255356237450e-01,-5.790526091706895695e-01,6.398703168299224586e-01,-2.293923513751348620e-01,-1.570194038222853194e+00,5.329723082686983471e-01,-9.530983666782538721e-01,9.111663419095998862e-01,1.965347048356007598e+00,2.023208760601773459e+00,-1.027280142191504320e+00,-2.285006642295256185e+00,-1.157545640021338862e+00,1.565522724429956547e+00,-2.125292021144134402e+00,-9.584973168553823086e-02,-2.066076060857362950e+00
4.489659773182121505e+00,1.167897851094574557e+00,2.094093487644022589e-01,-5.729395107797141673e-01,6.529334039048989569e-01,-2.158976320775715108e-01,-1.577092549381608810e+00,5.176275013109220557e-01,-9.607714687100981088e-01,9.215056711628666353e-01,1.950865367859648147e+00,2.022477358663636871e+00,-1.040808550909014141e+00,-2.315278312597903287e+00,-1.142776996811270429e+00,1.534147680246671364e+00,-2.216210842354569888e+00,-1.234848049736414488e-01,-1.989670421429604596e+00
4.496330887258172204e+00,1.171299262344766223e+00,2.029746157413637175e-01,-5.667581383776969517e-01,6.658978636487957736e-01,-2.024084096564085777e-01,-1.584079606844229549e+00,5.020825303701703657e-01,-9.683445838548083717e-01,9.316344905649651675e-01,1.935779291325444351e+00,2.021560395962395340e+00,-1.053825869286364236e+00,-2.345013234204822883e+00,-1.127570241884088276e+00,1.502413008351783263e+00,-2.306484951958343910e+00,-1.514806177343608340e-01,-1.912855734523201567e+00
4.503002001334222903e+00,1.174596313729217245e+00,1.964897032091336426e-01,-5.605099042514578578e-01,6.787596786349877620e-01,-1.889259300250295537e-01,-1.591151792169868573e+00,4.863410273962360808e-01,-9.758148030018667374e-01,9.415504238742481435e-01,1.920093219591719969e+00,2.020455470882646765e+00,-1.066329459949443503e+00,-2.374196076180421500e+00,-1.111929471449716322e+00,1.470325584057778023e+00,-2.396084432143227083e+00,-1.798356501419280384e-01,-1.835659442138037445e+00
4.509673115410273603e+00,1.177787706557816172e+00,1.899553072251284891e-01,-5.541962363862460439e-01,6.915148614597046439e-01,-1.754514550824314012e-01,-1.598305669935485618e+00,4.704067260005542206e-01,-9.831792448473554158e-01,9.512511410564064018e-01,1.903811752463237195e+00,2.019160192853536095e+00,-1.078316869217227136e+00,-2.402811692491349405e+00,-1.095858925388246252e+00,1.437892384772882615e+00,-2.484979552413377313e+00,-2.085481106549336161e-01,-1.758109171649441471e+00
4.516344229486324302e+00,1.180872167383417271e+00,1.833721429728713825e-01,-5.478185781552258327e-01,7.041594560651079915e-01,-1.619862626334963307e-01,-1.605537788965331503e+00,4.542834601989137466e-01,-9.904350568457693793e-01,9.607343589607272305e-01,1.886939687424997070e+00,2.017672184165443472e+00,-1.089785828302062720e+00,-2.430845129126358195e+00,-1.079362985255370555e+00,1.405120488545301249e+00,-2.573140780551823159e+00,-2.376159348330539878e-01,-1.680232724885617923e+00
4.523015343562375001e+00,1.183848448667321751e+00,1.767409445670051482e-01,-5.413783880044824581e-01,7.166895390535447108e-01,-1.485316462971096041e-01,-1.612844683568188220e+00,4.379751631069087603e-01,-9.975794161483706457e-01,9.699978419865199486e-01,1.869482018283089353e+00,2.015989081794053561e+00,-1.100734254436767756e+00,-2.458281631143618640e+00,-1.062446172241878539e+00,1.372017072572129459e+00,-2.660538793525802692e+00,-2.670367843002292574e-01,-1.602058067113534046e+00
4.529686457638425701e+00,1.186715329435904076e+00,1.700624648520887017e-01,-5.348771391336162306e-01,7.291012209924911947e-01,-1.350889154020949445e-01,-1.620222874781894307e+00,4.214858655886279948e-01,-1.004609530527773575e+00,9.790394027394793142e-01,1.851443933732997316e+00,2.014108539230875294e+00,-1.111160251927973519e+00,-2.485106649642425669e+00,-1.045113145088190532e+00,1.338589411673247298e+00,-2.747144488330761192e+00,-2.968080458550934608e-01,-1.523613315937748958e+00
4.536357571714476400e+00,1.189471615928066273e+00,1.633374751952749726e-01,-5.283163191719887353e-01,7.413906477097086389e-01,-1.216593948709067119e-01,-1.627668871624637470e+00,4.048196948590900290e-01,-1.011522639288481074e+00,9.878569026777510587e-01,1.832830815855767792e+00,2.012028228319169720e+00,-1.121062113135125937e+00,-2.511305848656017581e+00,-1.027368697955033383e+00,1.304844876730430148e+00,-2.832928992768695142e+00,-3.269268307295836173e-01,-1.444926730116915081e+00
4.543028685790527099e+00,1.192116142233217380e+00,1.565667652729601511e-01,-5.216974298507003338e-01,7.535540015781243550e-01,-1.082444250910722938e-01,-1.635179172352533739e+00,3.879808730409752826e-01,-1.018316014163066940e+00,9.964482527474667339e-01,1.813648238542522551e+00,2.009745841094361829e+00,-1.130438319374617695e+00,-2.536865111962474106e+00,-1.009217758251252928e+00,1.270790933092026842e+00,-2.917863676156628561e+00,-3.573899739963688482e-01,-1.366026698302563069e+00
4.549699799866577798e+00,1.194647770919474494e+00,1.497511428515013177e-01,-5.150219866703562577e-01,7.655875027899663454e-01,-9.484536177433458559e-02,-1.642750265722992431e+00,3.709737156761987453e-01,-1.024986960193723595e+00,1.004811414007531489e+00,1.793901965847763957e+00,2.007259091627883851e+00,-1.139287541748557286e+00,-2.561770549810561626e+00,-9.906653844198674008e-01,1.236435138943461576e+00,-3.001920159961034784e+00,-3.881940341258625082e-01,-1.286941727704890459e+00
4.556370913942628498e+00,1.197065393651781662e+00,1.428914335621100373e-01,-5.082915185647094436e-01,7.774874106196710821e-01,-8.146357580349841698e-02,-1.650378632263345802e+00,3.538026301929132478e-01,-1.031532816598908830e+00,1.012944398243413424e+00,1.773597950272011836e+00,2.004565717873484143e+00,-1.147608641897683412e+00,-2.586008505557435999e+00,-9.717167636834624922e-01,1.201785143643941067e+00,-3.085070328353941793e+00,-4.193352926933675562e-01,-1.207700432690393066e+00
4.563042028018679197e+00,1.199367931799661058e+00,1.359884806700055182e-01,-5.015075675602380656e-01,7.892500246751110726e-01,-6.810045306693571221e-02,-1.658060745544257975e+00,3.364721143285195892e-01,-1.037950957624821813e+00,1.020845268569737119e+00,1.752742330974269347e+00,2.001663483514984243e+00,-1.155400672678013496e+00,-2.609565562215251155e+00,-9.523772097499798583e-01,1.166848686029624771e+00,-3.167286338686703839e+00,-4.508097542369466915e-01,-1.128331523315961205e+00
4.569713142094729896e+00,1.201554337034292708e+00,1.290431448379456003e-01,-4.946716884317459151e-01,8.008716861366549367e-01,-5.475739428077908144e-02,-1.665793073457384255e+00,3.189867545093334478e-01,-1.044238793381438546e+00,1.028512140021442978e+00,1.731341431914925622e+00,1.998550179814473138e+00,-1.162662878760789553e+00,-2.632428548903594567e+00,-9.326521604800537268e-01,1.131633592683686906e+00,-3.248540631877125051e+00,-4.826131462664173810e-01,-1.048863793804452493e+00
4.576384256170780596e+00,1.203623591914646740e+00,1.220563038842288617e-01,-4.877854483540565722e-01,8.123487789836141282e-01,-4.143581479877872509e-02,-1.673572079496782328e+00,3.013512241875149211e-01,-1.050393770662864323e+00,1.035943180133294561e+00,1.709401759929650932e+00,1.995223627459957072e+00,-1.169394697155371698e+00,-2.654584547204899447e+00,-9.125471755169748400e-01,1.096147776173590049e+00,-3.328805942705997278e+00,-5.147409194238941055e-01,-9.693261109664199626e-01
4.583055370246831295e+00,1.205574710462376853e+00,1.150288525352798907e-01,-4.808504265498807495e-01,8.236777312076082325e-01,-2.813714440983824949e-02,-1.681394224043549102e+00,2.835702821359425974e-01,-1.056413373751753593e+00,1.043136609507519186e+00,1.686930002734921885e+00,1.991681678411399758e+00,-1.175595757654718909e+00,-2.676020897419820965e+00,-8.920679338804611280e-01,1.060399233255956197e+00,-3.408055310018852424e+00,-5.471882477961922397e-01,-8.897474025730246483e-01
4.589726484322881994e+00,1.207406738725201656e+00,1.079617021729195603e-01,-4.738682139339381316e-01,8.348550160124008634e-01,-1.486282712325076583e-02,-1.689255965653173153e+00,2.656487707016948474e-01,-1.062295125207558089e+00,1.050090702369370188e+00,1.663933026865819897e+00,1.987922217744209963e+00,-1.181265883203160172e+00,-2.696725204719814251e+00,-8.712202315253222418e-01,1.024396043049441873e+00,-3.486262086828967544e+00,-5.799500293792929639e-01,-8.101566456849035314e-01
4.596397598398932693e+00,1.209118755328500772e+00,1.008557805764329351e-01,-4.668404127534118153e-01,8.458771529997545224e-01,-1.614320941635494222e-03,-1.697153762345079420e+00,2.475916140188340608e-01,-1.068036586638379859e+00,1.056803787110385917e+00,1.640417875546760218e+00,1.983943165489083116e+00,-1.186405090186169353e+00,-2.716685345193975643e+00,-8.500099788662307532e-01,9.881463651759876399e-01,-3.563399950317586828e+00,-6.130208866951090130e-01,-7.305828549420581020e-01
4.603068712474983393e+00,1.210709872014850363e+00,9.371203165954218595e-02,-4.597686362248221137e-01,8.567407093408581087e-01,1.160690237837294636e-02,-1.705084072893845226e+00,2.294038161812153032e-01,-1.073635359456195815e+00,1.063274246819154278e+00,1.616391766495874460e+00,1.979742478467254818e+00,-1.191013588641905985e+00,-2.735889471787476435e+00,-8.284431982697025854e-01,9.516584378709052050e-01,-3.639442911727385876e+00,-6.463951675605525971e-01,-6.510550708195793623e-01
4.609739826551034092e+00,1.212179234171240516e+00,8.653141520239901463e-02,-4.526545081674009374e-01,8.674423009328887657e-01,2.479935757766710269e-02,-1.713043358121566939e+00,2.110904593760509762e-01,-1.079089085615249521e+00,1.069500519799357452e+00,1.591862089663752311e+00,1.975318152120087767e+00,-1.195091782394306579e+00,-2.754326020128753161e+00,-8.065260215145078071e-01,9.149405760621973638e-01,-3.714365326145236956e+00,-6.800669460089880936e-01,-5.716023478543313940e-01
4.616410940627084791e+00,1.213526021343712680e+00,7.931490657870687855e-02,-4.454996626330547382e-01,8.779785935402674157e-01,3.796154615838479018e-02,-1.721028082190855901e+00,1.926567019789797164e-01,-1.084395448333391299e+00,1.075481100074910712e+00,1.566836404907312019e+00,1.970668222332029318e+00,-1.198640269107555945e+00,-2.771983714242832519e+00,-7.842646872216570975e-01,8.780011694195852812e-01,-3.788141902170392150e+00,-7.140300233639669258e-01,-4.922537428474582644e-01
4.623082054703135491e+00,1.214749447739162047e+00,7.206349647808707459e-02,-4.383057435329975604e-01,8.883463039201917599e-01,5.109195665977747658e-02,-1.729034713897926734e+00,1.741077766113968694e-01,-1.089552172796189655e+00,1.081214537881980853e+00,1.541322439599545735e+00,1.965790767245874537e+00,-1.201659840261784407e+00,-2.788851572148113966e+00,-7.616655382551638098e-01,8.408486803736608950e-01,-3.860747711464258991e+00,-7.482779294651535906e-01,-4.130383030477751127e-01
4.629753168779186190e+00,1.215848762714056175e+00,6.477819062380914261e-02,-4.310744042611506788e-01,8.985422009320015446e-01,6.418906494614548541e-02,-1.737059727965268197e+00,1.554489881608621116e-01,-1.094557026843593794e+00,1.086699440147691931e+00,1.515328086175984357e+00,1.960683909069356634e+00,-1.204151481049888339e+00,-2.804918911334001841e+00,-7.387350190947875594e-01,8.034916421056851332e-01,-3.932158198177862829e+00,-7.828039240461901471e-01,-3.339850543211195788e-01
4.636424282855236889e+00,1.216823251249828708e+00,5.746000948599561120e-02,-4.238073073143905356e-01,9.085631066299753034e-01,7.725133450680227165e-02,-1.745099606333359255e+00,1.366857117653536013e-01,-1.099407821638989535e+00,1.091934470955325143e+00,1.488861399618676362e+00,1.955345815872044479e+00,-1.206116370195395859e+00,-2.820175354116891242e+00,-7.154796731819296207e-01,7.659386565084802534e-01,-4.002349188253347734e+00,-8.176009982642362672e-01,-2.551229893105765312e-01
4.643095396931287588e+00,1.217672234414702848e+00,5.010998799042495899e-02,-4.165061239097391232e-01,9.184058973391278080e-01,9.027721676798577954e-02,-1.753150839450906107e+00,1.178233907622231458e-01,-1.104102412320453031e+00,1.096918351995826990e+00,1.461930594878556589e+00,1.949774703371513818e+00,-1.207555879691323497e+00,-2.834610832871930608e+00,-6.919061402399198091e-01,7.281983921189265629e-01,-4.071296898595660352e+00,-8.526618763808326840e-01,-1.764810555927571745e-01
4.649766511007338288e+00,1.218395069811722520e+00,4.272917522304849058e-02,-4.091725335985910705e-01,9.280675047136204281e-01,1.032651514166523510e-01,-1.761209927563075039e+00,9.886753460264369187e-02,-1.108638698634059283e+00,1.101649863005415897e+00,1.434544044237053839e+00,1.943968836707821835e+00,-1.208471574460034725e+00,-2.848215595138219314e+00,-6.680211535698922232e-01,6.902795820225727796e-01,-4.138977946110890649e+00,-8.879790175936470575e-01,-9.808814383505382040e-02
4.656437625083388987e+00,1.218991152012753876e+00,3.531863413034418142e-02,-4.018082238780648074e-01,9.375449167773572956e-01,1.162135667360608415e-01,-1.769273381997192196e+00,7.982371673245652888e-02,-1.113014625549062719e+00,1.106127842189135402e+00,1.406710274607879452e+00,1.937926532205241026e+00,-1.208865211934102346e+00,-2.860980208594936069e+00,-6.438315373234692052e-01,6.521910217308801716e-01,-4.205369356607468134e+00,-9.235446180185880038e-01,-1.997307595905839506e-02
4.663108739159439686e+00,1.219459912978242411e+00,2.787944121562458549e-02,-3.944148897995776171e-01,9.468351789463969048e-01,1.291208799530700613e-01,-1.777337726445381572e+00,6.069757244023765708e-02,-1.117228183854813039e+00,1.110351186630145426e+00,1.378437964779886116e+00,1.931646159120290029e+00,-1.208738741558246677e+00,-2.872895565906170123e+00,-6.193442037534686584e-01,6.139415670316359375e-01,-4.270448573556797633e+00,-9.593506128217224038e-01,5.783540668493647452e-02
4.669779853235490386e+00,1.219800822462502543e+00,2.041268623142867417e-02,-3.869942335747382778e-01,9.559353950327641458e-01,1.419854975970397115e-01,-1.785399498243622762e+00,4.149479667350830514e-02,-1.121277410739256242e+00,1.114318852684592631e+00,1.349735942601980820e+00,1.925126141375025357e+00,-1.208094304212431469e+00,-2.883952889432079836e+00,-5.945661504438837230e-01,5.755401318130932697e-01,-4.334193466709654885e+00,-9.953886785003129845e-01,1.353086551271387439e-01
4.676450967311541085e+00,1.220013388404344257e+00,1.291947186810999543e-02,-3.795479641786532188e-01,9.648427282293036145e-01,1.548058158702561860e-01,-1.793455249646691563e+00,2.222114182394335780e-02,-1.125160390348900918e+00,1.118029856361871799e+00,1.320613182111016748e+00,1.918364959274634796e+00,-1.206934231556255677e+00,-2.894143735804226125e+00,-5.695044575203342951e-01,5.369956858623669005e-01,-4.396582340565021951e+00,-1.031650235312295383e+00,2.124181245662659645e-01
4.683122081387591784e+00,1.220097157302812985e+00,5.400913438757620755e-03,-3.720777969507448879e-01,9.735544020751782934e-01,1.675802210297490658e-01,-1.801501549098469379e+00,2.882415482541478280e-03,-1.128875254330102385e+00,1.121483273690123905e+00,1.291078800603725041e+00,1.911361151208320397e+00,-1.205261045294780065e+00,-2.903460000362853677e+00,-5.441662848422539334e-01,4.983172526386984713e-01,-4.457593942687782196e+00,-1.068126449853323834e+00,2.891353861311454221e-01
4.689793195463642483e+00,1.220051714577865098e+00,-2.141861439435774339e-03,-3.645854531931835285e-01,9.820677014016516715e-01,1.803070897804027739e-01,-1.809534982497087441e+00,-1.651552183435622823e-02,-1.132420182351565829e+00,1.124678241066788598e+00,1.261142055653644789e+00,1.904113315332504275e+00,-1.203077456366002940e+00,-2.911893921454053569e+00,-5.185588691780212978e-01,4.595139070221401223e-01,-4.517207471872024982e+00,-1.104808237780565250e+00,3.654321386109775638e-01
4.696464309539693183e+00,1.219876684915772724e+00,-9.707713167225628936e-03,-3.570726597670286773e-01,9.903799732577903692e-01,1.929847896792295237e-01,-1.817552154454401547e+00,-3.596675898723344922e-02,-1.135793402607943259e+00,1.127613955594068296e+00,1.230812342074143029e+00,1.896620111235388650e+00,-1.200386364050193500e+00,-2.919438084584744963e+00,-4.926895213642816795e-01,4.205947730382773586e-01,-4.575402586146602779e+00,-1.141686266682262474e+00,4.412802201491783372e-01
4.703135423615743882e+00,1.219571732599084468e+00,-1.729549048866514671e-02,-3.495411486861837447e-01,9.984886278157310002e-01,2.056116795506915673e-01,-1.825549689549248900e+00,-5.546533654280860759e-02,-1.138993192304440294e+00,1.130289675399122729e+00,1.200099188828535279e+00,1.888880261581858733e+00,-1.197190855001353915e+00,-2.926085426433447267e+00,-4.665656234507124522e-01,3.815690215595636814e-01,-4.632159410619685502e+00,-1.178750959092055961e+00,5.166516198957178396e-01
4.709806537691794581e+00,1.219136561820953535e+00,-2.490403081962457715e-02,-3.419926567092672065e-01,1.006391139255157441e+00,2.181861099129192294e-01,-1.833524233573999185e+00,-7.500524912971540115e-02,-1.142017878122321806e+00,1.132704719938863569e+00,1.169012255888446594e+00,1.880892553737832484e+00,-1.193494202201095700e+00,-2.931829238714980690e+00,-4.401946258314382021e-01,3.424458679839285091e-01,-4.687458545159144840e+00,-1.215992495646965654e+00,5.915184896130525338e-01
4.716477651767845281e+00,1.218570916983667596e+00,-3.253216057934899680e-02,-3.344289249295001598e-01,1.014085046626651554e+00,2.307064234146967985e-01,-1.841472454773859235e+00,-9.458044781946461921e-02,-1.144865836665246661e+00,1.134858470289181076e+00,1.137561331041477164e+00,1.872655841373037866e+00,-1.189299863835266535e+00,-2.936663171897158975e+00,-4.135840443643686859e-01,3.032345698912526366e-01,-4.741281071905593336e+00,-1.253400818387847782e+00,6.658531552305007040e-01
4.723148765843895980e+00,1.217874582981215426e+00,-4.017869552493422147e-02,-3.268516983627195449e-01,1.021567954693584523e+00,2.431709552830697563e-01,-1.849391045078434770e+00,-1.141848425317162352e-01,-1.147535494886341656e+00,1.136750369418470852e+00,1.105756326649316001e+00,1.864169046041324496e+00,-1.184611482093675061e+00,-2.940581238767725480e+00,-3.867414574796670390e-01,2.639444246783680947e-01,-4.793608562615091273e+00,-1.290965634201132861e+00,7.396281283422290187e-01
4.729819879919946679e+00,1.217047385465726217e+00,-4.784244108858087818e-02,-3.192627255336177305e-01,1.028837534752212290e+00,2.555780337814080871e-01,-1.857276721325019864e+00,-1.338123044628216629e-01,-1.150025330495956233e+00,1.138379922445307724e+00,1.073607276357462448e+00,1.855431158737528952e+00,-1.179432881893319518e+00,-2.943577817849742928e+00,-3.596745032786169971e-01,2.245847671732394968e-01,-4.844423085828383435e+00,-1.328676418400472681e+00,8.128161176437123103e-01
4.736490993995997378e+00,1.216089191097634359e+00,-5.552219271751309554e-02,-3.116637580603129898e-01,1.035891525429670335e+00,2.679259806777884445e-01,-1.865126226473128312e+00,-1.534566685366667294e-01,-1.152333872350036259e+00,1.139746696880141741e+00,1.041124331757674160e+00,1.846441241429991553e+00,-1.173768069525534363e+00,-2.945647656663795022e+00,-3.323908766240807333e-01,1.851649672289466531e-01,-4.893707213863907945e+00,-1.366522418446994180e+00,8.853900403019083765e-01
4.743162108072048078e+00,1.214999907779424460e+00,-6.321673621641327179e-02,-3.040565502373703266e-01,1.042727733459545503e+00,2.802131117235021063e-01,-1.872936330809731320e+00,-1.731117358767365055e-01,-1.154459700819063128e+00,1.140850322850871734e+00,1.008317759004397018e+00,1.837198428567796249e+00,-1.167621231227530476e+00,-2.946785874835360808e+00,-3.048983262238439962e-01,1.456944272982218513e-01,-4.941444029631504975e+00,-1.404492657806617917e+00,9.573230332540125787e-01
4.749833222148098777e+00,1.213779484872813397e+00,-7.092484809226079490e-02,-2.964428586173618596e-01,1.049344034434724238e+00,2.924377371415403659e-01,-1.880703833144728776e+00,-1.927712762984093442e-01,-1.156401448137512000e+00,1.141690493312180088e+00,9.751979353863193811e-01,1.827701928561827671e+00,-1.160996731678799687e+00,-2.946987967045847867e+00,-2.772046517080057892e-01,1.061825799891328859e-01,-4.987617133264180325e+00,-1.442575939943013363e+00,1.028588464430104876e+00
4.756504336224149476e+00,1.212427913399245938e+00,-7.864529590143183591e-02,-2.888244415910914964e-01,1.055738373537224994e+00,3.045981621248642357e-01,-1.888425561996133428e+00,-2.124290308203917177e-01,-1.158157798733796318e+00,1.142266964238500826e+00,9.417753458543212108e-01,1.817951025238738083e+00,-1.153899112422929196e+00,-2.946249805825763346e+00,-2.493177007017041147e-01,6.663888560267694494e-02,-5.032210648565079936e+00,-1.480760852444531483e+00,1.099159943894628233e+00
4.763175450300200175e+00,1.210945226223569815e+00,-8.637683859893954819e-02,-2.812030589665840963e-01,1.061908766244725077e+00,3.166926873442876822e-01,-1.896098376764481230e+00,-2.320787141942763920e-01,-1.159727489540679723e+00,1.142579554800496222e+00,9.080605795070137987e-01,1.807945079266936705e+00,-1.146333090215368333e+00,-2.944567644188639033e+00,-2.212453658943579482e-01,2.707282965293367205e-02,-5.075209229267076516e+00,-1.519035771283503866e+00,1.169011334901997490e+00
4.769846564376250875e+00,1.209331498220784562e+00,-9.411822688967649841e-02,-2.735804715469537518e-01,1.067853299013507007e+00,3.287196094657722778e-01,-1.903719168895975589e+00,-2.517140174511264816e-01,-1.161109310286117857e+00,1.142628147524940019e+00,8.740643260351708133e-01,1.797683529553743442e+00,-1.138303555297742964e+00,-2.941938118104368449e+00,-1.929955821066650090e-01,-1.250607962946742591e-02,-5.116598065102331283e+00,-1.557388865206172035e+00,1.238116764861465491e+00
4.776517678452301574e+00,1.207586846425743543e+00,-1.018682035815333398e-01,-2.659584407072615453e-01,1.073570129937546414e+00,3.406772216769465289e-01,-1.911284863033872128e+00,-2.713286104640172391e-01,-1.162302103764538019e+00,1.142412688437889345e+00,8.397973721263077840e-01,1.787165894612805506e+00,-1.129815569599341263e+00,-2.938358248810649886e+00,-1.645763233565757933e-01,-5.208831380987172244e-02,-5.156362887679293294e+00,-1.595808100251438599e+00,1.306450636206440530e+00
4.783188792528352273e+00,1.205711430165713027e+00,-1.096255039402609516e-01,-2.583387279704736916e-01,1.079057489383489887e+00,3.525638142226423799e-01,-1.918792418157628354e+00,-2.909161445254604406e-01,-1.163304766088536057e+00,1.141933187191048527e+00,8.052705978307030943e-01,1.776391773900969806e+00,-1.120874364866414341e+00,-2.933825444961377649e+00,-1.359955999254273129e-01,-9.166432677736752188e-02,-5.194489976164740952e+00,-1.634281244396620369e+00,1.373987637163610387e+00
4.789859906604402973e+00,1.203705451175686614e+00,-1.173888560459483560e-01,-2.507230945826325330e-01,1.084313680601262320e+00,3.643776749492527167e-01,-1.926238828709335271e+00,-3.104702549386120225e-01,-1.164116246921020448e+00,1.141189717171210205e+00,7.704949728901626660e-01,1.765360849123709830e+00,-1.111485340719990944e+00,-2.928337504610781572e+00,-1.072614554254757158e-01,-1.312245572870826549e-01,-5.230966162768422301e+00,-1.672795872328245892e+00,1.440702752417048593e+00
4.796531020680453672e+00,1.201569153696377512e+00,-1.251569811509830044e-01,-2.431133010873551270e-01,1.089337080310064598e+00,3.761170898576844390e-01,-1.933621125706949773e+00,-3.299845636211689026e-01,-1.164735549687782701e+00,1.140182415592704279e+00,7.354815530308702609e-01,1.754072885508355384e+00,-1.101654062642904552e+00,-2.921892617032316508e+00,-7.838196386998408371e-02,-1.707594315162290766e-01,-5.265778838028037256e+00,-1.711339370335953625e+00,1.506571273662770327e+00
4.803202134756504371e+00,1.199302824554793645e+00,-1.329285940393628296e-01,-2.355111068997712831e-01,1.094126139259522512e+00,3.877803436646980462e-01,-1.940936377843870630e+00,-3.494526817208348235e-01,-1.165161731770551823e+00,1.138911483572737859e+00,7.002414762216514488e-01,1.742527733044230143e+00,-1.091386259896796052e+00,-2.914489364371247060e+00,-4.936522674710208669e-02,-2.102593656331658289e-01,-5.298915955892294249e+00,-1.749898941327393098e+00,1.571568810048982412e+00
4.809873248832555070e+00,1.196906793227332733e+00,-1.407024033872319446e-01,-2.279182698800172879e-01,1.098679382765763268e+00,3.993657203724046423e-01,-1.948181692574386670e+00,-3.688682122412662023e-01,-1.165393904680524617e+00,1.137377186189570955e+00,6.647859588990088220e-01,1.730725327688975357e+00,-1.080687823369855582e+00,-2.906126723130058487e+00,-2.021937009867635915e-02,-2.497147683786914985e-01,-5.330366038599938960e+00,-1.788461609962066268e+00,1.635671298497597403e+00
4.816544362908605770e+00,1.194381431885328082e+00,-1.484771121245103687e-01,-2.203365459063982845e-01,1.102995411222202016e+00,4.108715038457018687e-01,-1.955354217184530619e+00,-3.882247526773592861e-01,-1.165431234212452427e+00,1.135579852523413757e+00,6.291262921602870373e-01,1.718665692540194190e+00,-1.069564803356125360e+00,-2.896804065485774515e+00,9.047458394799368087e-03,-2.891160436588225968e-01,-5.360118181352623523e+00,-1.827014227901903265e+00,1.698855013902323075e+00
4.823215476984656469e+00,1.191727155422982021e+00,-1.562514177974865248e-01,-2.127676884483329367e-01,1.107072900584830322e+00,4.222959783974034043e-01,-1.962451139847907200e+00,-4.075158976587683890e-01,-1.165272940579279215e+00,1.133519875680010225e+00,5.932738379263621242e-01,1.706348938971717466e+00,-1.058023407267181915e+00,-2.886521160438480393e+00,3.842709232195717917e-02,-3.284535931482600035e-01,-5.388162056779680853e+00,-1.865543479176370312e+00,1.761096579199023626e+00
4.829886591060707168e+00,1.188944421467646340e+00,-1.640240129322397544e-01,-2.052134481392062781e-01,1.110910602831805871e+00,4.336374293808272773e-01,-1.969469690666015627e+00,-4.267352416005134597e-01,-1.164918298527430895e+00,1.131197712796806698e+00,5.572400250752544970e-01,1.693775267733688139e+00,-1.046069997277089492e+00,-2.875278174790276253e+00,6.791134943985344119e-02,-3.677178189037302314e-01,-5.414487919192839449e+00,-1.904035885659767002e+00,1.822372975303733211e+00
4.836557705136757868e+00,1.186033730372392014e+00,-1.717935853987724859e-01,-1.976755723492316097e-01,1.114507346397158427e+00,4.448941437896055673e-01,-1.976407142692651719e+00,-4.458763813595575387e-01,-1.164366637432781015e+00,1.128613885031662267e+00,5.210363455480480077e-01,1.680944970015738393e+00,-1.033711087901502124e+00,-2.863075673954067479e+00,9.749203456368937815e-02,-4.068991259864666032e-01,-5.439086608629078334e+00,-1.942477812658426783e+00,1.882661550914107362e+00
4.843228819212808567e+00,1.182995625190847999e+00,-1.795588187757143905e-01,-1.901558047584502587e-01,1.117862036578427976e+00,4.560644108644552053e-01,-1.983260812941943119e+00,-4.649329188962080806e-01,-1.163617341377375158e+00,1.125768977534038484e+00,4.846743504285647708e-01,1.667858428472546395e+00,-1.020953343511843858e+00,-2.849914622591623647e+00,1.271609424457821325e-01,-4.459879250929671413e-01,-5.461949554679859098e+00,-1.980855474605372368e+00,1.941940032169906960e+00
4.849899933288859266e+00,1.179830691634264905e+00,-1.873183927154777328e-01,-1.826558849299810272e-01,1.120973655918067191e+00,4.671465227066686765e-01,-1.990028063379578827e+00,-4.838984639392023279e-01,-1.162669849206998673e+00,1.122663639398601587e+00,4.481656459981997465e-01,1.654516118211026177e+00,-1.007803575785534589e+00,-2.835796385080391779e+00,1.569098606426722053e-01,-4.849746351932674449e-01,-5.483068780105048390e+00,-2.019154940859943625e+00,2.000186532168219067e+00
4.856571047364909965e+00,1.176539558010795794e+00,-1.950709833097313273e-01,-1.751775478836382072e-01,1.123841264558445907e+00,4.781387748980578944e-01,-1.996706301896830738e+00,-5.027666366533419806e-01,-1.161523654569645903e+00,1.119298583601217478e+00,4.115218897673746934e-01,1.640918607738513835e+00,-9.942687410932233849e-01,-2.820722725808701092e+00,1.867305723692452846e-01,-5.238496861758757950e-01,-5.502436904229980108e+00,-2.057362141609943684e+00,2.057379560329307466e+00
4.863242161440960665e+00,1.173122895146972766e+00,-2.028152634550669520e-01,-1.677225236700356503e-01,1.126464000570306156e+00,4.890394671270906768e-01,-2.003292983266924399e+00,-5.215310703085096478e-01,-1.160178305935008369e+00,1.115674586917270172e+00,3.747547864850607202e-01,1.627066559871221951e+00,-9.803559378240629396e-01,-2.804695809298967113e+00,2.166148593387596799e-01,-5.626035214985734001e-01,-5.520047146124099413e+00,-2.095462873873636944e+00,2.113498031608813221e+00
4.869913275517011364e+00,1.169581416291379350e+00,-2.105499032187328479e-01,-1.602925369452945503e-01,1.128841080254529450e+00,4.998469038209524262e-01,-2.009785610083376195e+00,-5.401854139489477014e-01,-1.158633406595054094e+00,1.111792489822286845e+00,3.378760841278272142e-01,1.612960732602348735e+00,-9.660724036500385470e-01,-2.787718200158677995e+00,2.465545045876880170e-01,-6.012266008442399556e-01,-5.535893327559833210e+00,-2.133442807599069457e+00,2.168521275552352634e+00
4.876584389593062063e+00,1.165915877000514689e+00,-2.182735702043115955e-01,-1.528893065464727585e-01,1.130971798417080620e+00,5.105593947832682833e-01,-2.016181733679866639e+00,-5.587233350616249705e-01,-1.156888614645830371e+00,1.107653196374824178e+00,3.008975698698792556e-01,1.598601979929154426e+00,-9.514255127304471760e-01,-2.769792862858927229e+00,2.765412952842921657e-01,-6.397094027808856165e-01,-5.549969875750282888e+00,-2.171287491857928131e+00,2.222429045188344610e+00
4.883255503669112763e+00,1.162127075006865962e+00,-2.259849299172098092e-01,-1.455145450678356212e-01,1.132855528617008112e+00,5.211752558371987032e-01,-2.022478955031278947e+00,-5.771385222425592376e-01,-1.154943642950576166e+00,1.103257674081603135e+00,2.638310660355823178e-01,1.583991252638440761e+00,-9.364227728575815757e-01,-2.750923161340421252e+00,3.065670255198578165e-01,-6.780424274250334005e-01,-5.562271825864551822e+00,-2.208982361131313521e+00,2.275201525755255361e+00
4.889926617745163462e+00,1.158215850069202801e+00,-2.336826461298424640e-01,-1.381699584380850776e-01,1.134491723387389461e+00,5.316928094736358412e-01,-2.028674925635497228e+00,-5.954246878599234183e-01,-1.152798259084278465e+00,1.098606953744864612e+00,2.266884260359520453e-01,1.569129599049767565e+00,-9.210718225447765972e-01,-2.731112858446881120e+00,3.366234990815225592e-01,-7.162161991076186895e-01,-5.572794823319490831e+00,-2.246512741684533854e+00,2.326819343259223238e+00
4.896597731821214161e+00,1.154183083805119026e+00,-2.413653812463833481e-01,-1.308572454986669520e-01,1.135879914429118509e+00,5.421103855042146424e-01,-2.034767348375590146e+00,-6.135755707128095482e-01,-1.150452285259792706e+00,1.093702129291938441e+00,1.894815302906030230e-01,1.554018165715887356e+00,-9.053804280579270669e-01,-2.710366115185916858e+00,3.667025322056722825e-01,-7.542212690415593945e-01,-5.581535125846829537e+00,-2.283863858028203797e+00,2.377263572858379082e+00
4.903268845897264860e+00,1.150029699505854541e+00,-2.490317966669659544e-01,-1.235780975832739409e-01,1.137019712777444624e+00,5.524263217188573050e-01,-2.040753978362010113e+00,-6.315849386844772928e-01,-1.147905598235670510e+00,1.088544357587004408e+00,1.522222821366528145e-01,1.538658198079759565e+00,-8.893564803916753636e-01,-2.688687489817424670e+00,3.967959563108642840e-01,-7.920482179901440212e-01,-5.588489605334657995e+00,-2.321020839462661467e+00,2.426515747069974083e+00
4.909939959973315560e+00,1.145756661933440501e+00,-2.566805531512038607e-01,-1.163341980986646318e-01,1.137910808941178242e+00,5.626389645475469159e-01,-2.046632623754431890e+00,-6.494465913889511111e-01,-1.145158129205818609e+00,1.083134858225061725e+00,1.149226037261063260e-01,1.523051041087667645e+00,-8.730079921914388752e-01,-2.666081936769757466e+00,4.268956207092535760e-01,-8.296876589353727738e-01,-5.593655749442397962e+00,-2.357968726702870388e+00,2.474557863796748691e+00
4.916611074049366259e+00,1.141364977100213451e+00,-2.643103111809189665e-01,-1.091272221069130161e-01,1.138552973014494984e+00,5.727466697260510387e-01,-2.052401146562888634e+00,-6.671543628098138834e-01,-1.142209863671143522e+00,1.077474913308094973e+00,7.759443191321166444e-02,1.507198139757859323e+00,-8.563430946225059071e-01,-2.642554805383869443e+00,4.569933952955492762e-01,-8.671302397454185851e-01,-5.597031662988419143e+00,-2.394692478580793260e+00,2.521372394168881481e+00
4.923282188125416958e+00,1.136855692030755094e+00,-2.719197313219485768e-01,-1.019588359092183094e-01,1.138946054761273974e+00,5.827478029652790603e-01,-2.058057463427840794e+00,-6.847021239300399298e-01,-1.139060841293342285e+00,1.071565867203453815e+00,4.024971413334751946e-02,1.491101039704246567e+00,-8.393700341874555937e-01,-2.618111838485819742e+00,4.870811732124611382e-01,-9.043666458402837005e-01,-5.598616069109576543e+00,-2.431176978822207069e+00,2.566942290197950172e+00
4.929953302201467658e+00,1.132229894506319390e+00,-2.795074745849250308e-01,-9.483069663137672078e-02,1.139089983671920381e+00,5.926407406239954101e-01,-2.063599546378850125e+00,-7.020837853517535310e-01,-1.135711155730989574e+00,1.065409126284452279e+00,2.900404274892076639e-03,1.474761387614631714e+00,-8.220971694931329399e-01,-2.592759170787986456e+00,5.171508734917422689e-01,-9.413876028548784358e-01,-5.598408310192057868e+00,-2.467407042894983249e+00,2.611250992239558588e+00
4.936624416277518357e+00,1.127488712791823389e+00,-2.870722027848972013e-01,-8.774445181104914560e-02,1.138984768992626684e+00,6.024238703845565812e-01,-2.069025423571518196e+00,-7.192932999047277898e-01,-1.132160954458090174e+00,1.059006158653219343e+00,-3.444154145430784741e-02,1.458180931683032977e+00,-8.045329679685088164e-01,-2.566503327119532329e+00,5.471944436697944170e-01,-9.781838792985607656e-01,-5.596408348572937008e+00,-2.503367424925627027e+00,2.654282436261118150e+00
4.943295530353569056e+00,1.122633315345472838e+00,-2.946125788996868389e-01,-8.070173898693436265e-02,1.138630499727049994e+00,6.120955919313878502e-01,-2.074333180002372323e+00,-7.363246652425317063e-01,-1.128410438565265572e+00,1.052358493845819254e+00,-7.176416866441324982e-02,1.441361521995650818e+00,-7.866860025346942287e-01,-2.539351220486635974e+00,5.772038623769522037e-01,-1.014746289210327168e+00,-5.592616767012039247e+00,-2.539042824681074784e+00,2.696021060911619749e+00
4.949966644429619755e+00,1.117664910511116050e+00,-3.021272674268602465e-01,-7.370418528996895702e-02,1.138027344610374580e+00,6.216543176318729547e-01,-2.079520958201373837e+00,-7.531719264251540702e-01,-1.124459862543768507e+00,1.045467722519675347e+00,-1.090555289234320102e-01,1.424305110870038860e+00,-7.685649482284829803e-01,-2.511310149963146721e+00,6.071711418994966136e-01,-1.051065694808746231e+00,-5.587034768933687445e+00,-2.574417894612433422e+00,2.736451814390061799e+00
4.956637758505670455e+00,1.112584746193417296e+00,-3.096149347391998208e-01,-6.675340703667179132e-02,1.137175552055754935e+00,6.310984732193516411e-01,-2.084586958901760489e+00,-7.698291784870048282e-01,-1.120309534052483347e+00,1.038335496123339308e+00,-1.463036838979079879e-01,1.407013753147105195e+00,-7.501785787807293548e-01,-2.482387798412354574e+00,6.370883307134956874e-01,-1.087133009135776929e+00,-5.579664178438095590e+00,-2.609477246957602414e+00,2.775560161109516422e+00
4.963308872581721154e+00,1.107394109515948299e+00,-3.170742494385715426e-01,-5.985100932474979318e-02,1.136075450073137594e+00,6.404264984779068914e-01,-2.089529441686907685e+00,-7.862905689891477312e-01,-1.115959813668138345e+00,1.030963526548637876e+00,-1.834967094929226550e-01,1.389489606435518443e+00,-7.315357631509855629e-01,-2.452592230040656851e+00,6.669475159896002259e-01,-1.122939198693587937e+00,-5.570507440082176132e+00,-2.644205460899396343e+00,2.813332088153673194e+00
4.969979986657771853e+00,1.102094326462310425e+00,-3.245038827080638510e-01,-5.299858563108288817e-02,1.134727446160471276e+00,6.496368479286243058e-01,-2.094346725613935867e+00,-8.025503005546642532e-01,-1.111411114618891638e+00,1.023353585765264251e+00,-2.206226999898600882e-01,1.371734931308211003e+00,-7.126454620197447687e-01,-2.421931887783979498e+00,6.967408260679007759e-01,-1.158475286073499477e+00,-5.559567618429699820e+00,-2.678587089776016228e+00,2.849754111523014721e+00
4.976651100733822553e+00,1.096686761500402119e+00,-3.319025086622977572e-01,-4.619771741220572714e-02,1.133132027167323086e+00,6.587279915169966804e-01,-2.099037189813770965e+00,-8.186026333860144666e-01,-1.106663902501518582e+00,1.015507505437853064e+00,-2.576697721803985486e-01,1.353752091450594497e+00,-6.935167242397393128e-01,-2.390415590527878997e+00,7.264604329020069029e-01,-1.193732352576165834e+00,-5.546848397370756523e+00,-2.712606668340452387e+00,2.884813282167642878e+00
4.983322214809873252e+00,1.091172817189958177e+00,-3.392688046957940129e-01,-3.944997370740117859e-02,1.131289759130937433e+00,6.676984153011584766e-01,-2.103599274067410541e+00,-8.344418877633087428e-01,-1.101718694982392499e+00,1.007427176525615753e+00,-2.946260694951908787e-01,1.335543553760212054e+00,-6.741586832477086677e-01,-2.358052530162326743e+00,7.560985544714989848e-01,-1.228701540822118021e+00,-5.532354079210645814e+00,-2.746248720065572080e+00,2.918497191804060975e+00
4.989993328885923951e+00,1.085553933773485635e+00,-3.466014518292963587e-01,-3.275691074452324880e-02,1.129201287084769634e+00,6.765466221406268854e-01,-2.108031479358116300e+00,-8.500624465223893811e-01,-1.096576061482487319e+00,9.991145488645837291e-01,-3.314797661257180561e-01,1.317111888397494379e+00,-6.545805534380833013e-01,-2.324852268472219485e+00,7.856474571619744829e-01,-1.263374057351798863e+00,-5.516089583528302143e+00,-2.779497764491470235e+00,2.950793978513159388e+00
4.996664442961974650e+00,1.079831588750740812e+00,-3.538991350539354430e-01,-2.612007154866531969e-02,1.126867334839551260e+00,6.852711323852073155e-01,-2.112332368399291838e+00,-8.654587575116050591e-01,-1.091236622846607718e+00,9.905716307325530545e-01,-3.682190711377310022e-01,1.298459768787384450e+00,-6.347916265000780323e-01,-2.290824733864815332e+00,8.150994581118351512e-01,-1.297741175214186971e+00,-5.498060445804574314e+00,-2.812338324611679319e+00,2.981692332116809840e+00
5.003335557038025350e+00,1.074007296436891190e+00,-3.611605436731377683e-01,-1.954098555378740165e-02,1.124288704736947198e+00,6.938704845637561069e-01,-2.116500566137811568e+00,-8.806253360262362717e-01,-1.085701050997077477e+00,9.818004883967974550e-01,-4.048322325747976680e-01,1.279589971571561513e+00,-6.148012677196432740e-01,-2.255980217935245946e+00,8.444469275250816587e-01,-1.331794236543146326e+00,-5.478272815820670161e+00,-2.844754934294886795e+00,3.011181499330591649e+00
5.010006671114076049e+00,1.068082607504514669e+00,-3.683843716421699721e-01,-1.302116821741585578e-02,1.121466277375873899e+00,7.023432360724478629e-01,-2.120534760232564597e+00,-8.955567672194452156e-01,-1.079970068572110753e+00,9.728032456446402687e-01,-4.413075415503771026e-01,1.260505376511046105e+00,-5.946189122478116040e-01,-2.220329371871458513e+00,8.736822909493286993e-01,-1.365524655120625930e+00,-5.456733455827230017e+00,-2.876732145738611912e+00,3.039251288690175912e+00
5.016677785190126748e+00,1.062059108509593397e+00,-3.755693179052247421e-01,-6.562120638537369960e-03,1.118401011311561222e+00,7.106879638622407569e-01,-2.124433701507993266e+00,-9.102477084887428127e-01,-1.074044448549117181e+00,9.635820832969672622e-01,-4.776333363269480436e-01,1.241208966338984254e+00,-5.742540613369289115e-01,-2.183883202699866466e+00,9.027980315183303794e-01,-1.398923918925804699e+00,-5.433449738484527280e+00,-2.908254536951484504e+00,3.065892075249099236e+00
5.023348899266177447e+00,1.055938421401676486e+00,-3.827140867299399507e-01,-1.653291787894889397e-04,1.115093942727449328e+00,7.189032651251776596e-01,-2.128196204382425183e+00,-9.246928918368524375e-01,-1.067925013853152638e+00,9.541392387047886725e-01,-5.137980063806005804e-01,1.221703826563429018e+00,-5.537162785463276560e-01,-2.146653069373217537e+00,9.317866921582592665e-01,-1.431983592669335836e+00,-5.408429644574456852e+00,-2.939306719260524225e+00,3.091094805045642602e+00
5.030020013342228147e+00,1.049722203018375932e+00,-3.898173880392591384e-01,6.167734912932395716e-03,1.111546185080023230e+00,7.269877579792184408e-01,-2.131821147270990924e+00,-9.388871262059761413e-01,-1.061612636950781008e+00,9.444770052289439555e-01,-5.497899964496330005e-01,1.201993145219969472e+00,-5.330151859189610208e-01,-2.108650678702106429e+00,9.606408777570707436e-01,-1.464695320311804050e+00,-5.381681760484975818e+00,-2.969873344840023854e+00,3.114850999336752135e+00
5.036691127418278846e+00,1.043412144564389799e+00,-3.968779377405316500e-01,1.243561587234025614e-02,1.107758928716698676e+00,7.349400821512424020e-01,-2.135307472962947539e+00,-9.528252997843834615e-01,-1.055108239429589201e+00,9.345977317030667031e-01,-5.855978105655811339e-01,1.182080212574071254e+00,-5.121604601305914661e-01,-2.069888081131761481e+00,9.893532572962493443e-01,-1.497050827565507669e+00,-5.353215275467844592e+00,-2.999939114258402206e+00,3.137152758596890134e+00
5.043362241494329545e+00,1.037009971075224302e+00,-4.038944580517667138e-01,1.863687378798129304e-02,1.103733440466872828e+00,7.427588996579067571e-01,-2.138654188973220016e+00,-9.665023822843313850e-01,-1.048412791563608115e+00,9.245038218799065399e-01,-6.212100160652331837e-01,1.161968420773014987e+00,-4.911618286130832178e-01,-2.030377666365665412e+00,1.017916565944308349e+00,-1.529041924378720552e+00,-5.323039978670493610e+00,-3.029488784039556570e+00,3.157992766279944519e+00
5.050033355570380245e+00,1.030517440865823309e+00,-4.108656778249351049e-01,2.477008496571741353e-02,1.099471063206285404e+00,7.504428954840096644e-01,-2.141860367868006598e+00,-9.799134271902755211e-01,-1.041527311864895111e+00,9.141977338611497750e-01,-6.566152475820705714e-01,1.141661263447361740e+00,-4.700290656533878675e-01,-1.990132158837777832e+00,1.046323607111368847e+00,-1.560660507401547825e+00,-5.291166255943046792e+00,-3.058507174235148618e+00,3.177364292342335084e+00
5.056704469646430944e+00,1.023936344964300194e+00,-4.177903328662387894e-01,3.083384228934511403e-02,1.094973215394820176e+00,7.579907782580247444e-01,-2.144925147564273882e+00,-9.930535739763715064e-01,-1.034452866621544453e+00,9.036819795108490538e-01,-6.918022110156645255e-01,1.121162335261870258e+00,-4.487719884698475603e-01,-1.949164613035103022e+00,1.074567254464233734e+00,-1.591898562432508379e+00,-5.257605086421545337e+00,-3.086979176004183145e+00,3.195261196525562397e+00
5.063375583722481643e+00,1.017268506530984329e+00,-4.246671662532497948e-01,3.682675557724916782e-02,1.090241390587907366e+00,7.654012809244762350e-01,-2.147847731603013788e+00,-1.005918050292287758e+00,-1.027190569422383959e+00,8.929591238526017882e-01,-7.267596874775368310e-01,1.100475331415845304e+00,-4.274004532673837953e-01,-1.907488408672423752e+00,1.102640453901321038e+00,-1.622748166845002782e+00,-5.222368038888517638e+00,-3.114889759196419305e+00,3.211677931396615726e+00
5.070046697798532342e+00,1.010515780262988272e+00,-4.314949286488403146e-01,4.274745193497929419e-02,1.085277156921682362e+00,7.726731614128057313e-01,-2.150627389396112310e+00,-1.018502174116332704e+00,-1.019741580668639847e+00,8.820317844506027072e-01,-7.614765372120091413e-01,1.079604047092875607e+00,-4.059243512732355064e-01,-1.865117245721118477e+00,1.130536225486948432e+00,-1.653201491992782657e+00,-5.185467267912135192e+00,-3.142223979935866218e+00,3.226609545144640379e+00
5.076717811874583042e+00,1.003680051784528571e+00,-4.382723786118065679e-01,4.859457610364724400e-02,1.080082156572075958e+00,7.798052033024079899e-01,-2.153263456446717239e+00,-1.030801355874944480e+00,-1.012107107072825363e+00,8.709026307747309570e-01,-7.959417034905548194e-01,1.058552376860008692e+00,-3.843536047548402612e-01,-1.822065139294021474e+00,1.158247665344335875e+00,-1.683250805593589750e+00,-5.146915509765301877e+00,-3.168966988200927482e+00,3.240051684132505994e+00
5.083388925950633741e+00,9.967632370232195616e-01,-4.449982829041121968e-01,5.436679080403217235e-02,1.074658105188020407e+00,7.867962164834781946e-01,-2.155755334542980073e+00,-1.042811100527573975e+00,-1.004288401145148946e+00,8.595743835498061980e-01,-8.301442164781905886e-01,1.037324314016371485e+00,-3.626981630215319607e-01,-1.778346414388362051e+00,1.185767947506858544e+00,-1.712888474090093371e+00,-5.106726078126073709e+00,-3.195104035397425157e+00,3.252000595201882227e+00
5.090060040026684440e+00,9.897672815725765405e-01,-4.516714167946621061e-01,6.006277707629467666e-02,1.069006791298954928e+00,7.936450378133576011e-01,-2.158102491925079303e+00,-1.054527009616039956e+00,-9.962867606677057175e-01,8.480498140891725711e-01,-8.640731970704782494e-01,1.015923949891302192e+00,-3.409679984116673612e-01,-1.733975700488850746e+00,1.213090325727008256e+00,-1.742106964987311990e+00,-5.064912859560898539e+00,-3.220620481921035783e+00,3.262453127730660540e+00
5.096731154102735140e+00,9.826941600409719868e-01,-4.582905643595269196e-01,6.568123461519195794e-02,1.063130075696842480e+00,8.003505317680182918e-01,-2.160304463425426924e+00,-1.065944783277408270e+00,-9.881035281567498441e-01,8.363317436127749582e-01,-8.977178606996445431e-01,9.943554730920864948e-01,-3.191731022668778950e-01,-1.688967926033112299e+00,1.240208135242572007e+00,-1.770898849165635669e+00,-5.021490308792316171e+00,-3.245501804705395621e+00,3.271406735441549252e+00
5.103402268178785839e+00,9.755458753872797706e-01,-4.648545187785483312e-01,7.122088210069595082e-02,1.057029890792894111e+00,8.069115910883708498e-01,-2.162360850581984018e+00,-1.077060222219508479e+00,-9.797400903133208772e-01,8.244230425498784154e-01,-9.310675211084583625e-01,9.726231687013797700e-01,-2.973234808950652175e-01,-1.643338312741608798e+00,1.267114794499613284e+00,-1.799256803168675756e+00,-4.976473443752690073e+00,-3.269733604752348199e+00,3.278859477960878177e+00
5.110073382254836538e+00,9.683244582434775705e-01,-4.713620826282333698e-01,7.668045752390134639e-02,1.050708239949236456e+00,8.133271374210416793e-01,-2.164271321724609010e+00,-1.087869229658170678e+00,-9.711978774625339428e-01,8.123266298266219598e-01,-9.641115940903612902e-01,9.507314174244865246e-01,-2.754291515238586063e-01,-1.597102369814413780e+00,1.293803806831732794e+00,-1.827173611465030989e+00,-4.929877840425844759e+00,-3.293301614640662400e+00,3.284810022126657181e+00
5.116744496330887237e+00,9.610319662244481975e-01,-4.778120681708760698e-01,8.205871850813942214e-02,1.044167196785740659e+00,8.195961219533034470e-01,-2.166035612034381774e+00,-1.098367813215313626e+00,-9.624783629818007835e-01,8.000454721385671375e-01,-9.968396011945105384e-01,9.286846946866119668e-01,-2.535001382461662400e-01,-1.550275887997104141e+00,1.320268762095256898e+00,-1.854642168683236614e+00,-4.881719627478359413e+00,-3.316191706009628870e+00,3.289257643045141233e+00
5.123415610406937937e+00,9.536704832252574926e-01,-4.842032976398239486e-01,8.735444262518424208e-02,1.037408904462258308e+00,8.257175260418083695e-01,-2.167653523575864938e+00,-1.108552086777013779e+00,-9.535830627182966257e-01,7.875825832084344391e-01,-1.029241173394290110e+00,9.064875696802967564e-01,-2.315464679595272135e-01,-1.502874933518208556e+00,1.346503338259910088e+00,-1.881655481819014542e+00,-4.832015480682492203e+00,-3.338389897013915419e+00,3.292202224895165230e+00
5.130086724482988636e+00,9.462421187061652583e-01,-4.905346035208315580e-01,9.256642770646021645e-02,1.030435574936505061e+00,8.316903618348101546e-01,-2.169124925302255313e+00,-1.118418272310718109e+00,-9.445135343959643048e-01,7.749410230291982060e-01,-1.061306054717959135e+00,8.841447043632106872e-01,-2.095781663009292917e-01,-1.454915841900600304e+00,1.372501302954643565e+00,-1.908206672414050287e+00,-4.780782617132680379e+00,-3.359882359746089175e+00,3.293644261479682811e+00
5.136757838559039335e+00,9.387490069656604375e-01,-4.968048288294147352e-01,9.769349214915046264e-02,1.023249488197861101e+00,8.375136728875258729e-01,-2.170449753033404594e+00,-1.127962701640740972e+00,-9.352713770123598502e-01,7.621238970927575185e-01,-1.093024105839992099e+00,8.616608524065617614e-01,-1.876052535788169662e-01,-1.406415211649457486e+00,1.398256514968211572e+00,-1.934288978705468010e+00,-4.728038789257808183e+00,-3.380655427623125764e+00,3.293584856524014004e+00
5.143428952635090035e+00,9.311933064017866579e-01,-5.030128273841549813e-01,1.027344752171134440e-01,1.015852991477340650e+00,8.431865347703264568e-01,-2.171628009406700865e+00,-1.137181818181263848e+00,-9.258582302256338492e-01,7.491343556043568164e-01,-1.124385307631835307e+00,8.390408580943504724e-01,-1.656377407039299476e-01,-1.357389897819215374e+00,1.423762925704207927e+00,-1.959895757745240941e+00,-4.673802278631283613e+00,-3.400695602733445178e+00,3.292025723720456210e+00
5.150100066711140734e+00,9.235771987620564616e-01,-5.091574640758755876e-01,1.076882373365118661e-01,1.008248498434021201e+00,8.487080556694143185e-01,-2.172659763800804278e+00,-1.146072178626012850e+00,-9.162757737319612295e-01,7.359755926829807393e-01,-1.155379764670674492e+00,8.162896551737616191e-01,-1.436856251207044299e-01,-1.307857005462240929e+00,1.449014580590225698e+00,-1.985020487488716512e+00,-4.618091889581285692e+00,-3.419989563140774180e+00,3.288969186518967192e+00
5.156771180787191433e+00,9.159028883822302181e-01,-5.152376151326425457e-01,1.125536603860596424e-01,1.000438488318199148e+00,8.540773769796778936e-01,-2.173545152232245314e+00,-1.154630454593858824e+00,-9.065257266337232167e-01,7.226508455479078163e-01,-1.185997708704947806e+00,7.934122656569712051e-01,-1.217588867409046260e-01,-1.257833882961803429e+00,1.474005620440892006e+00,-2.009656768851507902e+00,-4.560926942603404477e+00,-3.438524170141348257e+00,3.284418177663776195e+00
5.163442294863242132e+00,9.081726014142805781e-01,-5.212521683805116934e-01,1.173296479817981519e-01,9.924255051115842274e-01,8.592936738893804938e-01,-2.174284377224910525e+00,-1.162853434229539795e+00,-8.966098467987555498e-01,7.091633936916624803e-01,-1.216229502075222957e+00,7.704137985747175899e-01,-9.986748388122002051e-02,-1.207338115252180266e+00,1.498730282774479283e+00,-2.033798327733947087e+00,-4.502327267578185577e+00,-3.456286475470779163e+00,3.278376238475876558e+00
5.170113408939292832e+00,9.003885850438169136e-01,-5.272000234999789647e-01,1.220151257563096975e-01,9.842121566448197578e-01,8.643561559563845975e-01,-2.174877707652441483e+00,-1.170738023758806312e+00,-8.865299302109632684e-01,6.955165580395643588e-01,-1.246065641089213027e+00,7.472994486819680704e-01,-7.802134920646885963e-02,-1.156387516928549131e+00,1.523182903082867412e+00,-2.057439017012371529e+00,-4.442313196795975472e+00,-3.473263728457201438e+00,3.270847517881450450e+00
5.176784523015343531e+00,8.925531066972984817e-01,-5.330800922780634110e-01,1.266090416322811496e-01,9.758011136926477702e-01,8.692640676755754026e-01,-2.175325478553601144e+00,-1.178281248997228969e+00,-8.762878103126217066e-01,6.817137000961139837e-01,-1.275496759349605824e+00,7.240744951160580367e-01,-5.623038568014604444e-02,-1.105000125249585574e+00,1.547357916054640903e+00,-2.080572818496467136e+00,-4.380905557791693994e+00,-3.489443383117044828e+00,3.261836771186418904e+00
5.183455637091394230e+00,8.846684532393315203e-01,-5.388912988559851902e-01,1.311103660903279455e-01,9.671951090470275458e-01,8.740166890371826591e-01,-2.175628090920643132e+00,-1.185480256811989097e+00,-8.658853573386728897e-01,6.677582210784234196e-01,-1.304513631033490384e+00,7.007443000076849504e-01,-3.450446252397559865e-02,-1.053194193035549509e+00,1.571249856751145257e+00,-2.103193844851938721e+00,-4.318125665992073259e+00,-3.504813105190004663e+00,3.251349358597351191e+00
5.190126751167444930e+00,8.767369301603781251e-01,-5.446325799723688021e-01,1.355180924309953294e-01,9.583969365685517383e-01,8.786133360756706034e-01,-2.175786011460777658e+00,-1.192332316535932080e+00,-8.553244776433427399e-01,6.536535610369523797e-01,-1.333107174122082572e+00,6.773143070451980163e-01,-1.285341118820693129e-02,-1.000988181464901761e+00,1.594853361735297792e+00,-2.125296341487749263e+00,-4.253995317178219437e+00,-3.519360779109619308e+00,3.239391243489165628e+00
5.196797865243495629e+00,8.687608607551925433e-01,-5.503028852019332673e-01,1.398312370308552877e-01,9.494094502164793781e-01,8.830533614089033367e-01,-2.175799772330777593e+00,-1.198834821333252476e+00,-8.446071130193688603e-01,6.394031979637634366e-01,-1.361268453579585813e+00,6.537900399925946626e-01,8.712978665725401584e-03,-9.484007527722824182e-01,1.618163170153029462e+00,-2.146874688407248932e+00,-4.188536779766134366e+00,-3.533074514906128449e+00,3.225968990420089000e+00
5.203468979319546328e+00,8.607425852923075160e-01,-5.559011771896157361e-01,1.440488395926063647e-01,9.402355630577352574e-01,8.873361547672685701e-01,-2.175669970844847256e+00,-1.204985289516139702e+00,-8.337352400101920580e-01,6.250106468885577859e-01,-1.388988684479941060e+00,6.301771011617209872e-01,3.018496316843433114e-02,-8.954507628509540407e-01,1.641174124767228903e+00,-2.167923402022416735e+00,-4.121772786908138642e+00,-3.545942655038063940e+00,3.211089762894476340e+00
5.210140093395597027e+00,8.526844601749058450e-01,-5.614264318800828990e-01,1.481699633891108148e-01,9.308782462552325221e-01,8.914611435124533134e-01,-2.175397269155821434e+00,-1.210781365811760990e+00,-8.227108692153937142e-01,6.104794589627327017e-01,-1.416259235080295165e+00,6.064811698391325834e-01,5.155284823005701345e-02,-8.421572537627393107e-01,1.663881172944073894e+00,-2.188437136930573068e+00,-4.053726528418105879e+00,-3.557953781149187478e+00,3.194761320874214050e+00
5.216811207471647727e+00,8.445888570934005912e-01,-5.668776387425912278e-01,1.521936955012774539e-01,9.213405280358646365e-01,8.954277931455860706e-01,-2.174982393909833611e+00,-1.216220822578986560e+00,-8.115360445897179531e-01,5.958132205317054897e-01,-1.443071629840039005e+00,5.827080006681336632e-01,7.280699351030267552e-02,-7.885394461585022441e-01,1.686279367591700939e+00,-2.208410687652829107e+00,-3.984421642523458651e+00,-3.569096720747405804e+00,3.176992018039506149e+00
5.223482321547698426e+00,8.364581621700772907e-01,-5.722538009911468659e-01,1.561191470497184652e-01,9.116254926385504165e-01,8.992356078044224654e-01,-2.174426135874553800e+00,-1.221301560974247025e+00,-8.002128427359936902e-01,5.810155521957791613e-01,-1.469417552384226777e+00,5.588634219865459274e-01,9.393781636936976431e-02,-7.346167316124269098e-01,1.708363868051119949e+00,-2.227838990333604219e+00,-3.913882207447088035e+00,-3.579360553802219069e+00,3.157790798799992249e+00
5.230153435623749125e+00,8.282947750961221489e-01,-5.775539357999306400e-01,1.599454534201043832e-01,9.017362792426916185e-01,9.028841307493078450e-01,-2.173729349541140721e+00,-1.226021612065984812e+00,-7.887433721922680885e-01,5.660901078597958547e-01,-1.495288848410297966e+00,5.349533341207304282e-01,1.149357957981155809e-01,-6.804086648731346720e-01,1.730129940939364674e+00,-2.246717124400541721e+00,-3.842132732822222785e+00,-3.588734619257491154e+00,3.137167195057199098e+00
5.236824549699799825e+00,8.201011082613924863e-01,-5.827770745139451147e-01,1.636717744821423737e-01,8.916760808774389924e-01,9.063729448376091069e-01,-2.172892952700052227e+00,-1.230379137897139152e+00,-7.771297727134770517e-01,5.510405737718579999e-01,-1.520677528536966472e+00,5.109837076364672770e-01,1.357914763257939139e-01,-6.259349560349652952e-01,1.751572960944843826e+00,-2.265040314184167514e+00,-3.769198150943542824e+00,-3.597208521456144226e+00,3.115131322719500329e+00
5.243495663775850524e+00,8.118795858772697160e-01,-5.879222628548602669e-01,1.672972948021049233e-01,8.814481433121367226e-01,9.097016729863393047e-01,-2.171917925990857867e+00,-1.234372432495151495e+00,-7.653742145479657255e-01,5.358706675513689177e-01,-1.545575771094227724e+00,4.869605815472608512e-01,1.564954719037291442e-01,-5.712154626325702811e-01,1.772688411574944389e+00,-2.282803930496632994e+00,-3.695103807857689659e+00,-3.604772136473559652e+00,3.091693877970777216e+00
5.250166777851901223e+00,8.036326430929580100e-01,-5.929885611220094832e-01,1.708212238488406587e-01,8.710557639283693643e-01,9.128699786226839308e-01,-2.170805312426239642e+00,-1.237999922828975974e+00,-7.534788977091892992e-01,5.205841372066911665e-01,-1.569975924853373339e+00,4.628900614807278657e-01,1.770384697632571003e-01,-5.162701816622570217e-01,1.793471885855877801e+00,-2.300003492168914754e+00,-3.619875454296653583e+00,-3.611415618356367041e+00,3.066866133294203323e+00
5.256837891927951922e+00,7.953627251055688241e-01,-5.979750443885150091e-01,1.742427961931975189e-01,8.605022905739856398e-01,9.158775661221627562e-01,-2.169556216890333289e+00,-1.241260169712640637e+00,-7.414460512428938666e-01,5.051847601426828760e-01,-1.593870511696032999e+00,4.387783178036743781e-01,1.974112342463557601e-01,-4.611192415332368011e-01,1.813919086984842277e+00,-2.316634667545852455e+00,-3.543539236457280417e+00,-3.617129405263557640e+00,3.040659933252535030e+00
5.263509006004002622e+00,7.870722862643653173e-01,-6.028808026925065455e-01,1.775612717007932218e-01,8.497911203995351936e-01,9.187241812341429004e-01,-2.168171805611622815e+00,-1.244151868654882254e+00,-7.292779324901127458e-01,4.896763421584109377e-01,-1.617252229221182613e+00,4.146315837065503995e-01,2.176046106073015185e-01,-4.057828939522627465e-01,1.834025828934563007e+00,-2.332693275938413802e+00,-3.466121686630468712e+00,-3.621904225506657582e+00,3.013087690026527099e+00
5.270180120080053321e+00,7.787637891695111669e-01,-6.077049412234178938e-01,1.807759357180650228e-01,8.389256986775108782e-01,9.214096114944440030e-01,-2.166653305610565461e+00,-1.246673850654433036e+00,-7.169768263462849012e-01,4.740627164353068412e-01,-1.640113953289163984e+00,3.904561532479455810e-01,2.376095287837607373e-01,-3.502815057449740754e-01,1.853788037010362544e+00,-2.348175289032574220e+00,-3.387649713683466679e+00,-3.625731103485832385e+00,2.984162378713097752e+00
5.276851234156104020e+00,7.704397037657021441e-01,-6.124465805033209032e-01,1.838860992515406467e-01,8.279095176048415494e-01,9.239336866247662705e-01,-2.165002004122169588e+00,-1.248825082940546505e+00,-7.045450445168159881e-01,4.583477425160857877e-01,-1.662448740501721201e+00,3.662583793598457871e-01,2.574170071357322898e-01,-2.946355506173751193e-01,1.873201748359793140e+00,-2.363076832254260129e+00,-3.308150593398921480e+00,-3.628601365518947297e+00,2.953897532385023617e+00
5.283522348232154719e+00,7.621025064310408270e-01,-6.171048565632875071e-01,1.868910991402671917e-01,8.167461150890530375e-01,9.262962789186742762e-01,-2.163219247993744876e+00,-1.250604669658363921e+00,-6.919849247693961036e-01,4.425353052746933691e-01,-1.684249830617117638e+00,3.420446718143675402e-01,2.770181561507169543e-01,-2.388656008609615355e-01,1.892263112435060846e+00,-2.377394186089755390e+00,-3.227651958674298882e+00,-3.630506645560365619e+00,2.922307236914070572e+00
5.290193462308205419e+00,7.537546790615242687e-01,-6.216789211147493166e-01,1.897902982213373335e-01,8.054390735185396055e-01,9.284973036139027025e-01,-2.161306443058043314e+00,-1.252011852498780886e+00,-6.792988301833963183e-01,4.266293138776106608e-01,-1.705510648899418502e+00,3.178214951527237320e-01,2.964041821135894317e-01,-1.829923190048585724e-01,1.910968391408332856e+00,-2.391123787361031372e+00,-3.146181789585333455e+00,-3.631438890806704567e+00,2.889406125559474958e+00
5.296864576384256118e+00,7.453987081515119906e-01,-6.261679417158472205e-01,1.925830854884598708e-01,7.939920185173787726e-01,9.305367192507135732e-01,-2.159265053482047669e+00,-1.253046011272444415e+00,-6.664891483966411956e-01,4.106337007367851788e-01,-1.726224808401050748e+00,2.935953665771666721e-01,3.155663907395809820e-01,-1.270364494185464155e-01,1.929313960540185668e+00,-2.404262230455449512e+00,-3.063768403317222777e+00,-3.631390367186381862e+00,2.855209373323889022e+00
5.303535690460306817e+00,7.370370838705544436e-01,-6.305711019327424616e-01,1.952688762435189074e-01,7.824086176851487995e-01,9.324145280160742733e-01,-2.157096601091648136e+00,-1.253706664427585604e+00,-6.535582908498840382e-01,3.945524204545235447e-01,-1.746386112177754413e+00,2.693728538067081679e-01,3.344961907688565050e-01,-7.101880986865338752e-02,1.947296308501319739e+00,-2.416806268509333222e+00,-2.980440443967419029e+00,-3.630353664730240126e+00,2.819732691078946640e+00
5.310206804536357517e+00,7.286722991369604108e-01,-6.348876014958836356e-01,1.978471122410662142e-01,7.706925793221984788e-01,9.341307760734041121e-01,-2.154802664672471835e+00,-1.253993469511374581e+00,-6.405086920292937247e-01,3.783894487606421775e-01,-1.765988555435085372e+00,2.451605728974286524e-01,3.531850975211117127e-01,-1.496028303343888144e-02,1.964912037647839949e+00,-2.428752814544855809e+00,-2.896226872223870874e+00,-3.628321702820200834e+00,2.782992319462763930e+00
5.316877918612408216e+00,7.203068486884643962e-01,-6.391166564512145154e-01,2.003172618256994775e-01,7.588476511408245306e-01,9.356855538776753800e-01,-2.152384879247137395e+00,-1.253906223574542622e+00,-6.273428087072558945e-01,3.621487814421864293e-01,-1.785026327605667484e+00,2.209651860281698355e-01,3.716247364087318372e-01,4.111819202158384368e-02,1.982157864250301049e+00,-2.440098942559781214e+00,-2.811156954922509943e+00,-3.625287735313316606e+00,2.745005022551683549e+00
5.323549032688458915e+00,7.119432281503984550e-01,-6.432574993063087110e-01,2.026788200622777203e-01,7.468776189628295592e-01,9.370789964756186530e-01,-2.149844935329213946e+00,-1.253444863519014962e+00,-6.140631191818003431e-01,3.458344332660461817e-01,-1.803493814356375680e+00,1.967933992524806275e-01,3.898068464069751049e-01,9.719562840319129204e-02,1.999030618676797655e+00,-2.450841888569566862e+00,-2.725260254488057754e+00,-3.621245355538347255e+00,2.705788081308801107e+00
5.330220146764509614e+00,7.035839331017194054e-01,-6.473093791714336076e-01,2.049313088589238829e-01,7.347863054039166508e-01,9.383112837908310633e-01,-2.147184578154178070e+00,-1.252609466388336923e+00,-6.006721225149573851e-01,3.294504368947686612e-01,-1.821385599524719900e+00,1.726519602176468382e-01,4.077232834797264172e-01,1.532509999816586976e-01,2.015527245530413403e+00,-2.460979051601346335e+00,-2.638566618261983798e+00,-3.616188501162202584e+00,2.665359286811769035e+00
5.336891260840560314e+00,6.952314581393069792e-01,-6.512715618955249308e-01,2.070742770827748436e-01,7.225775685454157715e-01,9.393826408935497252e-01,-2.144405606887671123e+00,-1.251400249600686632e+00,-5.871723377703543800e-01,3.130008417959128653e-01,-1.838696466983644306e+00,1.485476558517213608e-01,4.253660239593162196e-01,2.092632500098656756e-01,2.031644803741300187e+00,-2.470507994639352667e+00,-2.551106167721850504e+00,-3.610111458923543459e+00,2.623736933262644122e+00
5.343562374916611013e+00,6.868882959408866284e-01,-6.551433301970751577e-01,2.091073006684341373e-01,7.102553005938019304e-01,9.402933382548999131e-01,-2.141509873811364706e+00,-1.249817571124312465e+00,-5.735663032503435232e-01,2.964897131452535750e-01,-1.855421402434074274e+00,1.244873100194042737e-01,4.427271678790173359e-01,2.652112997668345518e-01,2.047380466613728967e+00,-2.479426445521351052e+00,-2.462909287595924646e+00,-3.603008869231032030e+00,2.580939810782426846e+00
5.350233488992661712e+00,6.785569363269825516e-01,-6.589239837899308894e-01,2.110299827190904032e-01,6.978234265285052640e-01,9.410436919853999438e-01,-2.138499283486756219e+00,-1.247861929595231123e+00,-5.598565757329659887e-01,2.799211307241748492e-01,-1.871555595124501314e+00,1.004777811477196581e-01,4.597989422567503315e-01,3.210740572219195066e-01,2.062731521828456316e+00,-2.487732297785648417e+00,-2.374006614877327337e+00,-3.594875730623622090e+00,2.536987197993225251e+00
5.356904603068712412e+00,6.702398653222725322e-01,-6.626128395040046248e-01,2.128419536002571222e-01,6.852859027384847757e-01,9.416340640575272536e-01,-2.135375791897227149e+00,-1.245533964377069758e+00,-5.460457297090497431e-01,2.632991878115710782e-01,-1.887094439496958875e+00,7.652595982239740469e-02,4.765737043285992458e-01,3.768304257160579596e-01,2.077695371400807733e+00,-2.495423611468276182e+00,-2.284429027741757601e+00,-3.585707404090381800e+00,2.491898854390950824e+00
5.363575717144763111e+00,6.619395642167382743e-01,-6.662092314008920546e-01,2.145428710261075567e-01,6.726467156480773202e-01,9.420648625121599284e-01,-2.132141405568698467e+00,-1.242834455562949358e+00,-5.321363566197300221e-01,2.466279900706050965e-01,-1.902033536758757748e+00,5.263876635591102637e-02,4.930439447307712886e-01,4.324593126563988088e-01,2.092269531594786347e+00,-2.502498613849974074e+00,-2.194207634373090521e+00,-3.575499617247522632e+00,2.445695012511572841e+00
5.370246831220813810e+00,6.536585086270023659e-01,-6.697125108844105279e-01,2.161324201383630628e-01,6.599098803326099993e-01,9.423365416486955137e-01,-2.128798180669238427e+00,-1.239764323919329003e+00,-5.181310640946955592e-01,2.299116544306485099e-01,-1.916368696379373571e+00,2.882314832814503180e-02,5.092022906285884609e-01,4.879396382205640759e-01,2.106451632793706619e+00,-2.508955700152571300e+00,-2.103373761701063938e+00,-3.564248468370116107e+00,2.398396369894128632e+00
5.376917945296864509e+00,6.453991675582271270e-01,-6.731220468060534756e-01,2.176103135777132103e-01,6.470794391242751242e-01,9.424496021986777938e-01,-2.125348222087973138e+00,-1.236324630771757915e+00,-5.040324751914315726e-01,2.131543079647455485e-01,-1.930095937511926873e+00,5.086078100641877597e-03,5.250415087912263523e-01,5.432503440669641526e-01,2.120239419327672348e+00,-2.514793434184468435e+00,-2.011958944055284970e+00,-3.551950430276344495e+00,2.350024080843606367e+00
5.383589059372915209e+00,6.371640024669701363e-01,-6.764372255653811061e-01,2.189762915477242167e-01,6.341594602087748944e-01,9.424045914827581250e-01,-2.121793682493674282e+00,-1.232516577832517779e+00,-4.898432276357673198e-01,1.963600867629425040e-01,-1.943211490338707215e+00,-1.856544969455364846e-02,5.405545086108156649e-01,5.983704020473992191e-01,2.133630749258458081e+00,-2.520010548934792816e+00,-1.919994911739878019e+00,-3.538602354061909594e+00,2.300599747997063460e+00
5.390260173448965908e+00,6.289554663253846822e-01,-6.796574512053417116e-01,2.202301218712274244e-01,6.211540362132457194e-01,9.422021035508216791e-01,-2.118136761373387689e+00,-1.228341506970139108e+00,-4.755659730639893445e-01,1.795331348018248674e-01,-1.955711797340220937e+00,-4.212442069046895554e-02,5.557343450646621275e-01,6.532788229182878714e-01,2.146623594122122114e+00,-2.524605947116007165e+00,-1.827513579533130539e+00,-3.524201472682528369e+00,2.250145413696341912e+00
5.396931287525016607e+00,6.207760026871541603e-01,-6.827821455025510078e-01,2.213716000391488248e-01,6.080672827859744389e-01,9.418427793051131758e-01,-2.114379704051503772e+00,-1.223800899920820084e+00,-4.612033762668192871e-01,1.626776028106075023e-01,-1.967593514487280704e+00,-6.558380334414715129e-02,5.705742216192437599e-01,7.079546650467513080e-01,2.159216038629948820e+00,-2.528578701654590422e+00,-1.734547035116530855e+00,-3.508745404382260347e+00,2.198683551170911965e+00
5.403602401601067307e+00,6.126280447555424447e-01,-6.858107480525257316e-01,2.224005492517681093e-01,5.949033371684223637e-01,9.413273066062257666e-01,-2.110524800689645097e+00,-1.218896377941794062e+00,-4.467581144355220468e-01,1.457976471341291547e-01,-1.978853512355678745e+00,-8.893655151795715197e-02,5.850674930747962188e-01,7.623770431079606169e-01,2.171406280328107563e+00,-2.531928056129547411e+00,-1.641127527437534983e+00,-3.492232155965771412e+00,2.146237055534307103e+00
5.410273515677118006e+00,6.045140144539481453e-01,-6.887427163499063587e-01,2.233168204523781064e-01,5.816663567600626195e-01,9.406564203617941988e-01,-2.106574385267782290e+00,-1.213629701406715000e+00,-4.322328764104164112e-01,1.288974285930877262e-01,-1.989488877163027025e+00,-1.121756070822018114e-01,5.992076683492008060e-01,8.165251367699782881e-01,2.183192629216635261e+00,-2.534653425158456042e+00,-1.547287455010487589e+00,-3.474660125912393482e+00,2.092829234597852750e+00
5.416944629753168705e+00,5.964363214993564366e-01,-6.915775258636680523e-01,2.241202923533368863e-01,5.683605176765721412e-01,9.398309025977553688e-01,-2.102530834546984195e+00,-1.208002769343158533e+00,-4.176303619320675953e-01,1.119811113418853199e-01,-1.999496911727347115e+00,-1.352939025379638061e-01,6.129884131999991936e-01,8.703781993623964652e-01,2.194573507328185347e+00,-2.536754394730813100e+00,-1.453059354160225913e+00,-3.456028107330166854e+00,2.038483799505405702e+00
5.423615743829219404e+00,5.883973624790621582e-01,-6.943146701073460436e-01,2.248108714544910236e-01,5.549900133018833559e-01,9.388515825120522518e-01,-2.098396567014215286e+00,-1.202017618912355701e+00,-4.029532808954194301e-01,9.505286172441804182e-02,-2.008875136347058721e+00,-1.582843636591311220e-01,6.264035528833532540e-01,9.239155665251341798e-01,2.205547448267132005e+00,-2.538230722488451274e+00,-1.358475887212727384e+00,-3.436335290747968507e+00,1.983224855192846192e+00
5.430286857905270104e+00,5.803995199310668651e-01,-6.969536607042992049e-01,2.253884920539620529e-01,5.415590528346384547e-01,9.377193365106454293e-01,-2.094174041809615527e+00,-1.195676424831308760e+00,-3.882043526071354833e-01,7.811684712818198206e-02,-2.017621289602020251e+00,-1.811399121524818190e-01,6.394470747487636109e-01,9.771166648335904981e-01,2.216113096709580788e+00,-2.539082337952793367e+00,-1.263569830637447877e+00,-3.415581266743920708e+00,1.927076890676308718e+00
5.436957971981320803e+00,5.724451614285087642e-01,-6.994940274480300202e-01,2.258531162512801005e-01,5.280718598295491839e-01,9.364350882257271858e-01,-2.089865757636681032e+00,-1.188981498737455400e+00,-3.733863050463979150e-01,6.117723483702866560e-02,-2.025733329075317890e+00,-2.038534683347775767e-01,6.521131307684597811e-01,1.029961020396633620e+00,2.226269207864863819e+00,-2.539309342698757188e+00,-1.168374063145651842e+00,-3.393766028408398139e+00,1.870064769172956609e+00
5.443629086057371502e+00,5.645366386685343185e-01,-7.019353183575834931e-01,2.262047339428644166e-01,5.145326707342205985e-01,9.349998085160182715e-01,-2.085474251655794919e+00,-1.181935288496072767e+00,-3.585018741294325739e-01,4.423819088294914104e-02,-2.033209431995523619e+00,-2.264179538257125035e-01,6.643960400003250388e-01,1.082428267423609869e+00,2.236014646899086245e+00,-2.538912010475136150e+00,-1.072921553749483392e+00,-3.370889973639984216e+00,1.812213718058445000e+00
5.450300200133422202e+00,5.566762865659719006e-01,-7.042770997280526357e-01,2.264433628098402318e-01,5.009457334219451496e-01,9.334145154490558483e-01,-2.081002098361551145e+00,-1.174540377450648876e+00,-3.435538029779986458e-01,2.730387889722794836e-02,-2.040047995799175506e+00,-2.488262942556360713e-01,6.762902909833087284e-01,1.134498156756821530e+00,2.245348388321339428e+00,-2.537890787271298798e+00,-9.772453497861597338e-01,-3.346953907272808060e+00,1.753549318665072798e+00
5.456971314209472901e+00,5.488664223522016217e-01,-7.065189561762220682e-01,2.265690482981895792e-01,4.873153057210212746e-01,9.316802742653633729e-01,-2.076451908444330918e+00,-1.166799483616455468e+00,-3.285448411921018108e-01,1.037845896133442192e-02,-2.046247638613261088e+00,-2.710714219868765040e-01,6.877905440642350099e-01,1.186150564365703097e+00,2.254269515333229723e+00,-2.536246291330039426e+00,-8.813785649119897370e-01,-3.321959043033711367e+00,1.694097495924913321e+00
5.463642428285523600e+00,5.411093446795931516e-01,-7.086604906813679383e-01,2.265818635912392465e-01,4.736456539411154631e-01,9.297981973244320297e-01,-2.071826327636579812e+00,-1.158715458817591859e+00,-3.134777441271644483e-01,-6.533913542087987913e-03,-2.051807199657519121e+00,-2.931462788475686088e-01,6.988916336550413666e-01,1.237365499799192303e+00,2.262777219142287688e+00,-2.533979313106499820e+00,-7.853543670706861768e-01,-3.295907005327917361e+00,1.633884507862011892e+00
5.470313542361574299e+00,5.334073327318836766e-01,-7.107013246212577906e-01,2.264819095744810828e-01,4.599410513972044257e-01,9.277694440324191216e-01,-2.067128035544269160e+00,-1.150291287767793991e+00,-2.983552721758893078e-01,-2.342908907779342464e-02,-2.056725739566406919e+00,-3.150438188768129866e-01,7.095885704194093702e-01,1.288123114592582663e+00,2.270870798239982946e+00,-2.531090815173012043e+00,-6.892059664405751906e-01,-3.268799830851722987e+00,1.572936934938055531e+00
5.476984656437624999e+00,5.257626453408766887e-01,-7.126410978033719257e-01,2.262693147927348214e-01,4.462057769316441491e-01,9.255952207515077967e-01,-2.062359744464005384e+00,-1.141530087095318891e+00,-2.831801900550670048e-01,-4.030292510566911568e-02,-2.061002540630601843e+00,-3.367570110800158778e-01,7.198765433878534514e-01,1.338403710625314824e+00,2.278549657644930004e+00,-2.527581932069806747e+00,-5.929666033653442359e-01,-3.240639970031083728e+00,1.511281669255819970e+00
5.483655770513675698e+00,5.181775201098361983e-01,-7.144794684913859939e-01,2.259442353996572450e-01,4.324441134348956384e-01,9.232767806908432906e-01,-2.057524198186271303e+00,-1.132435104312253582e+00,-2.679552660975375034e-01,-5.715128722730861144e-02,-2.064637106957945889e+00,-3.582788421932269207e-01,7.297509220003103314e-01,1.388187748426025436e+00,2.285813308112020881e+00,-2.523453970101507959e+00,-4.966695362729327545e-01,-3.211430288284732093e+00,1.448945903624919040e+00
5.490326884589726397e+00,5.106541725439356361e-01,-7.162161134269454665e-01,2.255068550996097709e-01,4.186603463654454682e-01,9.208154237790101559e-01,-2.052624170785282587e+00,-1.123009716728597951e+00,-2.526832715495459514e-01,-7.397005033103908056e-02,-2.067629164553767218e+00,-3.796023194553354574e-01,7.392072580753519251e-01,1.437455855421407858e+00,2.292661365308107602e+00,-2.518708407079381928e+00,-4.003480295871185701e-01,-3.181174067110846160e+00,1.385957120494216044e+00
5.496997998665777097e+00,5.031947951881345915e-01,-7.178507278467749497e-01,2.249573850818884224e-01,4.048587622694534982e-01,9.182124965179889742e-01,-2.047662465395958531e+00,-1.113257430311520357e+00,-2.373669798736985359e-01,-9.075509973505571648e-02,-2.069978661320551971e+00,-4.007204733869118574e-01,7.482412877051213274e-01,1.486188834125268698e+00,2.299093548954994404e+00,-2.513346892009275191e+00,-3.040353416364173222e-01,-3.149875004996103733e+00,1.322343080755542744e+00
5.503669112741827796e+00,4.958015567728498163e-01,-7.193830254951554259e-01,2.242960639473398077e-01,3.910436473006826397e-01,9.154693918185569101e-01,-2.042641912978501395e+00,-1.103181878490193224e+00,-2.220091660577513670e-01,-1.075023323282841836e-01,-2.071685766976953058e+00,-4.216263605745210197e-01,7.568489330751662081e-01,1.534367670264249028e+00,2.305109681940397337e+00,-2.507371244725272508e+00,-2.077647125649887405e-01,-3.117537218146234412e+00,1.258131812423320728e+00
5.510340226817878495e+00,4.884766013677765972e-01,-7.208127386318071705e-01,2.235231576273733478e-01,3.772192857412261513e-01,9.125875488171003580e-01,-2.037565371071082154e+00,-1.092786820906635814e+00,-2.066126059294294270e-01,-1.242076577086267813e-01,-2.072750872896174990e+00,-4.423130664593207806e-01,7.650263042083563780e-01,1.581973540836782099e+00,2.310709689397603572e+00,-2.500783455469063554e+00,-1.115693522500383200e-01,-3.084165241037139182e+00,1.193351599194687473e+00
5.517011340893929194e+00,4.812220475442280376e-01,-7.221396180352266381e-01,2.226389592953899876e-01,3.633899585235960128e-01,9.095684526738104791e-01,-2.032435722531157118e+00,-1.082076142113036932e+00,-1.911800754774939382e-01,-1.408669993182104230e-01,-2.073174591863786276e+00,-4.627737081287112697e-01,7.727697006320882744e-01,1.628987822101689353e+00,2.315893597754580480e+00,-2.493585684415049464e+00,-1.548242823049672534e-02,-3.049764026785755977e+00,1.128030968894992991e+00
5.523682454969979894e+00,4.740399875463332524e-01,-7.233634330015151770e-01,2.216437892706469570e-01,3.495599417546798038e-01,9.064136343522506412e-01,-2.027255874265914137e+00,-1.071053850216020953e+00,-1.757143501792429174e-01,-1.574762955752999072e-01,-2.072957757755053976e+00,-4.830014371098844683e-01,7.800756129680439521e-01,1.675392097493128230e+00,2.320661533753265005e+00,-2.485780261141225189e+00,8.046294634864559203e-02,-3.014338947339942010e+00,1.062198681813239398e+00
5.530353569046030593e+00,4.669324864714634593e-01,-7.244839713387407620e-01,2.205379949145861718e-01,3.357335052421303034e-01,9.031246703802855436e-01,-2.022028755952371970e+00,-1.059724075468370996e+00,-1.602182043346617735e-01,-1.740315010024877096e-01,-2.072101425131918973e+00,-5.029894421640135338e-01,7.869407244437830462e-01,1.721168165458340837e+00,2.325013723439762536e+00,-2.477369684045935827e+00,1.762337247715181909e-01,-2.977895793486740494e+00,9.958837189324533101e-01
5.537024683122081292e+00,4.599015814602190888e-01,-7.255010393568819271e-01,2.193219505196474239e-01,3.219149110237018996e-01,8.997031825923693660e-01,-2.016757318747667949e+00,-1.048091068808728377e+00,-1.446944104073979442e-01,-1.905285873508222594e-01,-2.070606868759763408e+00,-5.227309520799099385e-01,7.933619123254821437e-01,1.766298047214921230e+00,2.328950491126233757e+00,-2.468356619710555755e+00,2.717969387616502308e-01,-2.940440774678428681e+00,9.291152700597300473e-01
5.543695797198131991e+00,4.529492808963405670e-01,-7.264144618533985298e-01,2.179960571905999733e-01,3.081084119000906396e-01,8.961508378532025976e-01,-2.011444533990038863e+00,-1.036159200349830334e+00,-1.291457383727616093e-01,-2.069635447194951572e-01,-2.068475583044152799e+00,-5.422192384658827136e-01,7.993362492711616474e-01,1.810763994424123613e+00,2.332472258325252845e+00,-2.458743902208229137e+00,3.671197104625847363e-01,-2.901980518675853382e+00,8.619227218610234775e-01
5.550366911274182691e+00,4.460775636168633485e-01,-7.272240820944779749e-01,2.165607427184162159e-01,2.943182499717828526e-01,8.924693477627740901e-01,-2.006093391891055511e+00,-1.023932957815835376e+00,-1.135749550729125978e-01,-2.233323826707477588e-01,-2.065709281387765994e+00,-5.614476185386354512e-01,8.048610046037878440e-01,1.854548496777044253e+00,2.335579542657395091e+00,-2.448534532358759730e+00,4.621692643844745874e-01,-2.862522071008639202e+00,7.943356458054379177e-01
5.557038025350233390e+00,4.392883781328732473e-01,-7.279297617920030827e-01,2.150164614467273139e-01,2.805486551804698969e-01,8.886604683428127593e-01,-2.000706900219619833e+00,-1.011416944929347084e+00,-9.798482357943522070e-02,-2.396311313396178866e-01,-2.062309895467751897e+00,-5.804094579079344118e-01,8.099336455036691973e-01,1.897634289490263804e+00,2.338272956732835972e+00,-2.437731676929835167e+00,5.569129393118955607e-01,-2.822072894251959507e+00,7.263837860241868505e-01
5.563709139426284089e+00,4.325836418611873069e-01,-7.285313810762917841e-01,2.133636941308950097e-01,2.668038438555450087e-01,8.847259997046738045e-01,-1.995288082978289745e+00,-9.986158797487448835e-01,-8.237810256344718640e-02,-2.558558425381901036e-01,-2.058279574433793169e+00,-5.990981733558458089e-01,8.145518381195818725e-01,1.940004360707756392e+00,2.340553207007769476e+00,-2.426338667784718517e+00,6.513182001684403311e-01,-2.780640867119579696e+00,6.580970470891829294e-01
5.570380253502334789e+00,4.259652403672850585e-01,-7.290288384646620434e-01,2.116029477897319322e-01,2.530880172662113292e-01,8.806677856987158437e-01,-1.989839979072451914e+00,-9.855345929564497398e-01,-6.675754567342884194e-02,-2.720025908539698833e-01,-2.053620684027173127e+00,-6.175072356093120884e-01,8.187134485981111265e-01,1.981641958805877124e+00,2.342421092616442824e+00,-2.414359000976594505e+00,7.453526498335684147e-01,-2.738234283373044420e+00,5.895054817163075667e-01
5.577051367578385488e+00,4.194350266198304533e-01,-7.294220508258719704e-01,2.097347555499201599e-01,2.394053601797375697e-01,8.764877135451990542e-01,-1.984365640972917788e+00,-9.721780260988047706e-01,-5.112590092092045291e-02,-2.880674747420452486e-01,-2.048335805621187333e+00,-6.356301721048218667e-01,8.224165440307258379e-01,2.022530599598152179e+00,2.343877504179615823e+00,-2.401796335789796011e+00,8.389840409070820071e-01,-2.694861850546877768e+00,5.206392783986074635e-01
5.583722481654436187e+00,4.129948202570863369e-01,-7.297109533404887438e-01,2.077596764831610709e-01,2.257600394263649668e-01,8.721877134467724835e-01,-1.978868133372461147e+00,-9.585512297782183833e-01,-3.548591007423618215e-02,-3.040466176106786933e-01,-2.042427735183255599e+00,-6.534605697439821448e-01,8.256593933181249900e-01,2.062654073436880786e+00,2.344923422590266870e+00,-2.388654493728082251e+00,9.321802874169373698e-01,-2.650532688489803945e+00,4.515287489743620153e-01
5.590393595730486886e+00,4.066464068655509800e-01,-7.298954994572394162e-01,2.056782954361084936e-01,2.121562024714064576e-01,8.677697581826134821e-01,-1.973350531836876476e+00,-9.446593617982950164e-01,-1.984030806036479744e-02,-3.199361688999671216e-01,-2.035899482159135410e+00,-6.709920776387304775e-01,8.284404679514603131e-01,2.101996452208338972e+00,2.345559917777344516e+00,-2.374937457450267964e+00,1.024909476465724278e+00,-2.605256327722089260e+00,3.822043161353727569e-01
5.597064709806537586e+00,4.003915372711208676e-01,-7.299756608453991102e-01,2.034912228531299272e-01,1.985979759950433077e-01,8.632358626842899785e-01,-1.967815921451098404e+00,-9.305076852626559258e-01,-4.191822375181397664e-03,-3.357323051532331570e-01,-2.028754268279648443e+00,-6.882184098449932730e-01,8.307584427100282998e-01,2.140542096218622792e+00,2.345788147448407912e+00,-2.360649369653417651e+00,1.117139879811516634e+00,-2.559042707609129330e+00,3.126965008805362434e-01
5.603735823882588285e+00,3.942319268430949375e-01,-7.299514273432732292e-01,2.011990945919464591e-01,1.850894644803473821e-01,8.585880835934285304e-01,-1.962267395460954633e+00,-9.161015666282082970e-01,1.145682749788073940e-02,-3.514312310807831130e-01,-2.020995526290400246e+00,-7.051333480835201284e-01,8.326121962751019678e-01,2.178275660967022187e+00,2.345609355811993701e+00,-2.345794531903913960e+00,1.208839965378520453e+00,-2.511902174351540840e+00,2.430359099201098161e-01
5.610406937958638984e+00,3.881692548113073737e-01,-7.298228069028326326e-01,1.988025717321984798e-01,1.716347488100213314e-01,8.538285188012781912e-01,-1.956708053911092593e+00,-9.014464737135989836e-01,2.710293066057667399e-02,-3.670291806157039427e-01,-2.012626898604932268e+00,-7.217307444467240263e-01,8.340008117595807402e-01,2.215182103804100855e+00,2.345024872280542461e+00,-2.330377403416660442e+00,1.299978408693330811e+00,-2.463845478792061172e+00,1.732532230357095582e-01
5.617078052034689684e+00,3.822051635966989824e-01,-7.295898255305524049e-01,1.963023403770005337e-01,1.582378848723870468e-01,8.489593069702665584e-01,-1.951141002279667136e+00,-8.865479736636534547e-01,4.274378536387324345e-02,-3.825224179613359587e-01,-2.003652235881863586e+00,-7.380045240902681769e-01,8.349235771531875461e-01,2.251246690471453427e+00,2.344036110154703589e+00,-2.314402599782779291e+00,1.390524104242226722e+00,-2.414883774039684461e+00,1.033791804014905225e-01
5.623749166110740383e+00,3.763412581556087599e-01,-7.292525272245198309e-01,1.936991114475348774e-01,1.449029021771117698e-01,8.439826270376521444e-01,-1.945569350110326834e+00,-8.714117308705791043e-01,5.837669956313995545e-02,-3.979072386300938069e-01,-1.994075595526525024e+00,-7.539486879082066828e-01,8.353799856829701165e-01,2.286455001520368402e+00,2.342644565289878411e+00,-2.297874891646109141e+00,1.480446176745339404e+00,-2.365028612911510564e+00,3.344456987167532258e-02
5.630420280186791082e+00,3.705791053380820266e-01,-7.288109739078678651e-01,1.909936204707451401e-01,1.316338024811893326e-01,8.389006977013929722e-01,-1.939996209642093294e+00,-8.560435048527789137e-01,7.399899146438249087e-02,-4.131799704732797007e-01,-1.983901240117688536e+00,-7.695573151904318010e-01,8.353697360888978629e-01,2.320792938606471623e+00,2.340851814745868786e+00,-2.280799203328877311e+00,1.569713992343216180e+00,-2.314291945192879840e+00,-3.651978576009096145e-02
5.637091394262841781e+00,3.649202332604604138e-01,-7.282652453585978236e-01,1.881866273601900952e-01,1.184345584256549094e-01,8.337157768883463049e-01,-1.934424694437673065e+00,-8.404491480920748270e-01,8.960799006142383671e-02,-4.283369747015690621e-01,-1.973133635759956483e+00,-7.848245662612596263e-01,8.348927328143782578e-01,2.354246730657723941e+00,2.338659515420459467e+00,-2.263180611406884424e+00,1.658297169691733242e+00,-2.262686114716419006e+00,-1.064830415244319983e-01
5.643762508338892481e+00,3.593661306925390875e-01,-7.276154391358434781e-01,1.852789161901219062e-01,1.053091121835410260e-01,8.284301612049330688e-01,-1.928857918010790540e+00,-8.246346038302247994e-01,1.052010356639070943e-01,-4.433746468958174036e-01,-1.961777450362466091e+00,-7.997446850979187394e-01,8.339490861115753662e-01,2.386802939912954002e+00,2.336069402667770856e+00,-2.245024343234637954e+00,1.746165590960924607e+00,-2.210223856260785880e+00,-1.764143430574818261e-01
5.650433622414943180e+00,3.539182464595618249e-01,-7.268616705026466063e-01,1.822712949628566559e-01,9.226137411956356060e-02,8.230461853704023056e-01,-1.923298992453100098e+00,-8.086059038255921649e-01,1.207754804160429685e-01,-4.582894180078682655e-01,-1.949837551844542549e+00,-8.143120019277503285e-01,8.325391120614111795e-01,2.418448467828307358e+00,2.333083288902279673e+00,-2.226335775420821950e+00,1.833289412733651869e+00,-2.156918292269866644e+00,-2.462828393943806704e-01
5.657104736490993879e+00,3.485779888593033560e-01,-7.260040723453036193e-01,1.791645953695000515e-01,7.929522146201713195e-02,8.175662216328496434e-01,-1.917751027061243674e+00,-7.923691660708584994e-01,1.363286888059845325e-01,-4.730777553510179256e-01,-1.937319006268999555e+00,-8.285209358029366200e-01,8.306633325081991259e-01,2.449170560849037503e+00,2.329703062189314000e+00,-2.207120432254530584e+00,1.919639076799915189e+00,-2.102782929393394618e+00,-3.160576957697062150e-01
5.663775850567044579e+00,3.433467250945118066e-01,-7.250427950893457707e-01,1.759596725441005538e-01,6.641449698736247298e-02,8.119926791681321143e-01,-1.912217126964647074e+00,-7.759305924726958015e-01,1.518580381657775036e-01,-4.877361635798246331e-01,-1.924227075903781614e+00,-8.423659971515322642e-01,8.283224749088673455e-01,2.478956816044007638e+00,2.325930684822953953e+00,-2.187383984082704291e+00,2.005185320842708840e+00,-2.047831654849878280e+00,-3.857081064193281783e-01
5.670446964643095278e+00,3.382257807209510525e-01,-7.239780066122136759e-01,1.726574048113053150e-01,5.362300771798203525e-02,8.063280034618482972e-01,-1.906700391754584167e+00,-7.592964664943049335e-01,1.673609191617651260e-01,-5.022611856589318524e-01,-1.910567217212700397e+00,-8.558417903036712460e-01,8.255174720968010416e-01,2.507795186600511705e+00,2.321768191892099154e+00,-2.167132245639264987e+00,2.089899189011343861e+00,-1.992078732612984515e+00,-4.552033073785182182e-01
5.677118078719145977e+00,3.332164391112923951e-01,-7.228098921526949772e-01,1.692586934275879251e-01,4.092452363357503009e-02,8.005746756745543147e-01,-1.901203914115115801e+00,-7.424731507617786663e-01,1.828347362754007832e-01,-5.166494038205835526e-01,-1.896345078776014326e+00,-8.689430159917281848e-01,8.222494619603264443e-01,2.535673987176903399e+00,2.317217689835641803e+00,-2.146371174326398457e+00,2.173752042378212401e+00,-1.935538799422468870e+00,-5.245125892707703796e-01
5.683789192795196676e+00,3.283199409350919806e-01,-7.215386542171815520e-01,1.657644623161301789e-01,2.832277639665707614e-02,7.947352119903863255e-01,-1.895730778456455434e+00,-7.254670846352285762e-01,1.982769082743771338e-01,-5.308974405105151284e-01,-1.881566499141654081e+00,-8.816644738233068157e-01,8.185197870359312011e-01,2.562581899110714545e+00,2.312281354987542059e+00,-2.125106868448513264e+00,2.256715569275017597e+00,-1.878226860620890948e+00,-5.936053100820921635e-01
5.690460306871247376e+00,3.235374836550867217e-01,-7.201645124828252031e-01,1.621756577954285017e-01,1.582145809261863156e-02,7.888121629492863551e-01,-1.890284059551330609e+00,-7.082847817456696671e-01,2.136848686740358827e-01,-5.450019593219075364e-01,-1.866237504607908493e+00,-8.940010647258431753e-01,8.143299940163210016e-01,2.588507975479878098e+00,2.306961432112744959e+00,-2.103345565399364681e+00,2.338761795504519903e+00,-1.820158285817398358e+00,-6.624509079152323121e-01
5.697131420947298075e+00,3.188702210400327086e-01,-7.186877036976391242e-01,1.584932483017152116e-01,3.424219984810086825e-03,7.828081127630102110e-01,-1.884866821174910445e+00,-6.909328274986241691e-01,2.290560661889651239e-01,-5.589596659170927850e-01,-1.850364306938408143e+00,-9.059477933617423595e-01,8.096818331734820795e-01,2.613441646014879716e+00,2.301260232934689842e+00,-2.081093639802912953e+00,2.419863094423942318e+00,-1.761348804379986976e+00,-7.310189137186804409e-01
5.703802535023348774e+00,3.143192626943071000e-01,-7.171084815776239685e-01,1.547182241052698914e-01,-8.865328714915729491e-03,7.767256786151304215e-01,-1.879482114748866284e+00,-6.734178765454666982e-01,2.443879651747553061e-01,-5.727673089367032455e-01,-1.833953301010283532e+00,-9.174997705128580261e-01,8.045772576969207890e-01,2.637372721859591262e+00,2.295180134655347981e+00,-2.058357601608451493e+00,2.499992196896168029e+00,-1.701814500757677262e+00,-7.992789639849334771e-01
5.710473649099399474e+00,3.098856736044815485e-01,-7.154271167009793597e-01,1.508515970207100487e-01,-2.104362205974280586e-02,7.705675099452357069e-01,-1.874132977990128790e+00,-6.557466502235179684e-01,2.596780460598607787e-01,-5.864216808959625826e-01,-1.817011062396388210e+00,-9.286522154332033097e-01,7.990184229473089594e-01,2.660291400178667942e+00,2.288723578468607744e+00,-2.035144094140570736e+00,2.579122201104977030e+00,-1.641571809634145840e+00,-8.672008134127335843e-01
5.717144763175450173e+00,3.055704737030771057e-01,-7.136438963994652385e-01,1.468944001113461628e-01,-3.310713856508848418e-02,7.643362877175430281e-01,-1.868822433564898189e+00,-6.379259339659160144e-01,2.749238057675164049e-01,-5.999196190678210971e-01,-1.799544344882505698e+00,-9.394004581687896982e-01,7.930076856257985973e-01,2.682188268609465354e+00,2.281893068067839980e+00,-2.011459892104578540e+00,2.657226582230571843e+00,-1.580637510914441712e+00,-9.347543475279942449e-01
5.723815877251500872e+00,3.013746374496930058e-01,-7.117591246469860966e-01,1.428476873876874387e-01,-4.505240238902452621e-02,7.580347236741495909e-01,-1.863553487748496051e+00,-6.199625746823219652e-01,2.901227581276946133e-01,-6.132580063526332781e-01,-1.781560077920490315e+00,-9.497399418434362417e-01,7.865476028592838231e-01,2.703054309556423007e+00,2.274691168148557541e+00,-1.987311899547923311e+00,2.734279201981729024e+00,-1.519028724546455988e+00,-1.001909595257937768e+00
5.730486991327551571e+00,2.972990934297065069e-01,-7.097731219454570528e-01,1.387125335001948290e-01,-5.687598449549305379e-02,7.516655595731490669e-01,-1.858329129091575327e+00,-6.018634781114984289e-01,3.052724342790472667e-01,-6.264337721340951237e-01,-1.763065364018300940e+00,-9.596662249095191388e-01,7.796409312019610960e-01,2.722880904326038021e+00,2.267120502906919022e+00,-1.962707147778314010e+00,2.810254317980955818e+00,-1.456762905178948131e+00,-1.068636741453352412e+00
5.737158105403602271e+00,2.933447239707217546e-01,-7.076862252080232674e-01,1.344900334263683384e-01,-6.857450379990506772e-02,7.452315664118573935e-01,-1.853152327093287477e+00,-5.836356061468455092e-01,3.203703830608244929e-01,-6.394438931211465782e-01,-1.744067476067930000e+00,-9.691749833625249444e-01,7.722906255535281206e-01,2.741659837100518082e+00,2.259183754534991095e+00,-1.937652793239118765e+00,2.885126592999089468e+00,-1.393857836657947713e+00,-1.134906139353514476e+00
5.743829219479652970e+00,2.895123647769515252e-01,-7.054987876396940916e-01,1.301813021522691960e-01,-8.014462829670884747e-02,7.387355436353785221e-01,-1.848026030881927406e+00,-5.652859741359645973e-01,3.354141713947418890e-01,-6.522853941755701879e-01,-1.724573854612236001e+00,-9.782620129183746682e-01,7.644998379944478728e-01,2.759383298748330660e+00,2.250883661713540373e+00,-1.912156115342737550e+00,2.958871104035845967e+00,-1.330331626363453479e+00,-1.200688322988646028e+00
5.750500333555703669e+00,2.858028045816922713e-01,-7.032111786154737754e-01,1.257874743485622171e-01,-9.158307616852437438e-02,7.321803183307888929e-01,-1.842953167903642830e+00,-5.468216481553630492e-01,3.504013846567988200e-01,-6.649553491249765580e-01,-1.704592105051724760e+00,-9.869232311524051005e-01,7.562719165386824205e-01,2.776043890469891195e+00,2.242223018103286503e+00,-1.886224514262575092e+00,3.031463351242860149e+00,-1.266202699388467634e+00,-1.265954019514479612e+00
5.757171447631754369e+00,2.822167848180638927e-01,-7.008237835560334750e-01,1.213097040411920680e-01,-1.028866168764465960e-01,7.255687444071676762e-01,-1.837936642619721894e+00,-5.282497422613807725e-01,3.653296270390150036e-01,-6.774508815609455725e-01,-1.684129994792336715e+00,-9.951546795990349192e-01,7.476104038043926980e-01,2.791634627276756486e+00,2.233204670835303496e+00,-1.859865508684354296e+00,3.102879266685869108e+00,-1.201489792562372205e+00,-1.330674161473964112e+00
5.763842561707805068e+00,2.787549993081643862e-01,-6.983370038010118241e-01,1.167491642767802679e-01,-1.140520722311262891e-01,7.189037017617618819e-01,-1.832979335213029692e+00,-5.095774157184722597e-01,3.801965219011057551e-01,-6.897691656220206191e-01,-1.663195450335328118e+00,-1.002952525811021900e+00,7.385190356030925107e-01,2.806148941302693878e+00,2.223831519001511214e+00,-1.833086733517435452e+00,3.173095222942686533e+00,-1.136211948320839493e+00,-1.394819898980718786e+00
5.770513675783855767e+00,2.754180939707853715e-01,-6.957512564799963606e-01,1.121070467828536310e-01,-1.250763174442481862e-01,7.121880954325480184e-01,-1.828084100304119941e+00,-4.908118702059577343e-01,3.949997121120777388e-01,-7.019074267613083506e-01,-1.641796554310349432e+00,-1.010313065377344000e+00,7.290017394478007784e-01,2.819580684945133697e+00,2.214106512145977312e+00,-1.805895937566882381e+00,3.242088041533754517e+00,-1.070388508424473528e+00,-1.458362611819226551e+00
5.777184789859906466e+00,2.722066665478332093e-01,-6.930669743812670758e-01,1.073845616229990030e-01,-1.359562821600305837e-01,7.054248547374770695e-01,-1.823253765677578686e+00,-4.719603470044022586e-01,4.097368603817853616e-01,-7.138629424984148653e-01,-1.619941542452852046e+00,-1.017232723898643609e+00,7.190626329807654482e-01,2.831924133835501678e+00,2.204032648757933810e+00,-1.778300981166979433e+00,3.309835001182051428e+00,-1.004039107528476027e+00,-1.521273921456479439e+00
5.783855903935957166e+00,2.691212663495811119e-01,-6.902846058183567113e-01,1.025829368470604491e-01,-1.466889514663779759e-01,6.986169324006820114e-01,-1.818491131019113638e+00,-4.530301241627392450e-01,4.244056495824207742e-01,-7.256330431554727234e-01,-1.597638800526966385e+00,-1.023708058919314601e+00,7.087060223213660359e-01,2.843173989637104881e+00,2.193612974767205515e+00,-1.750309833776990676e+00,3.376313845899275634e+00,-9.371836666056918563e-01,-1.583525702960181247e+00
5.790527018012007865e+00,2.661623940188855286e-01,-6.874046144945005210e-01,9.770341813647510920e-02,-1.572713668853259472e-01,6.917673036659436336e-01,-1.813798966663933143e+00,-4.340285136473134298e-01,4.390037830599898272e-01,-7.372151125770034508e-01,-1.574896861195028253e+00,-1.029735761815221640e+00,6.979364003348290657e-01,2.853325382669215760e+00,2.182850582042920262e+00,-1.721930571539887156e+00,3.441502792895226648e+00,-8.698423862254598404e-01,-1.645090096818313086e+00
5.797198132088058564e+00,2.633305013144752182e-01,-6.844274793650417799e-01,9.274726844486683164e-02,-1.677006273424269667e-01,6.848789653977161995e-01,-1.809180012356936817e+00,-4.149628584740066017e-01,4.535289849357764802e-01,-7.486065888333723883e-01,-1.551724400834940232e+00,-1.035312659636102417e+00,6.867584448224486326e-01,2.862373874356128667e+00,2.171748606896245271e+00,-1.693171374804857354e+00,3.505380540307396764e+00,-8.020357396907864533e-01,-1.705939520655094466e+00
5.803869246164109263e+00,2.606259909134253094e-01,-6.813536944978597631e-01,8.771576763399538401e-02,-1.779738901147403796e-01,6.779549351700119297e-01,-1.804636976025236317e+00,-3.958405298245946113e-01,4.679790003978455126e-01,-7.598049649075986345e-01,-1.528130236306561640e+00,-1.040435716901733310e+00,6.751770166339881030e-01,2.870315459500043520e+00,2.160310228587948522e+00,-1.664040525614337351e+00,3.567926274747940329e+00,-7.337844660363423976e-01,-1.766046680838415872e+00
5.810540360240159963e+00,2.580492162329195427e-01,-6.781837689318880313e-01,8.261021210518615376e-02,-1.880883717570746294e-01,6.709982503434654966e-01,-1.800172532563533823e+00,-3.766689241485609574e-01,4.823515959825995791e-01,-7.708077893652822699e-01,-1.504123321668392466e+00,-1.045102037350909896e+00,6.631971577030471021e-01,2.877146568376635294e+00,2.148538667841551231e+00,-1.634546405156439119e+00,3.629119678665047921e+00,-6.651095628900320911e-01,-1.825384583973681085e+00
5.817211474316210662e+00,2.556004812713917329e-01,-6.749182265337829723e-01,7.743191442634514421e-02,-1.980413490061702642e-01,6.640119671308850613e-01,-1.795789322632852958e+00,-3.574554602514993240e-01,4.966445598464396816e-01,-7.816126670074253768e-01,-1.479712744845757211e+00,-1.049308865642375244e+00,6.508240890061253170e-01,2.882864068652351452e+00,2.136437185362815683e+00,-1.604697491183541658e+00,3.688940937516090646e+00,-5.960322792006995662e-01,-1.883926548279347468e+00
5.823882588392261361e+00,2.532800404691303853e-01,-6.715576058528174297e-01,7.218220295467553393e-02,-2.078301596624953229e-01,6.569991596516238097e-01,-1.791489951473143050e+00,-3.382075763713365824e-01,5.108557020275741323e-01,-7.922172595059203681e-01,-1.454907724251776724e+00,-1.053053589006784918e+00,6.380632084462168896e-01,2.887465267122454105e+00,2.124009080366341617e+00,-1.574502355397901399e+00,3.747370746749779880e+00,-5.265741078348260551e-01,-1.941646214839196860e+00
5.830553702468312061e+00,2.510880985884280658e-01,-6.681024599740575942e-01,6.686242145521698044e-02,-2.174522034493443223e-01,6.499629189750919522e-01,-1.787276987730245015e+00,-3.189327272435508176e-01,5.249828546980128685e-01,-8.026192860214907965e-01,-1.429717605362405219e+00,-1.056333738848867387e+00,6.249200886617558570e-01,2.890947911268959558e+00,2.111257689109989677e+00,-1.543969660805135424e+00,3.804390318594729870e+00,-4.567567780449952597e-01,-1.998517558726651488e+00
5.837224816544362760e+00,2.490248106133401140e-01,-6.645533563698917678e-01,6.147392871531620617e-02,-2.269049428489423037e-01,6.429063521537514703e-01,-1.783152962297729127e+00,-2.996383811566151745e-01,5.390238724058389330e-01,-8.128165238038753682e-01,-1.404151857246837443e+00,-1.059146992298897194e+00,6.114004747618037028e-01,2.893310190637662149e+00,2.098186383437899316e+00,-1.513108159036407496e+00,3.859981388651910983e+00,-3.866022478130459739e-01,-2.054514899996259025e+00
5.843895930620413459e+00,2.470902816691171455e-01,-6.609108767499789483e-01,5.601809815515837454e-02,-2.361859039152547912e-01,6.358325812459360016e-01,-1.779120367174081618e+00,-2.803320169988462451e-01,5.529766323077615064e-01,-8.228068087740336711e-01,-1.378220069054589381e+00,-1.061491173712701963e+00,5.975102819883499894e-01,2.894550738033563775e+00,2.084798569332784179e+00,-1.481926687640233276e+00,3.914126222288494716e+00,-3.161326960708414902e-01,-2.109612914537839945e+00
5.850567044696464158e+00,2.452845669613629709e-01,-6.571756169096720779e-01,5.049631743447215160e-02,-2.452926770632218312e-01,6.287447423288310411e-01,-1.775181654335724168e+00,-2.610211212978893469e-01,5.668390343920634011e-01,-8.325880360882018660e-01,-1.351931946460598777e+00,-1.063364256119362361e+00,5.832555933066876364e-01,2.894668630534031450e+00,2.071097685478241246e+00,-1.450434167344751168e+00,3.966807620830749670e+00,-2.453705148016607218e-01,-2.163786644788549207e+00
5.857238158772514858e+00,2.436076717349658360e-01,-6.533481865769903418e-01,4.490998805553605283e-02,-2.542229178341416373e-01,6.216459845019763897e-01,-1.771339234626347015e+00,-2.417131852540620185e-01,5.806090016919794872e-01,-8.421581606835804035e-01,-1.325297308069696145e+00,-1.064764362615833182e+00,5.686426569248143048e-01,2.893663390319147766e+00,2.057087201831754530e+00,-1.418639599291388276e+00,4.018008927553636589e+00,-1.743383010253047871e-01,-2.217011510298325661e+00
5.863909272848565557e+00,2.420595512528344595e-01,-6.494292092581974707e-01,3.926052496260070551e-02,-2.629743476369380550e-01,6.145394688816432360e-01,-1.767595476663025078e+00,-2.224157017687494464e-01,5.942844804896078026e-01,-8.515151978054750215e-01,-1.298326081781779440e+00,-1.065689767707717284e+00,5.536778837428333322e-01,2.891534985318758189e+00,2.042770618209107880e+00,-1.386552062240782979e+00,4.067714033464941537e+00,-1.030588486699812734e-01,-2.269263318144250974e+00
5.870580386924616256e+00,2.406401107944725615e-01,-6.454193220820532151e-01,3.354935613786307752e-02,-2.715447544650481104e-01,6.074283675864521337e-01,-1.763952705759583628e+00,-2.031361624691242485e-01,6.078634405104061944e-01,-8.606572235157089468e-01,-1.271028301119125237e+00,-1.066138898595439199e+00,5.383678447334243611e-01,2.888283829675802661e+00,2.028151462880867228e+00,-1.354180709751949596e+00,4.115907382881714760e+00,-3.155514033426176645e-02,-2.320518273189266623e+00
5.877251501000666956e+00,2.393492056744117025e-01,-6.413191756427957246e-01,2.777792219410777155e-02,-2.799319935886908084e-01,6.003158627145888104e-01,-1.760413202867658233e+00,-1.838820547303655628e-01,6.213438751083720790e-01,-8.695823751821293301e-01,-1.243414101517171133e+00,-1.066110336405114989e+00,5.227192682543858604e-01,2.883910784025619733e+00,2.013233291181593110e+00,-1.321534767335556193e+00,4.162573978797050600e+00,4.014966105778339234e-02,-2.370752988181016097e+00
5.883922615076717655e+00,2.381866412805130062e-01,-6.371294338419224434e-01,2.194767596414946842e-02,-2.881339882222677673e-01,5.932051453129996155e-01,-1.756979203535913303e+00,-1.646608586966429866e-01,6.347238014419818164e-01,-8.782888519490426038e-01,-1.215493716580221317e+00,-1.065602817363402011e+00,5.067390372943632038e-01,2.878417155590947907e+00,1.998019684132450013e+00,-1.288623529582302751e+00,4.207699388035137211e+00,1.120322207048798369e-01,-2.419944493686377207e+00
5.890593729152768354e+00,2.371521731321422077e-01,-6.328507737288243673e-01,1.606008208719676006e-02,-2.961487301666803074e-01,5.860994143389351985e-01,-1.753652896887849089e+00,-1.454800443020658751e-01,6.480012606410010534e-01,-8.867749151884073422e-01,-1.187277474303446212e+00,-1.064615233915652937e+00,4.904341866528512117e-01,2.871804698092471853e+00,1.982514247077846292e+00,-1.255456357267302758e+00,4.251269746192781085e+00,1.840690404770251032e-01,-2.468070247857514055e+00
5.897264843228819053e+00,2.362455069582169997e-01,-6.284838853403412751e-01,1.011661659227539034e-02,-3.039742804263261822e-01,5.790018756142299994e-01,-1.750436424618645681e+00,-1.263470682928706512e-01,6.611743179642384227e-01,-8.950388889316360785e-01,-1.158775793262667442e+00,-1.063146635786710315e+00,4.738119000556384464e-01,2.864075611474788730e+00,1.966720608336740339e+00,-1.222042674431490283e+00,4.293271762365476363e+00,2.562364675606243480e-01,-2.515108146025156977e+00
5.903935957304869753e+00,2.354662987951098851e-01,-6.240294715392926683e-01,4.118766478832604910e-03,-3.116087698005808315e-01,5.719157407726941367e-01,-1.747331880011450567e+00,-1.072693712520282339e-01,6.742410629483548412e-01,-9.030791602818520891e-01,-1.129999178773312574e+00,-1.061196230983726396e+00,4.568795072068231877e-01,2.855232541447813688e+00,1.950642417869210998e+00,-1.188391965440972253e+00,4.333692723656390022e+00,3.285107031969882740e-01,-2.561036530115152754e+00
5.910607071380920452e+00,2.348141551043916586e-01,-6.194882478520443714e-01,-1.931970705339958183e-03,-3.190503994495498263e-01,5.648442262010111570e-01,-1.744341306973553607e+00,-8.825437462754115447e-02,6.871996095478253297e-01,-9.108941798064590367e-01,-1.100958219020036877e+00,-1.058763386740382728e+00,4.396444807786255016e-01,2.845278578843643214e+00,1.934283345958911049e+00,-1.154513772025349994e+00,4.372520499466567401e+00,4.008678115105892559e-01,-2.605834197884119963e+00
5.917278185456971151e+00,2.342886329103796572e-01,-6.148609423051734080e-01,-8.034087288740797417e-03,-3.262974414339144813e-01,5.577905519735339990e-01,-1.741466699092833359e+00,-6.930947776562867979e-02,7.000480962661788098e-01,-9.184824619098833631e-01,-1.071663581158432077e+00,-1.055847630401922865e+00,4.221144333401807835e-01,2.834217258789047289e+00,1.917647081911977303e+00,-1.120417690295946844e+00,4.409743545564829503e+00,4.732837284236384168e-01,-2.649480411970336569e+00
5.923949299533021851e+00,2.338892399574624137e-01,-6.101482952612845567e-01,-1.418606590320825242e-02,-3.333482392286779561e-01,5.507579407813801842e-01,-1.738709998714906835e+00,-5.044205495007417217e-02,7.127846862786018090e-01,-9.258425851863603118e-01,-1.042126007390359099e+00,-1.052448650250436213e+00,4.042971142266118534e-01,2.822052559693782658e+00,1.900737332772992172e+00,-1.086113367745006775e+00,4.445350907935859297e+00,5.457342706532670729e-01,-2.691954908755861187e+00
5.930620413609072550e+00,2.336154348871488096e-01,-6.053510592540355395e-01,-2.038637991326061605e-02,-3.402012082106466995e-01,5.437496168562121479e-01,-1.736073096041350405e+00,-3.165945244890963628e-02,7.254075675460418537e-01,-9.329731927526484503e-01,-1.012356311014325883e+00,-1.048566296269856979e+00,3.862004063495944051e-01,2.808788902055031400e+00,1.883557822058519626e+00,-1.051610500226820122e+00,4.479332226405131401e+00,6.181951447878455408e-01,-2.733237907036226932e+00
5.937291527685123249e+00,2.334666274347909909e-01,-6.004699988224346807e-01,-2.663349384758590885e-02,-3.468548361194851992e-01,5.367688048891298136e-01,-1.733557828249393973e+00,-1.296898556970063621e-02,7.379149529209183545e-01,-9.398729925605318059e-01,-9.823653724524408215e-01,-1.044200580850164872e+00,3.678323229507487468e-01,2.794431147078337840e+00,1.866112288508807726e+00,-1.016918828921814288e+00,4.511677738039362673e+00,6.906419564386414578e-01,-2.773310116493852284e+00
5.943962641761173948e+00,2.334421786459218440e-01,-5.955058903444551133e-01,-3.292586383254873100e-02,-3.533076834921882181e-01,5.298187289450577708e-01,-1.731165978633458558e+00,5.622064275356997154e-03,7.503050802445665468e-01,-9.465407576890318975e-01,-9.521641352554405247e-01,-1.039351679430285724e+00,3.492010042991735563e-01,2.778984595115484346e+00,1.848404484858141128e+00,-9.820481372846385781e-01,4.542378280321279327e+00,7.630502194631789692e-01,-2.812152745971586931e+00
5.950633755837224648e+00,2.335414011121329514e-01,-5.904595218700284809e-01,-3.926193802758220358e-02,-3.595583840708419521e-01,5.229026113730556036e-01,-1.728899275768911226e+00,2.410645249332549200e-02,7.625762124365494943e-01,-9.529753266161989922e-01,-9.217636020872694846e-01,-1.034019931079239285e+00,3.303147143344450365e-01,2.762454983919836238e+00,1.830438176624387348e+00,-9.470082479772352624e-01,4.571425294097618774e+00,8.353953652565637711e-01,-2.849747511542819911e+00
5.957304869913275347e+00,2.337635592264196149e-01,-5.853316929534707613e-01,-4.564015706231978886e-02,-3.656056451835251186e-01,5.160236717129574879e-01,-1.726759392698390405e+00,4.247697422214048724e-02,7.747266375759563894e-01,-9.591756034703989853e-01,-8.911748306907878447e-01,-1.028205839015077672e+00,3.111818372564959523e-01,2.744848486719764225e+00,1.812217140918237046e+00,-9.118090197879982206e-01,4.598810826299265742e+00,9.076527521068897819e-01,-2.886076644374618638e+00
5.963975983989326046e+00,2.341078694579047381e-01,-5.801232144853900596e-01,-5.205895447533808590e-02,-3.714482480982408408e-01,5.091851255987599467e-01,-1.724747946141053090e+00,6.072646722879421199e-02,7.867546689748221578e-01,-9.651405582610056433e-01,-8.604089298360663163e-01,-1.021910071061221004e+00,2.918108740637117560e-01,2.726171710110818935e+00,1.793745165272599529e+00,-8.764603445380002578e-01,4.624527532432650467e+00,9.797976746110386159e-01,-2.921122898380587252e+00
5.970647098065376746e+00,2.345735006458489480e-01,-5.748349085241315493e-01,-5.851675715436669561e-02,-3.770850483497664163e-01,5.023901836591697645e-01,-1.722866495725087210e+00,7.884781479283747840e-02,7.986586452438028116e-01,-9.708692270884142772e-01,-8.294770552528483165e-01,-1.015133460039785884e+00,2.722104390407029673e-01,2.706431691767422709e+00,1.775026046492650611e+00,-8.409721439753881089e-01,4.648568678841526136e+00,1.051805373146921019e+00,-2.954869557660066537e+00
5.977318212141427445e+00,2.351595743128446492e-01,-5.694676081268100765e-01,-6.501198577783492971e-02,-3.825149760393200538e-01,4.956420504157451057e-01,-1.721116543243818908e+00,9.683394857403593292e-02,8.104369303502624300e-01,-9.763607123332965765e-01,-7.983904055486608087e-01,-1.007877004101541463e+00,2.523892561971503024e-01,2.685635897974894437e+00,1.756063589526961177e+00,-8.053543666589479955e-01,4.670928144738365262e+00,1.123651043398354199e+00,-2.987300443720505516e+00
5.983989326217478144e+00,2.358651649970825714e-01,-5.640221571799790556e-01,-7.154305525760573659e-02,-3.877370361069503168e-01,4.889439231790463913e-01,-1.719499531935732239e+00,1.146778514629389623e-01,8.220879136688902245e-01,-9.816141828250350976e-01,-7.671602181141836674e-01,-1.000141866992157569e+00,2.323561556592302901e-01,2.663792220982757364e+00,1.736861606360165400e+00,-7.696169848319670548e-01,4.691600424004710668e+00,1.195309845928527182e+00,-3.018399922479801045e+00
5.990660440293528843e+00,2.366893006035783176e-01,-5.584994102299870589e-01,-7.810837518276847469e-02,-3.927503085765762236e-01,4.822989909432229272e-01,-1.718016845788722380e+00,1.323725604132210132e-01,8.336100100250071199e-01,-9.866288739892759008e-01,-7.357977650173480599e-01,-9.919293782544451599e-01,2.121200700150429053e-01,2.640908976180267764e+00,1.717423914927566519e+00,-7.337699912873980601e-01,4.710580626759911738e+00,1.266756915798268324e+00,-3.048152911045672653e+00
5.997331554369579543e+00,2.376309627742259900e-01,-5.529002323130697283e-01,-8.470635026434168713e-02,-3.975539487735951227e-01,4.757104332794633850e-01,-1.716669808868870772e+00,1.499111692545783969e-01,8.450016597306972965e-01,-9.914040879745387169e-01,-7.043143488877671166e-01,-9.832410333662918722e-01,1.916900306155809308e-01,2.616994899095270277e+00,1.697754338052103851e+00,-6.978233962254456468e-01,4.727864480697724581e+00,1.337967372225021601e+00,-3.076544884269044822e+00
6.004002668445630242e+00,2.386890872765496663e-01,-5.472254987852229746e-01,-9.133538078075539857e-02,-4.021471875150192110e-01,4.691814192287476759e-01,-1.715459684674048635e+00,1.672868314850254334e-01,8.562613286139453272e-01,-9.959391937578410126e-01,-6.727212987930036858e-01,-9.740784938140234495e-01,1.710751638327359103e-01,2.592059142217485679e+00,1.677856702404054046e+00,-6.617872241045982262e-01,4.743448332190423500e+00,1.408916328278577712e+00,-3.103561881068602091e+00
6.010673782521680941e+00,2.398625644110128352e-01,-5.414760951519062004e-01,-9.799386302396444204e-02,-4.065293312720655861e-01,4.627151061943161059e-01,-1.714387675512615061e+00,1.844927630414181785e-01,8.673875080408839366e-01,-1.000233627229299094e+00,-6.410299661082594636e-01,-9.644435871009946482e-01,1.502846872758768493e-01,2.566111271647459890e+00,1.657734837483845203e+00,-6.256715104872315747e-01,4.757329147160074712e+00,1.479578900609553660e+00,-3.129190510523808477e+00
6.017344896597731640e+00,2.411502394367315838e-01,-5.356529168976166266e-01,-1.046801897460580555e-01,-4.106997623051885649e-01,4.563146388343053417e-01,-1.713454921907494821e+00,2.015222450470297577e-01,8.783787149313552201e-01,-1.004286891255671499e+00,-6.092517203810379200e-01,-9.543383066911580448e-01,1.293279059685839560e-01,2.539161263572462524e+00,1.637392574628329545e+00,-5.894862988808440285e-01,4.769504511716789352e+00,1.549930219206490989e+00,-3.153417957733646304e+00
6.024016010673782340e+00,2.425509130154399062e-01,-5.297568693153882347e-01,-1.113927506062195871e-01,-4.146579387714984799e-01,4.499831479549759039e-01,-1.712662502025886546e+00,2.183686265350592570e-01,8.892334917679041162e-01,-1.008098555722811707e+00,-5.773979451923181294e-01,-9.437648118874837344e-01,1.082142084870639231e-01,2.511219500570689878e+00,1.616833746040874153e+00,-5.532416375760175198e-01,4.779972632563796786e+00,1.619945437177607417e+00,-3.176231989438599079e+00
6.030687124749833039e+00,2.440633416735371319e-01,-5.237888673362438574e-01,-1.181299326179038600e-01,-4.184033948045755569e-01,4.437237494049691700e-01,-1.712011431134858208e+00,2.350253271469099070e-01,8.999504065984015311e-01,-1.011668257557025274e+00,-5.454800340157957006e-01,-9.327254276450267501e-01,8.695306306186667555e-02,2.482296767745200583e+00,1.596062183845548210e+00,-5.169475764821622743e-01,4.788732337169355091e+00,1.689599740553052509e+00,-3.197620959403353336e+00
6.037358238825883738e+00,2.456862382820530766e-01,-5.177498353586567070e-01,-1.248901205960840921e-01,-4.219357405666476213e-01,4.375395429710244866e-01,-1.711502661083064147e+00,2.514858398041193710e-01,9.105280530324183497e-01,-1.014995700725311423e+00,-5.135093860767642182e-01,-9.212226443185684843e-01,6.555401364448842916e-02,2.452404248689087574e+00,1.575081719165742911e+00,-4.806141639621803741e-01,4.795783073705490729e+00,1.758868358103609086e+00,-3.217573813557915940e+00
6.044029352901934438e+00,2.474182725543422057e-01,-5.116407070780530919e-01,-1.316716976044288723e-01,-4.252546622731531167e-01,4.314336112756078090e-01,-1.711137079808815020e+00,2.677437333527972196e-01,9.209650502315539500e-01,-1.018080656214486845e+00,-4.814974022121882857e-01,-9.092591173446955555e-01,4.402667594051346001e-02,2.421553521283501098e+00,1.553896181227500950e+00,-4.442514436671127775e-01,4.801124910753785002e+00,1.827726571171615522e+00,-3.236080094894791870e+00
6.050700466977985137e+00,2.492580715613292863e-01,-5.054624253164017311e-01,-1.384730454022704560e-01,-4.283599221896877696e-01,4.254090186768715309e-01,-1.710915510874718271e+00,2.837926551794957009e-01,9.312600428938467845e-01,-1.020922961989199296e+00,-4.494554807335098268e-01,-8.968376668582795919e-01,2.238073341088148149e-02,2.389756553330110389e+00,1.532509396487814479e+00,-4.078694513718735815e-01,4.804758536778381384e+00,1.896149723510128116e+00,-3.253129948120186299e+00
6.057371581054035836e+00,2.512042202641012190e-01,-4.992159418519249714e-01,-1.452925448912249784e-01,-4.312513586013708711e-01,4.194688101713983652e-01,-1.710838713029100067e+00,2.996263337973885110e-01,9.414117012324763056e-01,-1.023522522928832501e+00,-4.173950132937367385e-01,-8.839612772432912102e-01,6.259332429631170314e-04,2.357025698019777682e+00,1.510925187788143109e+00,-3.714782118131410016e-01,4.806685259366614282e+00,1.964113231126054959e+00,-3.268714124057050974e+00
6.064042695130086535e+00,2.532552620636575602e-01,-4.929022172489700426e-01,-1.521285765613175356e-01,-4.339288857546547695e-01,4.136160103001522703e-01,-1.710907379794391447e+00,3.152385814016863685e-01,9.514187209488793595e-01,-1.025879310743332384e+00,-3.853273807603788126e-01,-8.706330966179574027e-01,-2.122791770691312419e-02,2.323373689239192075e+00,1.489147373533391772e+00,-3.350877355305371674e-01,4.806907004237600312e+00,2.031592592123196539e+00,-3.282823983798131895e+00
6.070713809206137235e+00,2.554096993675943339e-01,-4.865222206880798761e-01,-1.589795209364774364e-01,-4.363924937716284203e-01,4.078536220580949445e-01,-1.711122139082687177e+00,3.306232963931914903e-01,9.612798232004944321e-01,-1.027993363867971910e+00,-3.532639490957816264e-01,-8.568564362542603341e-01,-4.317095699777973028e-02,2.288813636717376365e+00,1.467179766896550719e+00,-2.987080157121731472e-01,4.805426314019390688e+00,2.098563396540903625e+00,-3.295451502607063432e+00
6.077384923282187934e+00,2.576659941735194859e-01,-4.800769297962942384e-01,-1.658437590192613220e-01,-4.386422485368659530e-01,4.021846258078830560e-01,-1.711483552838620525e+00,3.457744658689617667e-01,9.709937545632755240e-01,-1.029864787337090304e+00,-3.212160652463665889e-01,-8.426347699318290640e-01,-6.519327071355079939e-02,2.253359021013929819e+00,1.445026175049203498e+00,-2.623490250456466111e-01,4.802246346795207010e+00,2.165001336184340985e+00,-3.306589273565862186e+00
6.084056037358238633e+00,2.600225686689703331e-01,-4.735673304777206494e-01,-1.727196727346624605e-01,-4.406782915568864811e-01,3.966119781980984582e-01,-1.711992116709744272e+00,3.606861680790100499e-01,9.805592869891546215e-01,-1.031493752636846617e+00,-2.891950530423584298e-01,-8.279717332262985785e-01,-8.728489759601382181e-02,2.217023688351048794e+00,1.422690398418074764e+00,-2.260207125756050206e-01,4.797370874419514486e+00,2.230882214442066580e+00,-3.316230510967122402e+00
6.090727151434289333e+00,2.624778058476003872e-01,-4.669944167444018968e-01,-1.796056453728708813e-01,-4.425008397922989278e-01,3.911386110864475962e-01,-1.712648259744552259e+00,3.753525748480133206e-01,9.899752177586524926e-01,-1.032880497537032483e+00,-2.572122091094924956e-01,-8.128711227322136246e-01,-1.094358331995959888e-01,2.179821845291368909e+00,1.400176229967775576e+00,-1.897330005689405186e-01,4.790804280604676890e+00,2.296181956086779330e+00,-3.324369053449399924e+00
6.097398265510340032e+00,2.650300501414073473e-01,-4.603591905475186152e-01,-1.865000620308391310e-01,-4.441101854627185208e-01,3.857674304683528788e-01,-1.713452344118286064e+00,3.897679539610152122e-01,9.992403694287653737e-01,-1.034025325902003578e+00,-2.252787987942583281e-01,-7.973368952206352223e-01,-1.316360340661996142e-01,2.141768053263747085e+00,1.377487454509898512e+00,-1.534957813887366518e-01,4.782551558779072565e+00,2.360876617055104987e+00,-3.330999366874377809e+00
6.104069379586390731e+00,2.676776080687476300e-01,-4.536626616089532438e-01,-1.934013100525178164e-01,-4.455066958245501585e-01,3.805013154113985885e-01,-1.714404664886655105e+00,4.039266715120927720e-01,1.008353589776356474e+00,-1.034928607480785079e+00,-1.934060521041998659e-01,-7.813731667315741980e-01,-1.538754219183368632e-01,2.102877222939222523e+00,1.354627848038574500e+00,-1.173189143780506427e-01,4.772618309717653773e+00,2.424942394202108886e+00,-3.336116546944463135e+00
6.110740493662441430e+00,2.704187488978994081e-01,-4.469058472532453363e-01,-2.003077794676222101e-01,-4.466908129217417311e-01,3.753431169960250724e-01,-1.715505449767581014e+00,4.178231942150250067e-01,1.017313751737177085e+00,-1.035590777676435703e+00,-1.616051596647692934e-01,-7.649842116014549109e-01,-1.761438878688866283e-01,2.063164608459341132e+00,1.331601177092604615e+00,-8.121222275459843987e-02,4.761010738945969933e+00,2.488355635026551216e+00,-3.339716321559675016e+00
6.117411607738492130e+00,2.732517053259032047e-01,-4.400897722399703116e-01,-2.072178634287910048e-01,-4.476630533096250253e-01,3.702956572629494403e-01,-1.716754858951092366e+00,4.314520916749678414e-01,1.026119753340750895e+00,-1.036012337294714536e+00,-1.298872686942469934e-01,-7.481744614258053483e-01,-1.984312966456877603e-01,2.022645801519231235e+00,1.308411198144254328e+00,-4.518549051745091027e-02,4.747735653918795151e+00,2.551092847362526950e+00,-3.341795052912631903e+00
6.124082721814542829e+00,2.761746741724329102e-01,-4.332154685965636243e-01,-2.141299586469997684e-01,-4.484240077519693335e-01,3.653617281677050688e-01,-1.718152984937422412e+00,4.448080386201834768e-01,1.034770517641242060e+00,-1.036193852272174531e+00,-9.826347899823578702e-02,-7.309485039574188381e-01,-2.207274908292439219e-01,1.981336725307753177e+00,1.285061657014775260e+00,-9.248459366809763660e-03,4.732800460974596390e+00,2.613130709033487875e+00,-3.342349739320769064e+00
6.130753835890593528e+00,2.791858170884108370e-01,-4.262839754516199453e-01,-2.210424658250915442e-01,-4.489743408913857703e-01,3.605440905427578224e-01,-1.719699852403437035e+00,4.578858170928588600e-01,1.043264992644534983e+00,-1.036135953383743979e+00,-6.674483898522592940e-02,-7.133110819402477265e-01,-2.430222951017479982e-01,1.939253628307245014e+00,1.261556288316707297e+00,2.658917436204719098e-02,4.716213162067159459e+00,2.674446077464317728e+00,-3.341378016794799954e+00
6.137424949966644228e+00,2.822832612791054130e-01,-4.192963388686903881e-01,-2.279537900892887048e-01,-4.493147908932201284e-01,3.558454730676043898e-01,-1.721395418097428465e+00,4.706803185981152104e-01,1.051602151231664894e+00,-1.035839335929910732e+00,-3.534234170469519043e-02,-6.952670918793322219e-01,-2.653055205057125443e-01,1.896413077955280579e+00,1.237898814923005242e+00,6.231776274958339412e-02,4.697982351275750368e+00,2.735015999247482288e+00,-3.338878160342750423e+00
6.144096064042694927e+00,2.854651002414190231e-01,-4.122536116806032602e-01,-2.348623414185514457e-01,-4.494461690631004203e-01,3.512685712472992106e-01,-1.723239570762353567e+00,4.831865462102776232e-01,1.059780991078813850e+00,-1.035304759403599562e+00,-4.066920909215954172e-03,-6.768215827470642765e-01,-2.875669687104067673e-01,1.852831954171059170e+00,1.214092947462980465e+00,9.792770932652630766e-02,4.678117211095297989e+00,2.794817719659007160e+00,-3.334849085008843694e+00
6.150767178118745626e+00,2.887293945150837260e-01,-4.051568533243274373e-01,-2.417665350716447503e-01,-4.493693594382951462e-01,3.468160463998173904e-01,-1.725232131087552245e+00,4.953996166355094655e-01,1.067800534574024018e+00,-1.034533047136869222e+00,2.707055285794346400e-02,-6.579797546261596519e-01,-3.097964362843332320e-01,1.808527442749043646e+00,1.190142383845086638e+00,1.334094720909989318e-01,4.656627508508192292e+00,2.853828692120189636e+00,-3.329290346646737397e+00
6.157438292194796325e+00,2.920741724474704704e-01,-3.980071296764048916e-01,-2.486647920117828758e-01,-4.490853183530594817e-01,3.424905246526794289e-01,-1.727372851688981914e+00,5.073147622299496451e-01,1.075659828730812562e+00,-1.033525085927542220e+00,5.805927614830491690e-02,-6.387469572896974368e-01,-3.319837189719929693e-01,1.763517028622484606e+00,1.166050808806507355e+00,1.687535665072323054e-01,4.633523590839309314e+00,2.912026587600988758e+00,-3.322202142426670335e+00
6.164109406270847025e+00,2.954974309717053327e-01,-3.908055128889672547e-01,-2.555555393287146648e-01,-4.485950739781577878e-01,3.382945959492623111e-01,-1.729661417117989819e+00,5.189273329724652939e-01,1.083357945098879060e+00,-1.032281825645894546e+00,8.888851646526946260e-02,-6.191286887186371324e-01,-3.541186159731146144e-01,1.717818488999653059e+00,1.141821893489514572e+00,2.039505684847700007e-01,4.608816381396060535e+00,2.969389303960872084e+00,-3.313585311076202800e+00
6.170780520346897724e+00,2.989971363978001784e-01,-3.835530812263566736e-01,-2.624372106581213115e-01,-4.478997258347547361e-01,3.342308130652069664e-01,-1.732097443898647171e+00,5.302327983912208387e-01,1.090893979672078684e+00,-1.030804278821534359e+00,1.195476160914457631e-01,-5.991305935572349695e-01,-3.761909342226286701e-01,1.671449886375454996e+00,1.117459295044536560e+00,2.389911173371565001e-01,4.582517374895215490e+00,3.025894975223210714e+00,-3.303441332854328838e+00
6.177451634422948423e+00,3.025712252164721172e-01,-3.762509189023705014e-01,-2.693082465981906926e-01,-4.470004442828701130e-01,3.303016906353318793e-01,-1.734680480593617791e+00,5.412267494432021486e-01,1.098267052793826082e+00,-1.029093520210618840e+00,1.500259958847329211e-01,-5.787584615068315230e-01,-3.981904926695666314e-01,1.624429561421373069e+00,1.092966656259871883e+00,2.738659187190282118e-01,4.554638632678461363e+00,3.081521980779055259e+00,-3.291772329258908059e+00
6.184122748498999123e+00,3.062176049153486623e-01,-3.689001159181459766e-01,-2.761670951232402804e-01,-4.458984699846256783e-01,3.265097041914671872e-01,-1.737410007898576803e+00,5.519049003459235436e-01,1.105476309060120954e+00,-1.027150686343552222e+00,1.803131590418090568e-01,-5.580182256584794720e-01,-4.201071265531312604e-01,1.576776125756549130e+00,1.068347605217959018e+00,3.085657475405979566e-01,4.525192777718633153e+00,3.136248954516340781e+00,-3.278581062467395224e+00
6.190793862575049822e+00,3.099341548072246377e-01,-3.615017679006960472e-01,-2.830122119942571346e-01,-4.445951133424935753e-01,3.228572892116206017e-01,-1.740285438765129644e+00,5.622630903605078112e-01,1.112520917220378491e+00,-1.024976975053314865e+00,2.103986948275933244e-01,-5.369159607649344190e-01,-4.419306916741187474e-01,1.528508454603051181e+00,1.043605754978064404e+00,3.430814508584788536e-01,4.494192989418749562e+00,3.190054793870405359e+00,-3.263870934511022615e+00
6.197464976651100521e+00,3.137187268700542542e-01,-3.540569759421188234e-01,-2.898420611662271273e-01,-4.430917539127832705e-01,3.193468401808611246e-01,-1.743306118552213624e+00,5.722972855254011559e-01,1.119400070076210341e+00,-1.022573644984597463e+00,2.402722822693360016e-01,-5.154578814525430097e-01,-4.636510686599736308e-01,1.479645679328212005e+00,1.018744703285318742e+00,3.774039507418480710e-01,4.461652998205911658e+00,3.242918668791996417e+00,-3.247645986182680744e+00
6.204136090727151220e+00,3.175691465983413453e-01,-3.465668464394806580e-01,-2.966551151921286156e-01,-4.413898397946082186e-01,3.159807096643425517e-01,-1.746471325205922520e+00,5.820035803399659091e-01,1.126112984378378368e+00,-1.019942015083890929e+00,2.699236938139756292e-01,-4.936503403735781892e-01,-4.852581672216526032e-01,1.430207179877162504e+00,9.937680323058772913e-01,4.115242471129393897e-01,4.427587079922360225e+00,3.294820030628690333e+00,-3.229910895678841598e+00
6.210807204803201920e+00,3.214832138655914218e-01,-3.390324909354022753e-01,-3.034498556234574429e-01,-4.394908869945747254e-01,3.127612073928373038e-01,-1.749780269467701377e+00,5.913781993972353490e-01,1.132658900722043560e+00,-1.017083464070716703e+00,2.993427989473949058e-01,-4.714998262996431544e-01,-5.067419304005615910e-01,1.380212577098609117e+00,9.686793083881467537e-01,4.454334205608275754e-01,4.392010050015941580e+00,3.345738620915886585e+00,-3.210670976975989799e+00
6.217478318879252619e+00,3.254587037974824293e-01,-3.314550259593395110e-01,-3.102247734071645335e-01,-4.373964787674659016e-01,3.096905993611974717e-01,-1.753232095110825561e+00,6.004174989651165362e-01,1.139037083440528786e+00,-1.013999429890183546e+00,3.285195677742574483e-01,-4.490129621567306994e-01,-5.280923388037441768e-01,1.329681724967054279e+00,9.434820818497934303e-01,4.791226351275371664e-01,4.354937257532428774e+00,3.395654480073385884e+00,-3.189932177942182090e+00
6.224149432955303318e+00,3.294933676554149260e-01,-3.238355728695851976e-01,-3.169783692788783469e-01,-4.351082649331714514e-01,3.067711069401045654e-01,-1.756825879205099028e+00,6.091179685153782497e-01,1.145246820497725304e+00,-1.010691409147052022e+00,3.574440745571151878e-01,-4.261965030025990364e-01,-5.492994148256256093e-01,1.278634702704563253e+00,9.181798867904252814e-01,5.125831410654770881e-01,4.316384578912068726e+00,3.444547956003837896e+00,-3.167701078184385288e+00
6.230820547031354018e+00,3.335849337300810236e-01,-3.161752576959854233e-01,-3.237091541522925664e-01,-4.326279611701509542e-01,3.040049060015123650e-01,-1.760560632409664095e+00,6.174762321997553371e-01,1.151287423379357522e+00,-1.007160956521493622e+00,3.861065012134966556e-01,-4.030573339471131278e-01,-5.703532268544972972e-01,1.227091806805355789e+00,8.927762409296754464e-01,5.458062775652332554e-01,4.276368411592946117e+00,3.492399712589101757e+00,-3.143984886632400944e+00
6.237491661107404717e+00,3.377311082447060908e-01,-3.084752109833907574e-01,-3.304156495045945663e-01,-4.299573482857105833e-01,3.013941260581469161e-01,-1.764435299293810822e+00,6.254890502725284351e-01,1.157158226983235227e+00,-1.003409684166764571e+00,4.144971407696678711e-01,-3.796024680162706222e-01,-5.912438934620107833e-01,1.175073542966497575e+00,8.672746454704995944e-01,5.787834754527257930e-01,4.234905667423756626e+00,3.539190738080816523e+00,-3.118791438860330167e+00
6.244162775183455416e+00,3.419295762676000661e-01,-3.007365676358383366e-01,-3.370963877578155854e-01,-4.270982714633858590e-01,2.989408494174422004e-01,-1.768448758685684741e+00,6.331533204589775421e-01,1.162858589508681373e+00,-9.994392610889837325e-01,4.426064007698382596e-01,-3.558390439606047839e-01,-6.119615875739436994e-01,1.122600617927947964e+00,8.416785849874264258e-01,6.115062598548035577e-01,4.192013765888629173e+00,3.584902353381425932e+00,-3.092129194146550297e+00
6.250833889259506115e+00,3.461780026336527261e-01,-2.929604667614781888e-01,-3.437499126559843687e-01,-4.240526394877374150e-01,2.966471103502796303e-01,-1.772599824048738171e+00,6.404660792690924920e-01,1.168387892345297274e+00,-9.952514125092450925e-01,4.704248066395235184e-01,-3.317743240087334122e-01,-6.324965406204526852e-01,1.069693931225419670e+00,8.159915273394980906e-01,6.439662528322921409e-01,4.147710627146843798e+00,3.629516220211874256e+00,-3.064007232273417536e+00
6.257505003335556815e+00,3.504740328744115341e-01,-2.851480515182367448e-01,-3.503747796379681478e-01,-4.208224239468617012e-01,2.945148942748988530e-01,-1.776887243885807433e+00,6.474245032559984292e-01,1.173745539961234652e+00,-9.908479192082634279e-01,4.979430050019002518e-01,-3.074156915667921042e-01,-6.528390466641448286e-01,1.016374566859302719e+00,7.902169236076225234e-01,6.761551759796007310e-01,4.102014664890118567e+00,3.673014349162422754e+00,-3.034435250067840428e+00
6.264176117411607514e+00,3.548152941563675888e-01,-2.773004689602339146e-01,-3.569695562058829985e-01,-4.174096584129398657e-01,2.925461369563289171e-01,-1.781309702170642328e+00,6.540259102185248530e-01,1.178930959791121058e+00,-9.862306168538026441e-01,5.251517669458820592e-01,-2.827706488645707616e-01,-6.729794665041876067e-01,9.626637848831893773e-01,7.643582080560610281e-01,7.080648529899202792e-01,4.054944779020497769e+00,3.715379107622874599e+00,-3.003423557684186562e+00
6.270847231487658213e+00,3.591993962270786378e-01,-2.694188698849442343e-01,-3.635328222889610550e-01,-4.138164376011465584e-01,2.907427237216967386e-01,-1.785865818806732230e+00,6.602677603474077506e-01,1.183943602123811667e+00,-9.814013953111015987e-01,5.520419912447773747e-01,-2.578468145491519814e-01,-6.929082317547893277e-01,9.085830129153766865e-01,7.384187981177333659e-01,7.396872121851356674e-01,4.006520348151687116e+00,3.756593227588702621e+00,-2.970983074630897836e+00
6.277518345563708912e+00,3.636239323687436853e-01,-2.615044086811094681e-01,-3.700631706027606715e-01,-4.100449165072613256e-01,2.891064886917682486e-01,-1.790554150113248255e+00,6.661476573146093427e-01,1.188782939990120413e+00,-9.763621979365523229e-01,5.786047075243216931e-01,-2.326519212269099190e-01,-7.126158488962897053e-01,8.541538375769470726e-01,7.124020944030100555e-01,7.710142890095066370e-01,3.956761221936974771e+00,3.796639813339433456e+00,-2.937125325542495169e+00
6.284189459639759612e+00,3.680864803588587142e-01,-2.535582431773964474e-01,-3.765592070036104522e-01,-4.060973095243104458e-01,2.876392140290530142e-01,-1.795373189337917896e+00,6.716633493052918125e-01,1.193448469050693683e+00,-9.711150208548511298e-01,6.048310793789839490e-01,-2.071938129547028495e-01,-7.320929032972295358e-01,7.993979958598140811e-01,6.863114807316551547e-01,8.020382284862783706e-01,3.905687713226691393e+00,3.835502348985944554e+00,-2.901862435698512321e+00
6.290860573715810311e+00,3.725846034375618343e-01,-2.455815344918058085e-01,-3.830195508381761815e-01,-4.019758895385988628e-01,2.863426292028111719e-01,-1.800321367196628941e+00,6.768127299919812767e-01,1.197939707484166005e+00,-9.656619122199004979e-01,6.307124074353754883e-01,-1.814804426811800209e-01,-7.513300632056728601e-01,7.443373664283998714e-01,6.601503241875852357e-01,8.327512876363012406e-01,3.853320590058488371e+00,3.873164705883140435e+00,-2.865207126291291928e+00
6.297531687791861010e+00,3.771158512812838870e-01,-2.375754468818222498e-01,-3.894428352880452970e-01,-3.976829870054863214e-01,2.852184102712947977e-01,-1.805397052439546846e+00,6.815938394504892361e-01,1.202256195875755385e+00,-9.600049714597019834e-01,6.562401323616839921e-01,-1.555198696390852064e-01,-7.703180837081318177e-01,6.889939608584896291e-01,6.339219751960437632e-01,8.631458378578222845e-01,3.799681067483590802e+00,3.909611149904662408e+00,-2.827172709444459198e+00
6.304202801867911710e+00,3.816777609823148176e-01,-2.295411475953095803e-01,-3.958277077092168805e-01,-3.932209890052640322e-01,2.842681791815472314e-01,-1.810598552443543507e+00,6.860048650171945983e-01,1.206397497106454386e+00,-9.541463485054977323e-01,6.814058378220446688e-01,-1.293202566895050865e-01,-7.890478106544400738e-01,6.333899148168460336e-01,6.076297676228507028e-01,8.932143672665762146e-01,3.744790799232281309e+00,3.944826348576309538e+00,-2.787773082984058792e+00
6.310873915943962409e+00,3.862678580338890222e-01,-2.214798067221407096e-01,-4.021728299664011907e-01,-3.885923382795206105e-01,2.834935030870754935e-01,-1.815924113830672759e+00,6.900441420872875931e-01,1.210363196242947303e+00,-9.480882430054501375e-01,7.062012533747670240e-01,-1.028898676190156403e-01,-8.075101845469012662e-01,5.775474791853221213e-01,5.812770188952821604e-01,9.229494829953539536e-01,3.688671869222069688e+00,3.978795378064836630e+00,-2.747022724964571339e+00
6.317545030020013108e+00,3.908836573204009235e-01,-2.133925970465566369e-01,-4.084768787620233210e-01,-3.837995322483510607e-01,2.828958936837110416e-01,-1.821371923112485192e+00,6.937101548536350748e-01,1.214152900428414839e+00,-9.418329035231017832e-01,7.306182573134244462e-01,-7.623706439067967633e-02,-8.256962443921365136e-01,5.214890111329963940e-01,5.548670301441961383e-01,9.523439134522309057e-01,3.631346782911786253e+00,4.011503730018987746e+00,-2.704936687951859930e+00
6.324216144096063807e+00,3.955226641123505416e-01,-2.052806939002547182e-01,-4.147385459598260660e-01,-3.788451220088149274e-01,2.824768065639565173e-01,-1.826940107359898313e+00,6.970015369859179355e-01,1.217766238774347309e+00,-9.353826267209236489e-01,7.546488794497352437e-01,-4.937030434992761840e-02,-8.435971315139697557e-01,4.652369651401405126e-01,5.284030863669844091e-01,9.813905105366196313e-01,3.572838458505191106e+00,4.042937318259546942e+00,-2.661530593065505990e+00
6.330887258172114507e+00,4.001823750656195999e-01,-1.971452750161931944e-01,-4.209565389029807925e-01,-3.737317113150196990e-01,2.822376405901210195e-01,-1.832626734898372245e+00,6.999170722497434216e-01,1.221202862253516930e+00,-9.287397565292142554e-01,7.782853038372902210e-01,-2.229813738630137543e-02,-8.612040933257905095e-01,4.088138839776310762e-01,5.018884566109076406e-01,1.010082251812383980e+00,3.513170218007530821e+00,4.073082485315341117e+00,-2.616820623782845523e+00
6.337558372248165206e+00,4.048602792246738247e-01,-1.889875203831074824e-01,-4.271295807266032307e-01,-3.684619555402424140e-01,2.821797372865364473e-01,-1.838429816028109176e+00,7.024556950654345933e-01,1.224462443594237504e+00,-9.219066833006563932e-01,8.015198714351133846e-01,4.970796947855071757e-03,-8.785084870607678953e-01,3.522423896456570724e-01,4.753263941763493650e-01,1.038412242637203331e+00,3.452365778138700048e+00,4.101926008802069923e+00,-2.570823519507323240e+00
6.344229486324215905e+00,4.095538590292945869e-01,-1.808086121007205782e-01,-4.332564106645840352e-01,-3.630385606214772132e-01,2.823043802511353562e-01,-1.844347303769001467e+00,7.046164910062526765e-01,1.227544677176053867e+00,-9.148858429508042178e-01,8.243450827101627132e-01,3.242777236075689018e-02,-8.955017834584048098e-01,2.955451742753146815e-01,4.487201368395289380e-01,1.066373718247456193e+00,3.390449241106507028e+00,4.129455107641077483e+00,-2.523556568903656316e+00
6.350900600400266605e+00,4.142605913244298277e-01,-1.726097342356525677e-01,-4.393357843506382476e-01,-3.574642819868316113e-01,2.826127945866672153e-01,-1.850377094630010211e+00,7.063986972358051730e-01,1.230449278926969203e+00,-9.076797160848223411e-01,8.467536001778006582e-01,6.006397878546199109e-02,-9.121755704058460701e-01,2.387449909969861506e-01,4.220729070942199623e-01,1.093960045797846892e+00,3.327445085243839529e+00,4.155657448115083419e+00,-2.475037603002645969e+00
6.357571714476317304e+00,4.189779483727623655e-01,-1.643920726780056518e-01,-4.453664741134849558e-01,-3.517419234661830485e-01,2.831061463518204091e-01,-1.856517029402693364e+00,7.078017028844394432e-01,1.233175986222351916e+00,-9.002908271107658011e-01,8.687382508793747293e-01,8.787052538401618484e-02,-9.285215565324420606e-01,1.818646447791817944e-01,3.953879124119619171e-01,1.121164726355060814e+00,3.263378155513350531e+00,4.180521149758046562e+00,-2.425284988078349357e+00
6.364242828552368003e+00,4.237033988695785292e-01,-1.561568149986194420e-01,-4.513472692660662200e-01,-3.458743361855236564e-01,2.837855420325207101e-01,-1.862764893978536396e+00,7.088250493644261407e-01,1.235724557785639721e+00,-8.927217433397235391e-01,8.902920287960029988e-01,1.158384435903083709e-01,-9.445315747560174557e-01,1.249269832417584380e-01,3.686683455202666160e-01,1.147981396844711455e+00,3.198273653883581424e+00,4.204034791076313837e+00,-2.374317618300635591e+00
6.370913942628418702e+00,4.284344089595421567e-01,-1.479051503069793161e-01,-4.572769763887216121e-01,-3.398644174454092393e-01,2.846520280336524156e-01,-1.869118420189798790e+00,7.094684306237903915e-01,1.238094773590958431e+00,-8.849750740731169296e-01,9.114080971977669421e-01,1.439586901905492988e-01,-9.601975857794111668e-01,6.795488744716932095e-02,3.419173846983053489e-01,1.174403831950909360e+00,3.132157129580146915e+00,4.226187415098394240e+00,-2.322154908165990683e+00
6.377585056704469402e+00,4.331684432549529062e-01,-1.396382691097706186e-01,-4.631544196062311047e-01,-3.337151095839637760e-01,2.857065901914535022e-01,-1.875575286673493158e+00,7.097316933386421667e-01,1.240286434767768675e+00,-8.770534696774988648e-01,9.320797909274395332e-01,1.722221504401729719e-01,-9.755116815357733895e-01,1.097126267367881658e-02,3.151381940895696676e-01,1.200425945967739327e+00,3.065054469216034416e+00,4.246968534750674706e+00,-2.268816784709789758e+00
6.384256170780520101e+00,4.379029658550818160e-01,-1.313573631700648559e-01,-4.689784408586437636e-01,-3.274293988248616061e-01,2.869501533068138377e-01,-1.882133119758187867e+00,7.096148370439049335e-01,1.242299363507650467e+00,-8.689596206471633666e-01,9.523006186179834298e-01,2.006196412160148324e-01,-9.904660885811963356e-01,-4.600097082567172757e-02,2.883339240309709672e-01,1.226041794601990587e+00,2.996991886804840188e+00,4.266368138056475523e+00,-2.214323679503195308e+00
6.390927284856570800e+00,4.426354413661788278e-01,-1.230636253671079650e-01,-4.747479001658191367e-01,-3.210103141107417679e-01,2.883835806997320228e-01,-1.888789494373260380e+00,7.091180142023607580e-01,1.244133402973345959e+00,-8.606962566548772564e-01,9.720642648430692923e-01,2.291419142026044353e-01,-1.005053171433250903e+00,-1.029388870745768236e-01,2.615077113977765655e-01,1.251245576726515374e+00,2.927995913660842220e+00,4.284376693155948601e+00,-2.158696520437883848e+00
6.397598398932621500e+00,4.473633359217244476e-01,-1.147582495567261440e-01,-4.804616758855868586e-01,-3.144609259225070730e-01,2.900076737851229880e-01,-1.895541934980230714e+00,7.082415302119529077e-01,1.245788417210142995e+00,-8.522661455911076933e-01,9.913645921998079924e-01,2.577796591112884173e-01,-1.019265435854002089e+00,-1.598195636314586332e-01,2.346626799639406347e-01,1.276031636083518661e+00,2.858093388190110495e+00,4.300985153144337048e+00,-2.101956723302165653e+00
6.404269513008672199e+00,4.520841182025346905e-01,-1.064424304323001863e-01,-4.861186649654690717e-01,-3.077843450849488960e-01,2.918231716702160417e-01,-1.902387916525815292e+00,7.069858433513143137e-01,1.247264291059718699e+00,-8.436720925920354608e-01,1.010195643323060111e+00,2.865235069310675398e-01,-1.033095532076161671e+00,-2.166200908503025935e-01,2.078019407771469762e-01,1.300394462937246587e+00,2.787311445576427626e+00,4.316184960726279662e+00,-2.044126183151746545e+00
6.410940627084722898e+00,4.567952604562899310e-01,-9.811736338630640264e-02,-4.917177831878778438e-01,-3.009837215591680826e-01,2.938307507737445423e-01,-1.909324865416308636e+00,7.053515646635220016e-01,1.248560930076538789e+00,-8.349169390567110494e-01,1.028551642830597856e+00,3.153640332098429644e-01,-1.046536257970983153e+00,-2.733175811403476541e-01,1.809285925480306201e-01,1.324328695675420553e+00,2.715677507366258681e+00,4.329968052683772939e+00,-1.985227265478797243e+00
6.417611741160773597e+00,4.614942395160878119e-01,-8.978424437242131517e-02,-4.972579654087210810e-01,-2.940622432222526061e-01,2.960310244671067181e-01,-1.916350160512894751e+00,7.033394577780860413e-01,1.249678260446879241e+00,-8.260035616537249048e-01,1.046426999198434737e+00,3.442917613648402431e-01,-1.059580562156606121e+00,-3.298891782208567269e-01,1.540457220530793148e-01,1.347829122358862541e+00,2.643219270956871370e+00,4.342326864155715782e+00,-1.925282797182985117e+00
6.424282855236824297e+00,4.661785378175948291e-01,-8.144426976813443075e-02,-5.027381657893474909e-01,-2.870231346346779344e-01,2.984245427377300031e-01,-1.923461134147499862e+00,7.009504386712356316e-01,1.250616228910606198e+00,-8.169348713176803889e-01,1.063816306565754433e+00,3.732971660209499776e-01,-1.072221547045476786e+00,-3.863120663670620014e-01,1.271564045504243734e-01,1.370890682218740331e+00,2.569964698991672236e+00,4.353254332726645970e+00,-1.864316057348113898e+00
6.430953969312874996e+00,4.708456444144009101e-01,-7.309863623789743248e-02,-5.081573580217653152e-01,-2.798696557959052811e-01,3.010117918747696741e-01,-1.930655073158758839e+00,6.981855753645536122e-01,1.251374802685746301e+00,-8.077138122358866745e-01,1.080714346468760301e+00,4.023706763757007865e-01,-1.084452471829641773e+00,-4.425634796435249374e-01,1.002637042081614416e-01,1.393508467100908366e+00,2.495942008667039858e+00,4.362743902322878675e+00,-1.802350767828252209e+00
6.437625083388925695e+00,4.754930559911541565e-01,-6.474854059675025364e-02,-5.135145355470680517e-01,-2.726051008886505866e-01,3.037931941773575062e-01,-1.937929219947694737e+00,6.950460875620766421e-01,1.251953969395968258e+00,-7.983433608255732228e-01,1.097116089502935043e+00,4.315026795895810507e-01,-1.096266755402593107e+00,-4.986207111210205767e-01,7.337067454439155645e-02,1.415677722856808041e+00,2.421179660954749124e+00,4.370789526913828382e+00,-1.739411083647163236e+00
6.444296197464976395e+00,4.801182778740689105e-01,-5.639517967442188306e-02,-5.188087117670064918e-01,-2.652327970122995149e-01,3.067691076855488808e-01,-1.945280773552674702e+00,6.915333462259691810e-01,1.252353737001042244e+00,-7.888265247020038728e-01,1.113016696913123882e+00,4.606835242003950448e-01,-1.107657979216455368e+00,-5.544611220731308077e-01,4.648035887843970926e-02,1.437393850680429352e+00,2.345706349744292041e+00,4.377385674016687211e+00,-1.675521583215032972e+00
6.450967311541027094e+00,4.847188250384054653e-01,-4.803975017990157192e-02,-5.240389202486495090e-01,-2.577561029059684539e-01,3.099398259341046291e-01,-1.952706890743199697e+00,6.876488730909221525e-01,1.252574133730323336e+00,-7.791663416378769025e-01,1.128411522110913889e+00,4.899035235603389493e-01,-1.118619890073329071e+00,-6.100621511487377413e-01,1.959579079271822621e-02,1.458652408390862520e+00,2.269550990909389387e+00,4.382527328002688627e+00,-1.610707258366572026e+00
6.457638425617077793e+00,4.892922231124939847e-01,-3.968344856641656260e-02,-5.292042149220717029e-01,-2.501784076616747066e-01,3.133055777293060618e-01,-1.960204687132101053e+00,6.833943401174591425e-01,1.252615208019379089e+00,-7.693658785143173695e-01,1.143296112118862728e+00,5.191529592944603699e-01,-1.129146402849558140e+00,-6.654013235165512352e-01,-7.280005395626343301e-03,1.479449111659946858e+00,2.192742711302892999e+00,4.386209993203015856e+00,-1.544993504224554393e+00
6.464309539693128492e+00,4.938360093779205484e-01,-3.132747089684950748e-02,-5.343036702710187713e-01,-2.425031294281276562e-01,3.168665269488765146e-01,-1.967771238305677795e+00,6.787715688843345418e-01,1.252477028449766605e+00,-7.594282302638989401e-01,1.157666208941053210e+00,5.484220847791714260e-01,-1.139231603151841243e+00,-7.204562599779458232e-01,-3.414401415363921277e-02,1.499779835184614107e+00,2.115310837684500012e+00,4.388429696812920611e+00,-1.478406108893032256e+00
6.470980653769179192e+00,4.983477337654489969e-01,-2.297301270952880128e-02,-5.393363815164942121e-01,-2.347337141056178023e-01,3.206227723651933204e-01,-1.975403580971326178e+00,6.737825299202599982e-01,1.252159683692065650e+00,-7.493565188060051785e-01,1.171517750859593310e+00,5.777011286394524436e-01,-1.148869749904003701e+00,-7.752046860442524112e-01,-6.099322824293396117e-02,1.519640613803460383e+00,2.037284885585518790e+00,4.389182991592250893e+00,-1.410971242984449425e+00
6.477651767845229891e+00,5.028249598462898318e-01,-1.462126888438826725e-02,-5.443014647932217231e-01,-2.268736340324998546e-01,3.245743474918846294e-01,-1.983098714122196071e+00,6.684293419751998755e-01,1.251663282452203152e+00,-7.391538919749320868e-01,1.184846873656633992e+00,6.069802982634109334e-01,-1.158055277863378807e+00,-8.296244409748023685e-01,-8.782464822206587085e-02,1.539027643557187686e+00,1.958694548115050171e+00,4.388466958361005865e+00,-1.342715448984972193e+00
6.484322881921280590e+00,5.072652658182982277e-01,-6.273433509489032694e-03,-5.491980573189294557e-01,-2.189263866637888301e-01,3.287212204539158300e-01,-1.990853600218383201e+00,6.627142712315220452e-01,1.250987953421115240e+00,-7.288235224411243607e-01,1.197649911761507369e+00,6.362497833327527275e-01,-1.166782800065700787e+00,-8.836934867718142517e-01,-1.146352819415224489e-01,1.557937282692476000e+00,1.879569684712140365e+00,4.386279208288451414e+00,-1.273665630462602838e+00
6.490993995997331290e+00,5.116662454867184628e-01,2.069300252149641056e-03,-5.540253175564195942e-01,-2.108954932423405537e-01,3.330632938812896349e-01,-1.998665166384203884e+00,6.566397304552882286e-01,1.250133845227805462e+00,-7.183686066258825331e-01,1.209923399322681892e+00,6.654997593678783074e-01,-1.175047110197504630e+00,-9.373899171285747789e-01,-1.414221440320882206e-01,1.576366052608982660e+00,1.799940309848021336e+00,4.382617884974468581e+00,-1.203849041122307728e+00
6.497665110073381989e+00,5.160255092390604315e-01,1.040574029541713880e-02,-5.587824253683754128e-01,-2.027844974631336505e-01,3.376004048264412694e-01,-2.006530305621046839e+00,6.502082780880225066e-01,1.249101126395841144e+00,-7.077923636099456850e-01,1.221664071204195068e+00,6.947203912861465991e-01,-1.182843184895002731e+00,-9.906919663270474796e-01,-1.681822553872125703e-01,1.594310638749081077e+00,1.719836581683018339e+00,4.377481666321836329e+00,-1.133293273712855598e+00
6.504336224149432688e+00,5.203406850137294315e-01,1.873469570568271625e-02,-5.634685821648698356e-01,-1.945969641311647014e-01,3.423323247053934315e-01,-2.014445878035307835e+00,6.434226172792958387e-01,1.247889985303306304e+00,-6.970980340363492900e-01,1.232868863906255052e+00,7.239018369719365520e-01,-1.190166185968496659e+00,-1.043578018081270375e+00,-1.949126426399513390e-01,1.611767891430050170e+00,1.639288790682574160e+00,4.370869766198413942e+00,-1.062026248789949889e+00
6.511007338225483387e+00,5.246094192619922270e-01,2.705497689113796345e-02,-5.680830110435326485e-01,-1.863364778134475042e-01,3.472587592627903730e-01,-2.022408712080923987e+00,6.362855948605148360e-01,1.246500630146281985e+00,-6.862888790078959245e-01,1.243534916409802848e+00,7.530342508570783133e-01,-1.197011462551326400e+00,-1.096026614322796355e+00,-2.216103376353785459e-01,1.628734826618379650e+00,1.558327348196699491e+00,4.362781935887912965e+00,-9.900762033402824569e-01
6.517678452301534087e+00,5.288293779029141772e-01,3.536539571488066941e-02,-5.726249569223514913e-01,-1.780066414856402157e-01,3.523793485608225362e-01,-2.030415605815977464e+00,6.288002002602972595e-01,1.244933288905837321e+00,-6.753681789796834867e-01,1.253659570944752222e+00,7.821077875102715460e-01,-1.203374553172511963e+00,-1.148016463924604658e+00,-2.482723768988748247e-01,1.645208626645946692e+00,1.476982775007429805e+00,4.353218465328543729e+00,-9.174716792712628299e-01
6.524349566377584786e+00,5.329982472708612029e-01,4.366476562680707274e-02,-5.770936866650647756e-01,-1.696110751737949784e-01,3.576936669921375600e-01,-2.038463328172873901e+00,6.209695643618686756e-01,1.243188209318592641e+00,-6.643392326470285436e-01,1.263240373681747242e+00,8.111126052340489334e-01,-1.209251187752155232e+00,-1.199526451359776980e+00,-2.748958011011916613e-01,1.661186640867784670e+00,1.395285689848625665e+00,4.342180184138390686e+00,-8.442415117711639105e-01
6.531020680453635485e+00,5.371137350551871137e-01,5.195190179532110930e-02,-5.814884891991217719e-01,-1.611534145917510874e-01,3.632012233167695170e-01,-2.046548620241581240e+00,6.127969583029234668e-01,1.241265658850861930e+00,-6.532053558292001405e-01,1.272275075347258255e+00,8.400388696678680045e-01,-1.214637289518769592e+00,-1.250535645291364961e+00,-3.014776545208932568e-01,1.676666386261199904e+00,1.313266797902626681e+00,4.329668462426814912e+00,-7.704148175445432178e-01
6.537691794529686184e+00,5.411735712317286007e-01,6.022562123886577440e-02,-5.858086756261878802e-01,-1.526373097746831220e-01,3.689014607231068665e-01,-2.054668196565382132e+00,6.042857922184181607e-01,1.239165924676375763e+00,-6.419698803493686379e-01,1.280761631761856201e+00,8.688767573959051971e-01,-1.219528976847748192e+00,-1.301023307089868908e+00,-3.280149845047717894e-01,1.691645547966056151e+00,1.230956879278277238e+00,4.315685211391203424e+00,-6.960209829278449778e-01
6.544362908605736884e+00,5.451755089857175385e-01,6.848474295733582295e-02,-5.900535793251602268e-01,-1.440664237093154110e-01,3.747937569129533575e-01,-2.062818746448631391e+00,5.954396139268021138e-01,1.236889313657619782e+00,-6.306361529111316200e-01,1.288698204301587991e+00,8.976164595580951033e-01,-1.223922565020130637e+00,-1.350968899274720636e+00,-3.545048409271067125e-01,1.706121979765986119e+00,1.148386777474726061e+00,4.300232883698276609e+00,-6.210896518901400931e-01
6.551034022681787583e+00,5.491173256257456670e-01,7.672808806337551302e-02,-5.942225560476803725e-01,-1.354444309613066777e-01,3.808774242106874874e-01,-2.070996935275981610e+00,5.862621075601898157e-01,1.234436152330781855e+00,-6.192075339720231053e-01,1.296083160282357039e+00,9.262481854630182365e-01,-1.227814567900973319e+00,-1.400352093876362725e+00,-3.809442756483252257e-01,1.720093704510383681e+00,1.065587387835418287e+00,4.283314473649515008e+00,-5.456507139238648829e-01
6.557705136757838282e+00,5.529968234884067302e-01,8.495447991357289730e-02,-5.983149840061265934e-01,-1.267750163003426023e-01,3.871517096965081395e-01,-2.079199405842530712e+00,5.767570921390279270e-01,1.231806786894301453e+00,-6.076873966144310524e-01,1.302915073267243651e+00,9.547621662011489541e-01,-1.231201699536585092e+00,-1.449152780715317057e+00,-4.073303419737253073e-01,1.733558914477036916e+00,9.825896459969503116e-01,4.264933517130277352e+00,-4.697342918308199389e-01
6.564376250833888982e+00,5.568118308332439259e-01,9.316274423961259932e-02,-6.023302639540587533e-01,-1.180618733234150147e-01,3.936157953638068641e-01,-2.087422779694361630e+00,5.669285200918133816e-01,1.229001583201042358e+00,-5.960791254142570050e-01,1.309192723296781935e+00,9.831486582570649890e-01,-1.234080875669934185e+00,-1.497351075594904657e+00,-4.336600941131051323e-01,1.746515971675229206e+00,8.994245163369365414e-01,4.245094091342087594e+00,-3.933707294082270378e-01
6.571047364909939681e+00,5.605602027276409549e-01,1.013517092793678048e-01,-6.062678192591204329e-01,-1.093087030768457590e-01,4.002687983006044115e-01,-2.095663658478897684e+00,5.567804757204627419e-01,1.226020926754046059e+00,-5.843861153077909432e-01,1.314915097042165248e+00,1.011397947119120122e+00,-1.236449215173602401e+00,-1.544927328404056999e+00,-4.599305866418098021e-01,1.758963408089266212e+00,8.161229804257414955e-01,4.223800814318002139e+00,-3.165905790403171771e-01
6.577718478985990380e+00,5.642398219212969579e-01,1.095202059079866536e-01,-6.101270959683637862e-01,-1.005192126775257822e-01,4.071097708950754956e-01,-2.103918625304558976e+00,5.463171736119279975e-01,1.222865222705894483e+00,-5.726117704571342948e-01,1.320081387881442581e+00,1.039500350885174562e+00,-1.238304041399649558e+00,-1.591862131126993152e+00,-4.861388739639995737e-01,1.770899925862262192e+00,7.327160254861658784e-01,4.201058844220712629e+00,-2.394245892002623277e-01
6.584389593062041079e+00,5.678485997099251836e-01,1.176670677689913846e-01,-6.139075628660120021e-01,-9.169711393390868326e-02,4.141377010651048352e-01,-2.112184246109140240e+00,5.355429569967040671e-01,1.219534895861633217e+00,-5.607595031145957698e-01,1.324690995898770929e+00,1.067446223862922761e+00,-1.239642883445816635e+00,-1.638136325756326173e+00,-5.122820097788249871e-01,1.782324397420189221e+00,6.492346328657238042e-01,4.176873878423359443e+00,-1.619036918678724568e-01
6.591060707138091779e+00,5.713844767878297759e-01,1.257911314053892782e-01,-6.176087115236410519e-01,-8.284612196727401956e-02,4.213515125118282301e-01,-2.120457071036347951e+00,5.244622960548750434e-01,1.216030390685240103e+00,-5.488327324864867851e-01,1.328743527806809821e+00,1.095225960163348944e+00,-1.240463477337540255e+00,-1.683731012106294056e+00,-5.383570465500707725e-01,1.793235865536130236e+00,5.657097665260150121e-01,4.151252152373093196e+00,-8.405898986829785091e-02
6.597731821214142478e+00,5.748454240890059630e-01,1.338912363908638936e-01,-6.212300563427771705e-01,-7.396995383374620203e-02,4.287500649971405786e-01,-2.128733635819952674e+00,5.130797861703773055e-01,1.212352171309630577e+00,-5.368348835966456623e-01,1.332238796792406310e+00,1.122829997285900827e+00,-1.240763767125233841e+00,-1.728627555522938231e+00,-5.643610349801568837e-01,1.803633543334678402e+00,4.821723615533507479e-01,4.124200438237337174e+00,-5.921744136823225979e-03
6.604402935290193177e+00,5.782294436164231444e-01,1.419662254610215835e-01,-6.247711345899186197e-01,-6.507232714762130332e-02,4.363321546450661392e-01,-2.137010463174965569e+00,5.014001461341912602e-01,1.208500721550143986e+00,-5.247693861501750989e-01,1.335176822285708997e+00,1.150248819693873159e+00,-1.240541905896392239e+00,-1.772807594487869842e+00,-5.902910234889748864e-01,1.813516814236547425e+00,3.986533126954275863e-01,4.095726043333096200e+00,7.247663908462020910e-02
6.611074049366243877e+00,5.815345692591539217e-01,1.500149446447534840e-01,-6.282315064239754054e-01,-5.615695870646993104e-02,4.440965142669586196e-01,-2.145284064195282614e+00,4.894282162971584360e-01,1.204476544921494696e+00,-5.126396733977198750e-01,1.337557829652910701e+00,1.177472962378622645e+00,-1.239796256702064170e+00,-1.816253048112603130e+00,-6.161440576983868711e-01,1.822885231843361042e+00,3.151834629280817479e-01,4.065836808339437169e+00,1.511046211142279549e-01
6.617745163442294576e+00,5.847588675970141203e-01,1.580362433957247792e-01,-6.316107549161344981e-01,-4.722756311855029476e-02,4.520418137104398326e-01,-2.153550939757240101e+00,4.771689566731835974e-01,1.200280164658143134e+00,-5.004491810007132280e-01,1.339382249812836045e+00,1.204493014411118113e+00,-1.238525393397286845e+00,-1.858946123520222260e+00,-6.419171799230241060e-01,1.831738519762687645e+00,2.317935920567030239e-01,4.034541105293543595e+00,2.299305437548089248e-01
6.624416277518345275e+00,5.879004386923885050e-01,1.660289747239925284e-01,-6.349084860621644344e-01,-3.828785143303620186e-02,4.601666602319688382e-01,-2.161807581928465449e+00,4.646274449935711148e-01,1.195912123738034571e+00,-4.882013458980117848e-01,1.340650718777602224e+00,1.231299622479415046e+00,-1.236728101395143220e+00,-1.900869323111353371e+00,-6.676074286679608560e-01,1.840076571373413739e+00,1.485144053566879174e-01,4.001847835370890394e+00,3.089226422706465858e-01
6.631087391594395974e+00,5.909574168689093465e-01,1.739919953278122045e-01,-6.381243287871595227e-01,-2.934152977355949932e-02,4.684695988929714061e-01,-2.170050475381474886e+00,4.518088747132952832e-01,1.191372984909669031e+00,-4.758996051742733213e-01,1.341364077117656706e+00,1.257883494410580560e+00,-1.234403378334066659e+00,-1.942005451711344310e+00,-6.932118381341176860e-01,1.847899449531501537e+00,6.537652225720003152e-02,3.967766426449933270e+00,3.880490584112832320e-01
6.637758505670446674e+00,5.939279714766823037e-01,1.819241657256331357e-01,-6.412579349427427466e-01,-2.039229797556683932e-02,4.769491129794142248e-01,-2.178276098811452233e+00,4.387185529699836328e-01,1.186663330722441900e+00,-4.635473949304965147e-01,1.341523369351471429e+00,1.284235402675678150e+00,-1.231550434658124304e+00,-1.982337623595763487e+00,-7.187274377319317065e-01,1.855207386216257692e+00,-1.758953492747794556e-02,3.932306830462001024e+00,4.672778534769367331e-01
6.644429619746497373e+00,5.968103076437386578e-01,1.898243503882907079e-01,-6.443089792967466867e-01,-1.144384822801107482e-02,4.856036244446785277e-01,-2.186480926357575516e+00,4.253618984964532279e-01,1.181783763560198208e+00,-4.511481491571390778e-01,1.341129843260232324e+00,1.310346187876343160e+00,-1.228168694110037373e+00,-2.021849269391183590e+00,-7.441512516039259229e-01,1.862000782117284814e+00,-1.003533522145088064e-01,3.895479520527222572e+00,5.465770214198761856e-01
6.651100733822548072e+00,5.996026670134111392e-01,1.976914178714578862e-01,-6.472771595153788970e-01,-2.499863719846340260e-03,4.944314943756581426e-01,-2.194661429027373600e+00,4.117444394876267344e-01,1.176734905677942811e+00,-4.387052986101566687e-01,1.340184949127888991e+00,1.336206762211559429e+00,-1.224257794136662358e+00,-2.060524142848466411e+00,-7.694802981569934808e-01,1.868280206162194590e+00,-1.828846351130151149e-01,3.857295487877085982e+00,6.259145019765609552e-01
6.657771847898598772e+00,6.023033284673264820e-01,2.055242409483284405e-01,-6.501621961379077108e-01,6.435982708139387221e-03,5.034310234818826224e-01,-2.202814076123468467e+00,3.978718114227129399e-01,1.171517399241635671e+00,-4.262222696904246488e-01,1.338690338906953325e+00,1.361808112923164504e+00,-1.219817586206810134e+00,-2.098346327485588247e+00,-7.947115896048564387e-01,1.874046394985344977e+00,-2.651532197239159228e-01,3.817766238564784587e+00,7.052581938247267646e-01
6.664442961974649471e+00,6.049106088337252718e-01,2.133216967425909105e-01,-6.529638325438823498e-01,1.536002990569627913e-02,5.126004526075766954e-01,-2.210935336672156026e+00,3.837497548434950501e-01,1.166131906370997395e+00,-4.137024833268744817e-01,1.336647865310460759e+00,1.387141305718740281e+00,-1.214848136041208893e+00,-2.135300243097381756e+00,-8.198421315214925453e-01,1.879300252337745558e+00,-3.471290837752326608e-01,3.776903789964134450e+00,7.845759677602649473e-01
6.671114076050700170e+00,6.074228635808166521e-01,2.210826668616981960e-01,-6.556818349129093226e-01,2.426862974917755322e-02,5.219379632664660207e-01,-2.219021680853238365e+00,3.693841130896581282e-01,1.160579109185271074e+00,-4.011493538637649348e-01,1.334059580830538883e+00,1.412197488170417792e+00,-1.209349723754500783e+00,-2.171370652129362977e+00,-8.448689224061198821e-01,1.884042848438338691e+00,-4.287823575884830429e-01,3.734720667058257337e+00,8.638356798882010912e-01
6.677785190126750869e+00,6.098384874948825640e-01,2.288060375304357130e-01,-6.583159921770328493e-01,3.315814847080533756e-02,5.314416781991608829e-01,-2.227069581430485279e+00,3.547808299920513497e-01,1.154859709851829175e+00,-3.885662879524968139e-01,1.330927736684064389e+00,1.436967893088237913e+00,-1.203322843909243822e+00,-2.206542665913013845e+00,-8.697889532602901541e-01,1.888275419266984390e+00,-5.100833349719392507e-01,3.691229898519248209e+00,9.430051848222389399e-01
6.684456304202801569e+00,6.121559153428592914e-01,2.364906997248475695e-01,-6.608661159657267525e-01,4.202496798067750783e-02,5.411096619529817131e-01,-2.235075515182190831e+00,3.399459475248162721e-01,1.148974430637567989e+00,-3.759566834483041853e-01,1.327254781685898610e+00,1.461443841866673310e+00,-1.196768205481799185e+00,-2.240801750759954913e+00,-8.945992071778962051e-01,1.891999365799297950e+00,-5.910024840369130228e-01,3.646445012579922818e+00,1.022052348887564133e+00
6.691127418278852268e+00,6.143736225191156475e-01,2.441355493064908400e-01,-6.633320405435528810e-01,5.086548718099839772e-02,5.509399214839847403e-01,-2.243035964331176579e+00,3.248856034173558949e-01,1.142924013962991703e+00,-3.633239283122802199e-01,1.323043361050243893e+00,1.485616747802895432e+00,-1.189686731740188463e+00,-2.274133733912358846e+00,-9.192966589485155326e-01,1.895216253183732658e+00,-6.715104579325827938e-01,3.600380032699230792e+00,1.100945063321068451e+00
6.697798532354902967e+00,6.164901256761758930e-01,2.517394871570747261e-01,-6.657136227405078266e-01,5.967612327208865475e-02,5.609304067810492178e-01,-2.250947417973717890e+00,3.096060287270767653e-01,1.136709222458896162e+00,-3.506713995190555155e-01,1.318296315120659923e+00,1.509478119385466499e+00,-1.182079560033887589e+00,-2.306524809347243021e+00,-9.438782746748415331e-01,1.897927809861136517e+00,-7.515781054956858220e-01,3.553049473022569238e+00,1.179651257463822933e+00
6.704469646430953667e+00,6.185039833391160480e-01,2.593014193134872691e-01,-6.680107418751018988e-01,6.845331304968677033e-02,5.710790115117974075e-01,-2.258806373506754284e+00,2.941135453739137096e-01,1.130330839025552425e+00,-3.380024619705497280e-01,1.313016678029337525e+00,1.533019563552047160e+00,-1.173948041495652683e+00,-2.337961543432122369e+00,-9.683410114047741324e-01,1.900135926627138705e+00,-8.311764818108717812e-01,3.504468333638625310e+00,1.258138911940066773e+00
6.711140760507004366e+00,6.204137965033926783e-01,2.668202571032083359e-01,-6.702232996702197632e-01,7.719351419306046125e-02,5.813835736901291629e-01,-2.266609338052825162e+00,2.784145636376180732e-01,1.123789666894302819e+00,-3.253204674161778720e-01,1.307207676286222142e+00,1.556232788914815313e+00,-1.165293740655510391e+00,-2.368430880429710506e+00,-9.926818167786557456e-01,1.901842655637753010e+00,-9.102768586777160165e-01,3.454652095634405562e+00,1.336376071817286348e+00
6.717811874583055065e+00,6.222182092158521360e-01,2.742949172801584234e-01,-6.723512201617929396e-01,8.589320654348470141e-02,5.918418763651716041e-01,-2.274352829882128724e+00,2.625155796188505808e-01,1.117086529691446950e+00,-3.126287533798678409e-01,1.300872727298649556e+00,1.579109608952186772e+00,-1.156118434967015940e+00,-2.397920147849307071e+00,-1.016897628692426947e+00,1.903050209358500666e+00,-9.888507349805628621e-01,3.403616715950068539e+00,1.414330859741818047e+00
6.724482988659105764e+00,6.239159091386833333e-01,2.817243221609799786e-01,-6.743944496003398958e-01,9.454889337261360160e-02,6.024516483314104054e-01,-2.282033379831148068e+00,2.464231726650733256e-01,1.110222271504329061e+00,-2.999306420942723372e-01,1.294015437822120695e+00,1.601641945165584335e+00,-1.146424114245970127e+00,-2.426417061642724082e+00,-1.040985374977144051e+00,1.903760959457479807e+00,-1.066869846957324341e+00,3.351378622035358745e+00,1.491971489044630061e+00
6.731154102735156464e+00,6.255056280960868964e-01,2.891073997617492619e-01,-6.763529563454258042e-01,1.031571026402787750e-01,6.132105648597384606e-01,-2.289647532717218326e+00,2.301440027623155027e-01,1.103197756949504393e+00,-2.872294394425685127e-01,1.286639602342930067e+00,1.623821830199892347e+00,-1.136212980021855667e+00,-2.453909731242491343e+00,-1.064941973095399730e+00,1.903977435642829619e+00,-1.144306178363216464e+00,3.297954706309647488e+00,1.569266276811622784e+00
6.737825216811207163e+00,6.269861426034311069e-01,2.964430839351761549e-01,-6.782267307530808198e-01,1.117143882412892641e-01,6.241162484492268625e-01,-2.297191848748492138e+00,2.136848078938570206e-01,1.096013871242869309e+00,-2.745284339081743297e-01,1.278749201393350132e+00,1.645641410926291126e+00,-1.125487444802167669e+00,-2.480386664440286104e+00,-1.088764329855372637e+00,1.903702324444930927e+00,-1.221131970525901833e+00,3.243362320427322310e+00,1.646183656913140059e+00
6.744496330887257862e+00,6.283562743786833549e-01,3.037303145082508871e-01,-6.800157850562488226e-01,1.202173312407542188e-01,6.351662695993035568e-01,-2.304662904928704403e+00,1.970524013668995822e-01,1.088671520271647042e+00,-2.618308955327932064e-01,1.270348399800102612e+00,1.667092951486220498e+00,-1.114250131250017928e+00,-2.505836772103541499e+00,-1.112449341142811576e+00,1.902938467943906309e+00,-1.297319732288033656e+00,3.187619269350796536e+00,1.722692192987160809e+00
6.751167444963308562e+00,6.296148908358978336e-01,3.109680374203958042e-01,-6.817201532383057039e-01,1.286625410975058004e-01,6.463581476021240668e-01,-2.312057296456154543e+00,1.802536691083370946e-01,1.081171630668090966e+00,-2.491400748831171241e-01,1.261441544866902742e+00,1.688168836295129704e+00,-1.102503871275268610e+00,-2.530249372728215818e+00,-1.135993891671719158e+00,1.901688862442803885e+00,-1.372842249833650552e+00,3.130743805233118682e+00,1.798760591370711870e+00
6.757838559039359261e+00,6.307609055605680748e-01,3.181552048621132389e-01,-6.833398908997193599e-01,1.370466568751866898e-01,6.576893513548431880e-01,-2.319371638116351608e+00,1.632955669306814239e-01,1.073515149884787911e+00,-2.364592020265561256e-01,1.252033164491831441e+00,1.708861573004822443e+00,-1.090251705039586128e+00,-2.553614196825898297e+00,-1.159394854754130399e+00,1.899956657087007006e+00,-1.447672596394798727e+00,3.072754621112406603e+00,1.874357713974244444e+00
6.764509673115409960e+00,6.317932787666422634e-01,3.252907754141253216e-01,-6.848750751179059071e-01,1.453663484405493533e-01,6.691573001914875585e-01,-2.326602565667722722e+00,1.461851177693008763e-01,1.065703046271444965e+00,-2.237914855163746219e-01,1.242127965220374497e+00,1.729163795423091621e+00,-1.077496879875837976e+00,-2.575921391143338290e+00,-1.182649092089473220e+00,1.897745152430378557e+00,-1.521784141834591431e+00,3.013670844420519579e+00,1.949452591093391529e+00
6.771180787191460659e+00,6.327110177350161457e-01,3.323737141870447553e-01,-6.863258043003478415e-01,1.536183176485669266e-01,6.807593647341865228e-01,-2.333746737219840828e+00,1.289294088920512893e-01,1.057736309152999210e+00,-2.111401113865503387e-01,1.231730830234945007e+00,1.749068266389462778e+00,-1.064242849122219337e+00,-2.597161522712697401e+00,-1.205753453574112566e+00,1.895057798948663885e+00,-1.595150562103415215e+00,2.953512030308163894e+00,2.024014434152952457e+00
6.777851901267511359e+00,6.335131772333182365e-01,3.394029929615738905e-01,-6.876921980310393145e-01,1.617992995139182766e-01,6.924928677634207830e-01,-2.340800834603581126e+00,1.115355890824823726e-01,1.049615948908933172e+00,-1.985082421567297140e-01,1.220846817281765695e+00,1.768567880605764753e+00,-1.050493270871607265e+00,-2.617325582730768652e+00,-1.228704777131542913e+00,1.891898195500697266e+00,-1.667745848564616384e+00,2.892298154789013420e+00,2.098012648377581613e+00
6.784523015343562058e+00,6.341988599168247864e-01,3.463775903292172775e-01,-6.889743969103331311e-01,1.699060633684318367e-01,7.043550851069977359e-01,-2.347761564732653738e+00,9.401086579771950058e-02,1.041342997053661845e+00,-1.858990158476335752e-01,1.209481156535977320e+00,1.787655667420407157e+00,-1.036252006636673162e+00,-2.636404990265593273e+00,-1.251499888563583074e+00,1.888270087738044278e+00,-1.739544317186237699e+00,2.830049607705380943e+00,2.171416845384019467e+00
6.791194129419612757e+00,6.347672167103284302e-01,3.532964918335582682e-01,-6.901725623882459804e-01,1.779354140040938503e-01,7.163432465474612876e-01,-2.354625660955961486e+00,7.636250230220928414e-02,1.032918506317825447e+00,-1.733155450072210446e-01,1.197639248405881762e+00,1.806324793565114106e+00,-1.021523119931221579e+00,-2.654391595788898162e+00,-1.274135601423253217e+00,1.884177366463560821e+00,-1.810520617595592796e+00,2.766787185517912917e+00,2.244196855689573056e+00
6.797865243495663456e+00,6.352174471708116332e-01,3.601586901120574780e-01,-6.912868765913142699e-01,1.858841928011975009e-01,7.284545367475740996e-01,-2.361389884400207695e+00,5.859781477847353370e-02,1.024343550730376418e+00,-1.607609157479933104e-01,1.185326661277250171e+00,1.824568565843003309e+00,-1.006310874768421515e+00,-2.671277684532887609e+00,-1.296608716909541492e+00,1.879624065939617061e+00,-1.880649741993123403e+00,2.702532083922188022e+00,2.316322741131588536e+00
6.804536357571714156e+00,6.355487998307709496e-01,3.669631850384169613e-01,-6.923175421430587395e-01,1.937492788412525369e-01,7.406860961935817222e-01,-2.368051025302206458e+00,4.072416941608064667e-02,1.015619225701275496e+00,-1.482381867957378030e-01,1.172549129198651841e+00,1.842380433766810377e+00,-9.906197340764761883e-01,-2.687055979669961125e+00,-1.318916023784719282e+00,1.874614362146504787e+00,-1.949907033922456012e+00,2.637305890294852517e+00,2.387764807192673810e+00
6.811207471647764855e+00,6.357605725220502046e-01,3.737089838654968355e-01,-6.932647819781418974e-01,2.015275900042624024e-01,7.530350221559095614e-01,-2.374605904330360673e+00,2.274897947997586711e-02,1.006746648104669184e+00,-1.357503885500520036e-01,1.159312549508749512e+00,1.859753992146178980e+00,-9.744543580323856702e-01,-2.701719645314065499e+00,-1.341054298314498627e+00,1.869152570991718942e+00,-2.018268196893448163e+00,2.571130575972119914e+00,2.458493615226685414e+00
6.817878585723815554e+00,6.358521126800560364e-01,3.803951013687728588e-01,-6.941288391503053212e-01,2.092160840499713848e-01,7.654983696669276361e-01,-2.381051373894744749e+00,4.679702359402321266e-03,9.977269563623999415e-01,-1.233005221569920401e-01,1.145622980406585834e+00,1.876682983622891543e+00,-9.578196023145337801e-01,-2.715262289342394553e+00,-1.363020304231417734e+00,1.863243146470825451e+00,-2.085709302854926950e+00,2.504028488363690741e+00,2.528479994580142609e+00
6.824549699799866254e+00,6.358228176282185728e-01,3.870205599903756011e-01,-6.949099766341525486e-01,2.168117596827283666e-01,7.780731525154793715e-01,-2.387384319445264858e+00,-1.347616340140408986e-02,9.885613105276618295e-01,-1.108915585941269155e-01,1.131486638465841965e+00,1.893161301152932019e+00,-9.407205162747246385e-01,-2.727677966036270440e+00,-1.384810792722004358e+00,1.856890678780497073e+00,-2.152206800514317120e+00,2.436022342904872406e+00,2.597695054604197473e+00
6.831220813875916953e+00,6.356721348425908857e-01,3.935843899836621862e-01,-6.956084771208790318e-01,2.243116575995736106e-01,7.907563442577630886e-01,-2.393601660757358918e+00,-3.171108108953807347e-02,9.792508923686826794e-01,-9.852643776835973144e-02,1.116909896094122390e+00,1.909182990434358240e+00,-9.231623410305076494e-01,-2.738961178540106456e+00,-1.406422502437887356e+00,1.850099892384541977e+00,-2.217737523500872499e+00,2.367135214850135227e+00,2.666110196552022416e+00
6.837891927951967652e+00,6.353995621964712015e-01,4.000856295583653521e-01,-6.962246428080210991e-01,2.317128615211997977e-01,8.035448792442370092e-01,-2.399700353204700765e+00,-5.001747882552215474e-02,9.697969054522359578e-01,-8.620806762679375512e-02,1.101899278938316185e+00,1.924742252279871391e+00,-9.051505074785104465e-01,-2.749106881137393543e+00,-1.427852159531411536e+00,1.842875644033549420e+00,-2.282278698369760939e+00,2.297390530911147977e+00,2.733697125356621793e+00
6.844563042028018351e+00,6.350046481849473956e-01,4.065233250262951792e-01,-6.967587951833197346e-01,2.390124992054317998e-01,8.164356536621738547e-01,-2.405677389018396006e+00,-6.838775257999973878e-02,9.602005752268308880e-01,-7.393932328095861872e-02,1.086461463237086589e+00,1.939833444933121598e+00,-8.866906342296019261e-01,-2.758110481342807674e+00,-1.449096477716018239e+00,1.835222920738931007e+00,-2.345807952444104671e+00,2.226812060742430432e+00,2.800427861284274123e+00
6.851234156104069051e+00,6.344869921292737303e-01,4.128965309475818857e-01,-6.972112748027879947e-01,2.462077434428592282e-01,8.294255265934560306e-01,-2.411529798532144220e+00,-8.681426920374821221e-02,9.504631491054357229e-01,-6.172304614471872675e-02,1.070603273121610854e+00,1.954451086327699372e+00,-8.677885254667747628e-01,-2.765967841809514827e+00,-1.470152158351673677e+00,1.827146837702132043e+00,-2.408303321492025972e+00,2.155423908278063738e+00,2.866274751458568026e+00
6.857905270180119750e+00,6.338462443609927943e-01,4.192043102774811736e-01,-6.975824410630739880e-01,2.532958130343043734e-01,8.425113210872654523e-01,-2.417254651412853228e+00,-1.052893694698167071e-01,9.405858965475284439e-01,-4.956204308612580101e-02,1.054331677865645078e+00,1.968589856287859874e+00,-8.484501687265608716e-01,-2.772675282050910184e+00,-1.491015890555789092e+00,1.818652636199745487e+00,-2.469743257236171274e+00,2.083250502922564529e+00,2.931210481250363209e+00
6.864576384256170449e+00,6.330821063857227093e-01,4.254457345137269142e-01,-6.978726719682084578e-01,2.602739737497754002e-01,8.556898252472513455e-01,-2.422849057876199197e+00,-1.238053711265058587e-01,9.305701091403196790e-01,-3.745908559353113010e-02,1.037653789086075085e+00,1.982244598669972824e+00,-8.286817326049380483e-01,-2.778229579976049912e+00,-1.511684351339882770e+00,1.809745681425326991e+00,-2.530106634692911971e+00,2.010316590599490194e+00,2.995208085528756392e+00
6.871247498332221149e+00,6.321943310265499827e-01,4.316198838444030295e-01,-6.980823638908484341e-01,2.671395392685749770e-01,8.689577933327775616e-01,-2.428310169886635173e+00,-1.423545719599866588e-01,9.204171006789958476e-01,-2.541690895624536262e-02,1.020576857895077572e+00,1.995410323443834510e+00,-8.084895643886740313e-01,-2.782627973238146257e+00,-1.532154205772183087e+00,1.800431460288769880e+00,-2.589372759338597785e+00,1.936647224661179223e+00,3.058240959768484757e+00
6.877918612408271848e+00,6.311827225469587299e-01,4.377258472963740377e-01,-6.982119313280894524e-01,2.738898721002666070e-01,8.823119468738651605e-01,-2.433635182341356895e+00,-1.609292528652827570e-01,9.101282072457683725e-01,-1.343821146000248601e-02,1.003108272005046375e+00,2.008082208712844263e+00,-7.878801876130203663e-01,-2.785868160395557513e+00,-1.552422107166635312e+00,1.790715579173949523e+00,-2.647521374100517466e+00,1.862267756663067875e+00,3.120282871009067982e+00
6.884589726484322547e+00,6.300471367532496370e-01,4.437627228842122573e-01,-6.982618066519761246e-01,2.805223844861580718e-01,8.957489757993879476e-01,-2.438821334237718741e+00,-1.795216809243672385e-01,8.997047872875916230e-01,-1.525653597536466566e-03,9.852555527874949926e-01,2.020255602672222928e+00,-7.668602995468569716e-01,-2.787948301884785707e+00,-1.572484697298357492e+00,1.780603761655610739e+00,-2.704532666169863209e+00,1.787203827006328627e+00,3.181307968661058805e+00
6.891260840560373246e+00,6.287874810764060296e-01,4.497296177596558087e-01,-6.982324398547867794e-01,2.870345392810248475e-01,9.092655395781382710e-01,-2.443865909823655258e+00,-1.981241124901360617e-01,8.891482216923464188e-01,1.031814270549027968e-02,9.670263522870830020e-01,2.031926025504368294e+00,-7.454367686062234322e-01,-2.788867020805085417e+00,-1.592338606645941734e+00,1.770101846176229676e+00,-2.760387273634555605e+00,1.711481355452279418e+00,3.241290795155003401e+00
6.897931954636423946e+00,6.274037146333665271e-01,4.556256483615686581e-01,-6.981242982892064131e-01,2.934238508147665181e-01,9.228582683723185465e-01,-2.448766239730588712e+00,-2.167287962749644969e-01,8.784599138633075732e-01,2.209059484892544889e-02,9.484284501920235977e-01,2.043089171210494381e+00,-7.236166316973690060e-01,-2.788623403514334242e+00,-1.611980454660781437e+00,1.759215783683775847e+00,-2.815066291929505304e+00,1.635126531512418158e+00,3.300206296428499719e+00
6.904603068712474645e+00,6.258958482676864055e-01,4.614499405663768927e-01,-6.979378664035029711e-01,2.996878857337020308e-01,9.365237642030321830e-01,-2.453519702088396315e+00,-2.353279764426275955e-01,8.676412897917461509e-01,3.378916030067376230e-02,9.294697507620696131e-01,2.053740909377794743e+00,-7.014070914904035892e-01,-2.787217000035949965e+00,-1.631406850063542358e+00,1.747951635231284939e+00,-2.868551280102044743e+00,1.558165804717774217e+00,3.358029832247113600e+00
6.911274182788525344e+00,6.242639445695615796e-01,4.672016298389979894e-01,-6.976736454717924474e-01,3.058242638212416153e-01,9.502586021273516925e-01,-2.458123723621952639e+00,-2.539138957022933907e-01,8.566937981274429514e-01,4.541133732311099236e-02,9.101582797153192628e-01,2.063877286881269146e+00,-6.788155136246430965e-01,-2.784647824276645700e+00,-1.650614391168100159e+00,1.736315569539059300e+00,-2.920824266890508891e+00,1.480625874771361872e+00,3.414737186354746878e+00
6.917945296864576044e+00,6.225081178752085442e-01,4.728798613842302156e-01,-6.973321533195149247e-01,3.118306587976579225e-01,9.640593314265268887e-01,-2.462575780728814667e+00,-2.724787984033522625e-01,8.456189102469566787e-01,5.695466568311746691e-02,8.905021810750918254e-01,2.073494529519487095e+00,-6.558494238468142168e-01,-2.780916354054968398e+00,-1.669599666233046564e+00,1.724313860520447772e+00,-2.971867756613832956e+00,1.402533681587588621e+00,3.470304576449306566e+00
6.924616410940626743e+00,6.206285342456021592e-01,4.784837902985770164e-01,-6.969139240442371319e-01,3.177047990986803239e-01,9.779224768048613292e-01,-2.466873400537574756e+00,-2.910149336297786493e-01,8.344181203194598329e-01,6.841672734547021850e-02,8.705097139781853288e-01,2.082589043583542576e+00,-6.325165050833526648e-01,-2.776023530940585182e+00,-1.688359253840868490e+00,1.711952884772185435e+00,-3.021664734870060265e+00,1.323916395222692000e+00,3.524708663979322587e+00
6.931287525016677442e+00,6.186254114245717250e-01,4.840125817225239269e-01,-6.964195077318713345e-01,3.234444686326872764e-01,9.918445395988579882e-01,-2.471014161946492926e+00,-3.095145582928171546e-01,8.230929453699378229e-01,7.979514714939882347e-02,8.501892494457112814e-01,2.091157417358464610e+00,-6.088245944478869465e-01,-2.769970759904397450e+00,-1.706889723305072604e+00,1.699239119030086620e+00,-3.070198674042082576e+00,1.244801405699889951e+00,3.577926563757676703e+00
6.937958639092728141e+00,6.164990187762782181e-01,4.894654109932035646e-01,-6.958494701684553307e-01,3.290475075162216934e-01,1.005821998996131228e+00,-2.474995696641924869e+00,-3.279699402206879832e-01,8.116449253395935370e-01,9.108759346803779744e-02,8.295492671178945621e-01,2.099196422556435238e+00,-5.847816801852780966e-01,-2.762759908779623075e+00,-1.725187635105198014e+00,1.686179137591226063e+00,-3.117453538608515373e+00,1.165216312733535098e+00,3.629935853388192246e+00
6.944629753168778841e+00,6.142496772020897833e-01,4.948414637974712926e-01,-6.952043925475739350e-01,3.345118127876161029e-01,1.019851313263661297e+00,-2.478815690096179747e+00,-3.463733612440774157e-01,8.000756231432561982e-01,1.022917788505801756e-01,8.085983519540609343e-01,2.106703015681111957e+00,-5.603958985533474824e-01,-2.754393307534081625e+00,-1.743249541349969789e+00,1.672779609703389792e+00,-3.163413790258146285e+00,1.085188915356122941e+00,3.680714582501311671e+00
6.951300867244829540e+00,6.118777590368936758e-01,5.001399363253510311e-01,-6.944848711735620572e-01,3.398353390984893974e-01,1.033928920984922062e+00,-2.482471882544354358e+00,-3.647171202761304576e-01,7.883866247235853386e-01,1.134054606469119542e-01,7.873451908991889736e-01,2.113674339322429319e+00,-5.356755306436786768e-01,-2.744873747353981042e+00,-1.761071986268612610e+00,1.659047296922889991e+00,-3.208064392806206033e+00,1.004747201452400596e+00,3.730241281794879349e+00
6.957971981320880239e+00,6.093836879248822891e-01,5.053600354238187986e-01,-6.936915171606062858e-01,3.450160993828905731e-01,1.048051242305399144e+00,-2.485962069939766206e+00,-3.829935363857167596e-01,7.765795391019363336e-01,1.244264416145089286e-01,7.657985695183308072e-01,2.120107723381317033e+00,-5.106289991427671593e-01,-2.734204479539591670e+00,-1.778651506730320353e+00,1.644989050441723943e+00,-3.251390816910793902e+00,9.239193372046665687e-01,3.778494971876332542e+00
6.964643095396930939e+00,6.067679386748615622e-01,5.105009787509334762e-01,-6.928249561278428947e-01,3.500521655038989488e-01,1.062214680186062354e+00,-2.489284104887585780e+00,-4.011949518627005440e-01,7.646559984256320330e-01,1.353525705074144492e-01,7.439673686002165054e-01,2.126000686223682656e+00,-4.852648650348224124e-01,-2.722389214213270847e+00,-1.795984632792087865e+00,1.630611808384977435e+00,-3.293379044588125915e+00,8.427336564534015917e-01,3.825455171902603979e+00
6.971314209472981638e+00,6.040310370951443852e-01,5.155619949302515659e-01,-6.918858278906023784e-01,3.549416688774558182e-01,1.076415621664277067e+00,-2.492435897556276814e+00,-4.193137352739593759e-01,7.526176580115154779e-01,1.461817426470788384e-01,7.218605607314467765e-01,2.131350935763178800e+00,-4.595918242476660920e-01,-2.709432118840385151e+00,-1.813067888274742856e+00,1.615922593079629044e+00,-3.334015573524948373e+00,7.612186499776028015e-01,3.871101908014062509e+00
6.977985323549032337e+00,6.011735598080863996e-01,5.205423237055304408e-01,-6.908747861478963248e-01,3.596828010732554537e-01,1.090650439121718884e+00,-2.495415416566481248e+00,-4.373422845089308120e-01,7.404661963855494466e-01,1.569119004748973367e-01,6.994872068425621592e-01,2.136156370472188648e+00,-4.336187042430160177e-01,-2.695337816563735167e+00,-1.829897791367335103e+00,1.600928508295640817e+00,-3.373287421186961232e+00,6.794029546989042156e-01,3.915415721559069251e+00
6.984656437625083036e+00,5.981961340443465724e-01,5.254412160956860589e-01,-6.897924981662815203e-01,3.642738143925036143e-01,1.104915491558784657e+00,-2.498220689856966992e+00,-4.552730298134024522e-01,7.282033153182794205e-01,1.675410340862479308e-01,6.768564527274114617e-01,2.140415080320534180e+00,-4.073544605526366880e-01,-2.680111384352198201e+00,-1.846470855259819022e+00,1.585636736460434681e+00,-3.411182128721899076e+00,5.973153428139674759e-01,3.958377677105610282e+00
6.991327551701133736e+00,5.950994374169511492e-01,5.302579345499565111e-01,-6.886396444602295164e-01,3.687130224223666985e-01,1.119207125875015807e+00,-2.500849805527304515e+00,-4.730984368103563487e-01,7.158307398560119772e-01,1.780671817458594486e-01,6.539775255371688134e-01,2.144125347641491430e+00,-3.808081732617705772e-01,-2.663758350964362087e+00,-1.862783588803942125e+00,1.570054535847816624e+00,-3.447687764656029330e+00,5.149847108593734735e-01,3.999969370236748922e+00
6.997998665777184435e+00,5.918841976752512446e-01,5.349917531032738482e-01,-6.874169184691152346e-01,3.729988005669543916e-01,1.133521678155066770e+00,-2.503300912656897914e+00,-4.908110095066000045e-01,7.033502183474636960e-01,1.884884303843478159e-01,6.308597302503766713e-01,2.147285647924615404e+00,-3.539890434412756859e-01,-2.646284694727988551e+00,-1.878832497202396201e+00,1.554189237742330976e+00,-3.482792928383100062e+00,4.324400687134148935e-01,4.040172935126593146e+00
7.004669779853235134e+00,5.885511924388717730e-01,5.396419575317963346e-01,-6.861250262309536163e-01,3.771295865546819837e-01,1.147855474959717847e+00,-2.505572222100056479e+00,-5.084032932839877006e-01,6.907635224657235895e-01,1.988029160757568137e-01,6.075124461203927906e-01,2.149894650535004725e+00,-3.269063895299513800e-01,-2.627696841136238692e+00,-1.894614082726101767e+00,1.538048243580127483e+00,-3.516486753444648450e+00,3.497105285391541862e-01,4.078971051893678812e+00
7.011340893929285834e+00,5.851012489117655146e-01,5.442078455085597177e-01,-6.847646860530265389e-01,3.811038809218502132e-01,1.162204834621421989e+00,-2.507662007256771020e+00,-5.258678778739721560e-01,6.780724472253528701e-01,2.090088244959437958e-01,5.839451231017018795e-01,2.151951219358630318e+00,-2.995696436686199338e-01,-2.608001660261702881e+00,-1.910124845459519882e+00,1.521639022067488245e+00,-3.548758910600680938e+00,2.668252936733498393e-01,4.116346953728574398e+00
7.018012008005336533e+00,5.815352435764761241e-01,5.486887267592429618e-01,-6.833366281794993613e-01,3.849202474723312783e-01,1.176566068543936083e+00,-2.509568604818870341e+00,-5.431974003143259511e-01,6.652788109943909012e-01,2.191043913616802508e-01,5.601672782563817954e-01,2.153454413373351972e+00,-2.719883479873402843e-01,-2.587206463989259131e+00,-1.925361284073971557e+00,1.504969106277933566e+00,-3.579599610690037181e+00,1.838136474654357144e-01,4.152284433792910789e+00
7.024683122081387232e+00,5.778541018687456399e-01,5.530839232179789455e-01,-6.818415944561883046e-01,3.885773137132089161e-01,1.190935482505486531e+00,-2.511290415491262973e+00,-5.603845478867865992e-01,6.523844555011428792e-01,2.290879028503090553e-01,5.361884921422426231e-01,2.154403487145347018e+00,-2.441721508474370417e-01,-2.565319003068970982e+00,-1.940319896628720731e+00,1.488046090729164828e+00,-3.608999607279497646e+00,1.007049420713059806e-01,4.186767851886820324e+00
7.031354236157437931e+00,5.740587978325866203e-01,5.573927691832050169e-01,-6.802803379925864702e-01,3.920737712662720753e-01,1.205309377965015472e+00,-2.512825904687961742e+00,-5.774220610344492632e-01,6.393912458355014428e-01,2.389576959998468975e-01,5.120184051839752337e-01,2.154797891250634478e+00,-2.161308030397941504e-01,-2.542347463990222600e+00,-1.954997181399796613e+00,1.470877628440810492e+00,-3.636950199101094849e+00,1.752858720624794753e-02,4.219782140882074373e+00
7.038025350233488631e+00,5.701503537559643453e-01,5.616146114735034445e-01,-6.786536228212789457e-01,3.954083762552470516e-01,1.219684053370984511e+00,-2.514173603202605189e+00,-5.943027362577195660e-01,6.263010704446627663e-01,2.487121590893890954e-01,4.876667140287315738e-01,2.154637272621426014e+00,-1.878741539410022643e-01,-2.518300465678414035e+00,-1.969389637736332022e+00,1.453471427974094121e+00,-3.663443232276994976e+00,-6.568596113841396189e-02,4.251312812918238038e+00
7.044696464309539330e+00,5.661298397872374100e-01,5.657488095833814734e-01,-6.769622235549046518e-01,3.985799496686660559e-01,1.234055805472225709e+00,-2.515332107853198274e+00,-6.110194289876234031e-01,6.131158411230411831e-01,2.583497319997122288e-01,4.631431678876301583e-01,2.153921474817135362e+00,-1.594121476290414618e-01,-2.493187056015624403e+00,-1.983493766944209646e+00,1.435835250454637446e+00,-3.688471102331378315e+00,-1.489092120102715189e-01,4.281345965359216521e+00
7.051367578385590029e+00,5.619983735325042584e-01,5.697947358389823247e-01,-6.752069250407588541e-01,4.015873776982905596e-01,1.248420930630367964e+00,-2.516300082100810798e+00,-6.275650564353449923e-01,5.998374929961792779e-01,2.678689065539651137e-01,4.384575648644788437e-01,2.152650538219767817e+00,-1.307548189599443689e-01,-2.467016708186636986e+00,-1.997306073196916554e+00,1.417976906579332397e+00,-3.712026755989041860e+00,-2.321116508380685062e-01,4.309868286507789747e+00
7.058038692461640728e+00,5.577571196340266324e-01,5.737517755536518660e-01,-6.733885220132057592e-01,4.044296120530003202e-01,1.262775726133296583e+00,-2.517076256641979093e+00,-6.439326004167922335e-01,5.864679844985194457e-01,2.772682268383361293e-01,4.136197482732751340e-01,2.150824700153605828e+00,-1.019122896072243989e-01,-2.439799316851929412e+00,-2.010823064473261645e+00,1.399904253608577509e+00,-3.734103692760229354e+00,-3.152637507963686470e-01,4.336867061075691865e+00
7.064709806537691428e+00,5.534072893298931373e-01,5.776193271833456322e-01,-6.715078187440095547e-01,4.071056702480854161e-01,1.277116491509170615e+00,-2.517659429974566265e+00,-6.601151101510784880e-01,5.730092973448119853e-01,2.865462895026156809e-01,3.886396029458009105e-01,2.148444394928993972e+00,-7.289476406558106913e-02,-2.411545194149160576e+00,-2.024041253521822181e+00,1.381625192344869024e+00,-3.754695966311558664e+00,-3.983359841882682106e-01,4.362330175407014288e+00
7.071380920613742127e+00,5.489501399951067784e-01,5.813968024818243485e-01,-6.695656286907263333e-01,4.096146358698787848e-01,1.291439529840474387e+00,-2.518048468936841644e+00,-6.761057050317372807e-01,5.594634364949921945e-01,2.957017440405560471e-01,3.635270515308093309e-01,2.145510253810134049e+00,-4.371252562061550551e-02,-2.382265065524893366e+00,-2.036957158851842919e+00,1.363147664098937950e+00,-3.773798185622868395e+00,-4.812988338413619060e-01,4.386246122452709173e+00
7.078052034689792826e+00,5.443869746642788776e-01,5.850836266555841103e-01,-6.675627741433046713e-01,4.119556588156687016e-01,1.305741149077596974e+00,-2.518242309219573372e+00,-6.918975773695895670e-01,5.458324301123912425e-01,3.047332930499547787e-01,3.382920507862119952e-01,2.142023104906855657e+00,-1.437593228620326347e-02,-2.351970065398247378e+00,-2.049567305750237711e+00,1.344479647644593934e+00,-3.791405515929807457e+00,-5.641228045124541124e-01,4.408604006494183380e+00
7.084723148765843526e+00,5.397191415361215494e-01,5.886792385184921317e-01,-6.655000858690071075e-01,4.141279555088646092e-01,1.320017663351439108e+00,-2.518239955850916090e+00,-7.074839951061182575e-01,5.321183295150484494e-01,3.136396924723904300e-01,3.129445878656764712e-01,2.137983972990264103e+00,1.510458728882480006e-02,-2.320671732658318831e+00,-2.061868227324511693e+00,1.325629156163335765e+00,-3.807513679452320332e+00,-6.467784342963474042e-01,4.429393547613999615e+00
7.091394262841894225e+00,5.349480334599399090e-01,5.921830906460767707e-01,-6.633784027558023988e-01,4.161308090893728329e-01,1.334265394284543937e+00,-2.518040483653882777e+00,-7.228583044962560988e-01,5.183232091199809766e-01,3.224197518125421213e-01,2.874946766010814669e-01,2.133394079232272755e+00,4.471853794297295237e-02,-2.288382005997247504e+00,-2.073856465571240371e+00,1.306604234179915336e+00,-3.822118955909036941e+00,-7.292363060340623093e-01,4.448605085911822243e+00
7.098065376917944924e+00,5.300750874043351768e-01,5.955946495294094367e-01,-6.611985714543721082e-01,4.179635695791584782e-01,1.348480672300218952e+00,-2.517643037676239537e+00,-7.380139327595043319e-01,5.044491663802713743e-01,3.310723343370408633e-01,2.619523537822689985e-01,2.128254840869079345e+00,7.445536215162296134e-02,-2.255113219080872256e+00,-2.085528572469726338e+00,1.287412954490038786e+00,-3.835218182817711430e+00,-8.114670587158490100e-01,4.466229585463889151e+00
7.104736490993995623e+00,5.251017839083271799e-01,5.989133957285598386e-01,-6.589614460188443212e-01,4.196256540229916787e-01,1.362659837929176998e+00,-2.517046833592617272e+00,-7.529443906982833390e-01,4.904983217147280139e-01,3.395963572528010177e-01,2.363276754354839415e-01,2.122567870788553801e+00,1.043044442021534013e-01,-2.220878095559031706e+00,-2.096881111100612483e+00,1.268063415081251533e+00,-3.846808755582113548e+00,-8.934413988743087343e-01,4.482258638024344322e+00
7.111407605070046323e+00,5.200296465151247327e-01,6.021388240255390878e-01,-6.566678875464212473e-01,4.211165466043599315e-01,1.376799243113157711e+00,-2.516251158078703032e+00,-7.676432752824825512e-01,4.764728184300491831e-01,3.479907918647914822e-01,2.106307131019672652e-01,2.116334977041710808e+00,1.342551143928631396e-01,-2.185689743917544892e+00,-2.107910656788935189e+00,1.248563736048277084e+00,-3.856888627365542277e+00,-9.751301119630442216e-01,4.496684466466930985e+00
7.118078719146097022e+00,5.148602411887676089e-01,6.052704435767102265e-01,-6.543187638160126163e-01,4.224357987365610079e-01,1.390895252505044866e+00,-2.515255369157337828e+00,-7.821042721991349200e-01,4.623748226352514812e-01,3.562546637132123495e-01,1.848715501180902554e-01,2.109558162278312388e+00,1.642966532539996694e-01,-2.149561652174066584e+00,-2.118613798271363091e+00,1.228922056503863436e+00,-3.865456308751539893e+00,-1.056504073716130421e+00,4.509499927965613608e+00
7.124749833222147721e+00,5.095951757138765803e-01,6.083077780645999022e-01,-6.519149489260239738e-01,4.235830291289923721e-01,1.404944244764968708e+00,-2.514058896516387254e+00,-7.963211583662059834e-01,4.482065231482302847e-01,3.643870526900569451e-01,1.590602778984417098e-01,2.102239623106760380e+00,1.944182957891519847e-01,-2.112507682419989763e+00,-2.128987138887142194e+00,1.209146531486326115e+00,-3.872510867192257233e+00,-1.137534261483847953e+00,4.520698516912824871e+00
7.131420947298198421e+00,5.042360990787640995e-01,6.112503658490536784e-01,-6.494573229314423157e-01,4.245579238286522061e-01,1.418942613851873702e+00,-2.512661241798255674e+00,-8.102878044094405929e-01,4.339701313943247207e-01,3.723870931350262703e-01,1.332069922233557469e-01,2.094381749378485758e+00,2.246092357351717750e-01,-2.074542065210764896e+00,-2.139027297792342353e+00,1.189245328864994011e+00,-3.878051926245064784e+00,-1.218191765539840876e+00,4.530274367574119943e+00
7.138092061374249120e+00,4.987847008421391060e-01,6.140977601176933476e-01,-6.469467714803456282e-01,4.253602362368983369e-01,1.432886770310068503e+00,-2.511061978860930743e+00,-8.239981771013102918e-01,4.196678812966788130e-01,3.802539739108035666e-01,1.073217895321864068e-01,2.085987123396990661e+00,2.548586298389787230e-01,-2.035679393806870241e+00,-2.148730911196985449e+00,1.169226626244624700e+00,-3.882079664598126811e+00,-1.298447800355339909e+00,4.538222256478194439e+00
7.144763175450299819e+00,4.932427104836744070e-01,6.168495290356166283e-01,-6.443841854499763322e-01,4.259897871015015935e-01,1.446773142550256352e+00,-2.509260754010426364e+00,-8.374463417610384930e-01,4.053020291582745127e-01,3.879869384576755120e-01,8.141476322379376240e-02,2.077058519051804275e+00,2.851556021494131010e-01,-1.995934618267914518e+00,-2.158094633624600522e+00,1.149098607869988520e+00,-3.884594814885709013e+00,-1.378273715835625524e+00,4.544537604541245557e+00
7.151434289526350518e+00,4.876118967386945391e-01,6.195052558942728549e-01,-6.417704605825294006e-01,4.264464644840413321e-01,1.460598178124523194e+00,-2.507257286204578328e+00,-8.506264646147518871e-01,3.908748535355211495e-01,3.955852848275064337e-01,5.549599996565701687e-02,2.067598900877639423e+00,3.154892483223479260e-01,-1.955323039402309782e+00,-2.167115139193691142e+00,1.128869461531820884e+00,-3.885598662293991090e+00,-1.457641008514202197e+00,4.549216478924851259e+00
7.158105403602401218e+00,4.818940669172570024e-01,6.220645392594790213e-01,-6.391064971207701673e-01,4.267302237027217338e-01,1.474358344994811887e+00,-2.505051367228050996e+00,-8.635328151147807496e-01,3.763886551031733196e-01,4.030483656970803574e-01,2.957557601295374150e-02,2.057611423038989251e+00,3.458486399373331133e-01,-1.913860302575080663e+00,-2.175789122920694485e+00,1.108547375475199992e+00,-3.885093042958472243e+00,-1.536521332700034215e+00,4.552255594626575252e+00
7.164776517678451917e+00,4.760910662078967071e-01,6.245269931184925793e-01,-6.363931994436429207e-01,4.268410872506588905e-01,1.488050132794366487e+00,-2.502642861838534571e+00,-8.761597682171984314e-01,3.618457565105364093e-01,4.103755883608284361e-01,3.663553539050512509e-03,2.047099428240566787e+00,3.762228288239289897e-01,-1.871562391376343948e+00,-2.184113302043851235e+00,1.088140535311615142e+00,-3.883080342153800935e+00,-1.614886511573318195e+00,4.553652315802709794e+00
7.171447631754502616e+00,4.702047769663212362e-01,6.268922470261053537e-01,-6.336314757019906319e-01,4.267791446897364338e-01,1.501670054081670314e+00,-2.500031707884048160e+00,-8.885018066166594508e-01,3.472485022287410406e-01,4.175664147029748974e-01,-2.223002302126175778e-02,2.036066446563883581e+00,4.066008513959928350e-01,-1.828445621153135914e+00,-2.192084417367532900e+00,1.067657120935785908e+00,-3.879563492277264380e+00,-1.692708548225189569e+00,4.553404656822587881e+00
7.178118745830553316e+00,4.642371179893393096e-01,6.291599462496866302e-01,-6.308222374545261468e-01,4.265445525201126964e-01,1.515214645586372422e+00,-2.497217916391293535e+00,-9.005535229376372408e-01,3.325992583889811893e-01,4.246203611491290997e-01,-4.809513061439818493e-02,2.024516194230375099e+00,4.369717329921025684e-01,-1.784526632407291036e+00,-2.199699234626438127e+00,1.047105303448419011e+00,-3.874545970627071068e+00,-1.769959636636812661e+00,4.551511283054069601e+00
7.184789859906604015e+00,4.581900437743217092e-01,6.313297519131095825e-01,-6.279663993042059467e-01,4.261375340254720534e-01,1.528680469446717094e+00,-2.494201571625066727e+00,-9.123096218811875824e-01,3.179004126116215523e-01,4.315369985973782629e-01,-7.392177119507925553e-02,2.012452572291531627e+00,4.673244922203004248e-01,-1.739822384062108762e+00,-2.206954545869115325e+00,1.026493242086101487e+00,-3.868031796976618253e+00,-1.846612172593349310e+00,4.547971511379918397e+00
7.191460973982654714e+00,4.520655437644912622e-01,6.334013411395184034e-01,-6.250648785351170522e-01,4.255583790941449562e-01,1.542064114437998512e+00,-2.490982831118638607e+00,-9.237649223263492138e-01,3.031543738259578902e-01,4.383159523289190673e-01,-9.969997533660945876e-02,1.999879665246406590e+00,4.976481453054071302e-01,-1.694350146600665852e+00,-2.213847170860253399e+00,1.005829081159364868e+00,-3.860025530946219696e+00,-1.922638764528235900e+00,4.542785310444841684e+00
7.198132088058705413e+00,4.458656415803466389e-01,6.353744071928494330e-01,-6.221185947500433855e-01,4.248074440161955789e-01,1.555362197191544560e+00,-2.487561925675168872e+00,-9.349143593853630474e-01,2.883635720806163594e-01,4.449569018982998392e-01,-1.254198058229115398e-01,1.986801739587068960e+00,5.279317104370633285e-01,-1.648127495078581362e+00,-2.220373958501129508e+00,9.851209470001924817e-01,-3.850532269173553068e+00,-1.998012244293379647e+00,4.535953300633176255e+00
7.204803202134756113e+00,4.395923942375343230e-01,6.372486596180650942e-01,-6.191284695088205003e-01,4.238851512566133017e-01,1.568571363403762131e+00,-2.483939159340085467e+00,-9.457529864118590091e-01,2.735304583443827209e-01,4.514595810033275036e-01,-1.510713612210463630e-01,1.973223242272436062e+00,5.581642121167404991e-01,-1.601172302014195914e+00,-2.226531788267630319e+00,9.643769449199973698e-01,-3.839557642284437300e+00,-2.072705677850742223e+00,4.527476753777214924e+00
7.211474316210806812e+00,4.332478913514760666e-01,6.390238243800241413e-01,-6.160954259676278966e-01,4.227919892047410921e-01,1.581688289034773653e+00,-2.480114909344490748e+00,-9.562759769612223515e-01,2.586575042973834337e-01,4.578237773347270667e-01,-1.766447794328678267e-01,1.959148799131056773e+00,5.883346855019240262e-01,-1.553502730159082468e+00,-2.232317571665223266e+00,9.436051561792602183e-01,-3.827107811665437787e+00,-2.146692375880974168e+00,4.517357592596342286e+00
7.218145430286857511e+00,4.268342543290918889e-01,6.406996440009229410e-01,-6.130203885193598046e-01,4.215285119000839464e-01,1.594709681496138121e+00,-2.476089626019591705e+00,-9.664786267023227628e-01,2.437472021125315080e-01,4.640493324056166324e-01,-2.021302412244479207e-01,1.944583213193440407e+00,6.184321807456010234e-01,-1.505137225152019642e+00,-2.237728253700224545e+00,9.228136349699869179e-01,-3.813189466039996312e+00,-2.219945904304516660e+00,4.505598389867271791e+00
7.224816544362908211e+00,4.203536355479240427e-01,6.422758776962504967e-01,-6.099042824351904590e-01,4.200953387346477719e-01,1.607632280827236970e+00,-2.471863832682215545e+00,-9.763563552798742995e-01,2.288020642270784388e-01,4.701361413609078110e-01,-2.275179737320543183e-01,1.929531462954473753e+00,6.484457673293730906e-01,-1.456094508059339709e+00,-2.242760814366745237e+00,9.020104054120369197e-01,-3.797809817849763014e+00,-2.292440094711055920e+00,4.492202367325731416e+00
7.231487658438958910e+00,4.138082175230061166e-01,6.437523015091854983e-01,-6.067480335074791897e-01,4.184931541319738546e-01,1.620452860859828981e+00,-2.467438125491420386e+00,-9.859047081266532064e-01,2.138246231041959766e-01,4.760841527667103446e-01,-2.527982539433368259e-01,1.913998700566578837e+00,6.783645383883352142e-01,-1.406393567804870015e+00,-2.247412270148636981e+00,8.812034585644795692e-01,-3.780976599442964492e+00,-2.364149054692818552e+00,4.477173394300096199e+00
7.238158772515009609e+00,4.072002120618170018e-01,6.451287084433652286e-01,-6.035525676941571049e-01,4.167227072030346147e-01,1.633168230370317442e+00,-2.462813173276316547e+00,-9.951193582248544223e-01,1.988174309845187060e-01,4.818933683798602985e-01,-2.779614121524117687e-01,1.897990249964302656e+00,7.081776150259107006e-01,-1.356053653492619748e+00,-2.251679675535744884e+00,8.604007494531487055e-01,-3.762698059071652779e+00,-2.435047178077447860e+00,4.460515986077623118e+00
7.244829886591060308e+00,4.005318594076453520e-01,6.464049085939707062e-01,-6.003188107646997285e-01,4.147848113791698377e-01,1.645775234219290617e+00,-2.457989717335115731e+00,-1.003996107815889438e+00,1.837830596274866446e-01,4.875638428976648564e-01,-3.029978353876705555e-01,1.881511604920936609e+00,7.378741506169673725e-01,-1.305094266625329791e+00,-2.255560124553817047e+00,8.396101941153666370e-01,-3.742982956699782093e+00,-2.505109155056298942e+00,4.442235302003908259e+00
7.251501000667111008e+00,3.938054273717368492e-01,6.475807292770426882e-01,-5.970476879478533450e-01,4.126803440222537311e-01,1.658270754477858100e+00,-2.452968571205535575e+00,-1.012530890057924182e+00,1.687241000424725135e-01,4.930956836880043825e-01,-3.278979708109324709e-01,1.864568427037986753e+00,7.674433350972809098e-01,-1.253535153222291143e+00,-2.259050752307305565e+00,8.188396666631091447e-01,-3.721840559624171263e+00,-2.574309982203739189e+00,4.422337143316534380e+00
7.258172114743161707e+00,3.870232104545458518e-01,6.486560151569775723e-01,-5.937401235812138633e-01,4.104102460122804330e-01,1.670651711540365181e+00,-2.447750620406628830e+00,-1.020719770630517997e+00,1.536431622095552896e-01,4.984890504998994443e-01,-3.526523290868149862e-01,1.847166543668135485e+00,7.968743992377307350e-01,-1.201396295839536776e+00,-2.262148736534403071e+00,7.980969963655593080e-01,-3.699280637910365321e+00,-2.642624972383500026e+00,4.400827950713716241e+00
7.264843228819212406e+00,3.801875289564682348e-01,6.496306283721232644e-01,-5.903970407628028605e-01,4.079755213125789703e-01,1.682915065223027362e+00,-2.442336822152155307e+00,-1.028558949285703683e+00,1.385428747898763135e-01,5.037441551546821827e-01,-3.772514877210355611e-01,1.829311945772514214e+00,8.261566189013757056e-01,-1.148697905495861926e+00,-2.264851299173542110e+00,7.773899647522084511e-01,-3.675313459645630054e+00,-2.710029764537788211e+00,4.377714801659091215e+00
7.271514342895263106e+00,3.733007280784042536e-01,6.505044486584058427e-01,-5.870193610047771404e-01,4.053772365128590627e-01,1.695057815848052263e+00,-2.436728205035624928e+00,-1.036044761344910192e+00,1.234258848255400387e-01,5.088612612179207462e-01,-4.016860943664192773e-01,1.811010785713097704e+00,8.552793192816569023e-01,-1.095460413507977737e+00,-2.267155707940626375e+00,7.567263027376015527e-01,-3.649949786011230657e+00,-2.776500333355147010e+00,4.353005407423783168e+00
7.278185456971313805e+00,3.663651770125209151e-01,6.512773734709206286e-01,-5.836080038893817212e-01,4.026165203503221934e-01,1.707077005312819251e+00,-2.430925868687127345e+00,-1.043173679141108812e+00,1.082948574289248622e-01,5.138406836522320109e-01,-4.259468700954539555e-01,1.792269374980993035e+00,8.842318791200032280e-01,-1.041704463238266598e+00,-2.269059277916226414e+00,7.361136877687414204e-01,-3.623200866176392143e+00,-2.842012998812942115e+00,4.326708109867045238e+00
7.284856571047364504e+00,3.593832680235737875e-01,6.519493181034180518e-01,-5.801638867272819189e-01,3.996945632090467271e-01,1.718969718143698033e+00,-2.424930983402094675e+00,-1.049942313405638927e+00,9.315247546138258339e-02,5.186827884511409081e-01,-4.500246126382089207e-01,1.773094181861498253e+00,9.130037349011119741e-01,-9.874509017584729431e-01,-2.270559373141998627e+00,7.155597409962328737e-01,-3.595078432016194814e+00,-2.906544435590592279e+00,4.298831877956801328e+00
7.291527685123415203e+00,3.523574155211660619e-01,6.525202158056025992e-01,-5.766879242184101972e-01,3.966126165978987039e-01,1.730733082534074985e+00,-2.418744789742172774e+00,-1.056347414599143164e+00,7.800143920128346786e-02,5.233879922541598839e-01,-4.739101995843908455e-01,1.753491829036839089e+00,9.415843850241123469e-01,-9.327207714329200927e-01,-2.271653408225505544e+00,6.950720244702741635e-01,-3.565594692655919218e+00,-2.970071682349492370e+00,4.269386304031698387e+00
7.298198799199465903e+00,3.452900551233134552e-01,6.529900178981934422e-01,-5.731810281154291475e-01,3.933719926071959083e-01,1.742364271366190209e+00,-2.412368598108329376e+00,-1.062385874186099421e+00,6.284446600129126037e-02,5.279567619432328218e-01,-4.975945915484940585e-01,1.733469091127396222e+00,9.699633939479959110e-01,-8.775353014246402017e-01,-2.272338849952696194e+00,6.746580383624206645e-01,-3.534762328844257340e+00,-3.032572150875826544e+00,4.238381599806122502e+00
7.304869913275516602e+00,3.381836427117009825e-01,6.533586938856482673e-01,-5.696441068899640303e-01,3.899740633443949389e-01,1.753860503216361222e+00,-2.405803788286423384e+00,-1.068054725852436881e+00,4.768428993489107204e-02,5.323896142207567017e-01,-5.210688352967833836e-01,1.713032892172477784e+00,9.981303963094652065e-01,-8.219158991281060311e-01,-2.272613218907177046e+00,6.543252182143113327e-01,-3.502594487158074976e+00,-3.094023635082314705e+00,4.205828592120066212e+00
7.311541027351567301e+00,3.310406534790052979e-01,6.536262315665058997e-01,-5.660780654016983604e-01,3.864202603490362598e-01,1.765219043343201566e+00,-2.399051808965375177e+00,-1.073351146665765921e+00,3.252366143207893745e-02,5.366871151693149988e-01,-5.443240668351121414e-01,1.692190303051464451e+00,1.026075101011650670e+00,-7.658841415319745938e-01,-2.272474091095537219e+00,6.340809322142275661e-01,-3.469104774041182893e+00,-3.154404319865236506e+00,4.171738718435507032e+00
7.318212141427618000e+00,3.238635809686674083e-01,6.537926371412572379e-01,-5.624838045704703138e-01,3.827120739872299504e-01,1.776437204658450453e+00,-2.392114177228178651e+00,-1.078272458177766291e+00,1.736534690418048421e-02,5.408498797933557478e-01,-5.673515144564159618e-01,1.670948538846377396e+00,1.053787295281922276e+00,-7.094617665155288355e-01,-2.271919099577845991e+00,6.139324785025832565e-01,-3.434307249679933172e+00,-3.213692789812919060e+00,4.136124022081311580e+00
7.324883255503668700e+00,3.166549361075111646e-01,6.538579353176730002e-01,-5.588622210514935240e-01,3.788510528259498855e-01,1.787512348679999974e+00,-2.384992478015947270e+00,-1.082816127468299916e+00,2.212128357810760892e-03,5.448785715429947940e-01,-5.901425017467809564e-01,1.649314956146885169e+00,1.081256848697115913e+00,-6.526706640824508909e-01,-2.270945936102503282e+00,5.938870825073632176e-01,-3.398216421718333713e+00,-3.271868037762036607e+00,4.098997147248711670e+00
7.331554369579719399e+00,3.094172462315832872e-01,6.538221694135277762e-01,-5.552142069138016334e-01,3.748388029874083482e-01,1.798441886466768835e+00,-2.377688363565214402e+00,-1.086979768130845736e+00,-1.293319700212758327e-02,5.487739018201315266e-01,-6.126884505491150268e-01,1.627297050298690539e+00,1.108473717174612849e+00,-5.955328675354787382e-01,-2.269552352744629964e+00,5.739518943104058302e-01,-3.360847238815447113e+00,-3.328909473198153890e+00,4.060371333739395183e+00
7.338225483655770098e+00,3.021530541056276498e-01,6.536854014566322313e-01,-5.515406493220580408e-01,3.706769874838147794e-01,1.809223279535018936e+00,-2.370203552818742399e+00,-1.090761141198869577e+00,-2.806781718034517814e-02,5.525366294671183454e-01,-6.349808838832573521e-01,1.604902452596473905e+00,1.135427946927483944e+00,-5.380705445957869593e-01,-2.267736163547090733e+00,5.541339860456322430e-01,-3.322215084048057321e+00,-3.384796930496852152e+00,4.020260411468592920e+00
7.344896597731820798e+00,2.948649169365676337e-01,6.534477122821107375e-01,-5.478424302218266595e-01,3.663673255327922207e-01,1.819854040755778390e+00,-2.362539830810051811e+00,-1.094158156012779548e+00,-4.318890581004569684e-02,5.561675602381696004e-01,-6.570114288216137854e-01,1.582138927422348962e+00,1.162109678382214906e+00,-4.803059884705954130e-01,-2.265495246163343523e+00,5.344403493300747821e-01,-3.282335768161363188e+00,-3.439510677002098227e+00,3.978678794725369894e+00
7.351567711807871497e+00,2.875554053814085020e-01,6.531092016268491562e-01,-5.441204260284253635e-01,3.619115918537658683e-01,1.830331735232987089e+00,-2.354699048021954511e+00,-1.097168871027128567e+00,-5.829362258277256958e-02,5.596675462537468171e-01,-6.787718193192642246e-01,1.559014369330990135e+00,1.188509150057321939e+00,-4.222616088728495254e-01,-2.262827543501211291e+00,5.148778927287156471e-01,-3.241225522670792891e+00,-3.493031420938315534e+00,3.935641476192635935e+00
7.358238825883922196e+00,2.802271025499530888e-01,6.526699882210358350e-01,-5.403755073194829173e-01,3.573116159456248275e-01,1.840653981162025055e+00,-2.346683119719349619e+00,-1.099791494557760263e+00,-7.337911368919045052e-02,5.630374854381536842e-01,-7.002538989975344297e-01,1.535536800082562880e+00,1.214616702401265957e+00,-3.639599229966498095e-01,-2.259731065366725744e+00,4.954534392540884680e-01,-3.198900992817904410e+00,-3.545340319152891162e+00,3.891164020729428685e+00
7.364909939959972895e+00,2.728826030027393656e-01,6.521302098767267630e-01,-5.366085385312960865e-01,3.525692813459760933e-01,1.850818450668273885e+00,-2.338494025256553144e+00,-1.102024385468610701e+00,-8.844251227086552536e-02,5.662783209405641838e-01,-7.214496238801225703e-01,1.511714365624559520e+00,1.240422781588104817e+00,-3.054235464522453980e-01,-2.256203890107119747e+00,4.761737239015288448e-01,-3.155379230383525524e+00,-3.596418984685709752e+00,3.845262558918106865e+00
7.371581054036023595e+00,2.655245117445895198e-01,6.514900235733609435e-01,-5.328203776591032836e-01,3.476865248722992296e-01,1.860822870625380876e+00,-2.330133807359443310e+00,-1.103866053797914137e+00,-1.034809388829928678e-01,5.693910405397237806e-01,-7.423510650808212707e-01,1.487555333023713899e+00,1.265917943269347479e+00,-2.466751841642457199e-01,-2.252244166252125090e+00,4.570453912209876401e-01,-3.110677686361147387e+00,-3.646249494162638882e+00,3.797953780379142774e+00
7.378252168112074294e+00,2.581554432141937028e-01,6.507496055401500445e-01,-5.290118759613926525e-01,3.426653358453433107e-01,1.870665023452887432e+00,-2.321604571382746229e+00,-1.105315161323578543e+00,-1.184915019680400083e-01,5.723766760325923464e-01,-7.629504114418665939e-01,1.463068087349225666e+00,1.291092856280398493e+00,-1.877376212369570863e-01,-2.247850114152651901e+00,4.380749929263730857e-01,-3.064814203493884559e+00,-3.694814395009712982e+00,3.749254926856475656e+00
7.384923282188124993e+00,2.507780202701183070e-01,6.499091513352760474e-01,-5.251838776683269705e-01,3.375077552950817017e-01,1.880342747892910005e+00,-2.312908484542730569e+00,-1.106370522067519957e+00,-1.334712983403544828e-01,5.752363026071468655e-01,-7.832399721221069422e-01,1.438261128508417031e+00,1.315938306300165284e+00,-1.286337137905462780e-01,-2.243020027615930001e+00,4.192689855431939172e-01,-3.017807008678140335e+00,-3.742096712484956456e+00,3.699183785076227249e+00
7.391594396264175693e+00,2.433948731736563509e-01,6.489688759218155134e-01,-5.213372196944188186e-01,3.322158751495766227e-01,1.889853939765553603e+00,-2.304047775125664721e+00,-1.107031102738781581e+00,-1.484174136816187872e-01,5.779710381996363555e-01,-8.032121791340132155e-01,1.413143068036136096e+00,1.340445199462242387e+00,-6.938637977187012140e-02,-2.237752275536264435e+00,4.006337280954876401e-01,-2.969674705237286716e+00,-3.788079956524897707e+00,3.647758679381920999e+00
7.398265510340226392e+00,2.360086385689292299e-01,6.479290137403219685e-01,-5.174727313555371744e-01,3.267918374070945542e-01,1.899196552702759444e+00,-2.295024731672340224e+00,-1.107296023115275085e+00,-1.633269230472026989e-01,5.805820428365394692e-01,-8.228595898287458521e-01,1.387722625839097113e+00,1.364604565916231804e+00,-1.001858974383307288e-02,-2.232045303520389101e+00,3.821754798328110270e-01,-2.920436265068743431e+00,-3.832748128402736931e+00,3.594998464149306905e+00
7.404936624416277091e+00,2.286219584606426491e-01,6.467898187780012353e-01,-5.135912340903506790e-01,3.212378332918069956e-01,1.908368598860278986e+00,-2.285841702139009612e+00,-1.107164556364011565e+00,-1.781968913833292811e-01,5.830705179614742439e-01,-8.421748893284299875e-01,1.362008626896425101e+00,1.388407563337763939e+00,4.944664234301443528e-02,-2.225897635506615124e+00,3.639003979981429993e-01,-2.870111020667680535e+00,-3.876085727195394348e+00,3.540922515983931707e+00
7.411607738492327790e+00,2.212374791899155979e-01,6.455515646343912284e-01,-5.096935411863233734e-01,3.155561023934611575e-01,1.917368149607504346e+00,-2.276501093035087742e+00,-1.106636129299729765e+00,-1.930243740549972553e-01,5.854377057473872936e-01,-8.611508929047813066e-01,1.336009997917740444e+00,1.411845480385704565e+00,1.089862683926864917e-01,-2.219307875376764549e+00,3.458145356375837975e-01,-2.818718657030946151e+00,-3.918077756056653538e+00,3.485550725704923192e+00
7.418278852568378490e+00,2.138578504085821841e-01,6.442145445834911444e-01,-5.057804575103311828e-01,3.097489317913423301e-01,1.926193336194864214e+00,-2.267005368537955423e+00,-1.105710322581821448e+00,-2.078064173846682072e-01,5.876848883942437096e-01,-8.797805483033825924e-01,1.309735763959994026e+00,1.434909740105242193e+00,1.685772154160796177e-01,-2.212274708559998526e+00,3.279238394525505473e-01,-2.766279203444467427e+00,-3.958709728293662078e+00,3.428903490118183406e+00
7.424949966644429189e+00,2.064857240523984006e-01,6.427790716322571152e-01,-5.018527792440260482e-01,3.038186551629384335e-01,1.934842350398506383e+00,-2.257357049585273057e+00,-1.104386870849521030e+00,-2.225400592015862045e-01,5.898133874125564002e-01,-8.980569380127418899e-01,1.283195045004496215e+00,1.457591903275328615e+00,2.281963947893796418e-01,-2.204796903627598503e+00,3.102341476953800470e-01,-2.712813025157850610e+00,-3.997967673244167131e+00,3.371001703582731324e+00
7.431621080720479888e+00,1.991237533135418458e-01,6.412454785754008180e-01,-4.979112936240155385e-01,2.977676518776342651e-01,1.943313445142031748e+00,-2.247558712945122661e+00,-1.102665662795314416e+00,-2.372223294017264117e-01,5.918245628930078883e-01,-9.159732814774803611e-01,1.256397052495353162e+00,1.479883671699236514e+00,2.878207115149243878e-01,-2.196873313877776290e+00,2.927511881090156254e-01,-2.658340814949498032e+00,-4.035838141951991531e+00,3.311866749373517660e+00
7.438292194796530588e+00,1.917745916128318351e-01,6.396141180464154363e-01,-4.939567786869636379e-01,2.915983460758359014e-01,1.951604935094997773e+00,-2.237612990264405521e+00,-1.100546741176572807e+00,-2.518502505182845796e-01,5.937198127624786492e-01,-9.335229372548945470e-01,1.229351085840741264e+00,1.501776891436810146e+00,3.474270734805439687e-01,-2.188502878909556415e+00,2.754805759115787622e-01,-2.602883584585933718e+00,-4.072308212638225733e+00,3.251520490844525657e+00
7.444963308872581287e+00,1.844408915720772701e-01,6.378853625647628034e-01,-4.899900030197024137e-01,2.853132057339027861e-01,1.959715197247971386e+00,-2.227522567095877370e+00,-1.098030302765432342e+00,-2.664208383025969407e-01,5.955005720267912972e-01,-9.506994051141700597e-01,1.202066528878377838e+00,1.523263555977095507e+00,4.069924007136077604e-01,-2.179684626184842600e+00,2.584278118265822544e-01,-2.546462656178914319e+00,-4.107365495965836111e+00,3.189985262395864218e+00
7.451634422948631986e+00,1.771253039869682411e-01,6.360596045791473419e-01,-4.860117255144357218e-01,2.789147417152669228e-01,1.967642671463878390e+00,-2.217290181904219892e+00,-1.095116698236968222e+00,-2.809311023154705822e-01,5.971683120004614986e-01,-9.674963280776343044e-01,1.174552846306567089e+00,1.544335809350076083e+00,4.664936346258775623e-01,-2.170417672577641177e+00,2.415982801594678264e-01,-2.489099653444003302e+00,-4.140998140095279112e+00,3.127283860248708081e+00
7.458305537024682685e+00,1.698304768009132881e-01,6.341372565068148504e-01,-4.820226951291208262e-01,2.724055068081243647e-01,1.975385861005438004e+00,-2.206918625051549565e+00,-1.091806431995730797e+00,-2.953780465287972889e-01,5.987245395237673629e-01,-9.839074944033786574e-01,1.146819580082196310e+00,1.564985949176253666e+00,5.259077472454565250e-01,-2.160701225909585244e+00,2.249972469211877768e-01,-2.430816492864169565e+00,-4.173194835529027813e+00,3.063439533031877549e+00
7.464976651100733385e+00,1.625590540802439865e-01,6.321187507688000862e-01,-4.780236506531234664e-01,2.657880947501078950e-01,1.982943333038462486e+00,-2.196410737762812815e+00,-1.088100161940758870e+00,-3.097586699373384711e-01,6.001707961674785929e-01,-9.999268395085917360e-01,1.118876345787167770e+00,1.585206429652778803e+00,5.852117504318874452e-01,-2.150534586470789655e+00,2.086298579995484181e-01,-2.371635374762270931e+00,-4.203944819742834405e+00,2.998475972184222904e+00
7.471647765176784084e+00,1.553136749911894210e-01,6.300045398210618597e-01,-4.740153204782076579e-01,2.590651392403173214e-01,1.990313719110811341e+00,-2.185769411071452062e+00,-1.083998699169171687e+00,-3.240699671806440696e-01,6.015086574255241736e-01,-1.015548447833089618e+00,1.090732828964605439e+00,1.604989864474989592e+00,6.443827050706821824e-01,-2.139917148525055879e+00,1.925011373789217717e-01,-2.311578774286006777e+00,-4.233237881601656483e+00,2.932417302176687279e+00
7.478318879252834783e+00,1.480969727790321655e-01,6.277950961814358077e-01,-4.699984223749602563e-01,2.522393129391281574e-01,1.997495715606811828e+00,-2.174997584745822721e+00,-1.079503007618514143e+00,-3.383089291749178940e-01,6.027397318959673012e-01,-1.030766554642380095e+00,1.062398781426360017e+00,1.624329029692102466e+00,7.033977302434422096e-01,-2.128848401798571821e+00,1.766159854090406656e-01,-2.250669432309201579e+00,-4.261064365558388189e+00,2.865288070558325018e+00
7.484989993328885483e+00,1.409115737498589926e-01,6.254909124523363451e-01,-4.659736632747117913e-01,2.453133264561709048e-01,2.004488084176950569e+00,-2.164098246196771935e+00,-1.074614203648011301e+00,-3.524725437547828744e-01,6.038656604505848735e-01,-1.045575547769785896e+00,1.033884017533228228e+00,1.643216866495932571e+00,7.622340123697397551e-01,-2.117327932951061698e+00,1.609791771234653224e-01,-2.188930346253192827e+00,-4.287415175633410236e+00,2.797113237830447297e+00
7.491661107404936182e+00,1.337600962552995820e-01,6.230925013391462874e-01,-4.619417390570322302e-01,2.382899273268910822e-01,2.011289652142666640e+00,-2.153074429366829357e+00,-1.069333555558944049e+00,-3.665577963248030091e-01,6.048881153933993726e-01,-1.059969969297085868e+00,1.005198410449332780e+00,1.661646483941512153e+00,8.208688143170971285e-01,-2.105355427028518633e+00,1.455953606083385532e-01,-2.126384760832046084e+00,-4.312281779173298801e+00,2.727918167153091211e+00
7.498332221480986881e+00,1.266451496806769994e-01,6.206003956642301977e-01,-4.579033343428854375e-01,2.311718989781106626e-01,2.017899312876071161e+00,-2.141929213601506898e+00,-1.063662483054368169e+00,-3.805616705206007477e-01,6.058087996084988713e-01,-1.073944517173140767e+00,9.763518883722157593e-01,1.679611161598470570e+00,8.792794844751601335e-01,-2.092930668896590962e+00,1.304690554220540588e-01,-2.063056158725586009e+00,-4.335656210386941822e+00,2.657728613888320268e+00
7.505003335557037580e+00,1.195693334369545696e-01,6.180151483765028431e-01,-4.538591222934937885e-01,2.239620596829907384e-01,2.024316026154445947e+00,-2.130665722503112924e+00,-1.057602556638427505e+00,-3.944811488795003651e-01,6.066294456974863358e-01,-1.087494046770098866e+00,9.473544307400421083e-01,1.697104352132148719e+00,9.374434657904623380e-01,-2.080053544653629238e+00,1.156046510663656934e-01,-1.998968251183924627e+00,-4.357531073657510134e+00,2.586570714984604891e+00
7.511674449633088280e+00,1.125352359568992378e-01,6.153373325564914786e-01,-4.498097644149932073e-01,2.166632615058287914e-01,2.030538818489362018e+00,-2.119287122767605780e+00,-1.051155496955535673e+00,-4.083132135205267410e-01,6.073518151068963977e-01,-1.100613572376702987e+00,9.182160644174881536e-01,1.714119683813361661e+00,9.953383047579089649e-01,-2.066724043022480028e+00,1.010064055095156177e-01,-1.934144968567520495e+00,-4.377899546628707839e+00,2.514470978206920559e+00
7.518345563709138979e+00,1.055454336958482620e-01,6.125675414168344490e-01,-4.457559103689471836e-01,2.092783892371058163e-01,2.036566783430290517e+00,-2.107796623004941861e+00,-1.044323174069734961e+00,-4.220548468335853509e-01,6.079776972459507434e-01,-1.113298268628255538e+00,8.889468598618033290e-01,1.730650962955810890e+00,1.052941660365391163e+00,-2.052942256720162284e+00,8.667844376193523104e-02,-1.868610450826576175e+00,-4.396755383064019362e+00,2.441456271217030238e+00
7.525016677785189678e+00,9.860249013748141611e-02,6.097063882981487160e-01,-4.416981977887685651e-01,2.018103593191964973e-01,2.042399081842574127e+00,-2.096197472543396945e+00,-1.037107606684541272e+00,-4.357030321777463078e-01,6.085089085949644261e-01,-1.125543471872924695e+00,8.595569272705241293e-01,1.746692176280181696e+00,1.110231312987796759e+00,-2.038708383804386681e+00,7.262475650497074442e-02,-1.802389037923648463e+00,-4.414092915477489498e+00,2.367553810508514101e+00
7.531687791861240378e+00,9.170895480499982599e-02,6.067545066602113568e-01,-4.376372521021276163e-01,1.942621187631926594e-01,2.048034942159643101e+00,-2.084492960218380375e+00,-1.029510961303647720e+00,-4.492547545883907034e-01,6.089472918048088879e-01,-1.137344681473935193e+00,8.300564127124496761e-01,1.762237493203923533e+00,1.167185173226721329e+00,-2.024022728996114573e+00,5.884919877320476944e-02,-1.735505260203540345e+00,-4.429907057534944848e+00,2.292791150201388461e+00
7.538358905937291077e+00,8.486736227809356381e-02,6.037125500683940826e-01,-4.335736863593925294e-01,1.866366440572411467e-01,2.053473660609368423e+00,-2.072686413146207940e+00,-1.021535551332835468e+00,-4.627070014931222719e-01,6.092947147877444403e-01,-1.148697561047379523e+00,8.004554942433255160e-01,1.777281268055853847e+00,1.223781290692326440e+00,-2.008885704977161790e+00,4.535548869077754564e-02,-1.667983828714223016e+00,-4.444193306224435425e+00,2.217196170700812985e+00
7.545030020013341776e+00,7.808023121610195572e-02,6.005811921752907123e-01,-4.295081010681603417e-01,1.789369400668454346e-01,2.058714601414452616e+00,-2.060781195483361472e+00,-1.013183836123512815e+00,-4.760567634362531386e-01,6.095530698000088954e-01,-1.159597939635307107e+00,7.707643780078436979e-01,1.791818042214646134e+00,1.279997862723613933e+00,-1.993297833661930918e+00,3.214720626219963462e-02,-1.599849625482894666e+00,-4.456947743794870576e+00,2.140797067224885275e+00
7.551701134089392475e+00,7.135006338774488310e-02,5.973611266974874212e-01,-4.254410840339428734e-01,1.711660389275630467e-01,2.063757196966782725e+00,-2.048780707171748094e+00,-1.004458419958293991e+00,-4.893010348116541564e-01,6.097242725165351596e-01,-1.170041812813777948e+00,7.409932943294924579e-01,1.805842546170352225e+00,1.335813243043633136e+00,-1.977259747442462690e+00,1.922779221808351702e-02,-1.531127693751086483e+00,-4.468167039461996559e+00,2.063622338206251072e+00
7.558372248165443175e+00,6.467934270781261485e-02,5.940530673874124812e-01,-4.213732102070398278e-01,1.633269989305165815e-01,2.068600947975652193e+00,-2.036688382670441388e+00,-9.953620509790593873e-01,-5.024368146038634686e-01,6.098102610981301908e-01,-1.180025343735686238e+00,7.111524937897744092e-01,1.819349701508173656e+00,1.391205950346017683e+00,-1.960772190405769333e+00,6.600546916179117485e-03,-1.461843228172698295e+00,-4.477848450880728137e+00,1.985700773572383504e+00
7.565043362241493874e+00,5.807053428119822447e-02,5.906577480002197511e-01,-4.173050415356683307e-01,1.554229034011774258e-01,2.073245423589806347e+00,-2.024507689674477806e+00,-9.858976200579767646e-01,-5.154611071371770770e-01,6.098129952515307650e-01,-1.189544864108043942e+00,6.812522432984092768e-01,1.832334622813629021e+00,1.446154676809333184e+00,-1.943836019522698466e+00,-5.731370701863247596e-03,-1.392021564979083470e+00,-4.485989825383237317e+00,1.907061442909590898e+00
7.571714476317544573e+00,5.152608345465294060e-02,5.871759222556441893e-01,-4.132371268253810515e-01,1.474568595718458441e-01,2.077690261493236434e+00,-2.012242127821189719e+00,-9.760681596119786807e-01,-5.283709228326032292e-01,6.097344552826723385e-01,-1.198596875103582260e+00,6.513028221560632769e-01,1.844792619498398789e+00,1.500638296535694138e+00,-1.926452205807313911e+00,-1.776494409766249394e-02,-1.321688172115079718e+00,-4.492589600982004328e+00,1.827733683515688323e+00
7.578385590393595272e+00,4.504841487663212296e-02,5.836083637947819813e-01,-4.091700016048193111e-01,1.394319974482629565e-01,2.081935167974692913e+00,-1.999895227384628216e+00,-9.658768423611934217e-01,-5.411632789724489800e-01,6.095766411435639132e-01,-1.207178048206461574e+00,6.213145181111395798e-01,1.856719197546120803e+00,1.554635873910298116e+00,-1.908621835445989179e+00,-2.949730006685957751e-02,-1.250868639349923761e+00,-4.497646807137382297e+00,1.747747088346284672e+00
7.585056704469645972e+00,3.863993156561601472e-02,5.799558661317515407e-01,-4.051041879978526383e-01,1.313514686708129320e-01,2.085979917970875785e+00,-1.987470547958615441e+00,-9.553269800318962002e-01,-5.538352004723101629e-01,6.093415714731456045e-01,-1.215285225991915130e+00,5.912976234122837571e-01,1.868110061177412629e+00,1.608126671878307157e+00,-1.890346110895371634e+00,-4.092570961310215694e-02,-1.179588668367175464e+00,-4.501161065289164043e+00,1.667131493859939972e+00
7.591727818545696671e+00,3.230301398725851647e-02,5.762192426001735424e-01,-4.010401946021282527e-01,1.232184453707336619e-01,2.089824355083280683e+00,-1.974971677128951608e+00,-9.444220220045180803e-01,-5.663837206603068442e-01,6.090312826325028350e-01,-1.222915422839745192e+00,5.612624308580829169e-01,1.878961114433502111e+00,1.661090160135829219e+00,-1.871626351948274314e+00,-5.204758876500331644e-02,-1.107874062837459928e+00,-4.503132589151803700e+00,1.585916967767114105e+00
7.598398932621747370e+00,2.604001914074560720e-02,5.723993262944293559e-01,-3.969785163740767731e-01,1.150361190217927126e-01,2.093468391568686471e+00,-1.962402229135331577e+00,-9.331655539073149264e-01,-5.788058820633170676e-01,6.086478277348188470e-01,-1.230065825581548644e+00,5.312192298456166473e-01,1.889268462677820448e+00,1.713506023231507580e+00,-1.852463996766666066e+00,-6.286049933575815762e-02,-1.035750718478156251e+00,-4.503562184773000077e+00,1.504133796688238434e+00
7.605070046697798070e+00,1.985327965470903844e-02,5.684969700056575759e-01,-3.929196345204095664e-01,1.068076992878731757e-01,2.096912008303286612e+00,-1.949765843523532549e+00,-9.215612961562978933e-01,-5.910987371999654183e-01,6.081932756704649945e-01,-1.236733794081570359e+00,5.011783024194038649e-01,1.899028414014956256e+00,1.765354168575504090e+00,-1.832860602881005274e+00,-7.336214962517095817e-02,-9.632446131039622550e-01,-4.502451250355547607e+00,1.421812473726029591e+00
7.611741160773848769e+00,1.374510289305996835e-02,5.645130461524308085e-01,-3.888640163961276097e-01,9.853641286689189538e-02,2.100155254720462938e+00,-1.937066183788390461e+00,-9.096131024420426314e-01,-6.032593493802020923e-01,6.076697101275783108e-01,-1.242916861751201418e+00,4.711499193223035453e-01,1.908237480626459259e+00,1.816614734352574478e+00,-1.812817848154935518e+00,-8.355039506386779946e-02,-8.903817966722229471e-01,-4.499801775842269258e+00,1.338983685957199743e+00
7.618412274849899468e+00,7.717770071093643658e-03,5.604484467060832920e-01,-3.848121154090864970e-01,9.022550233152260013e-02,2.103198248722228492e+00,-1.924306936008165714e+00,-8.973249581640556638e-01,-6.152847935111600552e-01,6.070792286085598954e-01,-1.248612735997025158e+00,4.411443360500135191e-01,1.916892380022916065e+00,1.867268097335957222e+00,-1.792337531714670584e+00,-9.342323879945518827e-02,-8.171883813271840769e-01,-4.495616342264197485e+00,1.255678301849033396e+00
7.625083388925950167e+00,1.773535382207230837e-03,5.563040831106402795e-01,-3.807643709311287483e-01,8.187822496714053377e-02,2.106041176564366957e+00,-1.911491807470823812e+00,-8.847009788133326502e-01,-6.271721569091212034e-01,6.064239414428366226e-01,-1.253819298602476540e+00,4.111717889106661361e-01,1.924990036211867261e+00,1.917294880598975793e+00,-1.771421574842155566e+00,-1.029788322244609144e-01,-7.436905314468993389e-01,-4.489898120851998797e+00,1.171927358605865832e+00
7.631754503002000867e+00,-4.085374864413904294e-03,5.520808861973074411e-01,-3.767212082158138409e-01,7.349785160744357060e-02,2.108684292715302888e+00,-1.898624525292803344e+00,-8.717454083038393975e-01,-6.389185401173119727e-01,6.057059707963028394e-01,-1.258534606043129056e+00,3.812424910911697551e-01,1.932527580781084886e+00,1.966675961121102434e+00,-1.750072021831210023e+00,-1.122154754458679071e-01,-6.699144536969232622e-01,-4.482650871910928814e+00,1.087762049451012736e+00
7.638425617078051566e+00,-9.856763094816853310e-03,5.477798060934915281e-01,-3.726830383227723309e-01,6.508766546820017596e-02,2.111127919688759569e+00,-1.885708835030862174e+00,-8.584626172536051758e-01,-6.505210577292677154e-01,6.049274496778337395e-01,-1.262756889735636268e+00,3.513666287318388259e-01,1.939502353896796372e+00,2.015392477285468331e+00,-1.728291040805965295e+00,-1.211316176960973712e-01,-5.958863870946651264e-01,-4.473878943459681068e+00,1.003213710849384377e+00
7.645096731154102265e+00,-1.553846130966664296e-02,5.434018121263083367e-01,-3.686502580486894498e-01,5.665096097954885890e-02,2.113372447850263125e+00,-1.872748499287525625e+00,-8.448571012161705251e-01,-6.619768392175496841e-01,6.040905209432395617e-01,-1.266484556220461855e+00,3.215543570108825855e-01,1.945911905216501037e+00,2.063425836264728197e+00,-1.706080924500690266e+00,-1.297258576853234091e-01,-5.216325930882936834e-01,-4.463587269633440435e+00,9.183138096761549463e-01
7.651767845230152965e+00,-2.112833191167119706e-02,5.389478927205421099e-01,-3.646232498649422671e-01,4.819104261729431626e-02,2.115418335197560840e+00,-1.859747296310731990e+00,-8.309334788631332902e-01,-6.732830297675307385e-01,6.031973362970652897e-01,-1.269716187278473463e+00,2.918157962403198913e-01,1.951753994716016738e+00,2.110757721292313427e+00,-1.683444091000313669e+00,-1.379969438950093275e-01,-4.471793456540852363e-01,-4.451781368851725595e+00,8.330939303368420923e-01
7.658438959306203664e+00,-2.662426852071687888e-02,5.344190552910319525e-01,-3.606023818619075172e-01,3.971122373366685332e-02,2.117266107115036711e+00,-1.846709018588274187e+00,-8.166964901186057890e-01,-6.844367911159682238e-01,6.022500552926470796e-01,-1.272450539981548889e+00,2.621610279749456707e-01,1.957026593430449601e+00,2.157370098816016490e+00,-1.660383084440908430e+00,-1.459437748125872458e-01,-3.725529214163122438e-01,-4.438467341751676010e+00,7.475857618444421426e-01
7.665110073382254363e+00,-3.202419677640531981e-02,5.298163261294431825e-01,-3.565880076999358161e-01,3.121482538793703132e-02,2.118916356102220178e+00,-1.833637471437548516e+00,-8.021509942463176390e-01,-6.954353023941454159e-01,6.012508443307703621e-01,-1.274686546677361365e+00,2.326000911358081513e-01,1.961727884108837472e+00,2.203245225531156315e+00,-1.636900575669325786e+00,-1.535653991072252200e-01,-2.977795897931958535e-01,-4.423651868887353622e+00,6.618210848586574269e-01
7.671781187458305062e+00,-3.732607512767270597e-02,5.251407502854031906e-01,-3.525804665670180249e-01,2.270517517737402624e-02,2.120369741476489711e+00,-1.820536471591261085e+00,-7.873019678902317686e-01,-7.062757609752445820e-01,6.002018756573851421e-01,-1.276423314908514905e+00,2.031429781498545750e-01,1.965856261782206182e+00,2.248365655290344822e+00,-1.612999362861363473e+00,-1.608610157466462964e-01,-2.228856031731420995e-01,-4.407342208196050493e+00,5.758317586930403742e-01
7.678452301534355762e+00,-4.252789560918041056e-02,5.203933914419717199e-01,-3.485800831431356550e-01,1.418560606894836429e-02,2.121626989050069856e+00,-1.807409845779606838e+00,-7.721545030694765277e-01,-7.169553833257238384e-01,5.991053263607095669e-01,-1.277660127266265100e+00,1.737996311072378952e-01,1.969410334244867666e+00,2.292714245887110813e+00,-1.588682372097668161e+00,-1.678299740549845653e-01,-1.478971871248397907e-01,-4.389546192232335997e+00,4.896497082952511182e-01
7.685123415610406461e+00,-4.762768460418725924e-02,5.155753317854142592e-01,-3.445871675713012561e-01,5.659455232225343857e-03,2.122688890781468274e+00,-1.794261429309530920e+00,-7.567138051284399980e-01,-7.274714058603919398e-01,5.979633773681527487e-01,-1.278396441179052268e+00,1.445799379378285288e-01,1.972388922448787829e+00,2.336274165710660711e+00,-1.563952657896712228e+00,-1.744717737116915357e-01,-7.284053064509565800e-02,-4.370272225170925395e+00,4.033069112059506356e-01
7.691794529686457160e+00,-5.262350359359145580e-02,5.106876718692658912e-01,-3.406020154352955576e-01,-2.869937126094929125e-03,2.123556304401472250e+00,-1.781095064641675663e+00,-7.409851906429368862e-01,-7.378210858008762418e-01,5.967782124434602986e-01,-1.278631888636107661e+00,1.154937286085411519e-01,1.974791060810886512e+00,2.379028900268994384e+00,-1.538813403704207383e+00,-1.807860646915248060e-01,2.258223551624860548e-03,-4.349529279579529728e+00,3.168353845019915571e-01
7.698465643762507860e+00,-5.751344989086615289e-02,5.057315304726501815e-01,-3.366249077440862103e-01,-1.139922892560404910e-02,2.124230153013841882e+00,-1.767914599965528577e+00,-7.249740852832715632e-01,-7.480017020372337067e-01,5.955520171844235211e-01,-1.278366275846442246e+00,8.655077134289246299e-02,1.976615997433213368e+00,2.420962258577873172e+00,-1.513267922338197735e+00,-1.867726471456715998e-01,7.737298869852859973e-02,-4.327326892962700455e+00,2.302671717290247777e-01
7.705136757838558559e+00,-6.229565736259545794e-02,5.007080444528493324e-01,-3.326561109229351221e-01,-1.992507737309803795e-02,2.124711424670878479e+00,-1.754723887773428137e+00,-7.086860216351607011e-01,-7.580105559923571157e-01,5.942869780216092357e-01,-1.277599582833499170e+00,5.776076886442402247e-02,1.977863194235918609e+00,2.462058379412950693e+00,-1.487319656389318512e+00,-1.924314712240933756e-01,1.524777435926036873e-01,-4.303675164078164528e+00,1.436343298293629722e-01
7.711807871914609258e+00,-6.696829713433653797e-02,4.956183685920927395e-01,-3.286958768111795104e-01,-2.844414012059022501e-02,2.125001171923998733e+00,-1.741526783433948289e+00,-6.921266369793881434e-01,-7.678449724889182537e-01,5.929852812184497335e-01,-1.276331962965842948e+00,2.913335466541799867e-02,1.978532327003018843e+00,2.502301737422640837e+00,-1.460972178575475455e+00,-1.977626368391730005e-01,2.275465421580828984e-01,-4.278584749026856926e+00,5.696891607028486959e-02
7.718478985990659957e+00,-7.152957828153268249e-02,4.904636754385544029e-01,-3.247444426666742934e-01,-3.695307641997425119e-02,2.125100511349514498e+00,-1.728327143765277185e+00,-6.753016710311727788e-01,-7.775023006185184382e-01,5.916491118731086463e-01,-1.274563742424243085e+00,6.780893024753431586e-04,1.978623285340986193e+00,2.541677149099185407e+00,-1.434229192050355373e+00,-2.027663933708108157e-01,3.025535229534171977e-01,-4.252066857118214749e+00,-2.969702502150833867e-02
7.725150100066710657e+00,-7.597774850521567258e-02,4.852451551415505882e-01,-3.208020311768927657e-01,-4.544854827391489605e-02,2.125010623049795377e+00,-1.715128825609172125e+00,-6.582169636401692392e-01,-7.869799146127316458e-01,5.902806529225210763e-01,-1.272295419605512290e+00,-2.759554327958968489e-02,1.978136172550194471e+00,2.580169778605593489e+00,-1.407094530665268017e+00,-2.074431393131007662e-01,3.774729186181231544e-01,-4.224133246512334239e+00,-1.163314747139442829e-01
7.731821214142761356e+00,-8.031109479223533243e-02,4.799640152809180882e-01,-3.168688504766578595e-01,-5.392722158255994214e-02,2.124732750130003733e+00,-1.701935684406050253e+00,-6.408784524520895198e-01,-7.962752147157503568e-01,5.888820841489719182e-01,-1.269527664463553807e+00,-5.567813939404267498e-02,1.977071305409352497e+00,2.617765143456090016e+00,-1.379572159183607871e+00,-2.117934218627501863e-01,4.522790652559782743e-01,-4.194796219640544166e+00,-2.029024531066481174e-01
7.738492328218812055e+00,-8.452794405976522818e-02,4.746214806905640349e-01,-3.129450941724918334e-01,-6.238576728565320417e-02,2.124268198150601972e+00,-1.688751572771798992e+00,-6.232921705329099726e-01,-8.053856280583030491e-01,5.874555811896116087e-01,-1.266261317788023089e+00,-8.356037922725245704e-02,1.975429213873021395e+00,2.654449120047825073e+00,-1.351666173447449992e+00,-2.158179364494441366e-01,5.269464117509813361e-01,-4.164068618406209232e+00,-2.893780321456286275e-01
7.745163442294862755e+00,-8.862666378383365906e-02,4.692187932761887614e-01,-3.090309413735655708e-01,-7.082086249960731217e-02,2.123618334555864795e+00,-1.675580339076927938e+00,-6.054642439567097245e-01,-8.143086095325025031e-01,5.860033145493179774e-01,-1.262497390421083221e+00,-1.112330304209313558e-01,1.973210640682409700e+00,2.690207949041572455e+00,-1.323380800495762344e+00,-2.195175262083619572e-01,6.014495290123189619e-01,-4.131963819167688179e+00,-3.757263486098818550e-01
7.751834556370913454e+00,-9.260566261164837609e-02,4.637572118271621191e-01,-3.051265567292171799e-01,-7.922919164917285872e-02,2.122784588078597157e+00,-1.662425826028561815e+00,-5.874008893580873192e-01,-8.230416426673483610e-01,5.845274486172412631e-01,-1.258237062412730367e+00,-1.386869516202313690e-01,1.970416540889639911e+00,2.725028240589386197e+00,-1.294720398633619762e+00,-2.228931813950706387e-01,6.757631191452115882e-01,-4.098495727505195418e+00,-4.619156170648947013e-01
7.758505670446964153e+00,-9.646339095747613612e-02,4.582380118225676813e-01,-3.012320904730215188e-01,-8.760744759324673447e-02,2.121768448121304385e+00,-1.649291869255934628e+00,-5.691084114502455993e-01,-8.315822405045008026e-01,5.830301406874691672e-01,-1.253481682115190177e+00,-1.659130959861782051e-01,1.967048081295720285e+00,2.758896979407033712e+00,-1.265689457452047861e+00,-2.259460387430671235e-01,7.498620245437814802e-01,-4.063678772773797299e+00,-5.479141427772278305e-01
7.765176784523014852e+00,-1.001983415818537004e-01,4.526624852313938518e-01,-2.973476784733743994e-01,-9.595233274445030824e-02,2.120571464114054283e+00,-1.636182295899893502e+00,-5.505932005097492477e-01,-8.399279464740343482e-01,5.815135399841580011e-01,-1.248232765216936713e+00,-1.929025146710832694e-01,1.963106639802517872e+00,2.791801529689265760e+00,-1.236292597797879589e+00,-2.286773807642409340e-01,8.237212369027938630e-01,-4.027527902444525409e+00,-6.336903345850344316e-01
7.771847898599065552e+00,-1.038090501539111477e-01,4.470319403068922504e-01,-2.934734422905683759e-01,-1.042605601820656425e-01,2.119195244849274573e+00,-1.623100923207014823e+00,-5.318617298290140294e-01,-8.480763352698290625e-01,5.799797866915050726e-01,-1.242491993716857479e+00,-2.196463602554996619e-01,1.958593804679018779e+00,2.823729639865960372e+00,-1.206534571693249625e+00,-2.310886349925306282e-01,8.973159061448148233e-01,-3.990058576235793630e+00,-7.192127177191184328e-01
7.778519012675116251e+00,-1.072940957965949071e-01,4.413477013750961020e-01,-2.896094892403198173e-01,-1.125288547579122722e-01,2.117641457793769000e+00,-1.610051557128922894e+00,-5.129205531376319627e-01,-8.560250137242300106e-01,5.784310109889899687e-01,-1.236261214839172062e+00,-2.461358901453147285e-01,1.953511373742252477e+00,2.854669447197228038e+00,-1.176420262204278311e+00,-2.331813731711570581e-01,9.706213492592536962e-01,-3.951286760037612034e+00,-8.044499465689198825e-01
7.785190126751166950e+00,-1.106521016145886327e-01,4.356111086175018521e-01,-2.857559124637130132e-01,-1.207539541948155215e-01,2.115911828378187920e+00,-1.597037990927319351e+00,-4.937763019935475506e-01,-8.637716216816910819e-01,5.768693320921873813e-01,-1.229542439889676597e+00,-2.723624699276577799e-01,1.947861353453238964e+00,2.884609482205759079e+00,-1.145954683258443074e+00,-2.349573103837006016e-01,1.043613059050359393e+00,-3.911228919630666212e+00,-8.893708173885244150e-01
7.791861240827217649e+00,-1.138817352047323123e-01,4.298235178479362650e-01,-2.819127910035258977e-01,-1.289326101772243216e-01,2.114008139264272224e+00,-1.584064003785365493e+00,-4.744356831452450352e-01,-8.713138328710027247e-01,5.752968572995945662e-01,-1.222337843053946216e+00,-2.983175766842033338e-01,1.941645957928397781e+00,2.913538672944586239e+00,-1.115142979410366664e+00,-2.364183041294517507e-01,1.116266712790516369e+00,-3.869902014203033147e+00,-9.739442809369709408e-01
7.798532354903268349e+00,-1.169817091487506261e-01,4.239863002836034012e-01,-2.780801898868916489e-01,-1.370615894336404406e-01,2.111932229590125498e+00,-1.571133359425906484e+00,-4.549054758659901720e-01,-8.786493557758013884e-01,5.737156810457912925e-01,-1.214649760138127643e+00,-3.239928022605763624e-01,1.934867607866852524e+00,2.941446349098669977e+00,-1.083990425555524828e+00,-2.375663533433725050e-01,1.188558180775950879e+00,-3.827323489666842438e+00,-1.058139455047920841e+00
7.805203468979319048e+00,-1.199507814881063394e-01,4.181008423103314553e-01,-2.742581602142544761e-01,-1.451376748104497016e-01,2.109685994193830183e+00,-1.558249804737148025e+00,-4.351925292612930929e-01,-8.857759345029871945e-01,5.721278839613248568e-01,-1.206480687253008943e+00,-3.493798564904934123e-01,1.927528929394147550e+00,2.968322245918658897e+00,-1.052502426591531703e+00,-2.384035973611013937e-01,1.260463534781526507e+00,-3.783511271777656226e+00,-1.141925637123202941e+00
7.811874583055369747e+00,-1.227877561808077833e-01,4.121685452420389417e-01,-2.704467392545745752e-01,-1.531576663367810731e-01,2.107271382815714134e+00,-1.545417068406327532e+00,-4.153037595506805513e-01,-8.926913496487016708e-01,5.705355319396938629e-01,-1.197833279442009680e+00,-3.744705703733632873e-01,1.919632752822877375e+00,2.994156507985332283e+00,-1.020684517026769988e+00,-2.389323148294274501e-01,1.331959056411482045e+00,-3.738483759059270550e+00,-1.225272316545139351e+00
7.818545697131420447e+00,-1.254914835399975059e-01,4.061908250744287741e-01,-2.666459505467326241e-01,-1.611183822800378862e-01,2.104690399279572244e+00,-1.532638859561918698e+00,-3.952461473249249124e-01,-8.993934191615270413e-01,5.689406752117684984e-01,-1.188710349253830900e+00,-3.992568992040426701e-01,1.911182111330798072e+00,3.018939692803271679e+00,-9.885423605359027199e-01,-2.391549225626671271e-01,1.403021245343198053e+00,-3.692259815536662604e+00,-1.308149187002497715e+00
7.825216811207471146e+00,-1.280608606541668859e-01,4.001691122329327222e-01,-2.628558040070810287e-01,-1.690166601917238443e-01,2.101945100653170861e+00,-1.519918866424925685e+00,-3.750267347798711404e-01,-9.058799992025404757e-01,5.673453474280172326e-01,-1.179114865260473710e+00,-4.237309256534858015e-01,1.902180239557018648e+00,3.042662774222380850e+00,-9.560817494620388324e-01,-2.390739743454223243e-01,1.473626827460907451e+00,-3.644858763280005576e+00,-1.390526158724895822e+00
7.831887925283521845e+00,-1.304948317888421916e-01,3.941048513149383870e-01,-2.590762960430950113e-01,-1.768493579431909823e-01,2.099037596388376947e+00,-1.507260754969832250e+00,-3.546526229280192455e-01,-9.121489850018619228e-01,5.657515647489145261e-01,-1.169049950521362735e+00,-4.478848627990292819e-01,1.892630572116882570e+00,3.065317145685938716e+00,-9.233086042653597669e-01,-2.386921596822161318e-01,1.543752762876287488e+00,-3.596300374762759766e+00,-1.472373370620539967e+00
7.838559039359572544e+00,-1.327923887695957317e-01,3.879995008263010803e-01,-2.553074096730577058e-01,-1.846133547509813955e-01,2.095970047441232609e+00,-1.494668167595702757e+00,-3.341309687890233748e-01,-9.181983117113521331e-01,5.641613249438435229e-01,-1.158518880994366063e+00,-4.717110571030782018e-01,1.882536742036232225e+00,3.086894623303972907e+00,-8.902289729177592648e-01,-2.380123024944923449e-01,1.613376253833262552e+00,-3.546604865036765197e+00,-1.553661202312311307e+00
7.845230153435623244e+00,-1.349525713462507992e-01,3.818545329121955101e-01,-2.515491146517330190e-01,-1.923055521913746291e-01,2.092744665372341828e+00,-1.482144721808020371e+00,-3.134689825602704483e-01,-9.240259552530858400e-01,5.625766064988867443e-01,-1.147525083894461950e+00,-4.952019913389991701e-01,1.871902579105716224e+00,3.107387448750787762e+00,-8.568490302435129990e-01,-2.370373597655401898e-01,1.682474752493903436e+00,-3.495792883727564693e+00,-1.634360286067126244e+00
7.851901267511673943e+00,-1.369744675381449062e-01,3.756714330823127668e-01,-2.478013676019561462e-01,-1.999228752038284262e-01,2.089363711427915327e+00,-1.469694008911750949e+00,-2.926739247687202838e-01,-9.296299331632492668e-01,5.609993677338132034e-01,-1.136072136000874089e+00,-5.183502874630154800e-01,1.860732108155893849e+00,3.126788291985565849e+00,-8.231750772055764775e-01,-2.357704201338599592e-01,1.751025968602849314e+00,-3.443885506853048284e+00,-1.714441518613681215e+00
7.858572381587724642e+00,-1.388572139603359845e-01,3.694516999304432447e-01,-2.440641121520826518e-01,-2.074622730829546458e-01,2.085829495601835948e+00,-1.457319592716172174e+00,-2.717531034051738903e-01,-9.350083054310964759e-01,5.594315459286247627e-01,-1.124163761913480775e+00,-5.411487094309634927e-01,1.849029547253874695e+00,3.145090253795056245e+00,-7.892135401374118508e-01,-2.342147024355576423e-01,1.819007877027447373e+00,-3.390904228468690995e+00,-1.793876072843681779e+00
7.865243495663775342e+00,-1.405999961306333146e-01,3.631968448484904077e-01,-2.403372790792365765e-01,-2.149207204586836006e-01,2.082144375679126913e+00,-1.445025008252019738e+00,-2.507138710422117667e-01,-9.401591753325914125e-01,5.578750564599972428e-01,-1.111803832259366187e+00,-5.635901659587018164e-01,1.836799305822323092e+00,3.162286868157368147e+00,-7.549709699202447055e-01,-2.323735541963577456e-01,1.886398725170783663e+00,-3.336870952142851898e+00,-1.872635409391514960e+00
7.871914609739826041e+00,-1.422020487573528169e-01,3.569083917349310520e-01,-2.366207864582795806e-01,-2.222952182643152808e-01,2.078310756261192882e+00,-1.432813760501409517e+00,-2.295636219369264763e-01,-9.450806902583867020e-01,5.563317919479477958e-01,-1.098996361850327785e+00,-5.856677132251365547e-01,1.824045982681611333e+00,3.178372104426082423e+00,-7.204540411054971560e-01,-2.302504500738320470e-01,1.953177040255234642e+00,-3.281807982265338541e+00,-1.950691288087835762e+00
7.878585723815876740e+00,-1.436626560076949555e-01,3.505878766977746919e-01,-2.329145398164406688e-01,-2.295827946921148166e-01,2.074331087773221505e+00,-1.420689323141081539e+00,-2.083097891196987739e-01,-9.497710425357619446e-01,5.548036214130488419e-01,-1.085745507792243769e+00,-6.073745575166977773e-01,1.810774364016006777e+00,3.193340369333862228e+00,-6.856695509823509393e-01,-2.278489902504634568e-01,2.019321636473853321e+00,-3.225738015192830321e+00,-2.028015779282148934e+00
7.885256837891927439e+00,-1.449811517566609309e-01,3.442368477520679759e-01,-2.292184322935330310e-01,-2.367805061361266117e-01,2.070207865454144258e+00,-1.408655137299481108e+00,-1.869598414702146605e-01,-9.542284702441579114e-01,5.532923894445428425e-01,-1.072055567547175459e+00,-6.287040578122188306e-01,1.796989421264770792e+00,3.207186508814857007e+00,-6.506244185904277444e-01,-2.251728987782243285e-01,2.084811622006982113e+00,-3.168684130234729945e+00,-2.104581275029682175e+00
7.891927951967978139e+00,-1.461569198164197336e-01,3.378568645119676139e-01,-2.255323448076802240e-01,-2.438854381219236200e-01,2.065943628329555803e+00,-1.396714610328124717e+00,-1.655212807819295695e-01,-9.584512580239412660e-01,5.517999153796391276e-01,-1.057930976949126300e+00,-6.496497283071488438e-01,1.782696308939103469e+00,3.219905809645305705e+00,-6.153256836773410843e-01,-2.222260218752775129e-01,2.149626405901926329e+00,-3.110669780482965052e+00,-2.180360500138010860e+00
7.898599066044028838e+00,-1.471893941460617472e-01,3.314494978774560896e-01,-2.218561462264820594e-01,-2.508947062229462954e-01,2.061540958167995985e+00,-1.384871114587810537e+00,-1.440016388161960426e-01,-9.624377378780306636e-01,5.503279924943509371e-01,-1.043376308174361666e+00,-6.702052408760906799e-01,1.767900362365867117e+00,3.231494000901764529e+00,-5.797805056013127789e-01,-2.190123261755377304e-01,2.213745704812995374e+00,-3.051718783489512532e+00,-2.255326523068760025e+00
7.905270180120079537e+00,-1.480780590416639897e-01,3.250163297157244169e-01,-2.181896935435379825e-01,-2.578054569631699766e-01,2.057002478421016356e+00,-1.373127986250091359e+00,-1.224084743472703685e-01,-9.661862899660197401e-01,5.488783872061537839e-01,-1.028396267667238906e+00,-6.903644274726452590e-01,1.752607095359081324e+00,3.241947255236500958e+00,-5.439961621786509882e-01,-2.155358969317499040e-01,2.277149549599870593e+00,-2.991855311795306172e+00,-2.329452766689977583e+00
7.911941294196130237e+00,-1.488224493066178100e-01,3.185589525372845565e-01,-2.145328320602488126e-01,-2.646148687057848781e-01,2.052330853147443790e+00,-1.361488524114530030e+00,-1.007493701994215118e-01,-9.696953433904282882e-01,5.474528382887802191e-01,-1.012995694022495119e+00,-7.101212824655881439e-01,1.736822197820198088e+00,3.251262189969668981e+00,-5.079800484761846091e-01,-2.118009361728100948e-01,2.339818291781935233e+00,-2.931103883314365000e+00,-2.402713018874678585e+00
7.918612408272180936e+00,-1.494221504021683578e-01,3.120789691668709454e-01,-2.108853955728166585e-01,-2.713201525275957815e-01,2.047528785922280381e+00,-1.349955988442208543e+00,-7.903193027736829523e-02,-9.729633769747131344e-01,5.460530560994751870e-01,-9.971795558249695324e-01,-7.294699649104292583e-01,1.720551533268196209e+00,3.259435867997923619e+00,-4.717396755487572868e-01,-2.078117608160939822e-01,2.401732609846281896e+00,-2.869489351577061420e+00,-2.475081442941136967e+00
7.925283522348231635e+00,-1.498767985781232770e-01,3.055779924091692190e-01,-2.072472065643556349e-01,-2.779185530788890190e-01,2.042599018730659299e+00,-1.338533599805929786e+00,-5.726377659127046549e-02,-9.759889200326701264e-01,5.446807218189713140e-01,-9.809529494477351452e-01,-7.484048007554159332e-01,1.703801136300573837e+00,3.266465798519275765e+00,-4.352826691216660771e-01,-2.035728007354868918e-01,2.462873515407546954e+00,-2.807036895836359847e+00,-2.546532587930721903e+00
7.931954636424282334e+00,-1.501860809837007038e-01,2.990576447094525081e-01,-2.036180764020319722e-01,-2.844073494284564685e-01,2.037544330847319340e+00,-1.327224537957595096e+00,-3.545254627749597209e-02,-9.787705531288708460e-01,5.433374867045178691e-01,-9.643210968096392888e-01,-7.669202849810962119e-01,1.686577209986325432e+00,3.272349937573992840e+00,-3.986167682183497929e-01,-1.990885967859439831e-01,2.523222359217202726e+00,-2.743772011041111902e+00,-2.617041398718930267e+00
7.938625750500333034e+00,-1.503497357584932248e-01,2.925195578091697168e-01,-1.999978055391404552e-01,-2.907838558935383344e-01,2.032367537702014726e+00,-1.316031940713196846e+00,-1.360588861639186464e-02,-9.813069088297531328e-01,5.420249713562168559e-01,-9.472893430932636250e-01,-7.850110836725571195e-01,1.668886123192036885e+00,3.277086688401487535e+00,-3.617498237332665845e-01,-1.943637987853156224e-01,2.582760837020590117e+00,-2.679720497680357028e+00,-2.686583225955537113e+00
7.945296864576383733e+00,-1.503675521035260365e-01,2.859653723965547290e-01,-1.963861837220328144e-01,-2.970454228544155972e-01,2.027071489731331333e+00,-1.304958902855851033e+00,8.268537951722554347e-03,-9.835966724450212473e-01,5.407447649969617798e-01,-9.298631544243082248e-01,-8.026720360234994578e-01,1.650734407842232132e+00,3.280674901613176875e+00,-3.246897969501668646e-01,-1.894031634542443499e-01,2.641470995259683097e+00,-2.614908451502731435e+00,-2.755133835829790101e+00
7.951967978652434432e+00,-1.502393703324132190e-01,2.793967377523268181e-01,-1.927829902017985930e-01,-3.031894375533812358e-01,2.021659071217377868e+00,-1.294008475057357943e+00,3.016306881107128079e-02,-9.856385827589609905e-01,5.394984247662768517e-01,-9.120481155134885221e-01,-8.198981562713149041e-01,1.632128756115213797e+00,3.283113875181393304e+00,-2.874447580059695806e-01,-1.842115523150136824e-01,2.699335236619602618e+00,-2.549362253115305954e+00,-2.822669419656413936e+00
7.958639092728485132e+00,-1.499650819025982740e-01,2.728153113905464888e-01,-1.891879939506173336e-01,-3.092133248778711208e-01,2.016133199113777419e+00,-1.283183662818648818e+00,5.207003615427953369e-02,-9.874314327513447065e-01,5.382874750282832244e-01,-8.938499272619194747e-01,-8.366846355623904774e-01,1.613076017575515664e+00,3.284403354244493922e+00,-2.500228843003514667e-01,-1.787939295500639569e-01,2.756336325417350519e+00,-2.483108557465774968e+00,-2.889166603278818357e+00
7.965310206804535831e+00,-1.495446294266979392e-01,2.662227586946921964e-01,-1.856009538826730032e-01,-3.151145481275020588e-01,2.010496821859465211e+00,-1.272487425429578600e+00,7.398177196431368619e-02,-9.889740703075369233e-01,5.371134066940939089e-01,-8.752744043310960453e-01,-8.530268437468726539e-01,1.593583196244268363e+00,3.284543530728400995e+00,-2.124324588512787049e-01,-1.731553598211151568e-01,2.812457392830920444e+00,-2.416174283212424001e+00,-2.954602456285423617e+00
7.971981320880586530e+00,-1.489780066639653233e-01,2.596207525490466517e-01,-1.820216190795422295e-01,-3.208906097647689637e-01,2.004752918180750854e+00,-1.261922674948483536e+00,9.589061099326603999e-02,-9.902653989174470262e-01,5.359776765588952774e-01,-8.563274726785403690e-01,-8.689203311021505005e-01,1.573657447608721505e+00,3.283535042784879288e+00,-1.746818685968130058e-01,-1.673010060497484575e-01,2.867681941967048065e+00,-2.348586601986228040e+00,-3.018954501035310933e+00
7.978652434956637229e+00,-1.482652584918889016e-01,2.530109729654476114e-01,-1.784497290199564823e-01,-3.265390521492116394e-01,1.998904495882108723e+00,-1.251492275201855797e+00,1.177888937368176403e-01,-9.913043783629867933e-01,5.348817066539417464e-01,-8.370151670601487792e-01,-8.843608299843630505e-01,1.553306075572174816e+00,3.281378974046927244e+00,-1.367796026432903655e-01,-1.612361271602456292e-01,2.921993852766324729e+00,-2.280372927549167095e+00,-3.082200721489721573e+00
7.985323549032687929e+00,-1.474064808579733932e-01,2.463951067055015764e-01,-1.748850138138340615e-01,-3.320574582547910492e-01,1.992954590626214495e+00,-1.241199040804597198e+00,1.396689694030795459e-01,-9.920900253936463242e-01,5.338268836137523010e-01,-8.173436285004107571e-01,-8.993442564072379186e-01,1.532536529345692067e+00,3.278076852701762967e+00,-9.873425046034678410e-02,-1.549660757856989868e-01,2.975377386743823571e+00,-2.211560904853517862e+00,-3.144319571845454853e+00
7.991994663108738628e+00,-1.464018207117326886e-01,2.397748468983259551e-01,-1.713271944404849423e-01,-3.374434523702980471e-01,1.986906264703676817e+00,-1.231045736201173524e+00,1.615231988746805569e-01,-9.926214143898665077e-01,5.328145580587143604e-01,-7.973191017315149898e-01,-9.138667115476317715e-01,1.511356400282852785e+00,3.273630650381910812e+00,-6.055450002296192125e-02,-1.484962959381769532e-01,3.027817191564109223e+00,-2.142178399006198664e+00,-3.205289984966963601e+00
7.998665777184789327e+00,-1.452514759169487857e-01,2.331518926539052072e-01,-1.677759829908806455e-01,-3.426947007825773550e-01,1.980762605792971698e+00,-1.221035074728070935e+00,1.833439576628383694e-01,-9.928976780138336622e-01,5.318460439933503370e-01,-7.769479326025052757e-01,-9.279244831771440438e-01,1.489773418658949966e+00,3.268042780875036080e+00,-2.224913590091459614e-02,-1.418323206439244255e-01,3.079298305449175821e+00,-2.072253484142837721e+00,-3.265091380613535321e+00
8.005336891260840915e+00,-1.439556951442551858e-01,2.265279486721569202e-01,-1.642310829138850514e-01,-3.478089124423601741e-01,1.974526725711086561e+00,-1.211169717697939241e+00,2.051236388522236775e-01,-9.929180078473607285e-01,5.309226182204838107e-01,-7.562365654595927245e-01,-9.415140470192273625e-01,1.467795450395990464e+00,3.261316098653185058e+00,1.617296270391876956e-02,-1.349797695445391910e-01,3.129806161417910459e+00,-2.001814432216042938e+00,-3.323703673458186181e+00
8.012008005336891614e+00,-1.425147777441087282e-01,2.199047248477789263e-01,-1.606921892663430163e-01,-3.527838396125397291e-01,1.968201759155352448e+00,-1.201452273505743573e+00,2.268546560353931762e-01,-9.926816550164901942e-01,5.300455197715068234e-01,-7.351915404987633407e-01,-9.546320680312064821e-01,1.445430493734928934e+00,3.253453897222240432e+00,5.470282397215542325e-02,-1.279443464650177054e-01,3.179326591356118392e+00,-1.930889701702450667e+00,-3.381107280895070843e+00
8.018679119412942313e+00,-1.409290736002230260e-01,2.132839358709768818e-01,-1.571589889669092188e-01,-3.576172784986874076e-01,1.961790862436974203e+00,-1.191885296757294821e+00,2.485294462356496537e-01,-9.921879308025001176e-01,5.292159493529874359e-01,-7.138194910917766700e-01,-9.672754016107361075e-01,1.422686675856491556e+00,3.244459907292382095e+00,9.333138553287201322e-02,-1.207318369496726829e-01,3.227845829915778619e+00,-1.859507926233000097e+00,-3.437283130632253325e+00
8.025350233488993013e+00,-1.391989829635430498e-01,2.066673008241612375e-01,-1.536311610535207595e-01,-3.623070698616552288e-01,1.955297212206766666e+00,-1.182471287420476358e+00,2.701404728170858638e-01,-9.914362072389490965e-01,5.284350688098129467e-01,-6.921271410867284590e-01,-9.794410947261403821e-01,1.399572249452086137e+00,3.234338294770500166e+00,1.320494965805628640e-01,-1.133481057668368486e-01,3.275350518242615472e+00,-1.787697903151165724e+00,-3.492212668066725367e+00
8.032021347565043712e+00,-1.373249562668580892e-01,2.000565427747143521e-01,-1.501083769443906923e-01,-3.668510996120737389e-01,1.948724004173615354e+00,-1.173212689999541203e+00,2.916802283806239071e-01,-9.904259176944301135e-01,5.277040006050900400e-01,-6.701213020843566071e-01,-9.911263869702047202e-01,1.376095589246279616e+00,3.223093658575568732e+00,1.708479200425404576e-01,-1.057990943834127562e-01,3.321827707530832452e+00,-1.715488582003884765e+00,-3.545877863438585464e+00
8.038692461641094411e+00,-1.353074939201397986e-01,1.934533883639097118e-01,-1.465903007024141613e-01,-3.712472993866139381e-01,1.942074451816149461e+00,-1.164111892732733633e+00,3.131412376449258517e-01,-9.891565574406994132e-01,5.270238273169836063e-01,-6.478088706911714345e-01,-1.002328711536982775e+00,1.352265188472248525e+00,3.210731028278003052e+00,2.097173347963959822e-01,-9.809081841017747161e-02,3.367264862404291570e+00,-1.642909052969614425e+00,-3.598261218761692248e+00
8.045363575717145110e+00,-1.331471460867152123e-01,1.868595673920966371e-01,-1.430765893028805025e-01,-3.754936471058501479e-01,1.935351785088162080e+00,-1.155171226813582308e+00,3.345160603109577080e-01,-9.876276842058511196e-01,5.263955911526896347e-01,-6.251968257506190785e-01,-1.013045696121194439e+00,1.328089655301766037e+00,3.197255861564165080e+00,2.486483379369377467e-01,-9.022936501885345240e-02,3.411649864123224241e+00,-1.569988535228378002e+00,-3.649345774527874564e+00
8.052034689793195810e+00,-1.308445124403926907e-01,1.802768124002472883e-01,-1.395668929043620832e-01,-3.795881675135704958e-01,1.928559249118294572e+00,-1.146392965636178207e+00,3.557972939090495723e-01,-9.858389187121988639e-01,5.258202934797435724e-01,-6.022922255534640668e-01,-1.023275163739878035e+00,1.303577709231243720e+00,3.182674041527238984e+00,2.876314470920205979e-01,-8.222089033204177388e-02,3.454971013615588227e+00,-1.496756365278596679e+00,-3.699115116181922680e+00
8.058705803869246509e+00,-1.284002419036479603e-01,1.737068582479582846e-01,-1.360608551226772100e-01,-3.835289326974277158e-01,1.921700102904487784e+00,-1.137779324064669861e+00,3.769775766273356643e-01,-9.837899451985527843e-01,5.252988943748115869e-01,-5.791022050284857503e-01,-1.033015133475921887e+00,1.278738177425303935e+00,3.166991873785730327e+00,3.266571027868395705e-01,-7.407161678689730411e-02,3.497217034332669172e+00,-1.423241985205210058e+00,-3.747553380364995856e+00
8.065376917945297208e+00,-1.258150323670169102e-01,1.671514416880329756e-01,-1.325581133078002349e-01,-3.873140625907706136e-01,1.914777618003752346e+00,-1.129332457727324268e+00,3.980495901203602860e-01,-9.814805119265568312e-01,5.248323121901697919e-01,-5.556339729147755646e-01,-1.042263821143191826e+00,1.253579991019546647e+00,3.150216083430995795e+00,3.657156708559160530e-01,-6.578783047372849246e-02,3.538377074927991472e+00,-1.349474930904209780e+00,-3.794645260923640517e+00
8.072048032021347908e+00,-1.230896303898131317e-01,1.606123009377309618e-01,-1.290582988236076700e-01,-3.909417254555640486e-01,1.907795077217746993e+00,-1.121054462335357327e+00,4.190060622967874404e-01,-9.789104316707855080e-01,5.244214231380087687e-01,-5.318948089167024884e-01,-1.051019639872968536e+00,1.228112181383963275e+00,3.132353811805177024e+00,4.047974449023121757e-01,-5.737587845043488899e-02,3.578440711759262705e+00,-1.275484820268041108e+00,-3.840376014682290950e+00
8.078719146097398607e+00,-1.202248308823229417e-01,1.540911752468046569e-01,-1.255610373303359673e-01,-3.944101383462742527e-01,1.900755773274716232e+00,-1.112947373026823339e+00,4.398397700850436021e-01,-9.760795821922716442e-01,5.240670608927310292e-01,-5.078920608427932581e-01,-1.059281200621446040e+00,1.202343876348653140e+00,3.113412613111075089e+00,4.438926488033733131e-01,-4.884216603389152089e-02,3.617397951212800056e+00,-1.201301341336880490e+00,-3.884731466976820702e+00
8.085390260173449306e+00,-1.172214767696292681e-01,1.475898044624382455e-01,-1.220659490696315991e-01,-3.977175675546078537e-01,1.893663007508304075e+00,-1.105013163735819370e+00,4.605435421757845260e-01,-9.729879066951765409e-01,5.237700162113994029e-01,-4.836331417297138335e-01,-1.067047312598097042e+00,1.176284296393435014e+00,3.093400450855517292e+00,4.829914392622762787e-01,-4.019315406935596025e-02,3.655239231849934711e+00,-1.126954240420584785e+00,-3.927698016946914006e+00
8.092061374249500005e+00,-1.140804586372208274e-01,1.411099285911920076e-01,-1.185726491520728010e-01,-4.008623290350284973e-01,1.886520088533779616e+00,-1.097253746587210088e+00,4.811102617400817572e-01,-9.696354142662725328e-01,5.235310365724660242e-01,-4.591255269525195137e-01,-1.074316983614702403e+00,1.149942750802969815e+00,3.072325694127888696e+00,5.220839084048070067e-01,-3.143535617891581035e-02,3.691955426375317817e+00,-1.052473310196157641e+00,-3.969262642585255296e+00
8.098732488325550705e+00,-1.108027143585471330e-01,1.346532873580720269e-01,-1.150807478470407125e-01,-4.038427888109515917e-01,1.879330330922188708e+00,-1.089670971317110437e+00,5.015328691222533664e-01,-9.660221802969620741e-01,5.233508258329225837e-01,-4.343767513223478760e-01,-1.081089420354913955e+00,1.123328633788983844e+00,3.050197113715477748e+00,5.611600864205953387e-01,-2.257533599005606684e-02,3.727537843426747877e+00,-9.778883777854803228e-01,-4.009412905541530847e+00
8.105403602401601404e+00,-1.073892287047046035e-01,1.282216197628509302e-01,-1.115898508748138784e-01,-4.066573633615304106e-01,1.872097053872985306e+00,-1.082266624719363524e+00,5.218043645062191427e-01,-9.621483468875328127e-01,5.232300439040108442e-01,-4.093944061728100881e-01,-1.087364028564234975e+00,1.096451420581312730e+00,3.027023878057470085e+00,6.002099442480194336e-01,-1.361970434548800957e-02,3.761978229186285994e+00,-9.032292928183749403e-01,-4.048136955679252580e+00
8.112074716477652103e+00,-1.038410329364178042e-01,1.218166636337412317e-01,-1.080995597007667897e-01,-4.093045199889834285e-01,1.864823579885650062e+00,-1.075042430118164472e+00,5.419178105543507318e-01,-9.580141232333485579e-01,5.231693064455956721e-01,-3.841861364361819908e-01,-1.093140413160320179e+00,1.069320663489330192e+00,3.002815549039396181e+00,6.392233963021590748e-01,-4.575116495218425894e-03,3.795268768812840587e+00,-8.285259154856374764e-01,-4.085423535383810645e+00
8.118745830553702802e+00,-1.001592043785187180e-01,1.154401551785651930e-01,-1.046094718315427469e-01,-4.117827771663730152e-01,1.857513233430844846e+00,-1.068000046867082276e+00,5.618663350177279803e-01,-9.536197859927142417e-01,5.231691845793338125e-01,-3.587596377106722079e-01,-1.098418378263571915e+00,1.041945987935502416e+00,2.977582077629952195e+00,6.781903032448468593e-01,4.551730727935049403e-03,3.827402087695864097e+00,-7.538081045870913544e-01,-4.121261983619877611e+00
8.125416944629753502e+00,-9.634486597710859024e-02,1.090938285335220359e-01,-1.011191811130743995e-01,-4.140907048658034606e-01,1.850169339621633213e+00,-1.061141069874615761e+00,5.816431333167652040e-01,-9.489656796361054525e-01,5.232302046207367718e-01,-3.331226533199129203e-01,-1.103197927147992363e+00,1.014337088462716086e+00,2.951333799362200416e+00,7.171004747961553516e-01,1.375410174834901245e-02,3.858371252530538698e+00,-6.791057055794983421e-01,-4.155642239736748067e+00
8.132088058705804201e+00,-9.239918583960107790e-02,1.027794153096932700e-01,-9.762827803033728713e-02,-4.162269248669774324e-01,1.842795222885280193e+00,-1.054467029156458180e+00,6.012414710911929694e-01,-9.440522167765201811e-01,5.233528478302214015e-01,-3.072829713658472572e-01,-1.107479262112305074e+00,9.865037247170340695e-01,2.924081429661116616e+00,7.559436725864262518e-01,2.302522510204324524e-02,3.888169772214439490e+00,-6.044485386290920914e-01,-4.188554847020135696e+00
8.138759172781854900e+00,-8.832337675786830489e-02,9.649864413741010560e-02,-9.413635000869033376e-02,-4.181901110460665150e-01,1.835394205636196929e+00,-1.047979389414666951e+00,6.206546867183424521e-01,-9.388798784806695608e-01,5.235375501832573164e-01,-2.812484217762790117e-01,-1.111262784271425552e+00,9.584557174076508979e-01,2.895836059019670117e+00,7.947096130479529563e-01,3.235829630434741699e-02,3.916791598565819932e+00,-5.298663866738252404e-01,-4.219990955988945913e+00
8.145430286857905600e+00,-8.411869571468705287e-02,9.025324020860528429e-02,-9.064298171669261939e-02,-4.199789896448784532e-01,1.827969606950522907e+00,-1.041679549643830249e+00,6.398761937987722526e-01,-9.334492145607452551e-01,5.237847021596803154e-01,-2.550268733481780847e-01,-1.114549093268319968e+00,9.302029442456654085e-01,2.866609148025520248e+00,8.333879703455423504e-01,4.174648072980660651e-02,3.944231126863975145e+00,-4.553889834999763631e-01,-4.249942327435981326e+00
8.152101400933956299e+00,-7.978644337371937345e-02,8.404492481728333131e-02,-8.714775537025812313e-02,-4.215923395202906265e-01,1.820524741242911082e+00,-1.035568842764397646e+00,6.588994836082063822e-01,-9.277608438465028140e-01,5.240946485522554044e-01,-2.286262307879919353e-01,-1.117338986906389664e+00,9.017553358634565752e-01,2.836412522240650880e+00,8.719683793449969356e-01,5.118291650312947749e-02,3.970483196211990862e+00,-3.810460018381828240e-01,-4.278401335211317935e+00
8.158772515010006998e+00,-7.532796355325221960e-02,7.787541489824872931e-02,-8.365025103802432860e-02,-4.230289923739214419e-01,1.813062916946023728e+00,-1.029648535283310906e+00,6.777181275148358441e-01,-9.218154544374355108e-01,5.244676882945640273e-01,-2.020544317501508647e-01,-1.119633460702527117e+00,8.731228717163503905e-01,2.805258366936140391e+00,9.104404386185693809e-01,6.066071740004561064e-02,3.995543089722153329e+00,-3.068670414836677240e-01,-4.305360968747303119e+00
8.165443629086057697e+00,-7.074464268392413602e-02,7.174642256421001618e-02,-8.015004694780507311e-02,-4.242878329620578537e-01,1.805587435193269030e+00,-1.023919826982000236e+00,6.963257793610272417e-01,-9.156138039347571089e-01,5.249040743082658000e-01,-1.753194438748750250e-01,-1.121433707361001453e+00,8.443155759682798855e-01,2.773159221684465159e+00,9.487937134865683797e-01,7.017297575702940993e-02,4.019406534524825325e+00,-2.328816174454827470e-01,-4.330814835324434675e+00
8.172114743162108397e+00,-6.603790925068817041e-02,6.565965464141197694e-02,-7.664671979399607926e-02,-4.253677992858060919e-01,1.798101588505319981e+00,-1.018383850631901844e+00,7.147161778084754058e-01,-9.091567196529973804e-01,5.254040133698065773e-01,-1.484292618265593555e-01,-1.122741116168410658e+00,8.153435133632231935e-01,2.740127974811720435e+00,9.870177390940109152e-01,7.971276538865129657e-02,4.042069701601032072e+00,-1.591191481297135057e-01,-4.354757162077079080e+00
8.178785857238159096e+00,-6.120923321925689220e-02,5.961681220392134328e-02,-7.313984504580521573e-02,-4.262678827615045130e-01,1.790608659480927844e+00,-1.013041671737550775e+00,7.328831486458874389e-01,-9.024450988109384841e-01,5.259676659966036061e-01,-1.213919043338439474e-01,-1.123557272309922972e+00,7.862167850841323968e-01,2.706177857712271262e+00,1.025102023521462957e+00,8.927314451151072139e-02,4.063529205439712300e+00,-8.560894356144110873e-02,-4.377182797738544906e+00
8.185456971314209795e+00,-5.626012544727260201e-02,5.361959010670543091e-02,-6.962899725617821556e-02,-4.269871283713945198e-01,1.783111919492559094e+00,-1.007894288307323638e+00,7.508206070582987834e-01,-8.954799087016960257e-01,5.265951463527572818e-01,-9.421541123252780148e-02,-1.123883956107079696e+00,7.569455246010590166e-01,2.671322439028267937e+00,1.063036050929024645e+00,9.884715867360155395e-02,4.083782103520178453e+00,-1.238019365019460416e-02,-4.398087214124847044e+00
8.192128085390260495e+00,-5.119213708047808120e-02,4.766967651765433023e-02,-6.611375037128548737e-02,-4.275246347945700354e-01,1.775614627387378075e+00,-1.002942630651938449e+00,7.685225598570979422e-01,-8.882621868417268640e-01,5.272865221743233688e-01,-6.690784051257270271e-02,-1.123723142177495804e+00,7.275398935103016829e-01,2.635575618696686995e+00,1.100809284732393145e+00,1.084278436879113350e-01,4.102825895620561880e+00,6.053804349613500779e-02,-4.417466507356615502e+00
8.198799199466311194e+00,-4.600685893413619665e-02,4.176875244867024606e-02,-6.259367804044545236e-02,-4.278795545182575433e-01,1.768120028194092530e+00,-9.981875612107058426e-01,7.859831076699225205e-01,-8.807930410985259639e-01,5.280418147141607843e-01,-3.947726537023238391e-02,-1.123076998516750358e+00,6.980100773662296643e-01,2.598951621866473882e+00,1.138411170810076145e+00,1.180082285692358735e-01,4.120658522953293712e+00,1.331168532043308650e-01,-4.435317398818982682e+00
8.205470313542361893e+00,-4.070592085998195331e-02,3.591849128598566254e-02,-5.906835392634757209e-02,-4.280510939294362438e-01,1.760631351836187797e+00,-9.936298744056341059e-01,8.031964470895384123e-01,-8.730736497968485388e-01,5.288609987063854767e-01,-1.193177126658034881e-02,-1.121947885502882380e+00,6.683662815076093500e-01,2.561464992688480713e+00,1.175831140740568603e+00,1.275813384729457545e-01,4.137278367128287115e+00,2.053274758109113751e-01,-4.451637235858976638e+00
8.212141427618412592e+00,-3.529099109897732012e-02,3.012055831983903587e-02,-5.553735201544893196e-02,-4.280385133868732095e-01,1.753151811852057484e+00,-9.892702965233681756e-01,8.201568727808716819e-01,-8.651052618032215591e-01,5.297440023504256246e-01,1.572054700650127312e-02,-1.120338354823865235e+00,6.386187268801517547e-01,2.523130587980986661e+00,1.213058615068523194e+00,1.371401976346619256e-01,4.152684248945099910e+00,2.771413181745434606e-01,-4.466423992220476258e+00
8.218812541694463292e+00,-2.976377562014845268e-02,2.437661027365911615e-02,-5.200024692840936325e-02,-4.278411272736044602e-01,1.745684604122537120e+00,-9.851094856250167675e-01,8.368587795453921174e-01,-8.568891965885756523e-01,5.306907073146929221e-01,4.347158825172242613e-02,-1.118251148328501365e+00,6.087776458570101079e-01,2.483963570773486396e+00,1.250083006598780244e+00,1.466778323096695480e-01,4.166875427014982591e+00,3.485299651211559713e-01,-4.479676268216598700e+00
8.225483655770513991e+00,-2.412601744580139540e-02,1.868829483291220561e-02,-4.845661423044125837e-02,-4.274583040299361203e-01,1.738232905606372780e+00,-9.811480314838630923e-01,8.532966643420046848e-01,-8.484268442688268630e-01,5.317009487598564066e-01,7.131324778198383507e-02,-1.115689196801209704e+00,5.788532780590378568e-01,2.443979403731681543e+00,1.286893723717091431e+00,1.561872737109153142e-01,4.179851596213933540e+00,4.194651908169152454e-01,-4.491393290639612346e+00
8.232154769846564690e+00,-1.837949596339688574e-02,1.305725017374445573e-02,-4.490603074143413587e-02,-4.268894661670274426e-01,1.730799873084099438e+00,-9.773864555509532703e-01,8.694651282637108070e-01,-8.397196656232049916e-01,5.327745153817087242e-01,9.923742032513799272e-02,-1.112655618661188006e+00,5.488558661764878499e-01,2.403193842466480490e+00,1.323480173736514498e+00,1.656615609444912485e-01,4.191612885968096336e+00,4.899189700645901757e-01,-4.501574912408615070e+00
8.238825883922615390e+00,-1.252602622439254187e-02,7.485104491579533392e-03,-4.134807484573047032e-02,-4.261340902611426840e-01,1.723388641910860386e+00,-9.738252109485405761e-01,8.853588784692445479e-01,-8.307691920901710825e-01,5.339111494736031860e-01,1.272360029167490802e-01,-1.109153718586487258e+00,5.187956517939560364e-01,2.361622928730016113e+00,1.359831766268246867e+00,1.750937439414542440e-01,4.202159858372744416e+00,5.598634895184965155e-01,-4.510221611955294030e+00
8.245496997998666089e+00,-6.567458230353082071e-03,1.973475529822354968e-03,-3.778232680141783983e-02,-4.251917069286385020e-01,1.716002324778649113e+00,-9.704646824913862879e-01,9.009727300689461815e-01,-8.215770257407913890e-01,5.351105470084362992e-01,1.553008977797163959e-01,-1.105186986063565246e+00,4.886828712203085678e-01,2.319282983501588458e+00,1.395937916615740182e+00,1.844768863848144647e-01,4.211493506146037014e+00,6.292711588135420087e-01,-4.517334492348085817e+00
8.252168112074716788e+00,-5.056762066260600541e-04,-3.476029891191750876e-03,-3.420836904901218556e-02,-4.240619007817963415e-01,1.708644010488473475e+00,-9.673051867358357647e-01,9.163016079641668199e-01,-8.121448392293666441e-01,5.363723577401331433e-01,1.834240151897620352e-01,-1.100759093862870408e+00,4.585277513252759563e-01,2.276190599966574357e+00,1.431788049190981793e+00,1.938040686306563010e-01,4.219615250419231245e+00,6.981146216038154328e-01,-4.522915280155436868e+00
8.258839226150767487e+00,5.657402136085440403e-03,-8.861816344832698644e-03,-3.062578651939524763e-02,-4.227443103655830203e-01,1.701316762732939969e+00,-9.643469720566569814e-01,9.313405486394684685e-01,-8.024743757212254858e-01,5.376961853246019496e-01,2.115972763255715150e-01,-1.095873896441132533e+00,4.283405053845596999e-01,2.232362636391407307e+00,1.467371600951638877e+00,2.030683906221405488e-01,4.226526938364544961e+00,7.663667665060834855e-01,-4.526966324048640189e+00
8.265510340226818187e+00,1.191982635195629192e-02,-1.418230026826164392e-02,-2.703416694088358121e-02,-4.212386280754527035e-01,1.694023618889729077e+00,-9.615902187515625865e-01,9.460847019069689168e-01,-7.925674487975089555e-01,5.390815874600981550e-01,2.398126161026176151e-01,-1.090535428270951179e+00,3.981313289350710272e-01,2.187816208897650050e+00,1.502678024857961869e+00,2.122629747953803381e-01,4.232230840662397853e+00,8.340007379438746371e-01,-4.529490593145104604e+00
8.272181454302868886e+00,1.827961402174323180e-02,-1.943591043180051270e-02,-2.343310114529539856e-02,-4.195446000563085587e-01,1.686767588826466380e+00,-9.590350391733279967e-01,9.605293326021466793e-01,-7.824259423368231658e-01,5.405280760469440837e-01,2.680619859895491675e-01,-1.084747902098394556e+00,3.679103956421181931e-01,2.142568684138416835e+00,1.537696793348153790e+00,2.213809689760088129e-01,4.236729648809614446e+00,9.009899468875386397e-01,-4.530491675092922499e+00
8.278852568378919585e+00,2.473475152563570090e-02,-2.462108840743303106e-02,-1.982218337288590634e-02,-4.176620260827258457e-01,1.679551653717448634e+00,-9.566814778894615623e-01,9.746698222304686077e-01,-7.720518103736737636e-01,5.420351173665387545e-01,2.963373568060599372e-01,-1.078515707129324319e+00,3.376878531802360861e-01,2.096637671880233533e+00,1.572417401830947359e+00,2.304155492653029991e-01,4.240026472270075786e+00,9.673080814859793541e-01,-4.529973773897602918e+00
8.285523682454970285e+00,3.128319482693345255e-02,-2.973628903628823539e-02,-1.620101157602779618e-02,-4.155907594205840994e-01,1.672378764872705759e+00,-9.545295118692769254e-01,9.885016705642372115e-01,-7.614470769335183187e-01,5.436021322795838717e-01,3.246307215012934067e-01,-1.071843407145138150e+00,3.074738191293350797e-01,2.050041017493597018e+00,1.606829372194224614e+00,2.393599229148448415e-01,4.242124835469829769e+00,1.032929117585707601e+00,-4.527941707492208145e+00
8.292194796531020984e+00,3.792287026620214108e-02,-3.477998089494126199e-02,-1.256918772150211056e-02,-4.133307066702245347e-01,1.665251842579864361e+00,-9.525790506983097261e-01,1.002020497189031856e+00,-7.506138358443897873e-01,5.452284964434443992e-01,3.529340979116232235e-01,-1.064735738548754806e+00,2.772783768879499844e-01,2.002796794355491183e+00,1.640922256328294804e+00,2.482073311884935296e-01,4.243028674638134490e+00,1.097827329132833762e+00,-4.524400905051907174e+00
8.298865910607071683e+00,4.465167536557622385e-02,-3.975064676038015526e-02,-8.926318091276995437e-03,-4.108818275912901052e-01,1.658173774959286417e+00,-9.508299368199190083e-01,1.015222042999187391e+00,-7.395542505249490528e-01,5.469135405485552326e-01,3.812395314968841653e-01,-1.057197608341597261e+00,2.471115716052454392e-01,1.954923296167193847e+00,1.674685639662623515e+00,2.569510522106604467e-01,4.242742334496571566e+00,1.161977298453750640e+00,-4.519357404054422211e+00
8.305537024683122382e+00,5.146747964287391036e-02,-4.464678407348189604e-02,-5.272013581647853886e-03,-4.082441349093790528e-01,1.651147416832916548e+00,-9.492819458039654101e-01,1.028102171641756879e+00,-7.282705537489084779e-01,5.486565505737842630e-01,4.095390980540313253e-01,-1.049234092032396592e+00,2.169834061334441899e-01,1.906439029190598822e+00,1.708109144714716532e+00,2.655844037997753260e-01,4.241270564797931186e+00,1.225353926410374328e+00,-4.512817847087648104e+00
8.312208138759173082e+00,5.836812543515975532e-02,-4.946690540083485688e-02,-1.605890000604258405e-03,-4.054176941046764293e-01,1.644175588607320826e+00,-9.479347866424238100e-01,1.040656870908406306e+00,-7.167650473857501980e-01,5.504567680606411439e-01,4.378249064071589869e-01,-1.040850431478711924e+00,1.869038370024469486e-01,1.857362704406539056e+00,1.741182434649782396e+00,2.741007462857771304e-01,4.238618516716872620e+00,1.287932442425625101e+00,-4.504789478405966996e+00
8.318879252835223781e+00,6.535142873143071074e-02,-5.420953889475350201e-02,2.072431636684052281e-03,-4.024026231827217970e-01,1.637261075171332569e+00,-9.467881020717628937e-01,1.052882254074758217e+00,-7.050401021176638805e-01,5.523133904062286215e-01,4.660891010730058293e-01,-1.032052032661971985e+00,1.568827704182001459e-01,1.807713229598369775e+00,1.773895216849944001e+00,2.824934853106848553e-01,4.234791739094429630e+00,1.349688414375204815e+00,-4.495280140236936006e+00
8.325550366911274480e+00,7.241518001405056193e-02,-5.887322875132730560e-02,5.763324814407055907e-03,-3.991990924274800845e-01,1.630406624808771632e+00,-9.458414689219362126e-01,1.064774561186678348e+00,-6.930981571326295665e-01,5.542255711748154123e-01,4.943238649009131791e-01,-1.022844463397013071e+00,1.269300582865664495e-01,1.757509701364374788e+00,1.806237246491610771e+00,2.907560746110566807e-01,4.229796174538446252e+00,1.410597758341455954e+00,-4.484298268840059443e+00
8.332221480987325180e+00,7.955714510858938326e-02,-6.345653566633702169e-02,9.467157224791675207e-03,-3.958073241368871287e-01,1.623614948126654856e+00,-9.450943984918187546e-01,1.076330160293044846e+00,-6.809417197936399324e-01,5.561924204279082851e-01,5.225214216862541505e-01,-1.013233450977019778e+00,9.705549426431547833e-02,1.706771397062316176e+00,1.838198330129667157e+00,2.988820187812935014e-01,4.223638155381927106e+00,1.470636748225396362e+00,-4.471852890319373941e+00
8.338892595063375879e+00,8.677506604171290883e-02,-6.795803728889232564e-02,1.318429047904017687e-02,-3.922275923410532550e-01,1.616888716999327347e+00,-9.445463369508786400e-01,1.087545548624572866e+00,-6.685733652839633834e-01,5.582130050726930026e-01,5.506740387565047801e-01,-1.003224879754802457e+00,6.726880983882216336e-02,1.655517766689650117e+00,1.869768329287181174e+00,3.068648760168001810e-01,4.216324399501695019e+00,1.529782025212989449e+00,-4.457953616191934643e+00
8.345563709139426578e+00,9.406666190674434214e-02,-7.237632867261532821e-02,1.691507982065753798e-02,-3.884602225033086387e-01,1.610230563528946668e+00,-9.441966657669156326e-01,1.098417353718253775e+00,-6.559957362284709603e-01,5.602863492287019076e-01,5.787740295288829051e-01,-9.928247886614540718e-01,3.757967043819432362e-02,1.603768424702942230e+00,1.900937164049196326e+00,3.146982608358324107e-01,4.207862005999402299e+00,1.588010607091673965e+00,-4.442610638714091564e+00
8.352234823215477277e+00,1.014296297365564203e-01,-7.671002272422305923e-02,2.065987384128219889e-02,-3.845055912042808499e-01,1.603643079022715412e+00,-9.440447021596330979e-01,1.108942334487036607e+00,-6.432115422909648883e-01,5.624114346125697050e-01,6.068137560387796281e-01,-9.820393686633354102e-01,7.997671573330755734e-03,1.551543141779904378e+00,1.931694816659304648e+00,3.223758467790971416e-01,4.198258450747279547e+00,1.645299897413464274e+00,-4.425834725967769501e+00
8.358905937291527977e+00,1.088616453834078401e-01,-8.095775064934271348e-02,2.441901419914499147e-02,-3.803641258092106403e-01,1.597128812987294477e+00,-9.440896995798366831e-01,1.119117382234369185e+00,-6.302235597475015494e-01,5.645872009407170156e-01,6.347856314380218024e-01,-9.708749601584703015e-01,-2.146766498642310728e-02,1.498861836527723534e+00,1.962031335117579989e+00,3.298913690860170167e-01,4.187521581801013859e+00,1.701627694500719379e+00,-4.407637216709018091e+00
8.365577051367578676e+00,1.163603644053642083e-01,-8.511816239539771178e-02,2.819283534027412080e-02,-3.760363041186997046e-01,1.590690272140773853e+00,-9.443308482140360116e-01,1.128939521613251395e+00,-6.170346310357347486e-01,5.668125463498105976e-01,6.626821224620562667e-01,-9.593380503134031345e-01,-5.080689500245394452e-02,1.445744567141131753e+00,1.991936836778489983e+00,3.372386273466141948e-01,4.175659614681946685e+00,1.756972200290989994e+00,-4.388030014981037397e+00
8.372248165443629375e+00,1.239234229589316061e-01,-8.918992709140986797e-02,3.198166422256315533e-02,-3.715226540031091873e-01,1.584329919442610812e+00,-9.447672755141977019e-01,1.138405911529485337e+00,-6.036476642802403036e-01,5.690863278348264886e-01,6.904957518652780069e-01,-9.474352703415847010e-01,-8.001065551936692444e-02,1.392211523013856755e+00,2.021401511947415131e+00,3.444114881280591622e-01,4.162681127531244307e+00,1.811312029017262848e+00,-4.367025584494257373e+00
8.378919279519680074e+00,1.315484386975362963e-01,-9.317173348455687343e-02,3.578582004281866125e-02,-3.668237530208122155e-01,1.578050173141909651e+00,-9.453980467524022435e-01,1.147513845988820558e+00,-5.900656327938593737e-01,5.714073617045545284e-01,7.182191008236132879e-01,-9.351733927244021416e-01,-1.090696685792251208e-01,1.338283016306990314e+00,2.050415627474377001e+00,3.514038875748555779e-01,4.148595056138379533e+00,1.864626215720091684e+00,-4.344636942775913724e+00
8.385590393595730774e+00,1.392330116754495750e-01,-9.706229037331645659e-02,3.960561396690748942e-02,-3.619402280205452627e-01,1.571853405844440887e+00,-9.462221656001557069e-01,1.156260754887709297e+00,-5.762915745550956093e-01,5.737744240543486418e-01,7.458448113034642502e-01,-9.225593283760347152e-01,-1.379747448959311451e-01,1.283979473478027877e+00,2.078969530343492522e+00,3.582098339816067734e-01,4.133410688846517189e+00,1.916894224587988971e+00,-4.320877655091791780e+00
8.392261507671781473e+00,1.469747252568207319e-01,-1.008603270370527077e-01,4.344134886311055294e-02,-3.568727547280547974e-01,1.565741943598744079e+00,-9.472385747320662963e-01,1.164644204747440348e+00,-5.623285916615596847e-01,5.761862512559556837e-01,7.733655883963522770e-01,-9.096001237531974315e-01,-1.667167874883972445e-01,1.229321426773991366e+00,2.107053651256881821e+00,3.648234103375082027e-01,4.117137661337357812e+00,1.968095957122858009e+00,-4.295761828142849126e+00
8.398932621747832172e+00,1.547711470294005354e-01,-1.045645936618697369e-01,4.729331903880393262e-02,-3.516220573172964547e-01,1.559718065001701515e+00,-9.484461564536252887e-01,1.172661899391401530e+00,-5.481798497595566921e-01,5.786415404642147875e-01,8.007742026182901318e-01,-8.963029579110494138e-01,-1.952867952708447485e-01,1.174329505692467190e+00,2.134658508211464412e+00,3.712387768414545652e-01,4.099785951298025921e+00,2.018211760126918719e+00,-4.269304103539502293e+00
8.405603735823882872e+00,1.626198297226015832e-01,-1.081738617625842558e-01,5.116180998057744123e-02,-3.461889079664094426e-01,1.553784000323927161e+00,-9.498437333527885995e-01,1.180311680565291788e+00,-5.338485774498138436e-01,5.811389501404380376e-01,8.280634921732432652e-01,-8.826751395064105221e-01,-2.236758665988762829e-01,1.119024428414097772e+00,2.161774710067331906e+00,3.774501733868946829e-01,4.081365872972710918e+00,2.067222433507978963e+00,-4.241519651056565365e+00
8.412274849899933571e+00,1.705183121295097415e-01,-1.116869246006548105e-01,5.504709809789140595e-02,-3.405741263987122625e-01,1.547941930655313270e+00,-9.514300689750602169e-01,1.187591528500087978e+00,-5.193380656694492892e-01,5.836771005922672950e-01,8.552263651798760469e-01,-8.687241037494934925e-01,-2.518752027698469287e-01,1.063426993210173643e+00,2.188392960106226415e+00,3.834519220154934960e-01,4.061888071601721606e+00,2.115109237899813088e+00,-4.212424161671759038e+00
8.418945963975984270e+00,1.784641200324418586e-01,-1.151025975979044491e-01,5.894945047040083680e-02,-3.347785794089749856e-01,1.542193987071093453e+00,-9.532038685217772978e-01,1.194499562417613348e+00,-5.046516670502427804e-01,5.862545745297836897e-01,8.822558018607633556e-01,-8.544574093054891906e-01,-2.798761114760068280e-01,1.007558069829137759e+00,2.214504059578661810e+00,3.892384293385485194e-01,4.041363517750705903e+00,2.161853902094441615e+00,-4.182033840390954715e+00
8.425617078052034969e+00,1.864547671317067223e-01,-1.184197187458899125e-01,6.286912459903387651e-02,-3.288031803752057836e-01,1.536542249818722894e+00,-9.551637795712610846e-01,1.201034040978596451e+00,-4.897927952532648566e-01,5.888699176376707145e-01,9.091448566935091957e-01,-8.398827351471391811e-01,-3.076700102091685096e-01,9.514385908654403590e-01,2.240098911238350698e+00,3.948041889254109149e-01,4.019803501532825507e+00,2.207438630283421244e+00,-4.150365398863286259e+00
8.432288192128085669e+00,1.944877559771447662e-01,-1.216371490107476250e-01,6.680636816094608077e-02,-3.226488887562223296e-01,1.530988747525934279e+00,-9.573083928225235573e-01,1.207193362673089521e+00,-4.747649242800011660e-01,5.915216391631916704e-01,9.358866605228803870e-01,-8.250078773596971615e-01,-3.352484296153405152e-01,8.950895431146388415e-01,2.265168522862392120e+00,4.001437836578363716e-01,3.997219626726639330e+00,2.251846109105005489e+00,-4.117436047789413855e+00
8.438959306204136368e+00,2.025605789020922809e-01,-1.247537727333705021e-01,7.076141876844505019e-02,-3.163167095752599800e-01,1.525535456430244130e+00,-9.596362428611828754e-01,1.212976066153185650e+00,-4.595715877600252686e-01,5.942082125197597486e-01,9.624744226334194241e-01,-8.098407458994971719e-01,-3.626030167980871521e-01,8.385319589182460565e-01,2.289704010755882368e+00,4.052518880494954678e-01,3.973623804792600911e+00,2.295059514494429465e+00,-4.083263489126280454e+00
8.445630420280187067e+00,2.106707189593665652e-01,-1.277684980247516811e-01,7.473450373199541641e-02,-3.098076928898904625e-01,1.520184299630248592e+00,-9.621458089472293418e-01,1.218380830507977297e+00,-4.442163782153456530e-01,5.969280759058642749e-01,9.889014327818084205e-01,-7.943893613075071469e-01,-3.897255385691987262e-01,7.817869075021528502e-01,2.313696603239438154e+00,4.101232705296978809e-01,3.949028248791090601e+00,2.337062518334378503e+00,-4.047865908091893061e+00
8.452301534356237767e+00,2.188156508588907090e-01,-1.306802571563443482e-01,7.872583982740302688e-02,-3.031229332485190220e-01,1.514937146358983133e+00,-9.648355158243108187e-01,1.223406475480709465e+00,-4.287029463015684660e-01,5.996796329391055336e-01,1.015161063188289470e+00,-7.786618513791929708e-01,-4.166078846453460383e-01,7.248754863121963377e-01,2.337137644118236768e+00,4.147527956904498714e-01,3.923445467204753623e+00,2.377839294903013823e+00,-4.011261964973478200e+00
8.458972648432288466e+00,2.269928419065788128e-01,-1.334880069452820672e-01,8.273563306727776956e-02,-2.962635691337335841e-01,1.509795811279643463e+00,-9.677037345501537935e-01,1.228051961628142674e+00,-4.130350000259647159e-01,6.024612533050988095e-01,1.041246770486613515e+00,-7.626664477920396257e-01,-4.432420707894710876e-01,6.678188123505950369e-01,2.360018596131125523e+00,4.191354264960463483e-01,3.896888257668254862e+00,2.417374527116857408e+00,-3.973470786742794747e+00
8.465643762508339165e+00,2.351997529440947587e-01,-1.361907291343086301e-01,8.676407847687378494e-02,-2.892307823927783295e-01,1.504762053803934574e+00,-9.707487833477559391e-01,1.232316390422129704e+00,-3.972163039425986586e-01,6.052712734209957368e-01,1.067152097631859364e+00,-7.464114826921022239e-01,-4.696202418956165747e-01,6.106380135168735235e-01,2.382331044378385609e+00,4.232662264543355923e-01,3.869369700608298324e+00,2.455653412566013660e+00,-3.934511958482148408e+00
8.472314876584389864e+00,2.434338392890820491e-01,-1.387874307662561035e-01,9.081135987440658308e-02,-2.820257976554609303e-01,1.499837577433337010e+00,-9.739689284769577071e-01,1.236199004293448755e+00,-3.812506783246835118e-01,6.081079971133480644e-01,1.092870675765474253e+00,-7.299053852410450904e-01,-4.957346750158778126e-01,5.533542199570882225e-01,2.404066699726648881e+00,4.271403617487742332e-01,3.840903152797035869e+00,2.492661669339172548e+00,-3.894405514625004283e+00
8.478985990660440564e+00,2.516925516755111336e-01,-1.412771445529336645e-01,9.487764965593611932e-02,-2.746498817397403647e-01,1.495024029123522613e+00,-9.773623851260219153e-01,1.239699186617972293e+00,-3.651419983142738523e-01,6.109696963100756939e-01,1.118396226037115859e+00,-7.131566781249659703e-01,-5.215777823283935799e-01,4.959885554247879247e-01,2.425217402189637994e+00,4.307531033305876944e-01,3.811502240821795340e+00,2.528385541636131162e+00,-3.853171930014909652e+00
8.485657104736491263e+00,2.599733371937280602e-01,-1.436589292382625671e-01,9.896310858491438878e-02,-2.671043430453223233e-01,1.490322998672193533e+00,-9.809273183228062187e-01,1.242816461645241510e+00,-3.488941930495204069e-01,6.138546117462455598e-01,1.143722561382574110e+00,-6.961739740265451282e-01,-5.471421140450223319e-01,4.385621286575718258e-01,2.445775124283208868e+00,4.340998289701086810e-01,3.781180854474230024e+00,2.562811805165416068e+00,-3.810832110786719795e+00
8.492328218812541962e+00,2.682736402298423473e-01,-1.459318699555183230e-01,1.030678855864889387e-01,-2.593905309355357125e-01,1.485736018130568548e+00,-9.846618438651301153e-01,1.245550494369587202e+00,-3.325112447696055851e-01,6.167609536834005590e-01,1.168843588257384436e+00,-6.789659720618875793e-01,-5.724203612576430622e-01,3.810960247727611661e-01,2.465731974353325473e+00,4.371760252666067048e-01,3.749953140062003420e+00,2.595927772324867266e+00,-3.767407385074106330e+00
8.498999332888592662e+00,2.765909034040679448e-01,-1.480950785785275781e-01,1.071921175466422349e-01,-2.515098351077886263e-01,1.481264561238755162e+00,-9.885640292699213738e-01,1.247901090343915165e+00,-3.159971878975843529e-01,6.196869026421637505e-01,1.193753308325580242e+00,-6.615414541835111795e-01,-5.974053587219141370e-01,3.236112966858168960e-01,2.485080199875536522e+00,4.399772896158503643e-01,3.717833493646050425e+00,2.627721297163046810e+00,-3.722919493547361292e+00
8.505670446964643361e+00,2.849225685076155479e-01,-1.501476940666705284e-01,1.113359291162668574e-01,-2.434636849529221159e-01,1.476910042885230201e+00,-9.926318947407233306e-01,1.249868195436329987e+00,-2.993561081013242919e-01,6.226306101478096267e-01,1.218445820103031263e+00,-6.439092815510284451e-01,-6.220900875772927829e-01,2.661289565552580338e-01,2.503812190724492570e+00,4.424993321345742636e-01,3.684836554206637693e+00,2.658180780119387521e+00,-3.677390579785726921e+00
8.512341561040694060e+00,2.932660774377873203e-01,-1.520888828035490969e-01,1.154994325202637340e-01,-2.352535489037431149e-01,1.472673818590627182e+00,-9.968634141531304005e-01,1.251451895529795078e+00,-2.825921413327101561e-01,6.255901994885364470e-01,1.242915320555017633e+00,-6.260783908709153245e-01,-6.464676780023352887e-01,2.086699672574757747e-01,2.521920482412167708e+00,4.447379775411943181e-01,3.650977196741274966e+00,2.687295172541245947e+00,-3.630843180488319888e+00
8.519012675116744759e+00,3.016188731308723225e-01,-1.539178389291731563e-01,1.196827273717208928e-01,-2.268809337730539888e-01,1.468557184016050288e+00,-1.001256516057717150e+00,1.252652416165012106e+00,-2.657094728453780474e-01,6.285637664861464247e-01,1.267156106647544966e+00,-6.080577907068742682e-01,-6.705314118041767468e-01,1.512552338951776987e-01,2.539397759293316792e+00,4.466891669921091435e-01,3.616270525297719196e+00,2.715053980975901116e+00,-3.583300215528028243e+00
8.525683789192795459e+00,3.099784004924689418e-01,-1.556337846655224677e-01,1.238859004913000356e-01,-2.183473840814961764e-01,1.464561374496087920e+00,-1.005809084700027611e+00,1.253470122126791875e+00,-2.487123361911706410e-01,6.315493802788028077e-01,1.291162576851908828e+00,-5.898565577623789968e-01,-6.942747249410883281e-01,9.390559534298392741e-02,2.556236857736803980e+00,4.483489598727136149e-01,3.580731865945198322e+00,2.741447271235842642e+00,-3.534784977852591936e+00
8.532354903268846158e+00,3.183421073248636768e-01,-1.572359706353430864e-01,1.281090257318569514e-01,-2.096544813755041037e-01,1.460687564596721444e+00,-1.010518961057152110e+00,1.253905516974146650e+00,-2.316050121955523511e-01,6.345450841156097255e-01,1.314929232602266795e+00,-5.714838331367969593e-01,-7.176912099772413400e-01,3.664181583373682383e-02,2.572430769261380146e+00,4.497135355427054337e-01,3.544376759687162703e+00,2.766465672235573603e+00,-3.485321123237441476e+00
8.539026017344896857e+00,3.267074452510836391e-01,-1.587236761740398461e-01,1.323521638084272090e-01,-2.008038435357044071e-01,1.456936867698286120e+00,-1.015383943890468599e+00,1.253959242514408157e+00,-2.143918279122300763e-01,6.375488961626547546e-01,1.338450679705651236e+00,-5.529488185567408287e-01,-7.407746184685555235e-01,-2.051542341096646016e-02,2.587972643634560477e+00,4.507791950347622145e-01,3.507220955318646194e+00,2.790100379598492886e+00,-3.434932659894508689e+00
8.545697131420947557e+00,3.350718706352607823e-01,-1.600962096345258101e-01,1.366153621336087531e-01,-1.917971240760588114e-01,1.453310335603658299e+00,-1.020401790814053022e+00,1.253632078221661672e+00,-1.970771555572272682e-01,6.405588103202425332e-01,1.361721629704217840e+00,-5.342607725840875510e-01,-7.635188632788092455e-01,-7.754553250250173502e-02,2.602855791933193608e+00,4.515423627061647127e-01,3.469280402231570193e+00,2.812343159032273832e+00,-3.383643937941720470e+00
8.552368245496998256e+00,3.434328454989287183e-01,-1.613529086848944916e-01,1.408986546584339861e-01,-1.826360114340793983e-01,1.449808958171811657e+00,-1.025570219378314052e+00,1.252924940599837722e+00,-1.796654114226717558e-01,6.435727970509924623e-01,1.384736901189336677e+00,-5.154290068022543414e-01,-7.859180208250512445e-01,-1.344280211557309368e-01,2.617073689564377137e+00,4.519995878426599223e-01,3.430571243171197438e+00,2.833186349471412235e+00,-3.331479638737642190e+00
8.559039359573048955e+00,3.517878384328850805e-01,-1.624931405987765920e-01,1.452020617188161666e-01,-1.733222282524494728e-01,1.446433662976875700e+00,-1.030886908168368699e+00,1.251838882490810434e+00,-1.621610547705675531e-01,6.465888042184499973e-01,1.407491421067137205e+00,-4.964628819823350692e-01,-8.079663332513672414e-01,-1.911425069048195979e-01,2.630619979245350848e+00,4.521475462138790369e-01,3.391109806946980942e+00,2.852622865985682488e+00,-3.278464764085867067e+00
8.565710473649099654e+00,3.601343255042606106e-01,-1.635163025382525281e-01,1.495255898876028389e-01,-1.638575306523511188e-01,1.443185314992847967e+00,-1.036349497916670526e+00,1.250375092327878690e+00,-1.445685867068276509e-01,6.496047579359445212e-01,1.429980225775387970e+00,-4.773718042305582498e-01,-8.296582105302878762e-01,-2.476687232609463551e-01,2.643488473941005612e+00,4.519830415799321877e-01,3.350912601101117438e+00,2.870646202453245088e+00,-3.224624625313975645e+00
8.572381587725150354e+00,3.684697911584199903e-01,-1.644218218291876865e-01,1.538692318323474639e-01,-1.542437074988513013e-01,1.440064716304047643e+00,-1.041955592629423055e+00,1.248534893335032203e+00,-1.268925490358525643e-01,6.526185634252996692e-01,1.452198462451228966e+00,-4.581652211187628998e-01,-8.509882324908539797e-01,-3.039865278084984412e-01,2.655673159757706792e+00,4.515030071483699947e-01,3.309996304538015188e+00,2.887250433997420540e+00,-3.169984832231580008e+00
8.579052701801201053e+00,3.767917291153471959e-01,-1.652091562288634241e-01,1.582329661788203778e-01,-1.444825796586518274e-01,1.437072605841453132e+00,-1.047702760726268112e+00,1.246319742672415298e+00,-1.091375230959676923e-01,6.556281058851265442e-01,1.474141390049689138e+00,-4.388526177993519184e-01,-8.719511507726932509e-01,-3.600759102363824127e-01,2.667168198792069678e+00,4.507045069812003479e-01,3.268377760117998410e+00,2.902430219186037164e+00,-3.114571281972391859e+00
8.585723815877251752e+00,3.850976432601554977e-01,-1.658777941857749183e-01,1.626167573803636301e-01,-1.345759992505408120e-01,1.434209659144985771e+00,-1.053588536192769043e+00,1.243731230528444254e+00,-9.130812857597389587e-02,6.586312513683139080e-01,1.495804380412669055e+00,-4.194435131063962152e-01,-8.925418907052684592e-01,-4.159170003011462002e-01,2.677967931933402213e+00,4.495847373512495415e-01,3.226073967218480831e+00,2.916180801992553917e+00,-3.058410147725017847e+00
8.592394929953302452e+00,3.933850485273485131e-01,-1.664272550914727422e-01,1.670205555931091879e-01,-1.245258488888946469e-01,1.431476488151865345e+00,-1.059610419745165011e+00,1.240771079159035839e+00,-7.340902231321694282e-02,6.616258476684079293e-01,1.517182919288162068e+00,-3.999474556444612139e-01,-9.127555531115663090e-01,-4.714900757184616875e-01,2.688066881618475623e+00,4.481410280474842356e-01,3.183102074265997672e+00,2.928498013518085585e+00,-3.001527867357490109e+00
8.599066044029353151e+00,4.016514717785140132e-01,-1.668570895243247643e-01,1.714442965571597588e-01,-1.143340409205322733e-01,1.428873641011073836e+00,-1.065765880006921629e+00,1.237441141874443318e+00,-5.544489707338545736e-02,6.646097252145162226e-01,1.538272607299607131e+00,-3.803740198667341366e-01,-9.325874160355783760e-01,-5.267755699798931657e-01,2.697459754537379073e+00,4.463708436287176506e-01,3.139479371242249073e+00,2.939378273473713499e+00,-2.943951131940254484e+00
8.605737158105403850e+00,4.098944526730786131e-01,-1.671668794850787454e-01,1.758879014837458898e-01,-1.040025166552671354e-01,1.426401601924032869e+00,-1.072052354696535703e+00,1.233743401974194409e+00,-3.742048031246167361e-02,6.675806979744264291e-01,1.559069160865180326e+00,-3.607328021440424637e-01,-9.520329363929197486e-01,-5.817540800915738108e-01,2.706141444289146936e+00,4.442717846253521063e-01,3.095223282167526513e+00,2.948818591422406765e+00,-2.885706874172716319e+00
8.612408272181454549e+00,4.181115445317820090e-01,-1.673562386241072564e-01,1.803512769484552636e-01,-9.353324559051123810e-02,1.424060791011514837e+00,-1.078467251826103146e+00,1.229679971630683211e+00,-1.934053292111206912e-02,6.705365643655301078e-01,1.579568413066810617e+00,-3.410334168264381738e-01,-9.710877515438604002e-01,-6.364063742316186101e-01,2.714107033985932116e+00,4.418415886885354027e-01,3.050351357564785371e+00,2.956816567780156113e+00,-2.826822256718207971e+00
8.619079386257505249e+00,4.263003151925414680e-01,-1.674248124602171761e-01,1.848343147905432970e-01,-8.292822463022922475e-02,1.421851564206860541e+00,-1.085007950910111152e+00,1.225253090721952098e+00,-1.209847951884446271e-03,6.734751081732783806e-01,1.599766314468962447e+00,-3.212854922988560014e-01,-9.897476807883345273e-01,-6.907133993231138192e-01,2.721351798804425570e+00,4.390781316865259298e-01,3.004881266907671211e+00,2.963370394575804756e+00,-2.767324660452553431e+00
8.625750500333555948e+00,4.344583478583528557e-01,-1.673722785909133592e-01,1.893368920184143878e-01,-7.218947729861735496e-02,1.419774213175514443e+00,-1.091671804183948380e+00,1.220465125614250024e+00,1.696675067043743046e-02,6.763940994767337900e-01,1.619658933886896968e+00,-3.014986670325592311e-01,-1.008008726782195552e+00,-7.446562885195542325e-01,2.727871208483358512e+00,4.359794287476301822e-01,2.958830791055732767e+00,2.968478855969415076e+00,-2.707241672631087948e+00
8.632421614409606647e+00,4.425832419369122306e-01,-1.671983468940034245e-01,1.938588707212875184e-01,-6.131905294881277724e-02,1.417828965260917951e+00,-1.098456137831598456e+00,1.215318567894948965e+00,3.518440945495790451e-02,6.792912955809279341e-01,1.639242459104502059e+00,-2.816825856338940337e-01,-1.025867076874331207e+00,-7.982163685996559455e-01,2.733660929765826975e+00,4.325436352495212744e-01,2.912217814680136740e+00,2.972141328528863813e+00,-2.646601074979378687e+00
8.639092728485657346e+00,4.506726138716181662e-01,-1.669027597204349456e-01,1.984000979871027581e-01,-5.031902596697973573e-02,1.416015983456770488e+00,-1.105358253221985221e+00,1.209816033056438034e+00,5.343824666689628300e-02,6.821644419556399663e-01,1.658513197541564788e+00,-2.618468948920069650e-01,-1.043319104364092365e+00,-8.513751672684846117e-01,2.738716828785241031e+00,4.287690477544869871e-01,2.865060318683117835e+00,2.974357781264609368e+00,-2.585430831712678401e+00
8.645763842561708046e+00,4.587240979636285076e-01,-1.664852920782597390e-01,2.029604058267247269e-01,-3.919149497213204880e-02,1.414335366405636840e+00,-1.112375428153445034e+00,1.203960259131639621e+00,7.172335366554391523e-02,6.850112731802031618e-01,1.677467576870400157e+00,-2.420012398271743082e-01,-1.060361369678513022e+00,-9.041144203618902697e-01,2.743034973393763121e+00,4.246541048902075510e-01,2.817376372614463165e+00,2.975128775422695604e+00,-2.523759077489246216e+00
8.652434956637758745e+00,4.667353471846615864e-01,-1.659457518076202232e-01,2.075396111044477687e-01,-2.793858201198658187e-02,1.412787148423938932e+00,-1.119504918105773017e+00,1.197754105281789716e+00,9.003479625755367310e-02,6.878295138940483389e-01,1.696102145581989351e+00,-2.221552597412678742e-01,-1.076990621469049891e+00,-9.564160789513123095e-01,2.746611635431994269e+00,4.201973881759089036e-01,2.769184127088254233e+00,2.974455464035962393e+00,-2.461614105302814437e+00
8.659106070713809444e+00,4.747040339802117148e-01,-1.652839797466584271e-01,2.121375154748822434e-01,-1.656243175523122724e-02,1.411371299553251912e+00,-1.126743957499326543e+00,1.191200550337164987e+00,1.083676160651795839e-01,6.906168797525289449e-01,1.714413573501432975e+00,-2.023185842720741090e-01,-1.093203797627269491e+00,-1.008262316346026477e+00,2.749443292938841488e+00,4.153976227933759979e-01,2.720501806203120321e+00,2.972339591233827072e+00,-2.399024354319215568e+00
8.665777184789860144e+00,4.826278510628791985e-01,-1.644998498882498106e-01,2.167539053262116655e-01,-5.065210680507137297e-03,1.410087725637932055e+00,-1.134089760960629967e+00,1.184302691291439835e+00,1.267168319090387629e-01,6.933710783877484740e-01,1.732398652252935767e+00,-1.825008294529711916e-01,-1.108998026219293775e+00,-1.059635534989985528e+00,2.751526632300401065e+00,4.102536783027576073e-01,2.671347699969198075e+00,2.968783491310795775e+00,-2.336018397662523505e+00
8.672448298865910843e+00,4.905045121955087239e-01,-1.635932695274613657e-01,2.213885517298976868e-01,6.550893737543903028e-03,1.408936268428993221e+00,-1.141539524593943034e+00,1.177063741750398851e+00,1.450774412050390427e-01,6.960898103739473486e-01,1.750054295674284610e+00,-1.627115937796495271e-01,-1.124370626338583090e+00,-1.110518373250469093e+00,2.752858550336739984e+00,4.047645693027283054e-01,2.621740156745016037e+00,2.963790087554214914e+00,-2.272624930155821232e+00
8.679119412941961542e+00,4.983317529638126575e-01,-1.625641793996500939e-01,2.260412103968171271e-01,1.828367384481005553e-02,1.407916705714199246e+00,-1.149090427258238289e+00,1.169487030335731870e+00,1.634444213749630670e-01,6.987707701971231922e-01,1.767377540180879780e+00,-1.429604542854621962e-01,-1.139319108876784892e+00,-1.160893712095643515e+00,2.753436156325520745e+00,3.989294560348966012e-01,2.571697575687595716e+00,2.957362890831705560e+00,-2.208872756022002726e+00
8.685790527018012241e+00,5.061073315382145221e-01,-1.614125538091016332e-01,2.307116216399018316e-01,3.013090262651831053e-02,1.407028751474302064e+00,-1.156739631849049932e+00,1.161575999044659691e+00,1.818127312703926579e-01,7.014116472284829262e-01,1.784365545079491744e+00,-1.232569626269892360e-01,-1.153841177212431068e+00,-1.210744681658507904e+00,2.753256773961375803e+00,3.927476449321455898e-01,2.521238399218788562e+00,2.949505997938931312e+00,-2.144790776549664990e+00
8.692461641094062941e+00,5.138290294245971834e-01,-1.601384007481296556e-01,2.353995103432652836e-01,4.209033452797239505e-02,1.406272056065365206e+00,-1.164484286584654749e+00,1.153334201566146300e+00,2.001773126094515132e-01,7.040101267013926245e-01,1.801015592831827439e+00,-1.036106411813971784e-01,-1.167934727817276475e+00,-1.260054667684430862e+00,2.752317943249997789e+00,3.862185891108194102e-01,2.470381105511107123e+00,2.940224089708318722e+00,-2.080407977729487268e+00
8.699132755170113640e+00,5.214946522036731924e-01,-1.587417620065478818e-01,2.401045859378738156e-01,5.415970627685535999e-02,1.405646206427059619e+00,-1.172321526295997618e+00,1.144765301554517833e+00,2.185330914259782098e-01,7.065638906913797035e-01,1.817325089267986638e+00,-8.403097915727184009e-02,-1.181597850780001568e+00,-1.308807317859672192e+00,2.750617422335921436e+00,3.793418888064409300e-01,2.419144200996238503e+00,2.929522428879676621e+00,-2.015753417866374075e+00
8.705803869246164339e+00,5.291020302587063906e-01,-1.572227132714359987e-01,2.448265423837489574e-01,6.633673770682900483e-02,1.405150726316878762e+00,-1.180248473719863744e+00,1.135873070861233014e+00,2.368749795306652473e-01,7.090706190989057855e-01,1.833291563750106157e+00,-6.452742872036257293e-02,-1.194828830247305351e+00,-1.356986548018435546e+00,2.748153189262992235e+00,3.721172917529805280e-01,2.367546212899195979e+00,2.917406857733413794e+00,-1.950856215172527719e+00
8.712474983322215039e+00,5.366490194912889589e-01,-1.555813642171148814e-01,2.495650581587505190e-01,7.861913258201774779e-02,1.404785076570119307e+00,-1.188262240794689006e+00,1.126661387725699681e+00,2.551978759837154054e-01,7.115279906344257332e-01,1.848912669286216115e+00,-4.510940113600275803e-02,-1.207626144782083966e+00,-1.404576548225777266e+00,2.744923443666525298e+00,3.645446935053632820e-01,2.315605681801454985e+00,2.903883795487591346e+00,-1.885745535346964097e+00
8.719146097398265738e+00,5.441335020249240539e-01,-1.538178585852678915e-01,2.543197962539199830e-01,9.100457942211720441e-02,1.404548655385562617e+00,-1.196359929958507484e+00,1.117134234925894809e+00,2.734966685785476526e-01,7.139336838054572976e-01,1.864186182594641306e+00,-2.578626292959426691e-02,-1.219988467638793761e+00,-1.451561788734101910e+00,2.740926608396241804e+00,3.566241377052793426e-01,2.263341154235895658e+00,2.888960235459661519e+00,-1.820450579146495329e+00
8.725817211474316437e+00,5.515533868961390862e-01,-1.519323742551190459e-01,2.590904041754322762e-01,1.034907523277603936e-01,1.404440798636683363e+00,-1.204538635448442196e+00,1.107295697889701058e+00,2.917662353361223926e-01,7.162853779052034131e-01,1.879110004119112887e+00,-6.567332066855724459e-03,-1.231914666955860049e+00,-1.497927025810759316e+00,2.736161331068969194e+00,3.483558162900727284e-01,2.210771175316772030e+00,2.872643741994283850e+00,-1.755000569953671707e+00
8.732488325550367136e+00,5.589066107328640731e-01,-1.499251233036184572e-01,2.638765139531339399e-01,1.160753118058087396e-01,1.404460780208281578e+00,-1.212795444601216355e+00,1.097149962767785869e+00,3.100014460093550861e-01,7.185807540023864126e-01,1.893682157994791782e+00,1.253812584467350888e-02,-1.243403805865130884e+00,-1.543657307434405546e+00,2.730626485550309290e+00,3.397400696447198665e-01,2.157914281407682378e+00,2.854942447158393293e+00,-1.689424741346847059e+00
8.739159439626417836e+00,5.661911384198312636e-01,-1.477963520555526378e-01,2.686777421556890144e-01,1.287559055942658903e-01,1.404607812358380059e+00,-1.221127439154103378e+00,1.086701314468940582e+00,3.281971635971874801e-01,7.208174959319162411e-01,1.907900791965574161e+00,3.152090133130175387e-02,-1.254455142518471344e+00,-1.588737978857876376e+00,2.724321173364267601e+00,3.307773866968585219e-01,2.104788992830563643e+00,2.835865047204944922e+00,-1.623752324677792513e+00
8.745830553702468535e+00,5.734049637507533381e-01,-1.455463411235223270e-01,2.734936899123462939e-01,1.415301694864840587e-01,1.404881046105221243e+00,-1.229531696545793418e+00,1.075954134658747341e+00,3.463482458678426301e-01,7.229932912859854399e-01,1.921764177252884176e+00,5.037184480450590529e-02,-1.265068130031508975e+00,-1.633154688035413082e+00,2.717244725030042218e+00,3.214684049547763545e-01,2.051413806618602287e+00,2.815420798806821168e+00,-1.558012536661949721e+00
8.752501667778519234e+00,5.805461100670135099e-01,-1.431754054377378516e-01,2.783239429413011390e-01,1.543957281543070492e-01,1.405279571639215241e+00,-1.238005291216593973e+00,1.064912899722504358e+00,3.644495468907036351e-01,7.251058324052412907e-01,1.935270708376238602e+00,6.908187028635198734e-02,-1.275242416344633645e+00,-1.676893390911952775e+00,2.709396701325178292e+00,3.118139104884521950e-01,1.997807189316144649e+00,2.793619515062468306e+00,-1.492234566986760269e+00
8.759172781854569934e+00,5.876126308826719047e-01,-1.406838942655558589e-01,2.831680715846884855e-01,1.673501959698951991e-01,1.405802418759638073e+00,-1.246545295907443673e+00,1.053582178693326377e+00,3.824959185764312819e-01,7.271528173696334418e-01,1.948418902926005725e+00,8.764195910753291852e-02,-1.284977844001436775e+00,-1.719940356572580598e+00,2.700776894474159917e+00,3.018148378535852050e-01,1.943987569828335982e+00,2.770471561274917338e+00,-1.426447565943187445e+00
8.765843895930620633e+00,5.946026104955118852e-01,-1.380721912207269475e-01,2.880256308501629725e-01,1.803911778258370513e-01,1.406448557335914895e+00,-1.255148782957157039e+00,1.041966631146375555e+00,4.004822122246984861e-01,7.291319509885703098e-01,1.961207401288581842e+00,1.060431635764688130e-01,-1.294274449844703856e+00,-1.762282172249895362e+00,2.691385329261782644e+00,2.914722699587374288e-01,1.889973332323584554e+00,2.745987850506007355e+00,-1.360680632085851993e+00
8.772515010006671332e+00,6.015141645839491291e-01,-1.353407142622851944e-01,2.928961604591018841e-01,1.935162699532934905e-01,1.407216897793268640e+00,-1.263812825597374623e+00,1.030071005060159584e+00,4.184032800791503970e-01,7.310409457899872399e-01,1.973634966324431916e+00,1.242766106180197005e-01,-1.303132464630203824e+00,-1.803905748187536462e+00,2.681222264070449945e+00,2.807874378755654821e-01,1.835782809191490506e+00,2.720179838907618830e+00,-1.294962799926806074e+00
8.779186124082722031e+00,6.083454407895561022e-01,-1.324899156830475488e-01,2.977791849013826653e-01,2.067230607378428286e-01,1.408106291622555517e+00,-1.272534499244669215e+00,1.017900134645862043e+00,4.362539768889989733e-01,7.328775230079888070e-01,1.985700482999360972e+00,1.423335053803334582e-01,-1.311552312558539324e+00,-1.844798322357840803e+00,2.670288191840714198e+00,2.697617205923360517e-01,1.781434274059144229e+00,2.693059520831837084e+00,-1.229323027668273394e+00
8.785857238158772731e+00,6.150946192849996441e-01,-1.295202820876716343e-01,3.026742134967596032e-01,2.200091315326790087e-01,1.409115531914022279e+00,-1.281310882789236771e+00,1.005458938145715519e+00,4.540291614767760220e-01,7.346394135686098448e-01,1.997402957969339532e+00,1.602051348082872972e-01,-1.319534610725237034e+00,-1.884947465031803659e+00,2.658583840954352961e+00,2.583966447107014508e-01,1.726945934868649557e+00,2.664639423722240608e+00,-1.163790184979579534e+00
8.792528352234823430e+00,6.217599133272000422e-01,-1.264323343602388738e-01,3.075807404627953212e-01,2.333720574689335803e-01,1.410243353914826026e+00,-1.290139059879677141e+00,9.927524156013496359e-01,4.717236983117202298e-01,7.363243590734236399e-01,2.008741519119434216e+00,1.778828711822005859e-01,-1.327080168489539691e+00,-1.924341083199657243e+00,2.646110176039283779e+00,2.466938840860130600e-01,1.672335927018389956e+00,2.634932602788183864e+00,-1.098393040823263389e+00
8.799199466310874129e+00,6.283395697954945458e-01,-1.232266276213196676e-01,3.124982449893585201e-01,2.468094082627195485e-01,1.411488435609999037e+00,-1.299016120203261071e+00,9.797856465931977787e-01,4.893324590882658365e-01,7.379301127805008020e-01,2.019715415057139474e+00,1.953581756202154573e-01,-1.334189986762089442e+00,-1.962967424840238007e+00,2.632868398695674017e+00,2.346552594111782630e-01,1.617622306571034674e+00,2.603952635464624965e+00,-1.033160251335794477e+00
8.805870580386924829e+00,6.348318697146317913e-01,-1.199037511744989043e-01,3.174261913196426699e-01,2.603187490186832931e-01,1.412849398326689432e+00,-1.307939160761198982e+00,9.665637879518892417e-01,5.068503243091069255e-01,7.394544405824596822e-01,2.030324014560668022e+00,2.126226015430823235e-01,-1.340865257212013439e+00,-2.000815083037616571e+00,2.618859948142656435e+00,2.222827377443621355e-01,1.562823043530665146e+00,2.571713615659479757e+00,-9.681203477677060576e-01
8.812541694462975528e+00,6.412351287624131757e-01,-1.164643284423176051e-01,3.223640288377130347e-01,2.738976410297145891e-01,1.414324807361363678e+00,-1.316905287138341540e+00,9.530920714427177920e-01,5.242721848723311817e-01,7.408951219811414912e-01,2.040566805982634957e+00,2.296677980998272917e-01,-1.347107361393746761e+00,-2.037872999943388663e+00,2.604086501784980801e+00,2.095784319806213158e-01,1.507956015191805221e+00,2.538230147791141977e+00,-9.033017244884415931e-01
8.819212808539026227e+00,6.475476977617882213e-01,-1.129090168916257186e-01,3.273111921625322385e-01,2.875436425725186318e-01,1.415913172629736039e+00,-1.325911614766796420e+00,9.393758014241835319e-01,5.415929436620368076e-01,7.422499510585867100e-01,2.050443396609566094e+00,2.464855135529625541e-01,-1.352917869794044714e+00,-2.074130470583069208e+00,2.588549975699164118e+00,1.965446002677564974e-01,1.453038999562938249e+00,2.503517340618542697e+00,-8.387326270608670420e-01
8.825883922615076926e+00,6.537679631572537176e-01,-1.092385079483071814e-01,3.322671012484514907e-01,3.012543096987849167e-01,1.417612949339144945e+00,-1.334955270182911935e+00,9.254203524816768667e-01,5.588075171419326637e-01,7.435167374439402010e-01,2.059953511977854479e+00,2.630675986218451445e-01,-1.358298540799727894e+00,-2.109577146505232648e+00,2.572252525038472015e+00,1.831836453666045861e-01,1.398089668866974167e+00,2.467590800866330092e+00,-7.744411403905639979e-01
8.832555036691127626e+00,6.598943474753912186e-01,-1.054535269013611720e-01,3.372311614921474909e-01,3.150271970216522721e-01,1.419422538683080992e+00,-1.344033392277120820e+00,9.112311670373385297e-01,5.759108369513874504e-01,7.446933072758816774e-01,2.069096995146597173e+00,2.794060097828432454e-01,-1.363251319586605614e+00,-2.144203039272035483e+00,2.555196544356287625e+00,1.694981139559790240e-01,1.343125583121183464e+00,2.430466626647853623e+00,-7.104551769547500228e-01
8.839226150767178325e+00,6.659253097693693668e-01,-1.015548327963430447e-01,3.422027638459470555e-01,3.288598584971547112e-01,1.421340288557595199e+00,-1.353143133536106379e+00,8.968137529371681405e-01,5.928978515033234142e-01,7.457775041602561217e-01,2.077873805927843431e+00,2.954928125249464133e-01,-1.367778336930145056e+00,-2.177998523789735685e+00,2.537384667847458974e+00,1.554906958826200447e-01,1.288164183799142215e+00,2.392161400688665562e+00,-6.468024651159158811e-01
8.845897264843229024e+00,6.718593460472936929e-01,-9.754321831812245991e-02,3.471812849375418009e-01,3.427498482004294744e-01,1.423364494299259597e+00,-1.362281661276777189e+00,8.821736810164568787e-01,6.097635275834905055e-01,7.467671901225025888e-01,2.086284020074905765e+00,3.113201845595208184e-01,-1.371881907938508505e+00,-2.210954341478140961e+00,2.518819769507012474e+00,1.411642233563672466e-01,1.233222787576923718e+00,2.352692183353367827e+00,-5.835105375249973747e-01
8.852568378919279724e+00,6.776949896842293652e-01,-9.341950966298986914e-02,3.521660871960203831e-01,3.566947210963339887e-01,1.425493399444399234e+00,-1.371446158871530985e+00,8.673165826446019855e-01,6.265028519504792781e-01,7.476602465545476583e-01,2.094327828429162874e+00,3.268804189829025431e-01,-1.375564530708495603e+00,-2.243061603277669125e+00,2.499504963206038433e+00,1.265216700909457259e-01,1.178318580166079377e+00,2.312076505478691146e+00,-5.206067196189618773e-01
8.859239492995330423e+00,6.834308118177916391e-01,-8.918456640006847125e-02,3.571565189842136889e-01,3.706920338042584140e-01,1.427725196509242789e+00,-1.380633826964291044e+00,8.522481472504348510e-01,6.431108329359975784e-01,7.484545751557609705e-01,2.102005536026082311e+00,3.421659273905143794e-01,-1.378828884905113128e+00,-2.274311792493075579e+00,2.479443602684149539e+00,1.115661503906435481e-01,1.123468610235614618e+00,2.270332361015867217e+00,-4.581181182177276323e-01
8.865910607071381122e+00,6.890654217271617865e-01,-8.483928132206601525e-02,3.621519147372839198e-01,3.847393453568437316e-01,1.430058027790704678e+00,-1.389841884676832118e+00,8.369741198290869821e-01,6.595825020447954046e-01,7.491480988676814112e-01,2.109317561160978460e+00,3.571692429413165781e-01,-1.381677830265425566e+00,-2.304696767472779850e+00,2.458639281458313786e+00,9.630091818330227538e-02,1.068689783425188722e+00,2.227478199485170673e+00,-3.960716102249970394e-01
8.872581721147431821e+00,6.945974671954084911e-01,-8.038458028534720134e-02,3.671515951075379758e-01,3.988342179523054476e-01,1.432489986187418074e+00,-1.399067570804848559e+00,8.215002984315719070e-01,6.759129155537136890e-01,7.497387628020576456e-01,2.116264434415114692e+00,3.718830233712521194e-01,-1.384114405027336847e+00,-2.334208764122839952e+00,2.437095832647687477e+00,8.072936599992625029e-02,1.013998856451948871e+00,2.183532918246041454e+00,-3.344938314379637401e-01
8.879252835223482521e+00,7.000256348550109031e-01,-7.582142203935149372e-02,3.721548671153975807e-01,4.129742177001608505e-01,1.435019116040720633e+00,-1.408308145003317025e+00,8.058325316381121928e-01,6.920971561092740254e-01,7.502245351619599711e-01,2.122846797642840677e+00,3.863000539545676792e-01,-1.386141824284147006e+00,-2.362840398254761887e+00,2.414817328714168987e+00,6.485502390139175066e-02,9.594124313129102077e-01,2.138515854585690157e+00,-2.734111654703514915e-01
8.885923949299533220e+00,7.053486505164799913e-01,-7.115079804534554797e-02,3.771610243065040002e-01,4.271569153600633939e-01,1.437643413995196351e+00,-1.417560888960621712e+00,7.899767160163961854e-01,7.081303343232714376e-01,7.506034081555157389e-01,2.129065402920390149e+00,4.004132504117209335e-01,-1.387763478265596317e+00,-2.390584667766339599e+00,2.391808081118352636e+00,4.868155835259813102e-02,9.049469495851791834e-01,2.092446777629763055e+00,-2.128497327936202943e-01
8.892595063375583919e+00,7.105652794799625083e-01,-6.637373228455992202e-02,3.821693469148764732e-01,4.413798870734777502e-01,1.440360829878451376e+00,-1.426823107560970305e+00,7.739387935658202933e-01,7.240075903657624545e-01,7.508733989019854560e-01,2.134921111456931975e+00,4.142156617627610338e-01,-1.388982930546176942e+00,-2.417434954654750001e+00,2.368072639890821840e+00,3.221277104457176410e-02,8.506186868260763312e-01,2.045345880078227818e+00,-1.528353799007473590e-01
8.899266177451634618e+00,7.156743268297678373e-01,-6.149128105568629765e-02,3.871791020321053156e-01,4.556407150880040779e-01,1.443169267599732297e+00,-1.436092130034626546e+00,7.577247491488733333e-01,7.397240955549445607e-01,7.510325503297933247e-01,2.140414892468671670e+00,4.277004731249981484e-01,-1.389803916181623133e+00,-2.443385026861386145e+00,2.343615793118363211e+00,1.545259766490630904e-02,7.964437470750296288e-01,1.997233769770000444e+00,-9.339366859717723734e-02
8.905937291527685318e+00,7.206746377117078106e-01,-5.650453276179978612e-02,3.921895437824952091e-01,4.699369884740280945e-01,1.446066586067019433e+00,-1.445365311095464289e+00,7.413406079107697222e-01,7.552750539432963039e-01,7.510789320661882540e-01,2.145547822016551809e+00,4.408610084538405749e-01,-1.390230339774340962e+00,-2.468429039947714898e+00,2.318442566345167766e+00,-1.594893382917017544e-03,7.424380574594093840e-01,1.948131461079803062e+00,-3.454986542338223110e-02
8.912608405603736017e+00,7.255650975931893232e-01,-5.141460768670468029e-02,3.971999135041184847e-01,4.842663038335284775e-01,1.449050600122216315e+00,-1.454640032065384503e+00,7.247924326884814805e-01,7.706557038994426012e-01,7.510106413182046081e-01,2.150321081808374668e+00,4.536907332256835401e-01,-1.390266273468786506e+00,-2.492561538601770543e+00,2.292558221888727488e+00,-1.892550231085443624e-02,6.886173629060439172e-01,1.898060366150835732e+00,2.367106878652025514e-02
8.919279519679786716e+00,7.303446325059974598e-01,-4.622265776073831989e-02,4.022094399357225569e-01,4.986262660007734215e-01,1.452119081494032571e+00,-1.463913701985130267e+00,7.080863214102692815e-01,7.858613196851950145e-01,7.508258037445509903e-01,2.154735957965981719e+00,4.661832570617815419e-01,-1.389915954877617210e+00,-2.515777457974844644e+00,2.265968258070373498e+00,-3.653489932779652172e-02,6.349972209603094164e-01,1.847042285966869812e+00,8.124448920586169187e-02
8.925950633755837416e+00,7.350122092716878663e-01,-4.092986631608822035e-02,4.072173394094085186e-01,5.130144887346519411e-01,1.455269759768182070e+00,-1.473183758711032354e+00,6.912284044868777233e-01,8.008872130271356138e-01,7.505225743181391795e-01,2.158793839758212485e+00,4.783323362920274269e-01,-1.389183784939597821e+00,-2.538072124847943201e+00,2.238678408360498473e+00,-5.441862607062231127e-02,5.815929967147137614e-01,1.795099401267516104e+00,1.381460771718301395e-01
8.932621747831888115e+00,7.395668357095667167e-01,-3.553744783162336718e-02,4.122228160490475357e-01,5.274285954024816592e-01,1.458500323374468222e+00,-1.482447669997251083e+00,6.742248421955082671e-01,8.157287346822535978e-01,7.500991381788836287e-01,2.162496218300449691e+00,4.901318764576197973e-01,-1.388074325710280554e+00,-2.559441258627895177e+00,2.210694640438227054e+00,-7.257209708434225748e-02,5.284198578484919917e-01,1.742254263310402118e+00,1.943518501930789899e-01
8.939292861907938814e+00,7.440075608271832230e-01,-3.004664766732532966e-02,4.172250619743381184e-01,5.418662196549929311e-01,1.461808420590373636e+00,-1.491702934563045924e+00,6.570818220577148150e-01,8.303812759969895207e-01,7.495537114764861952e-01,2.165844685221389732e+00,5.015759347516064448e-01,-1.386592298086387176e+00,-2.579880972172724718e+00,2.182023155165789152e+00,-9.099060135068487432e-02,4.754927697801438757e-01,1.688529784484085194e+00,2.498381718043476418e-01
8.945963975983989513e+00,7.483334749933243657e-01,-2.445874178832091461e-02,4.222232575104636343e-01,5.563250060923309315e-01,1.465191660560700493e+00,-1.500947083144647642e+00,6.398055562123823314e-01,8.448402704591775336e-01,7.488845422028309606e-01,2.168840931297907559e+00,5.126587223963000595e-01,-1.384742579465007228e+00,-2.599387772446344780e+00,2.152670385477391868e+00,-1.096693038646048557e-01,4.228264909343770750e-01,1.633949228775705365e+00,3.045817612639725169e-01
8.952635090060040213e+00,7.525437100934651014e-01,-1.877503647860291613e-02,4.272165714032589157e-01,5.708026109208600429e-01,1.468647614332884155e+00,-1.510177679531315320e+00,6.224022787848736415e-01,8.591011952422749065e-01,7.480899110137539942e-01,2.171486745058716306e+00,5.233746069566612702e-01,-1.382530201338636910e+00,-2.617958561002398099e+00,2.122642995182832504e+00,-1.286032472580532215e-01,3.704355681250297572e-01,1.578536202097093222e+00,3.585597030904457139e-01
8.959306204136090912e+00,7.566374396676593950e-01,-1.299686804446605060e-02,4.322041610398281164e-01,5.852967026005118090e-01,1.472173815907492411e+00,-1.519392321585111949e+00,6.048782432535555476e-01,8.731595727413362651e-01,7.471681320397604020e-01,2.173784011357596579e+00,5.337181145886468192e-01,-1.379960346827109774e+00,-2.635590634297314327e+00,2.091947877685892188e+00,-1.477873534704253200e-01,3.183343320556786260e-01,1.522314642473684643e+00,4.117494564338541885e-01
8.965977318212141611e+00,7.606138790308552000e-01,-7.125602507736014668e-03,4.371851726745275002e-01,5.998049624825518844e-01,1.475767763303536872e+00,-1.528588642244035789e+00,5.872397198147697450e-01,8.870109721001451231e-01,7.461175536855076951e-01,2.175734709917020115e+00,5.436839322216990844e-01,-1.377038348147602953e+00,-2.652281683832674375e+00,2.060592154617658434e+00,-1.672164254650155835e-01,2.665368929391256358e-01,1.465308810099938519e+00,4.641288642785976748e-01
8.972648432288192311e+00,7.644722853756389380e-01,-1.162635288825319968e-03,4.421587416602523191e-01,6.143250854375273962e-01,1.479426919638094251e+00,-1.537764310508051402e+00,5.694929927474535747e-01,9.006510107289575906e-01,7.449365594176374783e-01,2.177340913842984005e+00,5.532669096744277093e-01,-1.373769684023837589e+00,-2.668029796127110220e+00,2.028583174384885446e+00,-1.868851489908550656e-01,2.150571362373132622e-01,1.407543277265726811e+00,5.156761624733599003e-01
8.979319546364243010e+00,7.682119578573823881e-01,4.890609120280636768e-03,4.471239926849269741e-01,6.288547804731883240e-01,1.483148714219832298e+00,-1.546917032407641335e+00,5.516443577785007379e-01,9.140753558122574063e-01,7.436235685407373008e-01,2.178604788111760726e+00,5.624620617026884206e-01,-1.370159977035578569e+00,-2.682833452517848549e+00,1.995928510633763864e+00,-2.067880943892062007e-01,1.639087185230694299e-01,1.349042918157626225e+00,5.663699885848088034e-01
8.985990660440293709e+00,7.718322376618412806e-01,1.103267749308560475e-02,4.520800400131465557e-01,6.433917713422646623e-01,1.486930543655965220e+00,-1.556044551954488986e+00,5.337001194500106127e-01,9.272797258060125891e-01,7.421770369610791729e-01,2.179528588029524538e+00,5.712645699792173737e-01,-1.366214990909714100e+00,-2.696691528792412473e+00,1.962635960629098619e+00,-2.269197184441061332e-01,1.131050634647263742e-01,1.289832898539448491e+00,6.161893905713200503e-01
8.992661774516344408e+00,7.753325080551802806e-01,1.726208821557216611e-02,4.570259877328553544e-01,6.579337971398344642e-01,1.490769772972188267e+00,-1.565144652073885645e+00,5.156665884895731411e-01,9.402598919238025488e-01,7.405954579378928315e-01,2.180114657665547462e+00,5.796697850040261057e-01,-1.361940627754054889e+00,-2.709603294650676730e+00,1.928713543549423814e+00,-2.472743662761442696e-01,6.265935793513510710e-02,1.229938665316287594e+00,6.651138352731593706e-01
8.999332888592395108e+00,7.787121944164809850e-01,2.357733164308678520e-02,4.619609300070095514e-01,6.724786128901845128e-01,1.494663736745118543e+00,-1.574215155518504661e+00,4.975500791846911297e-01,9.530116796113243804e-01,7.388773628218343603e-01,2.180365428259882332e+00,5.876732279448076968e-01,-1.357342925235113018e+00,-2.721568412997904751e+00,1.894169498698137666e+00,-2.678462732788646772e-01,1.258454824597787791e-02,1.169385935986362535e+00,7.131232167157228741e-01
9.006004002668445807e+00,7.819707642527489178e-01,2.997687046701279223e-02,4.668839513301156208e-01,6.870239901229652224e-01,1.498609740246782618e+00,-1.583253925763168146e+00,4.793569067624924296e-01,9.655309700086658342e-01,7.370213217804250094e-01,2.180283416606362490e+00,5.952705924066071796e-01,-1.352428053701165034e+00,-2.732586939069240550e+00,1.859012283631116702e+00,-2.886295670969702964e-01,-3.710666349143232345e-02,1.108200687985072319e+00,7.601978642223827798e-01
9.012675116744496506e+00,7.851077271964528315e-01,3.645914009114847865e-02,4.717941267895600643e-01,7.015677174384531423e-01,1.502605060600672893e+00,-1.592258867880227191e+00,4.610933847758431070e-01,9.778137013998101645e-01,7.350259445101428035e-01,2.179871223411701475e+00,6.024577461300606451e-01,-1.347202313251776751e+00,-2.742659319386218097e+00,1.823250572201214226e+00,-3.096182696456053485e-01,-8.640182287771080993e-02,1.046409147925652761e+00,8.063185503336760540e-01
9.019346230820547206e+00,7.881226349856647051e-01,4.302254901772782636e-02,4.766905223316544871e-01,7.161076010618108167e-01,1.506646947948880211e+00,-1.601227929395230287e+00,4.427658224969771572e-01,9.898558706488348458e-01,7.328898809348936005e-01,2.179131531631641749e+00,6.092307326175233628e-01,-1.341672130755192871e+00,-2.751786390546103522e+00,1.786893252519905939e+00,-3.308062991699706190e-01,-1.352887266085494034e-01,9.840377807409296240e-01,8.514664985296165334e-01
9.026017344896597905e+00,7.910150814268266384e-01,4.966547924296148275e-02,4.815721950322867650e-01,7.306414653861831310e-01,1.510732626629861297e+00,-1.610159101122533576e+00,4.243805223197417709e-01,1.001653534622222841e+00,7.306118218906523243e-01,2.178067104784934926e+00,6.155857726864503165e-01,-1.335844056814869729e+00,-2.759969377844701199e+00,1.749949424836660938e+00,-3.521874723444621269e-01,-1.837554257284612635e-01,9.211132787305050806e-01,8.956233907520503301e-01
9.032688458972648604e+00,7.937847023402320179e-01,5.638628666202613604e-02,4.864381933720934303e-01,7.451671535044306349e-01,1.514859296366282138e+00,-1.619050417980472778e+00,4.059437771716276067e-01,1.013202811596758179e+00,7.281904997959105508e-01,2.176680785246063454e+00,6.215192659493915528e-01,-1.329724762686482986e+00,-2.767209893733537207e+00,1.712428399336458185e+00,-3.737555064105252400e-01,-2.317902287541129258e-01,8.576625505182823295e-01,9.387713747238553008e-01
9.039359573048699303e+00,7.964311754882671401e-01,6.318330148339337815e-02,4.912875575160597363e-01,7.596825277294644296e-01,1.519024133462533621e+00,-1.627899959785855666e+00,3.874618679365867679e-01,1.024499882652454952e+00,7.256246893078027727e-01,2.174975492517569275e+00,6.270277922200537812e-01,-1.323321037146832246e+00,-2.773509936112283025e+00,1.674339693855926736e+00,-3.955040213524598225e-01,-2.793817046667967929e-01,7.937127099243806994e-01,9.808930710622902893e-01
9.046030687124750003e+00,7.989542204865076602e-01,7.005482865240203472e-02,4.961193195974447079e-01,7.741854701029328156e-01,1.523224292011337244e+00,-1.636705852027361630e+00,3.689410608898364696e-01,1.035540993049987257e+00,7.229132079635254282e-01,2.172954221482835013e+00,6.321081128448374775e-01,-1.316639783315930901e+00,-2.778871886457402685e+00,1.635693031518708374e+00,-4.174265421103012241e-01,-3.265186857729158731e-01,7.292910647565765681e-01,1.021971580183368200e+00
9.052701801200800702e+00,8.013535986977363690e-01,7.699914828395992838e-02,5.009325040059375844e-01,7.886738828922271738e-01,1.527456905109021656e+00,-1.645466266617629403e+00,3.503876051456513152e-01,1.046322453592066992e+00,7.200549168069351191e-01,2.170620040640240500e+00,6.367571719593557722e-01,-1.309688015433785768e+00,-2.783298507788047438e+00,1.596498338290582186e+00,-4.395165008289785291e-01,-3.731902704321550246e-01,6.644251055254393190e-01,1.061990488994722703e+00
9.059372915276851401e+00,8.036291131089946527e-01,8.401451610428678496e-02,5.057261276799456251e-01,8.031456890756448752e-01,1.531719086078898506e+00,-1.654179422623669238e+00,3.318077301192934869e-01,1.056840641968255889e+00,7.170487209999737432e-01,2.167976090319577054e+00,6.409720976694217587e-01,-1.302472855593237444e+00,-2.786792942470392997e+00,1.556765740454902236e+00,-4.617672391428814249e-01,-4.193858256525917483e-01,5.991424940882282835e-01,1.100933877374105752e+00
9.066044029352902101e+00,8.057806081917351371e-01,9.109916390154970678e-02,5.104992004029036412e-01,8.175988328155665563e-01,1.536007929702283059e+00,-1.662843586975342403e+00,3.132076430041168535e-01,1.067092004082656809e+00,7.138935704187718834e-01,2.165025580881556166e+00,6.447502031560563562e-01,-1.295001530430272663e+00,-2.789358709861441188e+00,1.516505562009155650e+00,-4.841720104949568948e-01,-4.650949895521030442e-01,5.334710522259742405e-01,1.138786324431049657e+00
9.072715143428952800e+00,8.078079697452142938e-01,9.825129998532358688e-02,5.152507251035181035e-01,8.320312799196162290e-01,1.540320513456621798e+00,-1.671457075151637550e+00,2.945935262649104769e-01,1.077073055363998000e+00,7.105884602341424605e-01,2.161771790901388268e+00,6.480889877040831859e-01,-1.287281367773332574e+00,-2.790999703793733744e+00,1.475728321983056368e+00,-5.067239824895158895e-01,-5.103076736858778162e-01,4.674387501585801075e-01,1.175532914549191954e+00
9.079386257505003499e+00,8.097111247232056108e-01,1.054691096547038937e-01,5.199796981598190371e-01,8.464410182896033863e-01,1.544653898760236288e+00,-1.680018251844435540e+00,2.759715351485709789e-01,1.086780382057541461e+00,7.071324314762952312e-01,2.158218065337244695e+00,6.509861376539128885e-01,-1.279319793253023363e+00,-2.791720189902112459e+00,1.434444731679163532e+00,-5.294162392777819193e-01,-5.550140652392918650e-01,4.010736950027055103e-01,1.211159243206827441e+00
9.086057371581054198e+00,8.114900410441768797e-01,1.127507556749992035e-01,5.246851097069378245e-01,8.608260583582318937e-01,1.549005132223143955e+00,-1.688525531599554874e+00,2.573477952131080215e-01,1.096210642498349541e+00,7.035245715834984592e-01,2.154367813684559430e+00,6.534395272761485129e-01,-1.271124326873741772e+00,-2.791524802794048021e+00,1.392665691836505459e+00,-5.522417839753651636e-01,-5.992046290860455482e-01,3.344041191771500721e-01,1.245651422573452294e+00
9.092728485657104898e+00,8.131447273850455071e-01,1.200943787628431098e-01,5.293659439484845741e-01,8.751844335134528752e-01,1.553371246903469283e+00,-1.696977379434790878e+00,2.387283998760607040e-01,1.105360568365358231e+00,6.997640149345401017e-01,2.150224508117065003e+00,6.554472195686841252e-01,-1.262702579548759863e+00,-2.790418543064951074e+00,1.350402289718120485e+00,-5.751935411106945395e-01,-6.428701097112285989e-01,2.674583687605734950e-01,1.278996086880090033e+00
9.099399599733155597e+00,8.146752329586388619e-01,1.274980980796008301e-01,5.340211794714209148e-01,8.895142005103447991e-01,1.557749263568909859e+00,-1.705372311434720345e+00,2.201194079833349582e-01,1.114226965915775747e+00,6.958499433647420407e-01,2.145791681615415669e+00,6.570074669759868868e-01,-1.254062249600188972e+00,-2.788406774159915891e+00,1.307665796123338442e+00,-5.982643591034985109e-01,-6.860015329989126442e-01,2.002648918063477668e-01,1.311180397561274802e+00
9.106070713809206296e+00,8.160816472750195283e-01,1.349600117329597393e-01,5.386497895643262979e-01,9.038134398704946726e-01,1.562136191962725462e+00,-1.713708895322043624e+00,2.015268413994845131e-01,1.122806717199303694e+00,6.917815866653245216e-01,2.141072926084365946e+00,6.581187120302999238e-01,-1.245211119225438923e+00,-2.785495219083609086e+00,1.264467662325481356e+00,-6.214470127724291970e-01,-7.285902078843575769e-01,1.328522266194007706e-01,1.342192048166732432e+00
9.112741827885256996e+00,8.173640998867977014e-01,1.424781972865370450e-01,5.432507425389364597e-01,9.180802562687931934e-01,1.566529032073779026e+00,-1.721985751005270071e+00,1.829566826204221952e-01,1.131096781251680339e+00,6.875582230659920135e-01,2.136071890459368738e+00,6.587795879145234013e-01,-1.236157050931684376e+00,-2.781689956959830567e+00,1.220819516935999660e+00,-6.447342058708714907e-01,-7.706277278706383793e-01,6.524898999973055558e-02,1.372019269040914535e+00
9.119412941961307695e+00,8.185227601186040314e-01,1.500507122773878654e-01,5.478230020548410240e-01,9.323127789075218441e-01,1.570924775410023289e+00,-1.730201551102465096e+00,1.644148724096279324e-01,1.139094195267060572e+00,6.831791797004517219e-01,2.130792278803504747e+00,6.589889189465687469e-01,-1.226907983939877100e+00,-2.776997419442560400e+00,1.176733162695876356e+00,-6.681185736499525296e-01,-8.121059724095048837e-01,-2.516134542165815446e-03,1.400650831768403659e+00
9.126084056037358394e+00,8.195578367808689091e-01,1.576755947412564196e-01,5.523655274472377696e-01,9.465091618777741189e-01,1.575320406275002139e+00,-1.738355021440973758e+00,1.459073074587305952e-01,1.146796075748748089e+00,6.786438330548094644e-01,2.125237848395669094e+00,6.587457209850182682e-01,-1.217471930559916204e+00,-2.771424386980198662e+00,1.132220573195197311e+00,-6.915926854478684493e-01,-8.530171081468373995e-01,-7.041440859362613214e-02,1.428076053383797284e+00
9.132755170113409093e+00,8.204695778680830553e-01,1.653508637454375596e-01,5.568772740576102276e-01,9.606675845080386855e-01,1.579712903046756711e+00,-1.746444941532811379e+00,1.274398380735466962e-01,1.154199619637817253e+00,6.739516093985444822e-01,2.119412407810874477e+00,6.580492017559430584e-01,-1.207856972538480900e+00,-2.764977984934861688e+00,1.087293889521896650e+00,-7.151490473044748164e-01,-8.933535900323804624e-01,-1.384170506665067801e-01,1.454284800344162853e+00
9.139426284189459793e+00,8.212582702417036140e-01,1.730745199290810998e-01,5.613571935672296842e-01,9.747862516999916682e-01,1.584099239458678587e+00,-1.754470145025643468e+00,1.090182658864537468e-01,1.161302105419128594e+00,6.691019851980171129e-01,2.113319814993625201e+00,6.568987611007763849e-01,-1.198071257381203791e+00,-2.757665679558648275e+00,1.041965416840640035e+00,-7.387801046002173688e-01,-9.331081622942680731e-01,-2.064952480377493793e-01,1.479267492262849482e+00
9.146097398265510492e+00,8.219242392978980405e-01,1.808445460508165126e-01,5.658042343333574697e-01,9.888633942514090114e-01,1.588476385881737452e+00,-1.762429520129140226e+00,9.064834159608081698e-02,1.168100894204311624e+00,6.640944875122472002e-01,2.106963975325232941e+00,6.552939911451640675e-01,-1.188122994650702591e+00,-2.749495273828824082e+00,9.962476209027940621e-01,-7.624782447184221823e-01,-9.722738592783581879e-01,-2.746201685987288976e-01,1.503015105403109342e+00
9.152768512341561191e+00,8.224678486202930960e-01,1.886589075434983442e-01,5.702173417280186341e-01,1.002897269166142635e+00,1.592841310607571614e+00,-1.770322010016540659e+00,7.233576273527575484e-02,1.174593430791214477e+00,6.589286943708932975e-01,2.100348839685981961e+00,6.532346763887526553e-01,-1.178020452242129368e+00,-2.740474903143938157e+00,9.501531244887135852e-01,-7.862357997298691226e-01,-1.010844006152616492e+00,-3.427629727084664513e-01,1.525519175930290849e+00
9.159439626417611890e+00,8.228894996179412225e-01,1.965155530759682412e-01,5.745954584792493103e-01,1.016886159951197133e+00,1.597190981131916265e+00,-1.778146613201327719e+00,5.408617146820227095e-02,1.180777244699420025e+00,6.536042351342182810e-01,2.093478402513051062e+00,6.507207937159008582e-01,-1.167771952637827626e+00,-2.730613030882988568e+00,9.036947037831444263e-01,-8.100450490987816110e-01,-1.048812219477100349e+00,-4.108948250460089380e-01,1.546771802921491634e+00
9.166110740493662590e+00,8.231896311486797124e-01,2.044124151216165086e-01,5.789375250146755469e-01,1.030828376900793542e+00,1.601522365437844542e+00,-1.785902383888830602e+00,3.590515241754788089e-02,1.186649951181342644e+00,6.481207908349693181e-01,2.086356699855068442e+00,6.477525123273432106e-01,-1.157385869142718127e+00,-2.719918443829700383e+00,8.568852846851469085e-01,-8.338982224090837336e-01,-1.086172407639643511e+00,-4.789869064568915702e-01,1.566765651131516002e+00
9.172781854569713289e+00,8.233687191281060525e-01,2.123474105336299322e-01,5.832424798073180261e-01,1.044722257367475038e+00,1.605832433278278737e+00,-1.793588432302659630e+00,1.779823052267653916e-02,1.192209252208511927e+00,6.424780945019646916e-01,2.078987807424215184e+00,6.443301935928524848e-01,-1.146870622102038384e+00,-2.708400247464187505e+00,8.097379390534016341e-01,-8.577875021100184183e-01,-1.122918771157939810e+00,-5.470104257889153443e-01,1.585493953514229171e+00
9.179452968645763988e+00,8.234272761243677241e-01,2.203184411267175846e-01,5.875092597234928826e-01,1.058566166020219912e+00,1.610118157457269827e+00,-1.801203924985871785e+00,-2.291310703639304336e-04,1.197452937432573083e+00,6.366759314653543944e-01,2.071375838646762446e+00,6.404543908249988871e-01,-1.136234675103128700e+00,-2.696067861124235243e+00,7.622658808882460946e-01,-8.817050262800499860e-01,-1.159045802848517770e+00,-6.149366317123392545e-01,1.602950513498497376e+00
9.186124082721814688e+00,8.233658509389845115e-01,2.283233942651730908e-01,5.917368003726839465e-01,1.072358495089508201e+00,1.614376515109483323e+00,-1.808748085076712808e+00,-1.817153308611524354e-02,1.202378885120631402e+00,6.307141396433262326e-01,2.063524942712910981e+00,6.361258489741180577e-01,-1.125486531162786408e+00,-2.682931013038447610e+00,7.144824624515498934e-01,-9.056428914080106862e-01,-1.194548287862935432e+00,-6.827368245195192253e-01,1.619129707017814557e+00
9.192795196797865387e+00,8.231850281739255815e-01,2.363601434570841986e-01,5.959240364592690575e-01,1.086097664599412260e+00,1.618604488977406941e+00,-1.816220192558913871e+00,-3.602364216344339232e-02,1.206985063064495822e+00,6.245926098102462243e-01,2.055439302626842490e+00,6.313455042446457499e-01,-1.114634728901956251e+00,-2.668999735233698267e+00,6.664011703256471630e-01,-9.295931551905141088e-01,-1.229421303592180381e+00,-7.503823678993035706e-01,1.634026484293149339e+00
9.199466310873916086e+00,8.228854277851606058e-01,2.444265489545210668e-01,6.000699021359758856e-01,1.099782122586685285e+00,1.622799068685741419e+00,-1.823619584486428247e+00,-5.378019286489332806e-02,1.211269529463432360e+00,6.183112858460836359e-01,2.047123133257832794e+00,6.261144836329958219e-01,-1.103687838709327629e+00,-2.654284358319224602e+00,6.180356214125724001e-01,-9.535478393445673273e-01,-1.263660219439775245e+00,-8.178447006812927800e-01,1.647636371368414787e+00
9.206137424949966785e+00,8.224677046229376121e-01,2.525204583595266894e-01,6.041733313589277010e-01,1.113410345306814042e+00,1.626957252012413369e+00,-1.830945655182511622e+00,-7.143598965080610874e-02,1.215230433780038366e+00,6.118701649669867626e-01,2.038580679393332318e+00,6.204341043872184658e-01,-1.092654458895522263e+00,-2.638795506149912207e+00,5.693995588749042325e-01,-9.774989324342835406e-01,-1.297260696464265450e+00,-8.850953485448626035e-01,1.659955471398018245e+00
9.212808539026017485e+00,8.219325479589928429e-01,2.606397072357215516e-01,6.082332582441802860e-01,1.126980837427151494e+00,1.631076046155770953e+00,-1.838197856413172682e+00,-8.898590881748913439e-02,1.218866017568834614e+00,6.052692979370151161e-01,2.029816213794849222e+00,6.143058733886600509e-01,-1.081543211839528285e+00,-2.622544090371188297e+00,5.205068480194436908e-01,-1.001438392710782388e+00,-1.330218686892184365e+00,-9.521059356886458769e-01,1.670980465686414229e+00
9.219479653102068184e+00,8.212806810009691816e-01,2.687821197253497663e-01,6.122486174255920011e-01,1.140492132207032494e+00,1.635152468997349784e+00,-1.845375697534833215e+00,-1.064249003985616726e-01,1.222174615277227483e+00,5.985087892608242921e-01,2.020834035257520256e+00,6.077314864559364427e-01,-1.070362740128999235e+00,-2.605541304848156159e+00,4.713714721251185957e-01,-1.025358150964066573e+00,-1.362530433501982330e+00,-1.018848196455115040e+00,1.680708614479166751e+00
9.226150767178118883e+00,8.205128603942625221e-01,2.769455091715655182e-01,6.162183444139273103e-01,1.153942791664999135e+00,1.639183550359772479e+00,-1.852478745616276123e+00,-1.237479900287848378e-01,1.225154655018439342e+00,5.915887973573454861e-01,2.011638466674217085e+00,6.007128275715083454e-01,-1.059121702696141032e+00,-2.587798619981546366e+00,4.220075282164311714e-01,-1.049250113385949978e+00,-1.394192468880200986e+00,-1.085293986905926822e+00,1.689137757505658088e+00
9.232821881254169583e+00,8.196298757115705325e-01,2.851276787457989181e-01,6.201413759570518769e-01,1.167331406733126187e+00,1.643166333259212353e+00,-1.859506625534781854e+00,-1.409502807696058069e-01,1.227804659316075186e+00,5.845095347142841291e-01,2.002233853105030548e+00,5.932519680312136057e-01,-1.047828770950777866e+00,-2.569327776913154171e+00,3.724292227837514568e-01,-1.073106164442928057e+00,-1.425201614550671181e+00,-1.151415296343029082e+00,1.696266314273287446e+00
9.239492995330220282e+00,8.186325489303885039e-01,2.933264220799690625e-01,6.240166504010907778e-01,1.180656597398460628e+00,1.647097875151932511e+00,-1.866459020046461026e+00,-1.580269548956527714e-01,1.230123245819961797e+00,5.772712680234625138e-01,1.992624559853002797e+00,5.853511655171482753e-01,-1.036492624912306315e+00,-2.550140781623475128e+00,3.226508674520489617e-01,-1.096918169757886252e+00,-1.455554979977767616e+00,-1.217184258770791727e+00,1.702093284113332050e+00
9.246164109406270981e+00,8.175217338987216253e-01,3.015395239033996089e-01,6.278431080524287111e-01,1.193917012831672286e+00,1.650975249174379211e+00,-1.873335669830785477e+00,-1.749732756415355861e-01,1.232109127992927489e+00,5.698743182968732945e-01,1.982814970546908917e+00,5.770128630942791270e-01,-1.025121949342151062e+00,-2.530249898924269658e+00,2.726868745992193643e-01,-1.120677978999672586e+00,-1.485249961444905509e+00,-1.282573164294575019e+00,1.706618245978654524e+00
9.252835223482321680e+00,8.162983157892753638e-01,3.097647606842007795e-01,6.316196915404231893e-01,1.207111331502949136e+00,1.654795545376348542e+00,-1.880136373509344594e+00,-1.917845889082200328e-01,1.233761115768178040e+00,5.623190609634787229e-01,1.972809485231939330e+00,5.682396881312392622e-01,-1.013725429878422624e+00,-2.509667646348851200e+00,2.225517529256605953e-01,-1.144377428779427053e+00,-1.514284240809435023e+00,-1.347554470451029385e+00,1.709841357993656219e+00
9.259506337558372380e+00,8.149632105424015061e-01,3.179999012749493148e-01,6.353453461806889413e-01,1.220238261285136350e+00,1.658555871946672200e+00,-1.886860987638785847e+00,-2.084563249282929132e-01,1.235078116176977714e+00,5.546059259466138425e-01,1.962612518469096345e+00,5.590344511457929766e-01,-1.002311749174355837e+00,-2.488406787942916587e+00,1.722601029764667668e-01,-1.168008345552556282e+00,-1.542655784134881802e+00,-1.412100813465306581e+00,1.711763356756731191e+00
9.266177451634423079e+00,8.135173642980746411e-01,3.262427075624459438e-01,6.390190203388491641e-01,1.233296539544296300e+00,1.662253356430982487e+00,-1.893509426678066099e+00,-2.249839998895083459e-01,1.236059133946276534e+00,5.467353977220735795e-01,1.952228497444123745e+00,5.494001445754378432e-01,-9.908895830422982387e-01,-2.466480327958858965e+00,1.218266126177420805e-01,-1.191562548525393339e+00,-1.570362840202257804e+00,-1.476185019430825029e+00,1.712385556396013975e+00
9.272848565710473778e+00,8.119617528171771959e-01,3.344909351213679605e-01,6.426396657945911972e-01,1.246284933217620017e+00,1.665885146940996542e+00,-1.900081662929943738e+00,-2.413632175159252102e-01,1.236703272066038917e+00,5.387080153567413987e-01,1.941661860086768554e+00,5.393399414737222175e-01,-9.794675966047430293e-01,-2.443901504456376550e+00,7.126605246856376752e-02,-1.215031852565347847e+00,-1.597403938901183373e+00,-1.539780115406728100e+00,1.711709847378765970e+00
9.279519679786524478e+00,8.102973808923812360e-01,3.427423338715988033e-01,6.462062381059302529e-01,1.259202238878870395e+00,1.669448413354879701e+00,-1.906577726456867738e+00,-2.575896706060712971e-01,1.237009732325935252e+00,5.305243725278308009e-01,1.930917053201165690e+00,5.288571941327955273e-01,-9.680544404541748804e-01,-2.420683782812400153e+00,2.059327129009969060e-02,-1.238408071113592968e+00,-1.623777889502638683e+00,-1.602859340428723023e+00,1.709738695075393000e+00
9.286190793862575177e+00,8.085252817489095856e-01,3.509946487390346315e-01,6.497176969735345420e-01,1.272047282791395784e+00,1.672940348508178188e+00,-1.912997704971268975e+00,-2.736591425275164968e-01,1.236977815821139970e+00,5.221851175226914776e-01,1.919998530608139298e+00,5.179554326328087432e-01,-9.566587468233013203e-01,-2.396840849143302865e+00,-3.017680866654903760e-02,-1.261683019099171466e+00,-1.649483778814557988e+00,-1.665396156428672780e+00,1.706475138078844100e+00
9.292861907938625876e+00,8.066465164354791328e-01,3.592456203196675579e-01,6.531730066049721284e-01,1.284818920948744614e+00,1.676358169374803975e+00,-1.919341743700320180e+00,-2.895675086672591103e-01,1.236606923426971427e+00,5.136909532191363814e-01,1.908910751300199049e+00,5.066383633188025204e-01,-9.452891257672758618e-01,-2.372386603642395286e+00,-8.102919635221073058e-02,-1.284848515853405093e+00,-1.674520969221560129e+00,-1.727364259058376206e+00,1.701922786280244182e+00
9.299533022014676575e+00,8.046621732057154253e-01,3.674929855467208850e-01,6.565711360787804818e-01,1.297516039103087326e+00,1.679699118237657052e+00,-1.925610045225313982e+00,-3.053107378374223524e-01,1.235896556242083610e+00,5.050426370463834136e-01,1.897658177609991004e+00,4.949098672056950754e-01,-9.339541613596340497e-01,-2.347335153835838462e+00,-1.319488366496215370e-01,-1.307896388023664480e+00,-1.698889096610760596e+00,-1.788737588413328305e+00,1.696085818702091075e+00
9.306204136090727275e+00,8.025733668903398677e-01,3.757344783606467176e-01,6.599110597081911944e-01,1.310137552781396542e+00,1.682960463848330646e+00,-1.931802869295668357e+00,-3.208848936356661352e-01,1.234846316000002941e+00,4.962409809265071470e-01,1.886245273392967325e+00,4.827739983121058787e-01,-9.226624079034220216e-01,-2.321700807759955243e+00,-1.829206151399112024e-01,-1.330818472485287618e+00,-1.722588068184665921e+00,-1.849490339651796988e+00,1.688968981089843391e+00
9.312875250166777974e+00,8.003812382604318376e-01,3.839678303817484206e-01,6.631917574044156050e-01,1.322682407289601958e+00,1.686139502575500826e+00,-1.937920532617743996e+00,-3.362861357598521117e-01,1.233455905448734846e+00,4.872868511965260940e-01,1.874676502225012698e+00,4.702349819236721906e-01,-9.114223861592399833e-01,-2.295498067063144187e+00,-2.339293629039388422e-01,-1.353606619250716125e+00,-1.745618060163216745e+00,-1.909596973505140571e+00,1.680577583263461516e+00
9.319546364242828673e+00,7.980869533820791339e-01,3.921907715852491760e-01,6.664122150393378963e-01,1.335149577704759949e+00,1.689233559541474250e+00,-1.943963408618549993e+00,-3.515107212764503331e-01,1.231725128698232696e+00,4.781811685110489707e-01,1.862956325615760411e+00,4.572972127866345993e-01,-9.002425795917248230e-01,-2.268741620035504170e+00,-2.849598613569361838e-01,-1.376252694374716867e+00,-1.767979515376374433e+00,-1.969032226674881869e+00,1.670917496230075017e+00
9.326217478318879373e+00,7.956917029627172955e-01,4.004010309785434041e-01,6.695714248074940977e-01,1.347538068855342885e+00,1.692239989746462614e+00,-1.949931927184465064e+00,-3.665550058421855883e-01,1.229653891535511079e+00,4.689249077255982501e-01,1.851089201238349968e+00,4.439652532324624978e-01,-8.891314306361088882e-01,-2.241446334569391574e+00,-3.359968471145743374e-01,-1.398748582854615785e+00,-1.789673140748961222e+00,-2.027771122112289159e+00,1.659995149059352526e+00
9.332888592394930072e+00,7.931967016894827527e-01,4.085963372804691240e-01,6.726683855872074291e-01,1.359846915289792735e+00,1.695156179180113742e+00,-1.955826574375135074e+00,-3.814154448785311846e-01,1.227242201707194225e+00,4.595190977605625449e-01,1.839079581176297662e+00,4.302438312342988791e-01,-8.780973369863882549e-01,-2.213627251054069767e+00,-3.870250168890482234e-01,-1.421086191524546738e+00,-1.810699904679567096e+00,-2.085788979176365299e+00,1.647817525523068261e+00
9.339559706470980771e+00,7.906031875598810155e-01,4.167744196023351888e-01,6.757021033007615252e-01,1.372075181233446184e+00,1.697979545919867217e+00,-1.961647892112694525e+00,-3.960885946985848172e-01,1.224490169169300202e+00,4.499648214459108786e-01,1.826931910188203112e+00,4.161378383960426808e-01,-8.671486479067154196e-01,-2.185299575207703349e+00,-4.380290324132646296e-01,-1.443257451942655756e+00,-1.831061034315316638e+00,-2.143061423666083876e+00,1.634392160500660385e+00
9.346230820547031470e+00,7.879124212051042964e-01,4.249330081305201512e-01,6.786715912734557765e-01,1.384221960533906337e+00,1.700707541215646712e+00,-1.967396477846423686e+00,-4.105711135859070327e-01,1.221398006304105888e+00,4.402632153466210507e-01,1.814650623990994305e+00,4.016523278749666304e-01,-8.562936605675103285e-01,-2.156478670849942603e+00,-4.889935253915255187e-01,-1.465254323270124726e+00,-1.850758012724073476e+00,-2.199564397722607367e+00,1.619727136152329994e+00
9.352901934623082170e+00,7.851256852063095426e-01,4.330698348103942386e-01,6.815758705914520821e-01,1.396286376595082812e+00,1.703337650560503791e+00,-1.973072984193108725e+00,-4.248597628249864977e-01,1.217966028103872667e+00,4.304154695689854648e-01,1.802240147562351513e+00,3.867925122386880465e-01,-8.455406164079224407e-01,-2.127180052618431016e+00,-5.399031024749461061e-01,-1.487068795141128774e+00,-1.869792575966406911e+00,-2.255274169597710987e+00,1.603831077861880727e+00
9.359573048699132869e+00,7.822442834041883897e-01,4.411826340313679817e-01,6.844139704582477002e-01,1.408267582299914444e+00,1.705867394746720000e+00,-1.978678118553170329e+00,-4.389514076829056921e-01,1.214194652321333390e+00,4.204228275477554511e-01,1.789704893463017754e+00,3.715637612574638204e-01,-8.348976975260704592e-01,-2.097419378632450204e+00,-5.907423502598776466e-01,-1.508692890522506769e+00,-1.888166710068676979e+00,-2.310167343284154295e+00,1.586713149950897295e+00
9.366244162775183568e+00,7.792695402021472262e-01,4.492691433128265244e-01,6.871849285496745008e-01,1.420164759922005970e+00,1.708294330906988900e+00,-1.984212642702840812e+00,-4.528430183419226429e-01,1.210084399586738968e+00,4.102865858142759059e-01,1.777049260179608625e+00,3.559715996326862086e-01,-8.243730230986595631e-01,-2.067212443107079078e+00,-6.414958403075762261e-01,-1.530118668562272077e+00,-1.905882647899620252e+00,-2.364220868004304865e+00,1.568383051166617692e+00
9.372915276851234267e+00,7.762027998634315473e-01,4.573271039907314539e-01,6.898877913672930573e-01,1.431977121026281718e+00,1.710616053540234827e+00,-1.989677372362565366e+00,-4.665316707826207554e-01,1.205635893491361577e+00,4.000080937456589880e-01,1.764277630488572335e+00,3.400217046625617634e-01,-8.139746458314501831e-01,-2.036575168921201051e+00,-6.921481341833468637e-01,-1.551338227425859806e+00,-1.922942865952248725e+00,-2.417412047553053611e+00,1.548851009945561241e+00
9.379586390927284967e+00,7.730454258025276637e-01,4.653542619046773243e-01,6.925216145900331410e-01,1.443703906358758893e+00,1.712830195521629850e+00,-1.995073176741792853e+00,-4.800145476173195980e-01,1.200849860637327016e+00,3.895887532950488286e-01,1.751394369841950960e+00,3.237199038459832590e-01,-8.037105484420363766e-01,-2.005523600142675722e+00,-7.426837885133945605e-01,-1.572343707119037370e+00,-1.939350081032921835e+00,-2.469718549491123127e+00,1.528127779455042967e+00
9.386257505003335666e+00,7.697987998711691704e-01,4.733483680851512942e-01,6.950854634239890251e-01,1.455344385725668932e+00,1.714934429096451884e+00,-2.000400978060452140e+00,-4.932889388734996161e-01,1.195727130653647219e+00,3.790300187031477863e-01,1.738403824775512918e+00,3.070721724255609519e-01,-7.935886401764756792e-01,-1.974073894514132732e+00,-7.930873600575361060e-01,-1.593127292296583786e+00,-1.955107246859999481e+00,-2.521118414185205214e+00,1.506224632415196663e+00
9.392928619079386365e+00,7.664643216392844627e-01,4.813071794408086967e-01,6.975784129502212716e-01,1.466897857862022869e+00,1.716926466857328526e+00,-2.005661751047299823e+00,-5.063522427269856463e-01,1.190268636178364536e+00,3.683333961910081888e-01,1.725310321339871944e+00,2.900846308708689980e-01,-7.836167533611650970e-01,-1.942242315902664940e+00,-8.433434107961094162e-01,-1.613681215055637441e+00,-1.970217550573884591e+00,-2.571590063691149730e+00,1.483153355703686005e+00
9.399599733155437065e+00,7.630434076712204750e-01,4.892284594454905933e-01,6.999995484704443216e-01,1.478363650289767461e+00,1.718804062704511137e+00,-2.010856522415362058e+00,-5.192019661846190015e-01,1.184475412806734518e+00,3.575004436342889003e-01,1.712118163555197192e+00,2.727635423029771689e-01,-7.738026399914260667e-01,-1.910045226716883482e+00,-8.934365130290393697e-01,-1.633997757712712939e+00,-1.984684409160601959e+00,-2.621112310476577001e+00,1.458926244745779366e+00
9.406270847231487764e+00,7.595374907975829259e-01,4.971099788248097839e-01,7.023479658504850898e-01,1.489741119165748806e+00,1.720565012788763060e+00,-2.015986370314780896e+00,-5.318357257162854568e-01,1.178348599005331732e+00,3.465327702189989756e-01,1.698831631890034277e+00,2.551153098613142545e-01,-7.641539683582267983e-01,-1.877499080294720901e+00,-9.433512544855263693e-01,-1.654069255563454632e+00,-1.998511465791259045e+00,-2.669664365979481424e+00,1.433556097692366027e+00
9.412941961307538463e+00,7.559480193830284689e-01,5.049495162420223338e-01,7.046227718613802260e-01,1.501029649119576703e+00,1.722207156436501796e+00,-2.021052423763261441e+00,-5.442512478360330697e-01,1.171889435992062189e+00,3.354320360789352362e-01,1.685454981764851645e+00,2.371464740140255545e-01,-7.546783197144534272e-01,-1.844620413265434467e+00,-9.930722434422114553e-01,-1.673888099624052161e+00,-2.011702586079353594e+00,-2.717225848999188287e+00,1.407056209388683810e+00
9.419613075383589162e+00,7.522764565903541367e-01,5.127448589830083669e-01,7.068230845179905852e-01,1.512228653081608476e+00,1.723728377056802152e+00,-2.026055862054423784e+00,-5.564463696321855224e-01,1.165099267581992226e+00,3.241999519148519027e-01,1.671992442080807661e+00,2.188637098129018188e-01,-7.453831849820882205e-01,-1.811425837889178103e+00,-1.042584113848276095e+00,-1.693446739353395625e+00,-2.024261854258289972e+00,-2.763776793916414398e+00,1.379440365136448410e+00
9.426284189459639862e+00,7.485242796412118205e-01,5.204938036400936774e-01,7.089480334150278784e-01,1.523337572101212123e+00,1.725126603029923267e+00,-2.030997914144339056e+00,-5.684190392462861174e-01,1.157979539998972074e+00,3.128382785955791667e-01,1.658448213774261326e+00,2.002738240940341585e-01,-7.362759615017018255e-01,-1.777932034377597059e+00,-1.091871530455413630e+00,-1.712737685355020911e+00,-2.036193569281358418e+00,-2.809297658739084103e+00,1.350722834252432225e+00
9.432955303535690561e+00,7.446929790738120447e-01,5.281941567945117599e-01,7.109967600603392945e-01,1.534355875155438031e+00,1.726399808576956074e+00,-2.035879858016500954e+00,-5.801673163007348144e-01,1.150531801653035702e+00,3.013488267411471577e-01,1.644826468397597719e+00,1.813837526254384880e-01,-7.273639498255686231e-01,-1.744155743198925190e+00,-1.140919193950927113e+00,-1.731753512057755851e+00,-2.047502240846275967e+00,-2.853769332970471417e+00,1.320918363426270004e+00
9.439626417611741260e+00,7.407840579979286799e-01,5.358437356972574062e-01,7.129684182053755981e-01,1.545283058948360599e+00,1.727546014610300551e+00,-2.040703020025583125e+00,-5.916893722750820039e-01,1.142757702883537174e+00,2.897334562881380138e-01,1.631131346726763187e+00,1.622005572027138687e-01,-7.186543505557663192e-01,-1.710113757370911980e+00,-1.189711846092073699e+00,-1.750486860374314668e+00,-2.058192585346894532e+00,-2.897173145296822128e+00,1.290042169880754708e+00
9.446297531687791960e+00,7.367990313475868414e-01,5.434403689481213107e-01,7.148621741726766121e-01,1.556118647701174806e+00,1.728563289564565952e+00,-2.045468774220227992e+00,-6.029834908308471242e-01,1.134658995668049286e+00,2.779940760373429409e-01,1.617366957396095373e+00,1.427314226941159836e-01,-7.101542612285549616e-01,-1.675822914745197734e+00,-1.238234274839767668e+00,-1.768930440336661913e+00,-2.068269521754113605e+00,-2.939490871090925772e+00,1.258109934337608760e+00
9.452968645763842659e+00,7.327394251317350671e-01,5.509818971726576642e-01,7.166772071803018118e-01,1.566862192933308862e+00,1.729449750207620040e+00,-2.050178541645228503e+00,-6.140480680848620088e-01,1.126237533297016036e+00,2.661326431839547979e-01,1.603537375560829759e+00,1.229836540361188835e-01,-7.018706732463132481e-01,-1.641300090286374358e+00,-1.286471319489789877e+00,-1.787077033707429319e+00,-2.077738167428560878e+00,-2.980704739729035602e+00,1.225137793792046015e+00
9.459639759839893358e+00,7.286067756832780296e-01,5.584661736968818957e-01,7.184127096630560372e-01,1.577513273234707025e+00,1.730203562431415820e+00,-2.054833789623407458e+00,-6.248816128311082130e-01,1.117495270014178921e+00,2.541511628303853576e-01,1.589646641587760811e+00,1.029646731808362414e-01,-6.938104688583182078e-01,-1.606562188349335951e+00,-1.334407875799681786e+00,-1.804919496566314452e+00,-2.086603833867361146e+00,-3.020797441717889775e+00,1.191142334099382971e+00
9.466310873915944057e+00,7.244026289067970747e-01,5.658910652194417690e-01,7.200678875904084064e-01,1.588071494029443365e+00,1.730822942022304467e+00,-2.059436031017492397e+00,-6.354827467110080175e-01,1.108434260622843670e+00,2.420516874819398090e-01,1.575698759774517344e+00,8.268201599653146605e-02,-6.859804181915752919e-01,-1.571626134958238330e+00,-1.382028901109339181e+00,-1.822450761870580305e+00,-2.094872022387269439e+00,-3.059752135629078662e+00,1.156140582377034987e+00
9.472981987991994757e+00,7.201285395253071986e-01,5.732544524810516684e-01,7.216419607809985148e-01,1.598536487330922462e+00,1.731306155410520464e+00,-2.063986823472390153e+00,-6.458502043322522645e-01,1.099056660057992740e+00,2.298363165255002671e-01,1.561697697097813808e+00,6.214332912251563368e-02,-6.783871763329714089e-01,-1.536508870090614209e+00,-1.429319419453497497e+00,-1.839663841988806059e+00,-2.102548419746862685e+00,-3.097552454837983582e+00,1.120149999225533044e+00
9.479653102068045456e+00,7.157860703263931867e-01,5.805542309309679183e-01,7.231341632135990238e-01,1.608907911488818732e+00,1.731651520398528099e+00,-2.068487768638152868e+00,-6.559828333361773511e-01,1.089364722924323736e+00,2.175071956913691706e-01,1.547647381991105409e+00,4.135636677974519060e-02,-6.710372804638952138e-01,-1.501227339969964714e+00,-1.476264526664291310e+00,-1.856551831206925351e+00,-2.109638893710020557e+00,-3.134182514064548730e+00,1.083188470771855760e+00
9.486324216144096155e+00,7.113767914080667554e-01,5.877883113902516721e-01,7.245437433344387168e-01,1.619185450927937531e+00,1.731857406867959526e+00,-2.072940511373997818e+00,-6.658795944137398948e-01,1.079360803000309676e+00,2.050665164985327749e-01,1.533551703152056245e+00,2.032898753846656970e-02,-6.639371470485275761e-01,-1.465798489370302216e+00,-1.522849395461820521e+00,-1.873107908205695615e+00,-2.116149488553165980e+00,-3.169626915713271043e+00,1.045274300538847623e+00
9.492995330220146855e+00,7.069022794246883068e-01,5.949546207116312990e-01,7.258699643607662289e-01,1.629368815879258081e+00,1.731922237464836423e+00,-2.077346738933774084e+00,-6.755395612702376207e-01,1.069047352708309528e+00,1.925165156834462710e-01,1.519414508380115603e+00,-9.308489557837695827e-04,-6.570930690769348770e-01,-1.430239253936035571e+00,-1.569059280531102996e+00,-1.889325338508761609e+00,-2.122086420518913386e+00,-3.203870756009900234e+00,1.006426201144325461e+00
9.499666444296197554e+00,7.023641168332968032e-01,6.020511024356933749e-01,7.271121045805529759e-01,1.639457742103289428e+00,1.731844488262827442e+00,-2.081708180133204689e+00,-6.849619205388238763e-01,1.058426922550896654e+00,1.798594746126389310e-01,1.505239603444641805e+00,-2.241508529639368863e-02,-6.505112133641095529e-01,-1.394566552520641656e+00,-1.614879523583241161e+00,-1.905197476900389209e+00,-2.127456073218444210e+00,-3.236899630932337235e+00,9.666632858337029788e-01
9.506337558372248253e+00,6.977638911406878197e-01,6.090757174432231968e-01,7.282694576482159343e-01,1.649451990605999230e+00,1.731622689404253457e+00,-2.086026604499304771e+00,-6.941459716430060656e-01,1.047502160513454017e+00,1.670977186792458880e-01,1.491030750983830089e+00,-4.411556966879021102e-02,-6.441976179060319163e-01,-1.358797279547445003e+00,-1.660295558399209170e+00,-1.920717769812071429e+00,-2.132264992985228425e+00,-3.268699641933421773e+00,9.260050598498175134e-01
9.513008672448298952e+00,6.931031941515677364e-01,6.160264446034308117e-01,7.293413328762778924e-01,1.659351347347501893e+00,1.731255425718614571e+00,-2.090303821402375917e+00,-7.030911266082634503e-01,1.036275811433194471e+00,1.542336166837640909e-01,1.476791669434787124e+00,-6.602405924104381985e-02,-6.381581892938377187e-01,-1.322948297395904804e+00,-1.705292915854168534e+00,-1.935879757677210655e+00,-2.136519884182634055e+00,-3.299257401453367766e+00,8.844714116440099971e-01
9.519679786524349652e+00,6.883836212181554393e-01,6.229012814178680468e-01,7.303270555228195127e-01,1.669155622943689687e+00,1.730741337318355777e+00,-2.094541679170897730e+00,-7.117969098229497416e-01,1.024750716334741574e+00,1.412695801991779299e-01,1.462526031995098563e+00,-8.813222359048322740e-02,-6.323987001871413938e-01,-1.287036428816823008e+00,-1.749857228920556063e+00,-1.950677077252901626e+00,-2.140227604467820566e+00,-3.328560038219474215e+00,8.420826039322202305e-01
9.526350900600400351e+00,6.836067704915191889e-01,6.296982446597922944e-01,7.312259670746747986e-01,1.678864652361078402e+00,1.730079120171680973e+00,-2.098742064189826895e+00,-7.202629577487265067e-01,1.012929811732394381e+00,1.282080629207338618e-01,1.448237465616067698e+00,-1.104316481650362003e-01,-6.269247868475225083e-01,-1.251078449379691371e+00,-1.793974237648039649e+00,-1.965103463908250747e+00,-2.143395160014707201e+00,-3.356595202331321914e+00,7.988592646002881104e-01
9.533022014676451050e+00,6.787742421750440069e-01,6.364153710087741000e-01,7.320374255262075414e-01,1.688478294605005869e+00,1.729267526652137121e+00,-2.102906899982586619e+00,-7.284890185807098018e-01,1.000816128899266522e+00,1.150515600005385525e-01,1.433929550028014255e+00,-1.329138377776704905e-01,-6.217419467331857241e-01,-1.215091079955695985e+00,-1.837629794118464499e+00,-1.979152753878168802e+00,-2.146029700698348197e+00,-3.383351070129071214e+00,7.548223774624260862e-01
9.539693128752501750e+00,6.738876377803066919e-01,6.430507176803087477e-01,7.327608056536251135e-01,1.697996432401463585e+00,1.728305366064808890e+00,-2.107038146277255830e+00,-7.364749518576036991e-01,9.884127931034560888e-01,1.018026073672669007e-01,1.419605816797776754e+00,-1.555702201326726875e-01,-6.168555361557439554e-01,-1.179090979239463932e+00,-1.880809867373944622e+00,-1.992818886482098151e+00,-2.148138515243455782e+00,-3.408816348843303867e+00,7.099932728770348422e-01
9.546364242828552449e+00,6.689485593857342760e-01,6.496023630502347768e-01,7.333954992846879462e-01,1.707418971872746383e+00,1.727191505148863104e+00,-2.111137798057328485e+00,-7.442207280221003751e-01,9.757230228114182058e-01,8.846378103115540292e-02,1.405269748418697340e+00,-1.783921493821655213e-01,-6.122707680000707420e-01,-1.143094736313023274e+00,-1.923500548316278591e+00,-2.006095906306750720e+00,-2.149729026339600946e+00,-3.432980281024328839e+00,6.643936182240477439e-01
9.553035356904603148e+00,6.639586088983520096e-01,6.560684072737210659e-01,7.339409155637393045e-01,1.716745842207113126e+00,1.725924868556281577e+00,-2.115207884597451571e+00,-7.517264279317853459e-01,9.627501288587820838e-01,7.503769637458165831e-02,1.390924777433329762e+00,-2.013709097114417534e-01,-6.079927095081251176e-01,-1.107118863255107666e+00,-1.965688054575764898e+00,-2.018977965352146242e+00,-2.150808785725556227e+00,-3.455832648749314284e+00,6.180454082479998057e-01
9.559706470980653847e+00,6.589193873189630457e-01,6.624469728986109862e-01,7.343964812119598840e-01,1.725976995322737073e+00,1.724504439306589809e+00,-2.119250468484626726e+00,-7.589922423209370939e-01,9.494975135887784301e-01,6.152700742845188669e-02,1.376574285588998192e+00,-2.244977189516209892e-01,-6.040262801276411464e-01,-1.071179787799168892e+00,-2.007358735347614775e+00,-2.031459325140270611e+00,-2.151385469245646664e+00,-3.477363777605622985e+00,5.709709552713029268e-01
9.566377585056704547e+00,6.538324940110780137e-01,6.687362054729266703e-01,7.347616407827389784e-01,1.735112405526129331e+00,1.722929259217378828e+00,-2.123267644625266293e+00,-7.660184712135076346e-01,9.359686699585026970e-01,4.793440613461896760e-02,1.362221603026429362e+00,-2.477637322181344970e-01,-6.003762494265288963e-01,-1.035293846043193078e+00,-2.048499076194201685e+00,-2.043534358785548122e+00,-2.151466871880467036e+00,-3.497564540448755643e+00,5.231928792818268947e-01
9.573048699132755246e+00,6.486995259739254394e-01,6.749342741462834860e-01,7.350358569120891694e-01,1.744152069165225694e+00,1.721198429310496048e+00,-2.127261539238541665e+00,-7.728055232876287484e-01,9.221671806132989424e-01,3.426262159466282597e-02,1.347870007501642764e+00,-2.711600455735094783e-01,-5.970472350737940914e-01,-9.994772752145864025e-01,-2.089095703811155946e+00,-2.055197553026467006e+00,-2.151060902754599269e+00,-3.516426360933466277e+00,4.747340978993841443e-01
9.579719813208805945e+00,6.435220771198594258e-01,6.810393722650461834e-01,7.352186105639955116e-01,1.753096004277449271e+00,1.719311110193702419e+00,-2.131234308836519542e+00,-7.793539151920870767e-01,9.080967169294258401e-01,2.051441930519969439e-02,1.333522723641166419e+00,-2.946776997129642028e-01,-5.940437008878061143e-01,-9.637462064932798000e-01,-2.129135390755693358e+00,-2.066443510217672141e+00,-2.150175580124111363e+00,-3.533941216816709030e+00,4.256178162255105368e-01
9.586390927284856645e+00,6.383017375564865592e-01,6.870497179609723615e-01,7.353094012706278271e-01,1.761944250232861053e+00,1.717266522417690844e+00,-2.135188139191467105e+00,-7.856642708150745058e-01,8.937610380253591114e-01,6.692600380083103817e-03,1.319182922230802468e+00,-3.183076836712718238e-01,-5.913699549526316712e-01,-9.281166578961355107e-01,-2.168605060135187390e+00,-2.077266950281823732e+00,-2.148819026346149741e+00,-3.550101643031136511e+00,3.758675165809917118e-01
9.593062041360907344e+00,6.330400928738360022e-01,6.929635547331739476e-01,7.353077473673109710e-01,1.770696867372714811e+00,1.715063946808289108e+00,-2.139125244290847494e+00,-7.917373205057260943e-01,8.791639897419147864e-01,-7.199999240320324734e-03,1.304853719537968137e+00,-3.420409385493305976e-01,-5.890301478032181626e-01,-8.926045272258704699e-01,-2.207491790254330954e+00,-2.087662712620556249e+00,-2.146999462833534711e+00,-3.564900734527951975e+00,3.255069481358051631e-01
9.599733155436958043e+00,6.277387234368634328e-01,6.987791520231578790e-01,7.352131862221940040e-01,1.779353936643599976e+00,1.712702724773760954e+00,-2.143047865280440334e+00,-7.975739002488240192e-01,8.643095035915311364e-01,-2.116050959243653135e-02,1.290538176667733516e+00,-3.658683612589895273e-01,-5.870282706800804551e-01,-8.572255850874095362e-01,-2.245782819219017235e+00,-2.097625757983978989e+00,-2.144725204996750456e+00,-3.578332148888156095e+00,2.745601164359527946e-01
9.606404269513008742e+00,6.223992036836367703e-01,7.044948057827676857e-01,7.350252744604967026e-01,1.787915559227375439e+00,1.710182258587049198e+00,-2.146958269396024743e+00,-8.031749507931402743e-01,8.492015956769889407e-01,-3.518602750513954991e-02,1.276239298952682288e+00,-3.897808082844340660e-01,-5.853681538542010454e-01,-8.219954679748608939e-01,-2.283465549495231173e+00,-2.107151170297911325e+00,-2.142004657175943461e+00,-3.590390108701025706e+00,2.230512728318145843e-01
9.613075383589059442e+00,6.170231014294685901e-01,7.101088390347980450e-01,7.347435881832972138e-01,1.796381856167174718e+00,1.707502011642893613e+00,-2.150858748884154181e+00,-8.085415167339096154e-01,8.338443655798726262e-01,-4.927361742743844447e-02,1.261960035376561873e+00,-4.137690994587460702e-01,-5.840534650227616753e-01,-7.869296714319733432e-01,-2.320527552421148165e+00,-2.116234158448460523e+00,-2.138846307565617000e+00,-3.601069403709169059e+00,1.710049038127562371e-01
9.619746497665110141e+00,6.116119771773376179e-01,7.156196024261075594e-01,7.343677231807413941e-01,1.804752967989669887e+00,1.704661508689690796e+00,-2.154751619912458338e+00,-8.136747455499521164e-01,8.182419952190722601e-01,-6.342031226794783705e-02,1.247703278031810692e+00,-4.378240217539279278e-01,-5.830877077763331195e-01,-7.520435432891954264e-01,-2.356956572670736882e+00,-2.124870058023171637e+00,-2.135258723134594749e+00,-3.610365392719191213e+00,1.184457202526970621e-01
9.626417611741160840e+00,6.061673834348754175e-01,7.210254747730020508e-01,7.338972951396247613e-01,1.813029054323819889e+00,1.701660336036046939e+00,-2.158639221469947245e+00,-8.185758865958960850e-01,8.023987476797159735e-01,-7.762311424579335095e-02,1.233471861611029396e+00,-4.619363330829173719e-01,-5.824742201380823658e-01,-7.173522769801143895e-01,-2.392740532667088083e+00,-2.133054333008258308e+00,-2.131250544543673797e+00,-3.618274005277399841e+00,6.539864657126603920e-02
9.633088725817211539e+00,6.006908640382243592e-01,7.263248635987238355e-01,7.333319398452541327e-01,1.821210293516359213e+00,1.698498141731916045e+00,-2.162523914257830970e+00,-8.232462900501387182e-01,7.863189660127835046e-01,-9.187899575273242303e-02,1.219268562932288358e+00,-4.860967661119998673e-01,-5.822161731755658431e-01,-6.828709049402723608e-01,-2.427867536943837834e+00,-2.140782577441336709e+00,-2.126830481063794576e+00,-3.624791743109927467e+00,1.188880981544415683e-02
9.639759839893262239e+00,5.951839534830648537e-01,7.315162056628263798e-01,7.326713133775204501e-01,1.829296882244205058e+00,1.695174635724284729e+00,-2.166408079571298551e+00,-8.276874058190046846e-01,7.700070720058439511e-01,-1.061849002261182479e-01,1.205096100498400657e+00,-5.102960320820243423e-01,-5.823165696856030804e-01,-6.486142920911492915e-01,-2.462325876452906570e+00,-2.148050517019091998e+00,-2.122007305497005447e+00,-3.629915681326775889e+00,-4.205847133364515322e-02
9.646430953969312938e+00,5.896481762630924051e-01,7.365979674822498158e-01,7.319150923011230603e-01,1.837289035124065606e+00,1.691689589987340314e+00,-2.170294118172796161e+00,-8.319007823977621063e-01,7.534675649252220442e-01,-1.205377430324427734e-01,1.190957134090005587e+00,-5.345248246368745626e-01,-5.827782429527306185e-01,-6.145971294121841400e-01,-2.496104032816890417e+00,-2.154854010659415398e+00,-2.116789849103054788e+00,-3.633643469389445713e+00,-9.641769762375740349e-02
9.653102068045363637e+00,5.840850462162363588e-01,7.415686458439263440e-01,7.310629738498508612e-01,1.845186984319437284e+00,1.688042838627068498e+00,-2.174184449157253063e+00,-8.358880656890529393e-01,7.367050202299686434e-01,-1.349344123611724566e-01,1.176854264392482641e+00,-5.587738236576071937e-01,-5.836038555816753792e-01,-5.808339276035283660e-01,-2.529190682524520284e+00,-2.161189052017420398e+00,-2.111186996533942040e+00,-3.635973331841797940e+00,-1.511632003597684903e-01
9.659773182121414337e+00,5.784960658789048971e-01,7.464267683086940330e-01,7.301146761048785683e-01,1.852990979145207939e+00,1.684234277960275916e+00,-2.178081508809761146e+00,-8.396509977793293888e-01,7.197240882580824284e-01,-1.493717701284984767e-01,1.162790032656663364e+00,-5.830336991006622727e-01,-5.847958984042659347e-01,-5.473390108423228373e-01,-2.561574701067410142e+00,-2.167051770954902867e+00,-2.105207680778988788e+00,-3.636904068803994861e+00,-2.062691525920787861e-01
9.666444296197465036e+00,5.728827258485255092e-01,7.511708937063719116e-01,7.290699381669941692e-01,1.860701285670143479e+00,1.680263866567976772e+00,-2.181987749456232528e+00,-8.431914156740040189e-01,7.025294928852785503e-01,-1.638466528907829012e-01,1.148766920393156310e+00,-6.072951148385947739e-01,-5.863566894611788038e-01,-5.141265106351411429e-01,-2.593245167016603681e+00,-2.172438434962757903e+00,-2.098860878123064211e+00,-3.636435056229438079e+00,-2.617095803603268767e-01
9.673115410273515735e+00,5.672465041546627118e-01,7.557996126217841892e-01,7.279285203227078282e-01,1.868318186317409646e+00,1.676131625323176833e+00,-2.185905638307491294e+00,-8.465112499918621136e-01,6.851260301568223854e-01,-1.783558727672897026e-01,1.134787349100326193e+00,-6.315487325017257181e-01,-5.882883730588513993e-01,-4.812103597692294343e-01,-2.624191366037203821e+00,-2.177345450535893789e+00,-2.092155603120251506e+00,-3.634566245924680583e+00,-3.174583739875649346e-01
9.679786524349566434e+00,5.615888656389829148e-01,7.603115478715788411e-01,7.266902042041649690e-01,1.875841979463417353e+00,1.671837637393008391e+00,-2.189837656297337176e+00,-8.496125236195103403e-01,6.675185668927497984e-01,-1.928962183719616919e-01,1.120853680025696741e+00,-6.557852153191080502e-01,-5.905929189019107906e-01,-4.486042863652026647e-01,-2.654402794839572532e+00,-2.181769364500182995e+00,-2.085100903585662024e+00,-3.631298165332434102e+00,-3.734892994198111271e-01
9.686457638425617134e+00,5.559112613443131234e-01,7.647053549716423815e-01,7.253547929428330043e-01,1.883272979035186978e+00,1.667382048215268142e+00,-2.193786296915091860e+00,-8.524973503264667851e-01,6.497120392669649691e-01,-2.074644557538721790e-01,1.106968213960693337e+00,-6.799952319573221438e-01,-5.932721213013667505e-01,-4.163218080336030802e-01,-2.683869165065483120e+00,-2.185706865291129120e+00,-2.077705855607688168e+00,-3.626631917077919987e+00,-4.297760096061777890e-01
9.693128752501667833e+00,5.502151279130903516e-01,7.689797225949644988e-01,7.239221113168580191e-01,1.890611514106431912e+00,1.662765065449341106e+00,-2.197754065033071136e+00,-8.551679333416251083e-01,6.317114513606330028e-01,-2.220573293460507136e-01,1.093133191068638155e+00,-7.041694603553625420e-01,-5.963275984588677359e-01,-3.843762261379748413e-01,-2.712580407107735514e+00,-2.189154784183656943e+00,-2.069979558583175727e+00,-3.620569178278747913e+00,-4.862920559145753607e-01
9.699799866577718532e+00,5.445018869954114660e-01,7.731333730197524901e-01,7.223920058920945131e-01,1.897857928492625135e+00,1.657986958901572550e+00,-2.201743475729578403e+00,-8.576265638918052492e-01,6.135218736903182979e-01,-2.366715629223397344e-01,1.079350790745728705e+00,-7.282985915542300459e-01,-5.997607918271943284e-01,-3.527806201667353925e-01,-2.740526673861646056e+00,-2.192110096472878134e+00,-2.061931130277969704e+00,-3.613112199618873088e+00,-5.430108995779718839e-01
9.706470980653769232e+00,5.387729446669714539e-01,7.771650625676558288e-01,7.207643451567030679e-01,1.905012580345252893e+00,1.653048060425102106e+00,-2.205757053107879617e+00,-8.598756197031575121e-01,5.951484417113088732e-01,-2.513038605619853927e-01,1.065623131514882527e+00,-7.523733335194870975e-01,-6.035729655472197308e-01,-3.215478422163853267e-01,-2.767698344406968491e+00,-2.194569922605277501e+00,-2.053569701915266776e+00,-3.604263804187026743e+00,-5.999059231662251523e-01
9.713142094729819931e+00,5.330296908571181547e-01,7.810735820319155698e-01,7.190390196493028352e-01,1.912075841745439098e+00,1.647948763794235827e+00,-2.209797329111649500e+00,-8.619175634660914964e-01,5.765963542966556776e-01,-2.659509076215727519e-01,1.051952270952292823e+00,-7.763844149553134066e-01,-6.077652059614552238e-01,-2.906905115882776336e-01,-2.794086027618723822e+00,-2.196531529260079108e+00,-2.044904413294000634e+00,-3.594027386080256292e+00,-6.569504420785896581e-01
9.719813208805870630e+00,5.272734987872613743e-01,7.848577570952965932e-01,7.172159420806056840e-01,1.919048098297228666e+00,1.642689524553399005e+00,-2.213866842337473440e+00,-8.637549412645962876e-01,5.578708721923100189e-01,-2.806093717140518695e-01,1.038340205646377301e+00,-8.003225891084648769e-01,-6.123384212043330166e-01,-2.602210095012928992e-01,-2.819680565705538822e+00,-2.197992330380427184e+00,-2.035944407939807022e+00,-3.582406908773255072e+00,-7.141177160518172862e-01
9.726484322881921329e+00,5.215057244198850750e-01,7.885164487376250531e-01,7.152950474485078036e-01,1.925929748720667245e+00,1.637270859840757486e+00,-2.217968136844826077e+00,-8.653903809706378070e-01,5.389773164489594093e-01,-2.952759036944294091e-01,1.024788871189024952e+00,-8.241786375605613113e-01,-6.172933408692868884e-01,-2.301514739226415696e-01,-2.844473037673986404e+00,-2.198949888154090537e+00,-2.026698828290739662e+00,-3.569406903254306762e+00,-7.713809606788766260e-01
9.733155436957972029e+00,5.157277059183806855e-01,7.920485536328001341e-01,7.132762931465708167e-01,1.932721204444953322e+00,1.631693348186573411e+00,-2.222103760964114993e+00,-8.668265906044942959e-01,5.199210668309555139e-01,-3.099471386518711236e-01,1.011300142198797936e+00,-8.479433740071722347e-01,-6.226305157527065592e-01,-2.004937945189537718e-01,-2.868454762717630224e+00,-2.199401913943371145e+00,-2.017176810920116914e+00,-3.555032465928662511e+00,-8.287133589333735006e-01
9.739826551034022728e+00,5.099407631179256883e-01,7.954530045351053680e-01,7.111596590658778583e-01,1.939422889201849909e+00,1.625957629286408856e+00,-2.226276266103274004e+00,-8.680663566618298521e-01,5.007075602029088524e-01,-3.246196969078205541e-01,9.978758323758617488e-01,-8.716076480221449652e-01,-6.283503176747704533e-01,-1.712596077298043085e-01,-2.891617303529271155e+00,-2.199346269164017098e+00,-2.007387481798819984e+00,-3.539289256290442331e+00,-8.860880726944946328e-01
9.746497665110073427e+00,5.041461970076417387e-01,7.987287706546888355e-01,7.089451476902045579e-01,1.946035238619548080e+00,1.620064403749267967e+00,-2.230488205553396774e+00,-8.691125424082780659e-01,4.813422888944625111e-01,-3.392901850197996283e-01,9.845176945884330788e-01,-8.951623488056241751e-01,-6.344529393771548564e-01,-1.424602919657136368e-01,-2.913952469535143308e+00,-2.198780966112804158e+00,-1.997339951599138352e+00,-3.522183494364035994e+00,-9.434782542677269124e-01
9.753168779186124127e+00,4.983452892242299370e-01,8.018748580220669275e-01,7.066327841844699531e-01,1.952558699817235066e+00,1.614014432820788159e+00,-2.234742133293955213e+00,-8.699680861424492484e-01,4.618307990437209298e-01,-3.539551967905845142e-01,9.712274209903681843e-01,-9.185984089142282816e-01,-6.409383944975711733e-01,-1.141069629326496582e-01,-2.935452320049702468e+00,-2.197704168743584763e+00,-1.987043311042540950e+00,-3.503721957916228646e+00,-1.000857057896205271e+00
9.759839893262174826e+00,4.925393015572889222e-01,8.048903098414978974e-01,7.042226164764574525e-01,1.958993731000541194e+00,1.607808538081617389e+00,-2.239040602798122226e+00,-8.706359994281527293e-01,4.421786889199214587e-01,-3.686113142823670974e-01,9.580066431696353524e-01,-9.419068079719229436e-01,-6.478065176210503484e-01,-8.621046908492768779e-02,-2.956109167349675992e+00,-2.196114193391675240e+00,-1.976506626293485169e+00,-3.483911979440337703e+00,-1.058197651257783090e+00
9.766511007338225525e+00,4.867294754665464906e-01,8.077742068331086323e-01,7.017147153317259134e-01,1.965340801058066411e+00,1.601447601121104736e+00,-2.243386165838645141e+00,-8.711193652967283985e-01,4.223916072258748766e-01,-3.832551088355783397e-01,9.448569323273976472e-01,-9.650785763599103451e-01,-6.550569644078634290e-01,-5.878138720852055243e-02,-2.975915579666162714e+00,-2.194009509446197104e+00,-1.965738934401414895e+00,-3.462761442913688370e+00,-1.115473226942826468e+00
9.773182121414276224e+00,4.809170316111566201e-01,8.105256675636196562e-01,6.991091744217413639e-01,1.971600389159234190e+00,1.594932563186442609e+00,-2.247781371294893304e+00,-8.714213364203522438e-01,4.024752513807074994e-01,-3.978831420920297957e-01,9.317797994872674128e-01,-9.881047988842642793e-01,-6.626892117979320540e-01,-3.183001813642261091e-02,-2.994864384093472331e+00,-2.191388739970455468e+00,-1.954749238793136445e+00,-3.440278780329920405e+00,-1.172657013907824064e+00
9.779853235490326924e+00,4.751031693912991516e-01,8.131438487655625602e-01,6.964061103851388879e-01,1.977772984353599162e+00,1.588264424807428021e+00,-2.252228763961457769e+00,-8.715451332572011767e-01,3.824353657834915765e-01,-4.124919670220130175e-01,9.187766957345355756e-01,-1.010976618419566098e+00,-6.707025582915651096e-01,-5.366382598030794426e-03,-3.012948669413576752e+00,-2.188250662269922042e+00,-1.943546504817569964e+00,-3.416472968007635558e+00,-1.229722288899889993e+00
9.786524349566377623e+00,4.692890665022283470e-01,8.156279456448393139e-01,6.936056628821473113e-01,1.983859085171885361e+00,1.581444245396997239e+00,-2.256730883358919026e+00,-8.714940421693702088e-01,3.622777400583163110e-01,-4.270781289550130699e-01,9.058490124848896929e-01,-1.033685239527269983e+00,-6.790961243062784147e-01,2.059978279592522554e-02,-3.030161788834900172e+00,-2.184594208407949267e+00,-1.932139655345021856e+00,-3.391353522677080790e+00,-1.286642387847210856e+00
9.793195463642428322e+00,4.634758785009717164e-01,8.179771921765240927e-01,6.907079946421064154e-01,1.989859199228903197e+00,1.574473142827706340e+00,-2.261290262547249963e+00,-8.712714135145007699e-01,3.420082072813589447e-01,-4.416381666137020878e-01,8.929980817822931183e-01,-1.056221932047163747e+00,-6.878688526094910438e-01,4.605902943112871739e-02,-3.046497362644354112e+00,-2.180418465668900296e+00,-1.920537566422990450e+00,-3.364930497346575233e+00,-1.343390717210517282e+00
9.799866577718479022e+00,4.576647383858492568e-01,8.201908613887707311e-01,6.877132915040913286e-01,1.995773842828536537e+00,1.567352292984358186e+00,-2.265909426942321669e+00,-8.708806597119440607e-01,3.216326421905982835e-01,-4.561686131508153608e-01,8.802251766257145338e-01,-1.078578034660546470e+00,-6.970195088267960859e-01,7.100220042858240710e-02,-3.061949280771475213e+00,-2.175722676968717018e+00,-1.908749062990430234e+00,-3.337214476950499442e+00,-1.399940765290799138e+00
9.806537691794529721e+00,4.518567561889652584e-01,8.222682656347289898e-01,6.846217624505965826e-01,2.001603540571026851e+00,1.560082929292941678e+00,-2.270590893136098742e+00,-8.703252532845052736e-01,3.011569593786609378e-01,-4.706659971886330562e-01,8.675315113241659493e-01,-1.100744958423657716e+00,-7.065466820255138503e-01,9.542043424316637434e-02,-3.076511705263577756e+00,-2.170506241212786236e+00,-1.896782914652511920e+00,-3.308216573780777381e+00,-1.456266113488350999e+00
9.813208805870580420e+00,4.460530185818549764e-01,8.242087568523422947e-01,6.814336396342951518e-01,2.007348824962698508e+00,1.552666342226118656e+00,-2.275337167720935305e+00,-8.696087248766100064e-01,2.805871114695167590e-01,-4.851268438606287647e-01,8.549182418797934835e-01,-1.122714190269896051e+00,-7.164487853731682510e-01,1.193051681203434189e-01,-3.090179072670841798e+00,-2.164768713601097794e+00,-1.884647831517733518e+00,-3.277948422703866882e+00,-1.512340447508304875e+00
9.819879919946631119e+00,4.402545884944186194e-01,8.260117268119389067e-01,6.781491783978230714e-01,2.013010236028347499e+00,1.545103878785441420e+00,-2.280150746118534411e+00,-8.687346612499090570e-01,2.599290872795151919e-01,-4.995476758550150276e-01,8.423864663984879098e-01,-1.144477296479432304e+00,-7.267240568705450876e-01,1.426481414096836264e-01,-3.102946096340359894e+00,-2.158509805880585830e+00,-1.872352460099282911e+00,-3.246422176165301821e+00,-1.568137568507970814e+00
9.826551034022681819e+00,4.344625047473018586e-01,8.276766073514943978e-01,6.747686572866136157e-01,2.018588320926454571e+00,1.537396941960542884e+00,-2.285034111414056657e+00,-8.677067032572718386e-01,2.391889099634467997e-01,-5.139250144597796721e-01,8.299372255275961896e-01,-1.166025926114791833e+00,-7.373705601588836922e-01,1.654413987338478886e-01,-3.114807768618056194e+00,-2.151729386544730449e+00,-1.859905379282519755e+00,-3.213650498984058856e+00,-1.623631404181013815e+00
9.833222148098732518e+00,4.286777816978664668e-01,8.292028705994857196e-01,6.712923780547503938e-01,2.024083633567403062e+00,1.529546990165528308e+00,-2.289989733195826993e+00,-8.665285437960872361e-01,2.183726351462409454e-01,-5.282553806088675641e-01,8.175715029203745043e-01,-1.187351814421015561e+00,-7.483861854008011516e-01,1.876772930117811544e-01,-3.125759362957611032e+00,-2.144427480980338085e+00,-1.847315096360299558e+00,-3.179646562938922116e+00,-1.678796019773973525e+00
9.839893262174783217e+00,4.229014088998771514e-01,8.305900291852343909e-01,6.677206656638283722e-01,2.029496734234886635e+00,1.521555536652800189e+00,-2.295020066401188163e+00,-8.652039257419248397e-01,1.974863490408722833e-01,-5.425352959291878108e-01,8.052902257266054686e-01,-1.208446786188996924e+00,-7.597686502344773718e-01,2.093484883349312486e-01,-3.135796435935410464e+00,-2.136604271561522772e+00,-1.834590043137972915e+00,-3.144424041149244786e+00,-1.733605629030269268e+00
9.846564376250833917e+00,4.171343507770288728e-01,8.318376364366438791e-01,6.640538682748508004e-01,2.034828189210684979e+00,1.513424148904571442e+00,-2.300127550168963531e+00,-8.637366398634729325e-01,1.765361665531637037e-01,-5.567612837880605570e-01,7.930942651089649686e-01,-1.229302759080721952e+00,-7.715155008005784021e-01,2.304479626954059057e-01,-3.144914829170607273e+00,-2.128260097691034414e+00,-1.821738572109733001e+00,-3.107997102252531008e+00,-1.788034605057093884e+00
9.853235490326884616e+00,4.113775463104627494e-01,8.329452865652628990e-01,6.602923572331090840e-01,2.040078570402946490e+00,1.505154448002337331e+00,-2.305314606698984470e+00,-8.621305227197963994e-01,1.555282293741009070e-01,-5.709298703407562625e-01,7.809844367846987545e-01,-1.249911746914882604e+00,-7.836241128414171975e-01,2.509690105649009517e-01,-3.153110671149493616e+00,-2.119395455788798177e+00,-1.808768952708006861e+00,-3.070380404381398698e+00,-1.842057491110523415e+00
9.859906604402935315e+00,4.056319087403403856e-01,8.339126148385681558e-01,6.564365270461065549e-01,2.045248454978194630e+00,1.496748107974547715e+00,-2.310583640119235227e+00,-8.603894545408748984e-01,1.344687040602856321e-01,-5.850375855778005008e-01,7.689615015919983865e-01,-1.270265862911774901e+00,-7.960916928717629570e-01,2.709052453235887281e-01,-3.160380378953269176e+00,-2.110010999227978967e+00,-1.795689367627507416e+00,-3.031589088942453269e+00,-1.895649011294321618e+00
9.866577718478986014e+00,3.998983252816360467e-01,8.347392977394201274e-01,6.524867953544657428e-01,2.050338424997171227e+00,1.488206855122789163e+00,-2.315937035360994489e+00,-8.585173570924464759e-01,1.133637801031949222e-01,-5.990809643716601407e-01,7.570261660807314774e-01,-1.290357322895929748e+00,-8.089152794207439268e-01,2.902506015378580884e-01,-3.166720659888516920e+00,-2.100107538218417336e+00,-1.782507909225529819e+00,-2.991638774199809614e+00,-1.948784081167882931e+00
9.873248832555036714e+00,3.941776568542033621e-01,8.354250531125869683e-01,6.484436028958852072e-01,2.055349067054712098e+00,1.479532467326735601e+00,-2.321377157042537664e+00,-8.565181915261597112e-01,9.221966798789732467e-02,-6.130565475224836192e-01,7.451790831268587656e-01,-1.310178448455376676e+00,-8.220917443441766448e-01,3.089993370862131883e-01,-3.172128513019519147e+00,-2.089686039637789872e+00,-1.769232576000065116e+00,-2.950545548666023699e+00,-2.001437818258752444e+00
9.879919946631087413e+00,3.884707378272337364e-01,8.359696402982976782e-01,6.443074134620995208e-01,2.060280971923798443e+00,1.470726773328167036e+00,-2.326906348361808430e+00,-8.543959562160605703e-01,7.104259724184269764e-02,-6.269608828025555747e-01,7.334208525701053638e-01,-1.329721670056147609e+00,-8.356177942067226638e-01,3.271460351324642080e-01,-3.176601230601782788e+00,-2.078747626810427462e+00,-1.755871269147175839e+00,-2.908325964303221323e+00,-2.053585552475415632e+00
9.886591060707138112e+00,3.827783757782030061e-01,8.363728602527383815e-01,6.400787138488981398e-01,2.065134734203933231e+00,1.461791651994384322e+00,-2.332526929998540055e+00,-8.521546845824139460e-01,4.983881447448029745e-02,-6.407905259990642755e-01,7.217520218743528337e-01,-1.348979530110788971e+00,-8.494899717331322320e-01,3.446856059454970200e-01,-3.180136399416022552e+00,-2.067293579234091183e+00,-1.742431789199156977e+00,-2.864997029537456275e+00,-2.105202836415740464e+00
9.893262174783188811e+00,3.771013512663544676e-01,8.366345556554474205e-01,6.357580137991745151e-01,2.069910951974003765e+00,1.452729031561283746e+00,-2.338241199026305672e+00,-8.497984429039190379e-01,2.861458140824027496e-02,-6.545420419549210500e-01,7.101730868101340244e-01,-1.367944685999687549e+00,-8.637046573279281159e-01,3.616132885650500395e-01,-3.182731902001987745e+00,-2.055325332254768878e+00,-1.728921832744809262e+00,-2.820576202089150275e+00,-2.156265455566965805e+00
9.899933288859239511e+00,3.714404176208325192e-01,8.367546110035437579e-01,6.313458459390588473e-01,2.074610226449762784e+00,1.443540888856459814e+00,-2.344051427834901613e+00,-8.473313281193002311e-01,7.376172901687544359e-03,-6.682120056071928493e-01,6.986844921587882506e-01,-1.386609913043936881e+00,-8.782580706627378664e-01,3.779246523128274582e-01,-3.184385917791509701e+00,-2.042844476689773092e+00,-1.715348989233251853e+00,-2.775081381622810373e+00,-2.206749438392730411e+00
9.906604402935290210e+00,3.657963007435042213e-01,8.367329526927500538e-01,6.268427657071105052e-01,2.079233161646081296e+00,1.434229248502624676e+00,-2.349959863063563414e+00,-8.447574656193532761e-01,-1.387012503460102741e-02,-6.817970030228787115e-01,6.872866324376266656e-01,-1.404968107428582247e+00,-8.931462723305527707e-01,3.936155981485305322e-01,-3.185096924140197405e+00,-2.029852758399244284e+00,-1.701720737862530308e+00,-2.728530902219062249e+00,-2.256631066303061317e+00
9.913275517011340909e+00,3.601696989265328885e-01,8.365695490851444704e-01,6.222493512766377188e-01,2.083780364044113931e+00,1.424796182101702113e+00,-2.355968724545456361e+00,-8.420810070304680650e-01,-3.511801722866533804e-02,-6.952936324316498773e-01,6.759798526455330636e-01,-1.423012289075089143e+00,-9.083651655660598401e-01,4.086823598703499538e-01,-3.184863697257191095e+00,-2.016352077806438992e+00,-1.688044444554339885e+00,-2.680943524672336764e+00,-2.305886883502942020e+00
9.919946631087391609e+00,3.545612826847841514e-01,8.362644105636296565e-01,6.175662034711087989e-01,2.088252442263487829e+00,1.415243807399933607e+00,-2.362080204263811378e+00,-8.393061279906447458e-01,-5.636120134366859324e-02,-7.086985052552053910e-01,6.647644490285388175e-01,-1.440735604461792718e+00,-9.239104980312993209e-01,4.231215051595051957e-01,-3.183685313032587061e+00,-2.002344489366834956e+00,-1.674327359016022143e+00,-2.632338428617372106e+00,-2.354493706715539592e+00
9.926617745163442308e+00,3.489716946030717581e-01,8.358175895730517446e-01,6.127939456727298229e-01,2.092650006739680713e+00,1.405574287434341763e+00,-2.368296465320233857e+00,-8.364370259190772039e-01,-7.759336987957600462e-02,-7.220082471329304363e-01,6.536406698646335389e-01,-1.458131329391318509e+00,-9.397778636657283524e-01,4.369299364686265452e-01,-3.181561147761934105e+00,-1.987832200986519471e+00,-1.660576611891041665e+00,-2.582735204487975444e+00,-2.402428634775846561e+00
9.933288859239493007e+00,3.434015491983036794e-01,8.352291806479535952e-01,6.079332237241916737e-01,2.096973669406692498e+00,1.395789829660906367e+00,-2.374619640915553553e+00,-8.334779177803177674e-01,-9.880821217932683753e-02,-7.352194989435112404e-01,6.426087162672996511e-01,-1.475192871703816966e+00,-9.559627045998539963e-01,4.501048917537180394e-01,-3.178490878767447292e+00,-1.972817573390048151e+00,-1.646799211999032675e+00,-2.532153845311396090e+00,-2.449669058090827800e+00
9.939959973315543706e+00,3.378514327965736475e-01,8.344993204269395282e-01,6.029847058236001978e-01,2.101224043385128581e+00,1.385892685064840979e+00,-2.381051833343634350e+00,-8.304330378441020510e-01,-1.199994164387968437e-01,-7.483289178221400606e-01,6.316687430071983300e-01,-1.491913773934832044e+00,-9.724603131315173732e-01,4.626439450495019035e-01,-3.174474484915575712e+00,-1.957303119438008832e+00,-1.633002043666514247e+00,-2.480614738341921033e+00,-2.496192667962039202e+00
9.946631087391594406e+00,3.323219034251855830e-01,8.336281876536058011e-01,5.979490824126596493e-01,2.105401742675840016e+00,1.375885147253304464e+00,-2.387595112998600388e+00,-8.273066354418375790e-01,-1.411606717198744532e-01,-7.613331781730328096e-01,6.208208593512840601e-01,-1.508287715916954097e+00,-9.892658337638942090e-01,4.745450068881846839e-01,-3.169512247030466856e+00,-1.941291503394780849e+00,-1.619191864149241322e+00,-2.428138656537086604e+00,-2.541977465766897204e+00
9.953302201467645105e+00,3.268134907196768579e-01,8.326160031640504888e-01,5.928270660580930995e-01,2.109507381859201836e+00,1.365769551530967796e+00,-2.394251517395839191e+00,-8.241029727208325495e-01,-1.622856699659453450e-01,-7.742289726768684099e-01,6.100651299188932786e-01,-1.524308517323976098e+00,-1.006374265304278648e+00,4.858063245614880898e-01,-3.163604748203162398e+00,-1.924785540146599860e+00,-1.605375301147212941e+00,-2.374746749880258800e+00,-2.587001771994767552e+00
9.959973315543695804e+00,3.213266958458106393e-01,8.314630298609170245e-01,5.876193913263852986e-01,2.113541575800168104e+00,1.355548273958788297e+00,-2.401023050207216070e+00,-8.208263223972922518e-01,-1.833681080190801560e-01,-7.870130132928626621e-01,5.994015755540271773e-01,-1.539970140156749157e+00,-1.023780463022631704e+00,4.964264822261421628e-01,-3.156752873996103048e+00,-1.907788194370509061e+00,-1.591558850413208104e+00,-2.320460536553207831e+00,-2.631244235134056808e+00
9.966644429619746504e+00,3.158619914365626835e-01,8.301695726739846126e-01,5.823268146518341126e-01,2.117504939359196925e+00,1.345223730396397865e+00,-2.407911680310890645e+00,-8.174809655091410665e-01,-2.044016896382695181e-01,-7.996820322551423388e-01,5.888301742133019712e-01,-1.555266691169615134e+00,-1.041479140868935893e+00,5.064044008528911789e-01,-3.148957812542811929e+00,-1.890302579654346893e+00,-1.577748873455717904e+00,-2.265301893962371693e+00,-2.674683840406744118e+00
9.973315543695797203e+00,3.104198215441065778e-01,8.287359785072919705e-01,5.769501141980001302e-01,2.121398087109142239e+00,1.334798375528520875e+00,-2.414919340856104046e+00,-8.140711891697000047e-01,-2.253801275179204144e-01,-8.122327830630577949e-01,5.783508618689185976e-01,-1.570192424236501294e+00,-1.059464873748263258e+00,5.157393380192183407e-01,-3.140221054542519319e+00,-1.872331957568347249e+00,-1.563951595337123246e+00,-2.209293049622769622e+00,-2.717299918346557597e+00
9.979986657771847902e+00,3.050006016067692283e-01,8.271626361727981713e-01,5.714900897125450019e-01,2.125221633058224757e+00,1.324274701875794102e+00,-2.422047928343339596e+00,-8.106012843232728304e-01,-2.462971453060200655e-01,-8.246620414651708586e-01,5.679635334259847124e-01,-1.584741742655732644e+00,-1.077732099852578340e+00,5.244308875461003439e-01,-3.130544393149580884e+00,-1.853879736688575308e+00,-1.550173102567823591e+00,-2.152456571903211824e+00,-2.759072153217459800e+00
9.986657771847898601e+00,2.996047184309467148e-01,8.254499763105751509e-01,5.659475623755546581e-01,2.128976190379172628e+00,1.313655238790421453e+00,-2.429299301720242443e+00,-8.070755435036707226e-01,-2.671464796211751036e-01,-8.369666064365615110e-01,5.576680436535420560e-01,-1.598909201392693769e+00,-1.096275123048125355e+00,5.324789789791273265e-01,-3.119929923757532197e+00,-1.834949471572799196e+00,-1.536419341097042812e+00,-2.094815360636857360e+00,-2.799980591268807828e+00
9.993328885923949301e+00,2.942325301879776256e-01,8.235984712955647380e-01,5.603233746413376348e-01,2.132662371144601110e+00,1.302942551437087149e+00,-2.436675281493607237e+00,-8.034982585967103130e-01,-2.879218820678769997e-01,-8.491433011491271721e-01,5.474642081287488526e-01,-1.612689509259336074e+00,-1.115088115317367512e+00,5.398838769143210481e-01,-3.108380043677806182e+00,-1.815544861689024181e+00,-1.522696114400998058e+00,-2.036392637601050826e+00,-2.840005648823902717e+00
1.000000000000000000e+01,2.888843664259026500e-01,8.216086351308815594e-01,5.546183900738040906e-01,2.136280786068752491e+00,1.292139239759528602e+00,-2.444177648857888574e+00,-7.998737186077453654e-01,-3.086171212492590521e-01,-8.611889739346083594e-01,5.373518041933771361e-01,-1.626077531029844092e+00,-1.134165119254273879e+00,5.466461801692945599e-01,-3.095897451712913195e+00,-1.795669750297372858e+00,-1.509009081668966523e+00,-1.977211936870464370e+00,-2.879128120198508611e+00
