time,q1,q2,q3,q4,q5,q6,dq1,dq2,dq3,dq4,dq5,dq6,ddq1,ddq2,ddq3,ddq4,ddq5,ddq6
0.000000000000000000e+00,4.059245741003561503e-01,7.549744250772978393e-01,5.190548377314457840e-01,1.516018973111303181e+00,8.770373840770988583e-01,-2.420134693648738011e+00,-5.910104344098539020e-01,-2.710736283837029137e-01,-7.897691810224169995e-01,3.696200729141109198e-01,-1.771827139495216752e+00,-9.897303218876500885e-01,4.747859013858535260e-01,-2.828994594189588430e+00,-1.903402094498563013e+00,-1.554167211856424258e+00,-2.502235934330801825e+00,-4.187278073562223923e+00
6.671114076050700149e-03,4.019924638778767934e-01,7.531032269036634919e-01,5.137439723853342022e-01,1.518450297258074899e+00,8.651621246101641738e-01,-2.426830711486689829e+00,-5.878329571889140404e-01,-2.898940594458023212e-01,-8.024087348962360977e-01,3.593103249126214371e-01,-1.788303291124105687e+00,-1.017771243897009015e+00,4.777117645393880174e-01,-2.813233017988880036e+00,-1.885850501047761307e+00,-1.536702201935190581e+00,-2.437157962325268379e+00,-4.219132757299512093e+00
1.334222815210140030e-02,3.980816111816394276e-01,7.511068323286048676e-01,5.083491814948375431e-01,1.520813232208120702e+00,8.531784058747784449e-01,-2.433714490851302870e+00,-5.846381610157261877e-01,-3.086065939161060090e-01,-8.149294897957644057e-01,3.491169419431705556e-01,-1.804342199295908777e+00,-1.046019501446711741e+00,4.799783973334106335e-01,-2.796647942350606542e+00,-1.867786761866619738e+00,-1.519281972834717775e+00,-2.371154620958525250e+00,-4.249434966921363355e+00
2.001334222815210132e-02,3.941921168920723972e-01,7.489859794333133536e-01,5.028712689506875666e-01,1.523108553205279714e+00,8.410891651722012252e-01,-2.440787380254942907e+00,-5.814304378218873026e-01,-3.272057533590932987e-01,-8.273280413160828406e-01,3.390396054767677581e-01,-1.819937776728403733e+00,-1.074464692475927130e+00,4.815876169714916610e-01,-2.779243973948166246e+00,-1.849214553633979463e+00,-1.501912431779334867e+00,-2.304251741961299338e+00,-4.278171223088691910e+00
2.668445630420280060e-02,3.903240526335235439e-01,7.467414427418400669e-01,4.973110612718305568e-01,1.525337033238167939e+00,8.288973798351819688e-01,-2.448050658521615741e+00,-5.782141662654606273e-01,-3.456860909253902103e-01,-8.396010100951091237e-01,3.290779581011517574e-01,-1.835084109659199214e+00,-1.103096327213749284e+00,4.825415854173575880e-01,-2.761025975419908018e+00,-1.830137707315405926e+00,-1.484599328507466343e+00,-2.236475513079549504e+00,-4.305328710447332341e+00
3.335557038025350335e-02,3.864774608704695247e-01,7.443740330046955123e-01,4.916694074349381993e-01,1.527499442784294947e+00,8.166060660625447110e-01,-2.455505534216654073e+00,-5.749937094359836021e-01,-3.640421930549421758e-01,-8.517450428388444461e-01,3.192316045761134369e-01,-1.849775460185200782e+00,-1.131903832624153061e+00,4.828428078867981199e-01,-2.741999064036161560e+00,-1.810560206950889484e+00,-1.467348253875588426e+00,-2.167852467393101890e+00,-4.330895282208459207e+00
4.002668445630420263e-02,3.826523550190019107e-01,7.418845969711175270e-01,4.859471786971087948e-01,1.529596549561257124e+00,8.042182777384077053e-01,-2.463153145106154795e+00,-5.717734125700651981e-01,-3.822686811710068744e-01,-8.637568133383736191e-01,3.095001128977803440e-01,-1.864006268530369326e+00,-1.160876556880536148e+00,4.824941311808228495e-01,-2.722168610279851908e+00,-1.790486188394154077e+00,-1.450164638567242426e+00,-2.098409472499558781e+00,-4.354859464435386407e+00
4.669779853235490191e-02,3.788487195735136259e-01,7.392740171500695734e-01,4.801452684118098224e-01,1.531629118285055879e+00,7.917371052365143047e-01,-2.470994557646362111e+00,-5.685576007786316000e-01,-4.003602133643909267e-01,-8.756330234782924160e-01,2.998830153711614654e-01,-1.877771155240886891e+00,-1.190003773867869485e+00,4.814987418609630865e-01,-2.701540236341110734e+00,-1.769919938004107296e+00,-1.433053751907302331e+00,-2.028173719568012512e+00,-4.377210460035194650e+00
5.336891260840560119e-02,3.750665102485046809e-01,7.365432115600381024e-01,4.742645918381250270e-01,1.533597910435595901e+00,7.791656742101651378e-01,-2.479030766503167005e+00,-5.653505767868680643e-01,-4.183114860673575741e-01,-8.873704042362487998e-01,2.903798096902515669e-01,-1.891064923306875256e+00,-1.219274687710491412e+00,4.798601642676640910e-01,-2.680119814526264577e+00,-1.748865891288960528e+00,-1.416020700781648101e+00,-1.957172712267113424e+00,-4.397938152453789939e+00
6.004002668445630048e-02,3.713056541354225470e-01,7.336931334676994876e-01,4.683060859433618717e-01,1.535503684029414506e+00,7.665071443682412999e-01,-2.487262694101898486e+00,-5.621566186878997895e-01,-4.361172357166365754e-01,-8.989657166732818450e-01,2.809899600249911034e-01,-1.903882560209847696e+00,-1.248678437323553103e+00,4.775822583827955548e-01,-2.657913465581671186e+00,-1.727328631503583845e+00,-1.399070428662332111e+00,-1.885434255572074669e+00,-4.417033109073109642e+00
6.671114076050700670e-02,3.675660498744350857e-01,7.307247711155293590e-01,4.622707091990854167e-01,1.537347193399680956e+00,7.537647082378224894e-01,-2.495691190207545596e+00,-5.589799777112496315e-01,-4.537722404049699954e-01,-9.104157529146499339e-01,2.717128981143757671e-01,-1.916219239895099458e+00,-1.278204100986141345e+00,4.746692175373807832e-01,-2.634927556932866288e+00,-1.705312888200661181e+00,-1.382207714738265647e+00,-1.812986444455294333e+00,-4.434486584309339285e+00
7.338225483655770598e-02,3.638475678410425518e-01,7.276391474384361624e-01,4.561594413706405726e-01,1.539129188983506147e+00,7.409415899138962480e-01,-2.504317031535558069e+00,-5.558248760071036187e-01,-4.712713215206291717e-01,-9.217173371208399191e-01,2.625480243650161749e-01,-1.928070324668278879e+00,-1.307840700934055800e+00,4.711255659656994332e-01,-2.611168700839529677e+00,-1.682823535736228227e+00,-1.365437173151416106e+00,-1.739857652465272908e+00,-4.450290522411109784e+00
8.005336891260840526e-02,3.601500503474117654e-01,7.244373197694973232e-01,4.499732833002309529e-01,1.540850417116602422e+00,7.280410437966710058e-01,-2.513140921393342442e+00,-5.526955044473969014e-01,-4.886093453743444726e-01,-9.328673264484568239e-01,2.534947089544365983e-01,-1.939431367015403307e+00,-1.337577207970260806e+00,4.669561562070032590e-01,-2.586643752466810664e+00,-1.659865591730202095e+00,-1.348763252338433194e+00,-1.666076520198570332e+00,-4.464437559956810020e+00
8.672448298865910454e-02,3.564733118583233162e-01,7.211203795348860579e-01,4.437132566836214376e-01,1.542511619835307490e+00,7.150663533170046327e-01,-2.522163489352572618e+00,-5.495960204447418729e-01,-5.057812248130910682e-01,-9.438626120006953224e-01,2.445522929384207067e-01,-1.950298111345631913e+00,-1.367402546090990212e+00,4.621661663561413835e-01,-2.561359807873580419e+00,-1.636444215482503406e+00,-1.332190234477560020e+00,-1.591671943669584310e+00,-4.476921028050261597e+00
9.339559706470980383e-02,3.528171392216045144e-01,7.176894519380776494e-01,4.373804038405366135e-01,1.544113534686018196e+00,7.020208296504668599e-01,-2.531385290952404166e+00,-5.465305457901989961e-01,-5.227819208201784917e-01,-9.547001197670975658e-01,2.357200893616901993e-01,-1.960666495656120389e+00,-1.397305597125483745e+00,4.567610971644717743e-01,-2.535324201918212950e+00,-1.612564706345412713e+00,-1.315722235040662547e+00,-1.516673062582971188e+00,-4.487734954214116279e+00
1.000667111407605031e-01,3.491812919129239634e-01,7.141456956334293338e-01,4.309757874788252008e-01,1.545656894542036142e+00,6.889078104205578201e-01,-2.540806807433683367e+00,-5.435031645108778786e-01,-5.396064441010971491e-01,-9.653768115523101434e-01,2.269973843712269901e-01,-1.970532653118330702e+00,-1.427275205387356749e+00,4.507467689924784526e-01,-2.508544506082514225e+00,-1.588232502052793871e+00,-1.299363202450111610e+00,-1.441109248513568142e+00,-4.496874063980538239e+00
1.067378252168112024e-01,3.455655022948053157e-01,7.104903023892285008e-01,4.245004904524664058e-01,1.547142427427847355e+00,6.757306583916041776e-01,-2.550428445504217656e+00,-5.405179207483632453e-01,-5.562498566545750478e-01,-9.758896858935510732e-01,2.183834383315312322e-01,-1.979892913585191927e+00,-1.457300182335559802e+00,4.441293186156154427e-01,-2.481028526214479779e+00,-1.563453177006843164e+00,-1.283116917840234850e+00,-1.365010092998704572e+00,-4.504333782178759016e+00
1.134089392928619017e-01,3.419694758897259823e-01,7.067244967403125688e-01,4.179556155134959150e-01,1.548570856350849567e+00,6.624927601518704190e-01,-2.560250537135165594e+00,-5.375788166589329231e-01,-5.727072733283086192e-01,-9.862357789665101571e-01,2.098774869411264010e-01,-1.988743805018543753e+00,-1.487369311242923597e+00,4.369151958849257777e-01,-2.452784300190544275e+00,-1.538232440523037203e+00,-1.266986994922976173e+00,-1.288405395547836285e+00,-4.510110233919342626e+00
1.200800533689126010e-01,3.383928916671471443e-01,7.028495356303607888e-01,4.113422850579253054e-01,1.549942899140529518e+00,6.491975247874132160e-01,-2.570273339388595701e+00,-5.346898103365332888e-01,-5.889738633588310623e-01,-9.964121654794011462e-01,2.014787423496116059e-01,-1.997082054836333942e+00,-1.517471351870253615e+00,4.291111602440809136e-01,-2.423820095498066429e+00,-1.512576135033954827e+00,-1.250976879957359067e+00,-1.211325151574455639e+00,-4.514200245275032053e+00
1.267511674449633141e-01,3.348354023443192440e-01,6.988667080439712187e-01,4.046616408657392472e-01,1.551259268295089200e+00,6.358483825472174278e-01,-2.580497034276236334e+00,-5.318548137594627523e-01,-6.050448518949900212e-01,-1.006415959554897821e+00,1.931863942745740137e-01,-2.004904591179055728e+00,-1.547595045143959736e+00,4.207242771045283103e-01,-2.394144406738783815e+00,-1.486490234252672460e+00,-1.235089851822299245e+00,-1.133799540255262972e+00,-4.516601343658246392e+00
1.334222815210140134e-01,3.312966347007076928e-01,6.947773346286270080e-01,3.979148438350493810e-01,1.552520670835523919e+00,6.224487835001545344e-01,-2.590921728649430378e+00,-5.290776907617081859e-01,-6.209155215045074616e-01,-1.016244315599684089e+00,1.849996111176715474e-01,-2.012208544094967522e+00,-1.577729117835184658e+00,4.117619140805075517e-01,-2.363765953054019597e+00,-1.459980841296439902e+00,-1.219329022192229939e+00,-1.055858912321620657e+00,-4.517311757895405400e+00
1.400933955970647127e-01,3.277761899058631023e-01,6.905827673066722294e-01,3.911030737104903565e-01,1.553727808167139290e+00,6.090021961843062881e-01,-2.601547454120316516e+00,-5.263622550298584502e-01,-6.365812136631059381e-01,-1.025894429161358090e+00,1.769175410792032666e-01,-2.018991246643657256e+00,-1.607862287238427390e+00,4.022317370857573238e-01,-2.332693675472456096e+00,-1.433054186771355543e+00,-1.203697335815000047e+00,-9.775337777883162937e-01,-4.516330417998378977e+00
1.467645096731154120e-01,3.242736438605693383e-01,6.862843888774119439e-01,3.842275288059405214e-01,1.554881375948497402e+00,5.955121062491998130e-01,-2.612374167014209103e+00,-5.237122681265129476e-01,-6.520373302256839976e-01,-1.035363537772426845e+00,1.689393132704855582e-01,-2.025250235917546160e+00,-1.637983265847623660e+00,3.921417062937944120e-01,-2.300936734181296295e+00,-1.405716626818769743e+00,-1.188197570891400101e+00,-8.988547936247059944e-01,-4.513656954633518126e+00
1.534356237491661112e-01,3.207885475510852680e-01,6.818836126094608430e-01,3.772894257216584113e-01,1.555982063967777274e+00,5.819820150915032686e-01,-2.623401748353150875e+00,-5.211314375410920352e-01,-6.672793348790347912e-01,-1.044648921781148765e+00,1.610640388233597897e-01,-2.030983253980968684e+00,-1.668080766027687289e+00,3.815000719637082760e-01,-2.268504505721697928e+00,-1.377974641124167121e+00,-1.172832339555652359e+00,-8.198527513733185890e-01,-4.509291698288850014e+00
1.601067378252168105e-01,3.173204274162965133e-01,6.773818818234617067e-01,3.702899990559189725e-01,1.557030556026518298e+00,5.684154384847326380e-01,-2.634630003870626958e+00,-5.186234147689334772e-01,-6.823027545756056300e-01,-1.053747905168963994e+00,1.532908119961604032e-01,-2.036188248726492400e+00,-1.698143504679481053e+00,3.703153701334715997e-01,-2.235406580109353225e+00,-1.349834830889270032e+00,-1.157604088456142266e+00,-7.405585647210120026e-01,-4.503235678140112164e+00
1.667778519012675098e-01,3.138687857275849202e-01,6.727806694653053476e-01,3.632305011112432758e-01,1.558027529830736224e+00,5.548159052035224192e-01,-2.646058664057354903e+00,-5.161917934195576763e-01,-6.971031809477994390e-01,-1.062657856354280783e+00,1.456187112754750990e-01,-2.040863374648182571e+00,-1.728160207896223710e+00,3.585964181828351638e-01,-2.201652757881152667e+00,-1.321303916768141073e+00,-1.142515099435603254e+00,-6.610032570278114861e-01,-4.495490620616503286e+00
1.734489659773182091e-01,3.104331009812179021e-01,6.680814776699800506e-01,3.561122015953119835e-01,1.558973656889368398e+00,5.411869556430148887e-01,-2.657687384238112127e+00,-5.138401073549625497e-01,-7.116762717023331630e-01,-1.071376188982370969e+00,1.380468004730399656e-01,-2.045006993531540029e+00,-1.758119615609335273e+00,3.463523102679155752e-01,-2.167253047068870231e+00,-1.292388736768049107e+00,-1.127567490309933307e+00,-5.812179488185515996e-01,-4.486058947667095786e+00
1.801200800533689084e-01,3.070128283030553740e-01,6.632858373161886201e-01,3.489363873166556607e-01,1.559869602420021151e+00,5.275321404339280429e-01,-2.669515744679515468e+00,-5.115718288587955964e-01,-7.260177519941630742e-01,-1.079900362701151417e+00,1.305741298171108622e-01,-2.048617675059885013e+00,-1.788010486221716100e+00,3.335924126296652137e-01,-2.132217660100848455e+00,-1.263096244115893274e+00,-1.112763215744759560e+00,-5.012338452424653923e-01,-4.474943774729011281e+00
1.867911941294196077e-01,3.036073998653651129e-01,6.583953075718688153e-01,3.417043618752188539e-01,1.560716025261971840e+00,5.138550190538536677e-01,-2.681543250728660066e+00,-5.093903668372392612e-01,-7.401234157795069102e-01,-1.088227883922614270e+00,1.231997370376642920e-01,-2.051694197336992431e+00,-1.817821601226479400e+00,3.203263587784430655e-01,-2.096557010632695839e+00,-1.233433505090977711e+00,-1.098104068228832997e+00,-4.210822235058776508e-01,-4.462148908398595459e+00
1.934623082054703069e-01,3.002162253155314930e-01,6.534114754307579487e-01,3.344174453478917508e-01,1.561513577796399543e+00,5.001591584353521913e-01,-2.693769332982519416e+00,-5.072990650524267231e-01,-7.539891271474876699e-01,-1.096356306569694627e+00,1.159226484447844485e-01,-2.054235547325811151e+00,-1.847541769809164514e+00,3.065640445569866035e-01,-2.060281710308008662e+00,-1.203407696824937645e+00,-1.083591679143246500e+00,-3.407944202831587610e-01,-4.447678843806943227e+00
2.001334222815210062e-01,2.968386922164388819e-01,6.483359552401476433e-01,3.270769739691088973e-01,1.562262905873770702e+00,4.864481315713982679e-01,-2.706193347487981349e+00,-5.053012003891925730e-01,-7.676108216299356579e-01,-1.104283232808349391e+00,1.087418799996006658e-01,-2.056240921203143390e+00,-1.877159833431459424e+00,2.923156230841119640e-01,-2.023402565450192370e+00,-1.173026105069643776e+00,-1.069227519925486147e+00,-2.604018191111100444e-01,-4.431538761701261819e+00
2.068045363575717055e-01,2.934741664983052112e-01,6.431703882199740763e-01,3.196842998066146690e-01,1.562964648748355501e+00,4.727255161187429167e-01,-2.718814575972401393e+00,-5.033999811559459747e-01,-7.809845074888994709e-01,-1.112006313764643650e+00,1.016564383771453861e-01,-2.057709724630188752e+00,-1.906664670394475181e+00,2.775914995815484954e-01,-1.985930573686449208e+00,-1.142296121933894293e+00,-1.055012903327205320e+00,-1.799358377719402213e-01,-4.413734525233687478e+00
2.134756504336224048e-01,2.901219929217331295e-01,6.379164419733943658e-01,3.122407904324950856e-01,1.563619439019797497e+00,4.589948929997504368e-01,-2.731632226104523387e+00,-5.015985454204376914e-01,-7.941062669814049624e-01,-1.119523250226635902e+00,9.466532202051292089e-02,-2.058641572938898268e+00,-1.936045200379625797e+00,2.624023260863459495e-01,-1.947876920505049680e+00,-1.111225243589738954e+00,-1.040948984764618279e+00,-9.942791567001607600e-02,-4.394272676459294757e+00
2.201467645096731041e-01,2.867814955517458686e-01,6.325758099890046449e-01,3.047478285895782180e-01,1.564227902581688534e+00,4.452598450032735911e-01,-2.744645431785607048e+00,-4.998999593811755959e-01,-8.069722576010350812e-01,-1.126831793330863363e+00,8.776752218570299524e-02,-2.059036291234103366e+00,-1.965290388965182267e+00,2.467589960513469904e-01,-1.909252975747016023e+00,-1.079821067949270574e+00,-1.027036763760333038e+00,-1.890950120754952835e-02,-4.373160432545152077e+00
2.268178785857238033e-01,2.834519782425669598e-01,6.271502111348508102e-01,2.972068118533072179e-01,1.564790658577081883e+00,4.315239553851282217e-01,-2.757853253470607946e+00,-4.983072157752269637e-01,-8.195787132958846088e-01,-1.133929745233231090e+00,8.096202397654356231e-02,-2.058893914411448200e+00,-1.994389252116580913e+00,2.306726388362817515e-01,-1.870070290033376326e+00,-1.048091292312730349e+00,-1.013277085475404959e+00,6.158796083561324242e-02,-4.350405681692446791e+00
2.334889926617745026e-01,2.801327251328966650e-01,6.216413891443975936e-01,2.896191522891911063e-01,1.565308319360870781e+00,4.177908064687286260e-01,-2.771254678519215364e+00,-4.968232323231313030e-01,-8.319219456624714626e-01,-1.140814959764119951e+00,7.424780736909825096e-02,-2.058214687091148853e+00,-2.023330860648571594e+00,2.141546140920601582e-01,-1.830340591129171024e+00,-1.016043710988792537e+00,-9.996706423303602929e-01,1.420330419129338662e-01,-4.326016978773750132e+00
2.401601067378252019e-01,2.768230011514394850e-01,6.160511120946118302e-01,2.819862761059365730e-01,1.565781490468968862e+00,4.040639782464460206e-01,-2.784848621576557548e+00,-4.954508502116214963e-01,-8.439983451151841232e-01,-1.147485343067528252e+00,6.762384822496331216e-02,-2.056999063467675359e+00,-2.052104344657321278e+00,1.972165060409224457e-01,-1.790075780245420134e+00,-9.836862128878802736e-01,-9.862179757138624936e-01,2.223943423077020531e-01,-4.300003540687699299e+00
2.468312208138759012e-01,2.735220525324229546e-01,6.103811718763272332e-01,2.743096233043713084e-01,1.566210770594210100e+00,3.903470469822495348e-01,-2.798633924983370491e+00,-4.941928326148455897e-01,-8.558043820308547378e-01,-1.153938854224069388e+00,6.108911929287907938e-02,-2.055247707075460450e+00,-2.080698897920590262e+00,1.798701176551120717e-01,-1.749287928280274684e+00,-9.510267790893907058e-01,-9.729194777776890568e-01,3.026405037099965112e-01,-4.272375241433429061e+00
2.535023348899266282e-01,2.702291073408524813e-01,6.046333836570594311e-01,2.665906473222652839e-01,1.566596751568886114e+00,3.766435838161903971e-01,-2.812609359215407778e+00,-4.930518632547525870e-01,-8.673366078680575519e-01,-1.160173505857658327e+00,5.464259119808323462e-02,-2.052961490470787354e+00,-2.109103782264126536e+00,1.621274647368238231e-01,-1.707989272000613123e+00,-9.180734803837087288e-01,-9.597753933165986684e-01,3.827402217689431785e-01,-4.243142606907253089e+00
2.601734489659773275e-01,2.669433760072379980e-01,5.988095853364363563e-01,2.588308146751590044e-01,1.566940018353849773e+00,3.629571533712855902e-01,-2.826773623351868103e+00,-4.920305450012942838e-01,-8.785916562607394287e-01,-1.166187364725714826e+00,4.828323341884205311e-02,-2.050141494830033828e+00,-2.137308331892416202e+00,1.440007699021804699e-01,-1.666192210165351906e+00,-8.848344747898854168e-01,-9.467858217316817981e-01,4.626622586151588612e-01,-4.212316809424176967e+00
2.668445630420280268e-01,2.636640518715227532e-01,5.929116369944237297e-01,2.510316045933104201e-01,1.567241149034079628e+00,3.492913123633633599e-01,-2.841125345572575789e+00,-4.911313985130718596e-01,-8.895662440857980968e-01,-1.171978552292733067e+00,4.201001524961350819e-02,-2.046789009464493603e+00,-2.165301957681994072e+00,1.255024564720665925e-01,-1.623909299591771216e+00,-8.513180050498754259e-01,-9.339507190756870525e-01,5.423754553482730278e-01,-4.179909661966975776e+00
2.735156771180787261e-01,2.603903117359467889e-01,5.869414203325120649e-01,2.431945086548709667e-01,1.567500714820629248e+00,3.356496082144199700e-01,-2.855663083683684267e+00,-4.903568609190418481e-01,-9.002571725042298745e-01,-1.177545245287054954e+00,3.582190675029128801e-02,-2.042905531252022122e+00,-2.193074151435470132e+00,1.066451422726741871e-01,-1.581153251166171225e+00,-8.175323961002276540e-01,-9.212699001788164921e-01,6.218487444844472689e-01,-4.145933612165657145e+00
2.801867911941294254e-01,2.571213164265611639e-01,5.809008381080508210e-01,2.353210304154049748e-01,1.567719280058861742e+00,3.220355776700450368e-01,-2.870385325671621413e+00,-4.897092845418701268e-01,-9.106613279754849355e-01,-1.182885676240706729e+00,2.971787968100692012e-02,-2.038492763985790823e+00,-2.220614490094517279e+00,8.744163334865251436e-02,-1.537936925800205135e+00,-7.834860525221294392e-01,-9.087430408534182824e-01,7.010511623588226993e-01,-4.110401736010280693e+00
2.868579052701801246e-01,2.538562113631248063e-01,5.747918135619037860e-01,2.274126850338624162e-01,1.567897402242863558e+00,3.084527454214693321e-01,-2.885290490284993847e+00,-4.891909356635110173e-01,-9.207756832446678530e-01,-1.187998134012153040e+00,2.369690842196536806e-02,-2.033552617640469684e+00,-2.247912639910022214e+00,6.790491759179861919e-02,-1.494273330334247030e+00,-7.491874559707090153e-01,-8.963696801759981625e-01,7.799518614778546688e-01,-4.073327731300175003e+00
2.935290193462308239e-01,2.505941271370889512e-01,5.686162898396116550e-01,2.194709988951237811e-01,1.568035632035956306e+00,2.949046227327803416e-01,-2.900376927644161995e+00,-4.888039933335642795e-01,-9.305972983022363643e-01,-1.192880964291837653e+00,1.775797087780262018e-02,-2.028087207556179550e+00,-2.274958360567673754e+00,4.804815828826025648e-02,-1.450175613389176554e+00,-7.146451625845049449e-01,-8.841492228448788460e-01,8.585201228165161291e-01,-4.034725910832747786e+00
3.002001334222815232e-01,2.473341800973882787e-01,5.623762294062444322e-01,2.114975092292293579e-01,1.568134513297173349e+00,2.813947060738541950e-01,-2.915642919878195904e+00,-4.885505482209419048e-01,-9.401233213158581847e-01,-1.197532570090375170e+00,1.190004936596733565e-02,-2.022098853540618357e+00,-2.301741509267249519e+00,2.788468758725737295e-02,-1.405657061167982391e+00,-6.798678003760179056e-01,-8.720809416118564528e-01,9.367253680553788708e-01,-3.994611195335176834e+00
3.068712474983322225e-01,2.440754729437489556e-01,5.560736134551306220e-01,2.034937637274096822e-01,1.568194583113620144e+00,2.679264757595526403e-01,-2.931086681788865445e+00,-4.884326015093584106e-01,-9.493509895340979110e-01,-1.201951412209277370e+00,6.122131488637716501e-03,-2.015590078889755610e+00,-2.328252044753902350e+00,7.427999894358938704e-03,-1.360731093208608300e+00,-6.448640666042622094e-01,-8.601639797861315717e-01,1.014537171752608602e+00,-3.952999106142365271e+00
3.135423615743829218e-01,2.408170953272133485e-01,5.497104413106541632e-01,1.954613201550343682e-01,1.568216371838590639e+00,2.545033945957193566e-01,-2.946706361541379326e+00,-4.884520638371396828e-01,-9.582776301616110493e-01,-1.206136009694093181e+00,4.232109877012613097e-04,-2.008563609327562283e+00,-2.354480031299762466e+00,-1.330825480759978419e-02,-1.315411258089473900e+00,-6.096427251302345418e-01,-8.483973538087636879e-01,1.091925273445938815e+00,-3.909905757624692058e+00
3.202134756504336210e-01,2.375581244575929174e-01,5.432887298253064046e-01,1.874017459615978654e-01,1.568200403135327825e+00,2.411289065325210312e-01,-2.962500041381503024e+00,-4.886107542818221017e-01,-9.669006612055344174e-01,-1.210084940269849252e+00,-5.197711417672779000e-03,-2.001022371865256222e+00,-2.380415642634202023e+00,-3.431027770687411493e-02,-1.269711229089141913e+00,-5.742126037562311769e-01,-8.367799558958715078e-01,1.168859589679725808e+00,-3.865347849369157984e+00
3.268845897264843203e-01,2.342976257175407306e-01,5.368105127711918501e-01,1.793166178878586869e-01,1.568147194026313862e+00,2.278064353256654129e-01,-2.978465738378720307e+00,-4.889103993899907019e-01,-9.752175922927751595e-01,-1.213796840758697204e+00,-1.074162721131854958e-02,-1.992969493580569296e+00,-2.406049165821123381e+00,-5.556412797728726982e-02,-1.223644799801593130e+00,-5.385825915499335981e-01,-8.253105567487610816e-01,1.245310225952221295e+00,-3.819342658117640177e+00
3.335557038025350196e-01,2.310346532829449240e-01,5.302778402261761892e-01,1.712075215702520137e-01,1.568057254947970991e+00,2.145393832060251693e-01,-2.994601405195087995e+00,-4.893526322527922412e-01,-9.832260254579027192e-01,-1.217270407479650984e+00,-1.620951927865499353e-02,-1.984408300317602070e+00,-2.431371005081672809e+00,-7.705572965567120125e-02,-1.177225879708613254e+00,-5.027616361541945578e-01,-8.139878083291234301e-01,1.321247488578225493e+00,-3.771908029466102708e+00
3.402268178785857189e-01,2.277682507493372366e-01,5.236927779548792294e-01,1.630760511426964099e-01,1.567931089810640888e+00,2.013311295582036753e-01,-3.010904930879396257e+00,-4.899389916275259660e-01,-9.909236559013654411e-01,-1.220504396630341049e+00,-2.160236112399305242e-02,-1.975342315307828667e+00,-2.456371685560782669e+00,-9.877087857909416790e-02,-1.130468489710795721e+00,-4.667587410834537209e-01,-8.028102466974336160e-01,1.396641896462341714e+00,-3.723062369328651755e+00
3.468979319546364182e-01,2.244974517640053180e-01,5.170574067847086841e-01,1.549238088359134735e-01,1.567769196063726778e+00,1.881850296085565144e-01,-3.027374141686269837e+00,-4.906709211057078690e-01,-9.983082727177610138e-01,-1.223497624650686566e+00,-2.692111610698477708e-02,-1.965775257712879309e+00,-2.481041857036009102e+00,-1.206952493786342395e-01,-1.083386757618691743e+00,-4.305829630077253056e-01,-7.917762949126333494e-01,1.471464192778071389e+00,-3.672824635170490737e+00
3.535690460306871175e-01,2.212212806634991091e-01,5.103738219771366547e-01,1.467524045743821282e-01,1.567572064765860418e+00,1.751044131231965506e-01,-3.044006801919814098e+00,-4.915497683279683727e-01,-1.005377759593897524e+00,-1.226248968568409925e+00,-3.216673669861358498e-02,-1.955711041089732039e+00,-2.505372297567110884e+00,-1.428144025264778683e-01,-1.035994913605645440e+00,-3.942434090250739875e-01,-7.808842659911470196e-01,1.545685356548051281e+00,-3.621214327013885015e+00
3.602401601067378167e-01,2.179387531162181313e-01,5.036441325944194247e-01,1.385634555710484883e-01,1.567340180659970272e+00,1.620925831164935493e-01,-3.060800614801404862e+00,-4.925767842461312718e-01,-1.012130095476399427e+00,-1.228757366326322487e+00,-3.734016375711979308e-02,-1.945153771778996177e+00,-2.529353917084892878e+00,-1.651137914330779166e-01,-9.883072856238694914e-01,-3.577492339235315288e-01,-7.701323659232770513e-01,1.619276614120766844e+00,-3.568251478221340367e+00
3.669112741827885160e-01,2.146488767697634081e-01,4.968704608619682328e-01,1.303585859199137553e-01,1.567074022253108101e+00,1.491528145705808828e-01,-3.077753223361209489e+00,-4.937531224327962320e-01,-1.018563355208609966e+00,-1.231021817091306092e+00,-4.244232582423168587e-02,-1.934107747216991413e+00,-2.552977760917826799e+00,-1.875787695910792197e-01,-9.403382947853436979e-01,-3.211096374333828884e-01,-7.595186967449654158e-01,1.692209450539120752e+00,-3.513956646060331757e+00
3.735823882588392153e-01,2.113506519027349428e-01,4.900549415265710862e-01,1.221394261866214914e-01,1.566774061900905179e+00,1.362883531663731662e-01,-3.094862211353036408e+00,-4.950798384387270490e-01,-1.024675710136572881e+00,-1.233041381544943249e+00,-4.747413844206838096e-02,-1.922577454172361699e+00,-2.576235013255011808e+00,-2.101945977627140416e-01,-8.921024507091068756e-01,-2.843338614707562884e-01,-7.490412596629039133e-01,1.764455620796297364e+00,-3.458350902053967779e+00
3.802535023348899146e-01,2.080430720806561440e-01,4.831997212106793893e-01,1.139076129971680756e-01,1.566440765896514042e+00,1.235024140266002546e-01,-3.112125104192049907e+00,-4.965578891983228882e-01,-1.030465428683863038e+00,-1.234815182155722946e+00,-5.243650349106565578e-02,-1.910567566907982684e+00,-2.599117000544065803e+00,-2.329464512073483595e-01,-8.436143468365537856e-01,-2.474311873734568457e-01,-7.386979582309467496e-01,1.835987160974402066e+00,-3.401455822122087636e+00
3.869246164109406139e-01,2.047251248157043180e-01,4.763069577629601703e-01,1.056647886248587576e-01,1.566074594563895861e+00,1.107981804713473462e-01,-3.129539369914948299e+00,-4.981881324834296354e-01,-1.035930876895062580e+00,-1.236342403432791448e+00,-5.733030854925325048e-02,-1.898082945268970922e+00,-2.621615194822553008e+00,-2.558194269458311521e-01,-7.948886557163397093e-01,-2.104109331299782171e-01,-7.284866015757387459e-01,1.906776399261402188e+00,-3.343293476517383400e+00
3.935957304869913131e-01,2.013957922299224046e-01,4.693788196053322870e-01,9.741260057563175256e-02,1.565676002355312013e+00,9.817880278659607551e-02,-3.147102420162134706e+00,-4.999713264057268347e-01,-1.041070518947689205e+00,-1.237622292161192350e+00,-6.215642627321227298e-02,-1.885128632697613549e+00,-2.643721216981613331e+00,-2.787985510583049220e-01,-7.459401242605236959e-01,-1.732824506026261480e-01,-7.184049076694770664e-01,1.976795966841972341e+00,-3.283886419561189207e+00
4.002668445630420124e-01,1.980540517215866880e-01,4.624174850766892275e-01,8.915270117187594490e-02,1.565245437952867302e+00,8.564739700624890428e-02,-3.164811611181430173e+00,-5.019081289679003799e-01,-1.045882917632381170e+00,-1.238654157618565455e+00,-6.691571380101524191e-02,-1.871709854176077936e+00,-2.665426839960452376e+00,-3.018687860120943256e-01,-6.967835689735825122e-01,-1.360551227456900936e-01,-7.084505066476733948e-01,2.046018808657875443e+00,-3.223257679183722413e+00
4.069379586390927117e-01,1.946988766344068256e-01,4.554251417735280527e-01,8.088674713486457279e-02,1.564783344373969154e+00,7.320704370811628725e-02,-3.182664244852860591e+00,-5.039990976637931386e-01,-1.050366734801172708e+00,-1.239437371773276952e+00,-7.160901217744330971e-02,-1.857832014097782203e+00,-2.686723991870424655e+00,-3.250150380163104313e-01,-6.474338711559406434e-01,-9.873836081959364019e-02,-6.986209441697839306e-01,2.114418194033583109e+00,-3.161430746273586223e+00
4.136090727151434110e-01,1.913292369292294848e-01,4.484039858876924245e-01,7.261639916592868560e-02,1.564290159080540699e+00,6.086078682434112319e-02,-3.200657569734055574e+00,-5.062446891276957128e-01,-1.054520731783688881e+00,-1.239971369463948037e+00,-7.623714580176077504e-02,-1.843500694068345380e+00,-2.707604759047433696e+00,-3.482221643997669425e-01,-5.979059720836775726e-01,-6.134160160195506473e-02,-6.889136848205461572e-01,2.181967727162903437e+00,-3.098429563841445411e+00
4.202801867911941103e-01,1.879440998579156030e-01,4.413562215414477130e-01,6.434332152649548109e-02,1.563766314091842746e+00,4.861163246672339788e-02,-3.218788782125756143e+00,-5.086452588329277713e-01,-1.058343769771110221e+00,-1.240255648560377955e+00,-8.080092189831034055e-02,-1.828721650637052942e+00,-2.728061389031445572e+00,-3.714749810088162074e-01,-5.482148681660743428e-01,-2.387430459648504089e-02,-6.793261155498382386e-01,2.248641357452426881e+00,-3.034278516002880899e+00
4.269513008672448096e-01,1.845424306390656966e-01,4.342840601201035100e-01,5.606918161711543086e-02,1.563212236100752550e+00,3.646254776740825987e-02,-3.237055027156960030e+00,-5.112010608398254163e-01,-1.061834810167761933e+00,-1.240289770105836409e+00,-8.530113001017503027e-02,-1.813500812959811137e+00,-2.748086293471907027e+00,-3.947582696216890286e-01,-4.983756060826823320e-01,1.365405075934955637e-02,-6.698555491488684677e-01,2.314413389717683067e+00,-2.969002416785475162e+00
4.336224149432955088e-01,1.811231931352605407e-01,4.271897196023960452e-01,4.779564955560164363e-02,1.562628346593341488e+00,2.441645973539227632e-02,-3.255453399889198796e+00,-5.139122475932381695e-01,-1.064992914910199984e+00,-1.240073358440729079e+00,-8.973854151615057173e-02,-1.797844280394582217e+00,-2.767672050957934005e+00,-4.180567853759408203e-01,-4.484032779015876824e-01,5.123396788697404114e-02,-6.604992277604806450e-01,2.379258494227951548e+00,-2.902626498765263463e+00
4.402935290193462081e-01,1.776853505314867077e-01,4.200754238888538272e-01,3.952439775440699798e-02,1.562015061971596674e+00,1.247625412929048716e-02,-3.273980946439436934e+00,-5.167788697696076294e-01,-1.067817246753671956e+00,-1.239606101307634711e+00,-9.411390917123818589e-02,-1.781758320030327747e+00,-2.786811409772121273e+00,-4.413552642055676434e-01,-3.983130161805774061e-01,8.885593585874673739e-02,-6.512543264213510597e-01,2.443151716595740819e+00,-2.835176401537768953e+00
4.469646430953969074e-01,1.742278660144177538e-01,4.129434021283597267e-01,3.125710049736202256e-02,1.561372793679129733e+00,6.447743468081246210e-04,-3.292634665121088489e+00,-5.198008761736837569e-01,-1.070307069525844090e+00,-1.238887749937720661e+00,-9.842796667087072571e-02,-1.765249364150502931e+00,-2.805497290566921986e+00,-4.646384302843830638e-01,-3.481199890528966501e-01,1.265104321884785721e-01,-6.421179566338182099e-01,2.506068487507026266e+00,-2.766678160028892108e+00
4.536357571714476067e-01,1.707497034522180712e-01,4.057958880431301596e-01,2.299543351589944384e-02,1.560701948329711319e+00,-1.107517966864893233e-02,-3.311411507602624926e+00,-5.229781136849089851e-01,-1.072461748347700139e+00,-1.237918119118549543e+00,-1.026814282390586808e-01,-1.748324007632187538e+00,-2.823722788962515828e+00,-4.878910034722317435e-01,-2.978393952993100835e-01,1.641879256195067915e-01,-6.330871699651228202e-01,2.567984632288379032e+00,-2.697158192650983555e+00
4.603068712474983060e-01,1.672498280745397803e-01,3.986351192523308051e-01,1.474107356488718601e-02,1.560002927838475717e+00,-2.268085250380530438e-02,-3.330308380083251141e+00,-5.263103272534737087e-01,-1.074280749821522107e+00,-1.236697087243296300e+00,-1.068749882406317964e-01,-1.730989005281942994e+00,-2.841481178065172752e+00,-5.110977067606132795e-01,-2.474864594081773173e-01,2.018788789094302927e-01,-6.241589616717477806e-01,2.628876380307233696e+00,-2.626643289309531948e+00
4.669779853235490052e-01,1.637272071523782901e-01,3.914633365945475729e-01,6.495697998195493206e-03,1.559276129555628776e+00,-3.416953433336331059e-02,-3.349322144485106900e+00,-5.297971599460354897e-01,-1.075763642185882496e+00,-1.235224596341404357e+00,-1.110093208177379553e-01,-1.713251269109526298e+00,-2.858765910905111340e+00,-5.342432737143030241e-01,-1.970764266252590380e-01,2.395737516105915232e-01,-6.153302743466237956e-01,2.688720374201561736e+00,-2.555160599265896337e+00
4.736490993995997045e-01,1.601808106774595952e-01,3.842827834493341421e-01,-1.739015655878112243e-03,1.558521946402500191e+00,-4.553856195946059948e-02,-3.368449619661472827e+00,-5.334381530410557959e-01,-1.076910095437584092e+00,-1.233500652090707250e+00,-1.150850795507399882e-01,-1.695117865540615831e+00,-2.875570622792943620e+00,-5.573124559055417926e-01,-1.466245579949819466e-01,2.772630028454042272e-01,-6.065980015868784880e-01,2.747493678935343464e+00,-2.482737618861641238e+00
4.803202134756504038e-01,1.566096120408243253e-01,3.770957050580570069e-01,-9.961390119204195648e-03,1.557740767009776262e+00,-5.678531983233173208e-02,-3.387687582620408921e+00,-5.372327461736965404e-01,-1.077719881420493575e+00,-1.231525323811055728e+00,-1.191028971436459694e-01,-1.676596012569710803e+00,-2.891889133593757766e+00,-5.802900303373921265e-01,-9.614612539488788523e-02,3.149370940756441861e-01,-5.979589916798582205e-01,2.805173790676260825e+00,-2.409402179110023745e+00
4.869913275517011031e-01,1.530125887102819493e-01,3.699043478442570754e-01,-1.816974878831130458e-02,1.556932975857750368e+00,-6.790724105178216896e-02,-3.407032769763297164e+00,-5.411802775301968182e-01,-1.078192873881235192e+00,-1.229298744439493385e+00,-1.230633851341831342e-01,-1.657693076854414915e+00,-2.907715449918016670e+00,-6.031608068528503397e-01,-4.565640656499164729e-02,3.525864918647947932e-01,-5.894100513051112600e-01,2.861738645492144073e+00,-2.335182433160284177e+00
4.936624416277518024e-01,1.493887229064013167e-01,3.627109587337521979e-01,-2.636241615865028004e-02,1.556098953418423303e+00,-7.890180834908389063e-02,-3.426481878137713100e+00,-5.452799840916158214e-01,-1.078329048491707631e+00,-1.226821110487031019e+00,-1.269671336286124497e-01,-1.638416570752316170e+00,-2.923043767228405088e+00,-6.259096355263140676e-01,4.829319866206188694e-03,3.902016706325853734e-01,-5.809479492500241316e-01,2.917166627862764372e+00,-2.260106843640414809e+00
5.003335557038025572e-01,1.457370022767129347e-01,3.555177844746981730e-01,-3.453771824850759148e-02,1.555239076299290035e+00,-8.976655504891717374e-02,-3.446031566704072180e+00,-5.495310019268180302e-01,-1.078128482838417668e+00,-1.224092681977070995e+00,-1.308147110613711028e-01,-1.618774149301711596e+00,-2.937868471861856623e+00,-6.485214140340159750e-01,5.529577935732836458e-02,4.277731154008265757e-01,-5.725694201367977909e-01,2.971436579003650547e+00,-2.184204169884139013e+00
5.070046697798532565e-01,1.420564205677912750e-01,3.483270709578332180e-01,-4.269398302244760413e-02,1.554353717388648359e+00,-1.004990660109853912e-01,-3.465678457615481989e+00,-5.539323665345482484e-01,-1.077591356378616139e+00,-1.221113782365549572e+00,-1.346066639796135167e-01,-1.598773607147435216e+00,-2.952184142966000291e+00,-6.709810950000481000e-01,1.057277064296042873e-01,4.652913245296817490e-01,-5.642711681584606787e-01,3.024527804998688119e+00,-2.107503455047880170e+00
5.136757838559039557e-01,1.383459782948932848e-01,3.411410625371252281e-01,-5.082954081416192482e-02,1.553443246002260691e+00,-1.110969785509430124e-01,-3.485419137510225696e+00,-5.584830132344237308e-01,-1.076717950363250464e+00,-1.217884798442854910e+00,-1.383435168526916392e-01,-1.578422875413079796e+00,-2.965985554349308995e+00,-6.932736933146117497e-01,1.561098496404948743e-01,5.027468124435086061e-01,-5.560498708215850794e-01,3.076420084738343164e+00,-2.030034013123530823e+00
5.203468979319546550e-01,1.346046834088243105e-01,3.339620013510429808e-01,-5.894272474860220989e-02,1.552508028031202691e+00,-1.215579833402824772e-01,-3.505250158816290984e+00,-5.631817776066393444e-01,-1.075508647726745481e+00,-1.214406180217600051e+00,-1.420257719066265745e-01,-1.557730018520923743e+00,-2.979267676244279350e+00,-7.153842934211290805e-01,2.064269765537185553e-01,5.401301123454067543e-01,-5.479021826933987427e-01,3.127093677660422788e+00,-1.951825415852899370e+00
5.270180120080053543e-01,1.308315519597101351e-01,3.267921266446747186e-01,-6.703187116327863349e-02,1.551548426090735511e+00,-1.318798252848351060e-01,-3.525168041067380909e+00,-5.680273959801809269e-01,-1.073963932943648336e+00,-1.210678440782327669e+00,-1.456539089835807710e-01,-1.536703230960877464e+00,-2.992025676983008253e+00,-7.372980565688957988e-01,2.566638787039382530e-01,5.774317789196310446e-01,-5.398247391509729542e-01,3.176529331290399050e+00,-1.872907479549711152e+00
5.336891260840560536e-01,1.270256087573503612e-01,3.196336740929119347e-01,-7.509532002860228039e-02,1.550564799670027583e+00,-1.420603043815518718e-01,-3.545169272229798718e+00,-5.730185059692912697e-01,-1.072084391852174301e+00,-1.206702156161229222e+00,-1.492283854263448672e-01,-1.515350834009810521e+00,-3.004254924584554232e+00,-7.590002280279418700e-01,3.068053765543716227e-01,6.146423910210170316e-01,-5.318141601301693555e-01,3.224708288578371551e+00,-1.793310251835116720e+00
5.403602401601067529e-01,1.231858880278325213e-01,3.124888751249211838e-01,-8.313141536715087931e-02,1.549557505282570080e+00,-1.520972765532355719e-01,-3.565250310039631554e+00,-5.781536470579347053e-01,-1.069870711444709022e+00,-1.202477965139964855e+00,-1.527496359878254273e-01,-1.493681272402615612e+00,-3.015950988253553788e+00,-7.804761442628010970e-01,3.568363244455916572e-01,6.517525543505895413e-01,-5.238670538720303638e-01,3.271612295029858064e+00,-1.713063998292659873e+00
5.470313542361574521e-01,1.193114340660883926e-01,3.053599562501240205e-01,-9.113850567174151818e-02,1.548526896617103965e+00,-1.619886544609107637e-01,-3.585407583349635718e+00,-5.834312612319714209e-01,-1.067323679625329147e+00,-1.198006569077688654e+00,-1.562180727655113621e-01,-1.471703110956400495e+00,-3.027109639789547391e+00,-8.017112400619161861e-01,4.067416155337797434e-01,6.887529041165290078e-01,-5.159800206643102571e-01,3.317223605627684258e+00,-1.632199189048703980e+00
5.537024683122081514e-01,1.154013018840748667e-01,2.982491383859038336e-01,-9.911494432218873052e-02,1.547473324688912077e+00,-1.717324082935159368e-01,-3.605637493485217338e+00,-5.888496936587390707e-01,-1.064444184934423054e+00,-1.193288731701368066e+00,-1.596340851608772926e-01,-1.449425031149203846e+00,-3.037726854906555474e+00,-8.226910556194039215e-01,4.565061867167011234e-01,7.256341076796650746e-01,-5.081496565758403250e-01,3.361524991542314211e+00,-1.550746485284339560e+00
5.603735823882588507e-01,1.114545578542626286e-01,2.911586361872588458e-01,-1.070590900006322677e-01,1.546397137991287973e+00,-1.813265665346298072e-01,-3.625936415608923546e+00,-5.944071934137037383e-01,-1.061233216240492050e+00,-1.188325278882511160e+00,-1.629980398636694527e-01,-1.426855827654661901e+00,-3.047798814462457706e+00,-8.434012435659512530e-01,5.061150235456777224e-01,7.623868671826999899e-01,-5.003725571814192641e-01,3.404499746628091739e+00,-1.468736725684828937e+00
5.670446964643095500e-01,1.074702803481230040e-01,2.840906573786211031e-01,-1.149693071053173588e-01,1.545298682647034738e+00,-1.907692167059326926e-01,-3.646300700092828695e+00,-6.001019142538416284e-01,-1.057691862399236404e+00,-1.183117098396409439e+00,-1.663102808610014138e-01,-1.404004404834054531e+00,-3.057321905597790046e+00,-8.638275759456316427e-01,5.555531651218313938e-01,7.990019221623554380e-01,-4.926453212749651867e-01,3.446131693702908283e+00,-1.386200912832635801e+00
5.737158105403602493e-01,1.034475603692999179e-01,2.770474020880585031e-01,-1.228439661627101775e-01,1.544178302559816807e+00,-2.000585060871307996e-01,-3.666726673898214273e+00,-6.059319154373724592e-01,-1.053821311880033695e+00,-1.177665139664016980e+00,-1.695711294711778061e-01,-1.380879773187196458e+00,-3.066292722783591884e+00,-8.839559511354411203e-01,6.048057089748807291e-01,8.354700521436442262e-01,-4.849645545686144255e-01,3.486405190608946381e+00,-1.303170199550153896e+00
5.803869246164109486e-01,9.938550218115893564e-02,2.700310621840761871e-01,-1.306814442378346486e-01,1.543036339565204917e+00,-2.091926424120677530e-01,-3.687210641961938151e+00,-6.118951625894547552e-01,-1.049622852359936243e+00,-1.171970413476578265e+00,-1.727808844021386792e-01,-1.357491045763621340e+00,-3.074708068777994185e+00,-9.037724007044073415e-01,6.538578159227806941e-01,8.717820792154944431e-01,-4.773268733755273718e-01,3.525305136052207189e+00,-1.219675875198212633e+00
5.870580386924616478e-01,9.528322392841120925e-02,2.630438206152358460e-01,-1.384801253427141998e-01,1.541873133581249666e+00,-2.181698945407704315e-01,-3.707748888588872749e+00,-6.179895286134260424e-01,-1.045097870285315089e+00,-1.166033991703145034e+00,-1.759398218344148113e-01,-1.333847434535562426e+00,-3.082564955491274628e+00,-9.232630962091263882e-01,7.026947149104926238e-01,9.079288705869433818e-01,-4.697289082741186172e-01,3.562816975218646043e+00,-1.135749351936502727e+00
5.937291527685123471e-01,9.113985825250445205e-02,2.560878507528053794e-01,-1.462384008428057047e-01,1.540689022758419569e+00,-2.269885931071710661e-01,-3.728337678849821479e+00,-6.242127946471612843e-01,-1.040247850401297747e+00,-1.159857006981105609e+00,-1.790481955284579652e-01,-1.309958246734217235e+00,-3.089860604759141260e+00,-9.424143559226323408e-01,7.513017078261878812e-01,9.439013411231389483e-01,-4.621673077514736327e-01,3.598926705164831930e+00,-1.051422150952032730e+00
6.004002668445630464e-01,8.695455290048818842e-02,2.491653157366557070e-01,-1.539546698613134257e-01,1.539484343628742646e+00,-2.356471311422726478e-01,-3.748973259984273110e+00,-6.305626510640841564e-01,-1.035074375249161349e+00,-1.153440652389860155e+00,-1.821062369561986527e-01,-1.285832881150804186e+00,-3.096592449024057725e+00,-9.612126514935274146e-01,7.996641742931942520e-01,9.796904558604024871e-01,-4.546387418237196609e-01,3.633620879981124485e+00,-9.667258886617586811e-01
6.070713809206137457e-01,8.272647132705103490e-02,2.422783678246167305e-01,-1.616273396812689667e-01,1.538259431253990783e+00,-2.441439646725238055e-01,-3.769651862807400278e+00,-6.370366985183636421e-01,-1.029579124631836429e+00,-1.146786181107797731e+00,-1.851141554566789749e-01,-1.261480824403942158e+00,-3.102758131924455043e+00,-9.796446145323295385e-01,8.477675764359949850e-01,1.015287232499598735e+00,-4.471399056311256004e-01,3.666886615725485576e+00,-8.816922628955303765e-01
6.137424949966644450e-01,7.845479328944060526e-02,2.354291477455042192e-01,-1.692548261452690994e-01,1.537014619372742086e+00,-2.524776132931860206e-01,-3.790369703120682221e+00,-6.436324490337996806e-01,-1.023763875047714489e+00,-1.139894906052710155e+00,-1.880721384155704667e-01,-1.236911647174886442e+00,-3.108355508791720290e+00,-9.976970431220332225e-01,8.955974636186097015e-01,1.050682743877086267e+00,-4.396675230057257577e-01,3.698711595126118468e+00,-7.963530390655101376e-01
6.204136090727151442e-01,7.413871543497407846e-02,2.286197840560303951e-01,-1.768355540527581649e-01,1.535750240546174483e+00,-2.606466607164807936e-01,-3.811122983125535768e+00,-6.503473271358752861e-01,-1.017630499092937013e+00,-1.132768199505796325e+00,-1.909803514684020875e-01,-1.212135000412167152e+00,-3.113382647054887542e+00,-1.015356908249922752e+00,9.431394771536815158e-01,1.085868120412524895e+00,-4.322183500092939834e-01,3.729084072051231491e+00,-7.107400363281799471e-01
6.270847231487658435e-01,6.977745188085524020e-02,2.218523925018051901e-01,-1.843679575547491623e-01,1.534466626302416037e+00,-2.686497552943222233e-01,-3.831907892839331087e+00,-6.571786710264506670e-01,-1.011180964832375073e+00,-1.125407492719422198e+00,-1.938389387272791975e-01,-1.187160611507192431e+00,-3.117837826553016001e+00,-1.032611360157691172e+00,9.903793549806286789e-01,1.120834552532830930e+00,-4.247891784394801640e-01,3.757992875744326611e+00,-6.248851137451122417e-01
6.337558372248165428e-01,6.537023478601403093e-02,2.151290753826380076e-01,-1.918504805458741691e-01,1.533164107279310739e+00,-2.764856105154418486e-01,-3.852720611513193116e+00,-6.641237338005344659e-01,-1.004417335139506484e+00,-1.117814275508785204e+00,-1.966480230308830235e-01,-1.161998280442380294e+00,-3.121719539755241524e+00,-1.049447734606979488e+00,1.037302936311194745e+00,1.155573293071578522e+00,-4.173768393019769984e-01,3.785427414823498982e+00,-5.388201564486291284e-01
6.404269513008672421e-01,6.091631491468894877e-02,2.084519209223467395e-01,-1.992815770536571218e-01,1.531843013365438599e+00,-2.841530054767320568e-01,-3.873557309050959407e+00,-6.711796847045685688e-01,-9.973417670054147699e-01,-1.109990095827661838e+00,-1.994077062175151349e-01,-1.136657875913406723e+00,-3.125026491888594826e+00,-1.065853559057480693e+00,1.083896166240778003e+00,1.190075659643154093e+00,-4.099782062465741062e-01,3.811377681043361498e+00,-4.525770618184639105e-01
6.470980653769179414e-01,5.641496219148069147e-02,2.018230026432782653e-01,-2.066597116249038468e-01,1.530503673839236578e+00,-2.916507853286361973e-01,-3.894414147428674422e+00,-6.783436104356216356e-01,-9.899565108171473060e-01,-1.101936559328398069e+00,-2.021180694209351314e-01,-1.111149331427149001e+00,-3.127757600973631202e+00,-1.081816558754787216e+00,1.130145100323906471e+00,1.224333036991000601e+00,-4.025901989650079171e-01,3.835834252818250967e+00,-3.661877256755714516e-01
6.537691794529686407e-01,5.186546624760172974e-02,1.952443787457456281e-01,-2.139833597091053696e-01,1.529146417506069833e+00,-2.989778616944344658e-01,-3.915287282114033207e+00,-6.856125164808910544e-01,-9.822639096056697827e-01,-1.093655328906325774e+00,-2.047791733887351917e-01,-1.085482641376926960e+00,-3.129911997768047627e+00,-1.097324662725215783e+00,1.176035909112253419e+00,1.258336879309272183e+00,-3.952097865485013628e-01,3.858788298505555936e+00,-2.796840284991678471e-01
6.604402935290193399e-01,4.726713695805860593e-02,1.887180914925813968e-01,-2.212510080387491418e-01,1.527771572833110048e+00,-3.061332130632719029e-01,-3.936172863485123852e+00,-6.929833284968789364e-01,-9.742663982636792230e-01,-1.085148124228780375e+00,-2.073910588229710417e-01,-1.059667857096644239e+00,-3.131489025618444444e+00,-1.112366009674870648e+00,1.221554882653588026e+00,1.292078712537253482e+00,-3.878339908029526661e-01,3.880231579448018664e+00,-1.930978216731076280e-01
6.671114076050700392e-01,4.261930496950235014e-02,1.822461665990103563e-01,-2.284611550064386543e-01,1.526379468081860757e+00,-3.131158851567998891e-01,-3.957067038247888302e+00,-7.004528937275932288e-01,-9.659665027335384568e-01,-1.076416721248904418e+00,-2.099537467427629034e-01,-1.033715082895437565e+00,-3.132488240220443920e+00,-1.126928953790275134e+00,1.266688434950083320e+00,1.325550136625901709e+00,-3.804598895197264241e-01,3.900156452774038662e+00,-1.064609137676404416e-01
6.737825216811207385e-01,3.792132221849024709e-02,1.758306126280374804e-01,-2.356123110387190189e-01,1.524970431438196883e+00,-3.199249912693048481e-01,-3.977965950851666488e+00,-7.080179824611091410e-01,-9.573668391656063870e-01,-1.067462951704427621e+00,-2.124672388685618918e-01,-1.007634472074459886e+00,-3.132909409287432556e+00,-1.141002070437910909e+00,1.311423108374406787e+00,1.358742827775888395e+00,-3.730846197000319275e-01,3.918555873955058999e+00,-1.980505686262956644e-02
6.804536357571714378e-01,3.317256243990392151e-02,1.694734203915492787e-01,-2.427029989665088483e-01,1.523544791139765264e+00,-3.265597125812044199e-01,-3.998865744902239783e+00,-7.156752895238110979e-01,-9.484701130472574793e-01,-1.058288702601610787e+00,-2.149315180277681092e-01,-9.814362229274107285e-01,-3.132752512128218925e+00,-1.154574161760085760e+00,1.355745578042036215e+00,1.391648540646511112e+00,-3.657053807309194049e-01,3.935423399119228449e+00,6.683806708177209011e-02
6.871247498332221371e-01,2.837242166527645382e-02,1.631765623573226409e-01,-2.497317543920410943e-01,1.522102875600612748e+00,-3.330192984458199001e-01,-4.019762564571742303e+00,-7.234214358116113353e-01,-9.392791183028781354e-01,-1.048895915684553870e+00,-2.173465485813663722e-01,-9.551305747264501322e-01,-3.132017739133940992e+00,-1.167634262164582992e+00,1.399642656138263552e+00,1.424259110534889627e+00,-3.583194375109204355e-01,3.950753187120665366e+00,1.534368598009823170e-01
6.937958639092728363e-01,2.352031871078136271e-02,1.569419920621324127e-01,-2.566971260522151188e-01,1.520645013532895051e+00,-3.393030666493191960e-01,-4.040652556004853402e+00,-7.312529698574259385e-01,-9.297967363651571393e-01,-1.039286586890068032e+00,-2.197122768712438390e-01,-9.287278036951216453e-01,-3.130705491174607502e+00,-1.180171643705581364e+00,1.443101296198359362e+00,1.456566455524846315e+00,-3.509241235234177303e-01,3.964540001363692223e+00,2.399598202424069182e-01
7.004669779853235356e-01,1.861569565464779585e-02,1.507716435311514946e-01,-2.635976761782640176e-01,1.519171534065537621e+00,-3.454104036437621317e-01,-4.061531868720665628e+00,-7.391663694341836788e-01,-9.200259352179798178e-01,-1.029462765788313749e+00,-2.220286316878257726e-01,-9.022382189699293953e-01,-3.128816378905673989e+00,-1.192175821353423482e+00,1.486108597339391935e+00,1.488562578604894604e+00,-3.435168438558464654e-01,3.976779211381582524e+00,3.263755580165146331e-01
7.071380920613742349e-01,1.365801830376500714e-02,1.446674307038273710e-01,-2.704319808516449930e-01,1.517682766859707932e+00,-3.513407647531664457e-01,-4.082396657009622842e+00,-7.471580431926101440e-01,-9.099697684112586504e-01,-1.019426555009412594e+00,-2.242955247576721711e-01,-8.756721585521967111e-01,-3.126351221985133044e+00,-1.203636558150813496e+00,1.528651808442206494e+00,1.520239569754775477e+00,-3.360950781628513351e-01,3.987466794169391537e+00,4.126528067766246366e-01
7.138092061374249342e-01,8.646776649245735413e-03,1.386312468664255837e-01,-2.771986303560561860e-01,1.516179042220966888e+00,-3.570936743525435775e-01,-4.103243081324939645e+00,-7.552243323330231073e-01,-8.996313740480346155e-01,-1.009180109656251378e+00,-2.265128512506479619e-01,-8.490399852518598633e-01,-3.123311048201592222e+00,-1.214543870253109947e+00,1.570718332282090790e+00,1.551589607999990461e+00,-3.286563835715741178e-01,3.996599335270608400e+00,4.987604375215797248e-01
7.204803202134756335e-01,3.581485310727827720e-03,1.326649640914206729e-01,-2.838962295254929269e-01,1.514660691207978305e+00,-3.626687260198521168e-01,-4.124067309667914571e+00,-7.633615123103596467e-01,-8.890139737441979939e-01,-9.987256367036834170e-01,-2.286804903062737426e-01,-8.223520826248329474e-01,-3.119697092513882275e+00,-1.224888031850431380e+00,1.612295729606675776e+00,1.582604963433791534e+00,-3.211983975272689751e-01,4.004174029617433739e+00,5.846674718154654116e-01
7.271514342895263328e-01,-1.538316030809339097e-03,1.267704326839169393e-01,-2.905233980882498956e-01,1.513128045737640592e+00,-3.680655826608302261e-01,-4.144865518966537543e+00,-7.715657945716414279e-01,-8.781208715611856785e-01,-9.880653943843500375e-01,-2.307983055788606630e-01,-7.956188509055853730e-01,-3.115510796002769478e+00,-1.234659579969319187e+00,1.653371723159631657e+00,1.613277999206110813e+00,-3.137188405774700151e-01,4.010188682124585569e+00,6.703430949186024446e-01
7.338225483655770320e-01,-6.713062211924358813e-03,1.209494806352799379e-01,-2.970787710067828158e-01,1.511581438686518064e+00,-3.732839766066858855e-01,-4.165633896446806261e+00,-7.798333283250586945e-01,-8.669554529120186981e-01,-9.772016915613530585e-01,-2.328661458010051200e-01,-7.688507029365877488e-01,-3.110753804735383099e+00,-1.243849319151798749e+00,1.693934201648735538e+00,1.643601173478916433e+00,-3.062155190929869431e-01,4.014641708036680079e+00,7.557566688240711095e-01
7.404936624416277313e-01,-1.194316217749713527e-02,1.152039130841524955e-01,-3.035609988133404213e-01,1.510021203988460403e+00,-3.783237096846225889e-01,-4.186368640996198209e+00,-7.881602023398627255e-01,-8.555211834410602068e-01,-9.661368870879856185e-01,-2.348838453650235469e-01,-7.420580600962531914e-01,-3.105427968542999739e+00,-1.252448326009701018e+00,1.733971223656927574e+00,1.673567041347499895e+00,-2.986863279240303815e-01,4.017532133029265040e+00,8.408777451940977476e-01
7.471647765176784306e-01,-1.722899858362222925e-02,1.095355117850309867e-01,-3.099687479412849278e-01,1.508447676728277953e+00,-3.831846532612011025e-01,-4.207065964518672097e+00,-7.965424467762092231e-01,-8.438216078778760787e-01,-9.548733891547701580e-01,-2.368512249218832633e-01,-7.152513482270332901e-01,-3.099535339712886639e+00,-1.260447953652177544e+00,1.773471021494962052e+00,1.703168256727216168e+00,-2.911292529897953063e-01,4.018859593063774938e+00,9.256760781906352431e-01
7.538358905937291299e-01,-2.257092741280447568e-02,1.039460345845733130e-01,-3.163007010520133000e-01,1.506861193231364249e+00,-3.878667482585432813e-01,-4.227722093280690707e+00,-8.049760350441174106e-01,-8.318603488655897937e-01,-9.434136546240204924e-01,-2.387680919971815197e-01,-6.884409935652963108e-01,-3.093078171594908277e+00,-1.267839835984407637e+00,1.812422004994304281e+00,1.732397574205205570e+00,-2.835423737998912230e-01,4.018624333996696052e+00,1.010121637194592470e+00
7.605070046697798292e-01,-2.796927760165293653e-02,9.843721490580542577e-02,-3.225555573573982149e-01,1.505262091149160097e+00,-3.923700051433908209e-01,-4.248333269247636323e+00,-8.134568856906667644e-01,-8.196411057641405096e-01,-9.317601883521707817e-01,-2.406342416237163828e-01,-6.616374186746341035e-01,-3.086058917123678746e+00,-1.274615891875540141e+00,1.850812765238941449e+00,1.761247850856653141e+00,-2.759238659060285759e-01,4.016827210943378468e+00,1.094184619408153702e+00
7.671781187458305284e-01,-3.342435068125387820e-02,9.301076124039722726e-02,-3.287320329376690053e-01,1.503650709540336639e+00,-3.966945038890548059e-01,-4.268895751410111572e+00,-8.219808643145571914e-01,-8.071676534288533267e-01,-9.199155425001087627e-01,-2.424494569901733398e-01,-6.348510383842319582e-01,-3.078480227257038848e+00,-1.280768329193979316e+00,1.888632078234784517e+00,1.789712048025132951e+00,-2.682720032824084111e-01,4.013469687397037688e+00,1.177835462334719585e+00
7.738492328218812277e-01,-3.893642043040726475e-02,8.766835664916419746e-02,-3.348288610546512611e-01,1.502027388947603681e+00,-4.008403939102874736e-01,-4.289405817099526175e+00,-8.305437855071449160e-01,-7.944438409647391897e-01,-9.078823158317503861e-01,-2.442135101054520585e-01,-6.080922557339230039e-01,-3.070344949331709650e+00,-1.286289648708195177e+00,1.925868908515374844e+00,1.817783233066629256e+00,-2.605851606333275949e-01,4.008553834103539160e+00,1.261044856131087633e+00
7.805203468979319270e-01,-4.450573254189565953e-02,8.241165827096183505e-02,-3.408447924602899248e-01,1.500392471470030298e+00,-4.048078939711318158e-01,-4.309859763292459789e+00,-8.391414148190439182e-01,-7.814735904569595215e-01,-8.956631530011049946e-01,-2.459261624781382549e-01,-5.813714579275706118e-01,-3.061656125336974732e+00,-1.291172647851277500e+00,1.962512412682630325e+00,1.845454581056813703e+00,-2.528618156265052264e-01,4.002082327692734864e+00,1.343783755826475801e+00
7.871914609739826263e-01,-5.013250430195703711e-02,7.724229684012570707e-02,-3.467785957003775565e-01,1.498746300830788192e+00,-4.085972920658070828e-01,-4.330253907903220956e+00,-8.477694707513838690e-01,-7.682608956778915754e-01,-8.832607438280721812e-01,-2.475871658106253426e-01,-5.546990122963870729e-01,-3.052416990107316597e+00,-1.295410424347532174e+00,1.998551942881379162e+00,1.872719376461188467e+00,-2.451005510507320295e-01,3.994058449067156680e+00,1.426023393403150097e+00
7.938625750500333256e-01,-5.581692428312018395e-02,7.216187621261499485e-02,-3.526290574134151035e-01,1.497089222440216361e+00,-4.122089452727043524e-01,-4.350584591064087903e+00,-8.564236267707958650e-01,-7.548098207712329311e-01,-8.706778225632237911e-01,-2.491962627073698311e-01,-5.280852622738049229e-01,-3.042630969434930943e+00,-1.298996379699483450e+00,2.033977050206462245e+00,1.899571014767721167e+00,-2.373000568964425128e-01,3.984486081548995529e+00,1.507735289733398432e+00
8.005336891260840249e-01,-6.155915205055917383e-02,6.717197290100940243e-02,-3.583949826245309556e-01,1.495421583454111358e+00,-4.156432795815705461e-01,-4.370848176392699180e+00,-8.650995133471911513e-01,-7.411244989136124284e-01,-8.579171671418197587e-01,-2.507531873967712710e-01,-5.015405233835213972e-01,-3.032301678103105136e+00,-1.301924222533692888e+00,2.068777488041210422e+00,1.926003004081586756e+00,-2.294591323578845099e-01,3.973369708786413934e+00,1.588891266367740585e+00
8.072048032021347241e-01,-6.735931788211563243e-02,6.227413561850760754e-02,-3.640751950343900090e-01,1.493743732827162329e+00,-4.189007896939775932e-01,-4.391041052246048793e+00,-8.737927200133831507e-01,-7.272091309541578452e-01,-8.449815984273125746e-01,-2.522576664661372869e-01,-4.750750792423026336e-01,-3.021432917841467614e+00,-1.304187971803886237e+00,2.102943215326117610e+00,1.952008966681696656e+00,-2.215766877555738201e-01,3.960714412420299091e+00,1.669463457169257925e+00
8.138759172781854234e-01,-7.321752250213059421e-02,5.746988483207504661e-02,-3.696685373030192956e-01,1.492056021361438001e+00,-4.219820387971816578e-01,-4.411159632960599986e+00,-8.824987974456014461e-01,-7.130679840324933849e-01,-8.318739794445966229e-01,-2.537094196092092302e-01,-4.486991775791505099e-01,-3.010028675204143411e+00,-1.305781959849942941e+00,2.136464399756567545e+00,1.977582640538650516e+00,-2.136517463777976022e-01,3.946525869512698126e+00,1.749424319789075533e+00
8.205470313542361227e-01,-7.913383682922325857e-02,5.276071232488024898e-02,-3.751738713284875071e-01,1.490358801749849693e+00,-4.248876583114808980e-01,-4.431200360077976796e+00,-8.912132595639250532e-01,-6.987053901756473673e-01,-8.185972146032605146e-01,-2.551081603856971691e-01,-4.224230262724201213e-01,-2.998093119371907367e+00,-1.306700835311352282e+00,2.169331420908491737e+00,2.002717880793806415e+00,-2.056834462399514951e-01,3.930810349738246057e+00,1.828746646978042234e+00
8.272181454302868220e-01,-8.510830173814640243e-02,4.814808076816131516e-02,-3.805900785203684689e-01,1.488652428614502643e+00,-4.276183476112041526e-01,-4.451159703555746638e+00,-8.999315856516629797e-01,-6.841257448743492953e-01,-8.051542489111020995e-01,-2.564535969922749348e-01,-3.962567894064538132e-01,-2.985630599879431468e+00,-1.306939565893831867e+00,2.201534873290857508e+00,2.027408661199161521e+00,-1.976710417605482828e-01,3.913574712340022188e+00,1.907403577729774646e+00
8.338892595063375213e-01,-9.114092783583843671e-02,4.363342330265734814e-02,-3.859160600679267805e-01,1.486937258539875018e+00,-4.301748737194598937e-01,-4.471034162962800096e+00,-9.086492224926974171e-01,-6.693335056392117899e-01,-7.915480671781718325e-01,-2.577454330444726716e-01,-3.702105833493093967e-01,-2.972645644268771647e+00,-1.306493440987851695e+00,2.233065569323924748e+00,2.051649075517749665e+00,-1.896139053527934326e-01,3.894826402851343516e+00,1.985368608250281053e+00
8.405603735823882205e-01,-9.723169525179428674e-02,3.921814312973730121e-02,-3.911507372029626728e-01,1.485213650100740690e+00,-4.325580709767960497e-01,-4.490820268658825221e+00,-9.173615865258013535e-01,-6.543331905372939961e-01,-7.777816932116036197e-01,-2.589833683689068966e-01,-3.442944728531329712e-01,-2.959142955670270858e+00,-1.305358074137880298e+00,2.263914542242219774e+00,2.075433338884284939e+00,-1.815115289306430402e-01,3.874573449585108520e+00,2.062615602749492183e+00
8.472314876584389198e-01,-1.033805534428592354e-01,3.490361311235533337e-02,-3.962930514572547414e-01,1.483481963884775823e+00,-4.347688406839224085e-01,-4.510514582957412699e+00,-9.260640660149239700e-01,-6.391293767095533873e-01,-7.638581890015028186e-01,-2.601670998052649231e-01,-3.185184671787194555e-01,-2.945127410312068150e+00,-1.303529405361245175e+00,2.294073048921218660e+00,2.098755789125784865e+00,-1.733635253283436484e-01,3.852824459892397968e+00,2.139118804050089917e+00
8.539026017344896191e-01,-1.095874210125526715e-01,3.069117538595989014e-02,-4.013419649145439916e-01,1.481742562509785088e+00,-4.368081507186669099e-01,-4.530113701272302507e+00,-9.347520232344423974e-01,-6.237266988696975600e-01,-7.497806538981601765e-01,-2.612963220174715495e-01,-2.928925162458013709e-01,-2.930604054959465188e+00,-1.301003703315549487e+00,2.323532572626750170e+00,2.121610888041932430e+00,-1.651696296324600688e-01,3.829588616192144190e+00,2.214852844009108424e+00
8.605737158105403184e-01,-1.158521855450170834e-01,2.658214097947574767e-02,-4.062964604569997418e-01,1.479995810635484910e+00,-4.386770351273392432e-01,-4.549614253246334172e+00,-9.434207966683653135e-01,-6.081298477849543804e-01,-7.355522237808567176e-01,-2.623707283134443236e-01,-2.674265068105803334e-01,-2.915578104285405203e+00,-1.297777567313684433e+00,2.352284825686147496e+00,2.143993222644952734e+00,-1.569297004254861516e-01,3.804875671773761070e+00,2.289792753747891041e+00
8.672448298865910177e-01,-1.221747034536812271e-01,2.257778944648182462e-02,-4.111555420061132060e-01,1.478242074969794206e+00,-4.403765936906876011e-01,-4.569012903862605945e+00,-9.520657032224660865e-01,-5.923435687392867299e-01,-7.211760702185339156e-01,-2.633900114728499053e-01,-2.421302586720096017e-01,-2.900054938173352692e+00,-1.293847929185510282e+00,2.380321752080237108e+00,2.165897506358773317e+00,-1.486437209401512138e-01,3.778695946374703851e+00,2.363913973686051051e+00
8.739159439626417170e-01,-1.285547998447218454e-01,1.867936850669707494e-02,-4.159182347579661876e-01,1.476481724269576690e+00,-4.419079914646502072e-01,-4.588306354537443177e+00,-9.606820404483253917e-01,-5.763726599795827577e-01,-7.066553996226009327e-01,-2.643538645822601785e-01,-2.170135209083292605e-01,-2.884040098953907894e+00,-1.289212054985386491e+00,2.407635529955244547e+00,2.187318580177282978e+00,-1.403118001236034473e-01,3.751060321535068631e+00,2.437192363375205062e+00
8.805870580386924162e-01,-1.349922683953975466e-01,1.488809369788780118e-02,-4.205835854128218143e-01,1.474715129335788522e+00,-4.432724582961038440e-01,-4.607491344194697191e+00,-9.692650887782415792e-01,-5.602219711453580997e-01,-6.919934523921522640e-01,-2.652619818771032589e-01,-1.920859681453243040e-01,-2.867539288576491874e+00,-1.283867546544768867e+00,2.434218574053748974e+00,2.208251413781504358e+00,-1.319341736106820484e-01,3.721980235731387587e+00,2.509604211128301898e+00
8.872581721147431155e-01,-1.414868712473279500e-01,1.120514803830342104e-02,-4.251506623989886879e-01,1.472942663002987373e+00,-4.444712883138267623e-01,-4.626564650320967864e+00,-9.778101137699899414e-01,-5.438964016825110770e-01,-6.771935020518676795e-01,-2.661140595898052741e-01,-1.673571968577773905e-01,-2.850558365717494436e+00,-1.277812342869185880e+00,2.460063538063845812e+00,2.228691106615498185e+00,-1.235112046055788504e-01,3.691467679291860371e+00,2.581126243440515999e+00
8.939292861907938148e-01,-1.480383389147748030e-01,7.631681699746636904e-03,-4.296185560909104306e-01,1.471164700123166025e+00,-4.455058393949035134e-01,-4.645523090001337785e+00,-9.863123683603702840e-01,-5.274008992416860941e-01,-6.622588543828769048e-01,-2.669097968035030188e-01,-1.428367217055670491e-01,-2.833103342826270854e+00,-1.271044721378965514e+00,2.485163316885691476e+00,2.248632888920857997e+00,-1.150433846711840236e-01,3.659535189095404206e+00,2.651735634197717850e+00
9.006004002668445141e-01,-1.546463702079855507e-01,4.168811691377907747e-03,-4.339863790214337769e-01,1.469381617543876306e+00,-4.463775326068082916e-01,-4.664363520935178364e+00,-9.947670951265165096e-01,-5.107404580617909140e-01,-6.471928465468564928e-01,-2.676488963107157559e-01,-1.185339719058411401e-01,-2.815180383110436502e+00,-1.263563298993152895e+00,2.509511048814657475e+00,2.268072122729649198e+00,-1.065313344255143235e-01,3.626195843056926993e+00,2.721410013668683181e+00
9.072715143428952134e-01,-1.613106321716443470e-01,8.176215543512777018e-04,-4.382532660882129671e-01,1.467593794080601199e+00,-4.470878516254083168e-01,-4.683082842431651294e+00,-1.003169528553908396e+00,-4.939201173392309130e-01,-6.319988462036463250e-01,-2.683310654763485514e-01,-9.445828764268526800e-02,-2.796795797461896882e+00,-1.255367033056139059e+00,2.533100117640333604e+00,2.287004302815673018e+00,-9.797580414464213128e-02,3.591463254401365823e+00,2.790127477277255963e+00
9.139426284189459126e-01,-1.680307600384730871e-01,-2.420838932623813056e-03,-4.424183747542043688e-01,1.465801610483368655e+00,-4.476383421291468823e-01,-4.701677996384524327e+00,-1.011514897310039185e+00,-4.769449595834235889e-01,-6.166802506226576330e-01,-2.689560171044061976e-01,-7.061891651569285333e-02,-2.777956041325112313e+00,-1.246455222106591210e+00,2.555924154660649261e+00,2.305425057603940342e+00,-8.937767427160725475e-02,3.555351565729081287e+00,2.857866594150825890e+00
9.206137424949966119e-01,-1.748063571980147390e-01,-5.545554036707665835e-03,-4.464808852422166296e-01,1.464005449397562941e+00,-4.480306111696671367e-01,-4.720145968225884836e+00,-1.019798426522690704e+00,-4.598201089591619217e-01,-6.012404857883514309e-01,-2.695234703077876159e-01,-4.702501002880399295e-02,-2.758667711509075637e+00,-1.236827506488332951e+00,2.577977040610430315e+00,2.323330150038268815e+00,-8.073795583084408811e-02,3.517875442875303182e+00,2.924606415441556528e+00
9.272848565710473112e-01,-1.816369951806307836e-01,-8.555542343252370285e-03,-4.504400007234708458e-01,1.462205695318931076e+00,-4.482663265191512147e-01,-4.738483787858420726e+00,-1.028015340061748883e+00,-4.425507296163983528e-01,-5.856830055000733504e-01,-2.700331513805268591e-01,-2.368562012079777901e-02,-2.738937542944561265e+00,-1.226483868802920929e+00,2.599252907503725396e+00,2.340715478406912631e+00,-7.205779074771512249e-02,3.479050068566406750e+00,2.990326482416906906e+00
9.339559706470980105e-01,-1.885222136567266948e-01,-1.144985701694430785e-02,-4.542949475001408222e-01,1.460402734542761705e+00,-4.483472159946544910e-01,-4.756688530565872597e+00,-1.036160862823513718e+00,-4.251420240080295843e-01,-5.700112904665155522e-01,-2.704847946718500484e-01,-6.096957387679013962e-04,-2.718772405388170110e+00,-1.215424634203706944e+00,2.619746140389265232e+00,2.357577077126177034e+00,-6.333845207276733724e-02,3.438891135875856264e+00,3.055006834316117192e+00
9.406270847231487098e-01,-1.954615204512236692e-01,-1.422758605168287366e-02,-4.580449751818323478e-01,1.458596955107229087e+00,-4.482750667597314997e-01,-4.774757317901342724e+00,-1.044230223016443748e+00,-4.075992311962600700e-01,-5.542288473950970351e-01,-2.708781434614087602e-01,2.219392054408175774e-02,-2.698179300074757148e+00,-1.203650470531266947e+00,2.639451379018457722e+00,2.373911117481950939e+00,-5.458134411043102929e-02,3.397414841482770065e+00,3.118628015969409972e+00
9.472981987991994091e-01,-2.024543915732794630e-01,-1.688785250912756830e-02,-4.616893568559735650e-01,1.456788746730894868e+00,-4.480517246036478940e-01,-4.792687318553091380e+00,-1.052218654447268253e+00,-3.899276251481327282e-01,-5.383392080765325716e-01,-2.712129508350519247e-01,4.471649586502191021e-02,-2.677165356319829215e+00,-1.191162388290146978e+00,2.658363519425359200e+00,2.389713908329134107e+00,-4.578800245187797380e-02,3.354637878736106416e+00,3.181171085176788704e+00
9.539693128752501083e-01,-2.095002712612592521e-01,-1.942981474583620194e-02,-4.652273892520824017e-01,1.454978500744371628e+00,-4.476790931984890309e-01,-4.810475749187510530e+00,-1.060121398806422199e+00,-3.721325130208134047e-01,-5.223459284648787060e-01,-2.714889805604984163e-01,6.694941036147028512e-02,-2.655737828073528206e+00,-1.177961740466934915e+00,2.676477715418073444e+00,2.404981896748938919e+00,-3.696009391184951198e-02,3.310577430527556597e+00,3.242617619843418009e+00
9.606404269513008076e-01,-2.165985720429474959e-01,-2.185266662893515371e-02,-4.686583928998820925e-01,1.453166610016140670e+00,-4.471591333344860919e-01,-4.828119875268950700e+00,-1.067933707951735478e+00,-3.542192334372245566e-01,-5.062525877533357033e-01,-2.717060079622654056e-01,8.888416041249291855e-02,-2.633904090427833911e+00,-1.164050222189766615e+00,2.693789379981081478e+00,2.419711668664048965e+00,-2.809941636930846087e-02,3.265251161976328476e+00,3.302949724868677883e+00
9.673115410273515069e-01,-2.237486748109854817e-01,-2.415563774025313026e-02,-4.719817122812388077e-01,1.451353468872542907e+00,-4.464938621338766511e-01,-4.845617011856095502e+00,-1.075650846189318610e+00,-3.361931547526206265e-01,-4.900627874460844469e-01,-2.718638207952145946e-01,1.105123618308787581e-01,-2.611671636078637615e+00,-1.149429870229406347e+00,2.710294186588031007e+00,2.433899949411664210e+00,-1.920789851179249830e-02,3.218677212929041520e+00,3.362150038786106965e+00
9.739826551034022062e-01,-2.309499289135125144e-01,-2.633799356886335624e-02,-4.751967159758940795e-01,1.449539473011945301e+00,-4.456853522436441395e-01,-4.862964524374591591e+00,-1.083268092550600858e+00,-3.180596733127062370e-01,-4.737801504264426145e-01,-2.719622201160699637e-01,1.318257530045844339e-01,-2.589048071744359802e+00,-1.134103062342159740e+00,2.725988070424542720e+00,2.447543604274435403e+00,-1.028759948346458231e-02,3.170874190278063498e+00,3.420201740151556535e+00
9.806537691794529055e-01,-2.382016522599825215e-01,-2.839903569197912980e-02,-4.783027968009704312e-01,1.447725019413102165e+00,-4.447357310074696035e-01,-4.880159829365637414e+00,-1.090780743064448721e+00,-2.998242117038985022e-01,-4.574083200216179090e-01,-2.720010211522677079e-01,1.528161979863248421e-01,-2.566041114542797263e+00,-1.118072516454912790e+00,2.740867229520635107e+00,2.460639638969340570e+00,-1.340708436836868245e-03,3.121861160101656818e+00,3.477088553677000426e+00
9.873248832555036048e-01,-2.455031314421187993e-01,-3.033810194415189482e-02,-4.812993719442251184e-01,1.445910506237734205e+00,-4.436471796172481441e-01,-4.897200395210279389e+00,-1.098184113023326969e+00,-2.814922169963369192e-01,-4.409509590643418964e-01,-2.719800541674922134e-01,1.734756895301542423e-01,-2.542658588327909364e+00,-1.101341289692677528e+00,2.754928125792382776e+00,2.473185200094547564e+00,7.630456011748609768e-03,3.071657639629413517e+00,3.532794756107548118e+00
9.939959973315543040e-01,-2.528536218699618532e-01,-3.215456657472570701e-02,-4.841858830910377720e-01,1.444096332727340393e+00,-4.424219322445306357e-01,-4.914083742829129520e+00,-1.105473539242451730e+00,-2.630691589802476860e-01,-4.244117489516602282e-01,-2.718991653232639139e-01,1.937963520738706924e-01,-2.518908419988253211e+00,-1.083912777249095516e+00,2.768167485992482746e+00,2.485177575534331940e+00,1.662344642277058249e-02,3.020283589036469873e+00,3.587305181839349544e+00
1.000667111407605114e+00,-2.602523479229655323e-01,-3.384784039350573204e-02,-4.869617965451064068e-01,1.442282899094283977e+00,-4.410622751522516038e-01,-4.930807446357277080e+00,-1.112644382310876479e+00,-2.445605283962717369e-01,-4.077943887011629132e-01,-2.717582175359266050e-01,2.137704446661193303e-01,-2.494798635708821877e+00,-1.065790711100425447e+00,2.780582302569408526e+00,2.496614194822134536e+00,2.563568727013953996e-02,2.967759403070127533e+00,3.640605228276180050e+00
1.007338225483655814e+00,-2.676985031160769024e-01,-3.541737090460299331e-02,-4.896266033428434694e-01,1.440470606407171283e+00,-4.395705457871175170e-01,-4.947369133794138563e+00,-1.119692028833487951e+00,-2.259718351603676456e-01,-3.911025940049335237e-01,-2.715570913284051091e-01,2.333903638370854461e-01,-2.470337357198019390e+00,-1.046979158563598133e+00,2.792169834434883313e+00,2.507492629461844924e+00,3.466447577353881648e-02,2.914105902512518220e+00,3.692680860922601394e+00
1.014009339559706513e+00,-2.751912502807419836e-01,-3.686264242842068883e-02,-4.921798193614502770e-01,1.438659856470573928e+00,-4.379491318530353561e-01,-4.963766487628022084e+00,-1.126611893662859520e+00,-2.073086065838992409e-01,-3.743400962814893984e-01,-2.712956856760918023e-01,2.526486464116977082e-01,-2.445532797881542653e+00,-1.027482520699006807e+00,2.802927607639437824e+00,2.517810593207423508e+00,4.370698282622420550e-02,2.859344325483026417e+00,3.743518618211766569e+00
1.020680453635757212e+00,-2.827297217607633306e-01,-3.818317621175156690e-02,-4.946209854206642942e-01,1.436851051699125303e+00,-4.362004703659705385e-01,-4.979997245435206388e+00,-1.133399422119934163e+00,-1.885763855895254693e-01,-3.575106417260003333e-01,-2.709739188462248483e-01,2.715379722642864424e-01,-2.420393259064948843e+00,-1.007305530558768591e+00,2.812853415955837377e+00,2.527565942300986190e+00,5.276025401794459668e-02,2.803496318584270508e+00,3.793105616065991725e+00
1.027351567711807911e+00,-2.903130196229315452e-01,-3.937853052596211600e-02,-4.969496673781624296e-01,1.435044594986044419e+00,-4.343270466906241078e-01,-4.996059200453321303e+00,-1.140050092202509413e+00,-1.697807289235057637e-01,-3.406179903590538238e-01,-2.705917292301276422e-01,2.900511670136640685e-01,-2.394927126066696221e+00,-9.864532512812573817e-01,2.821945321370205040e+00,2.536756675669482597e+00,6.182121075259616738e-02,2.746583927895474453e+00,3.841429552188388108e+00
1.034022681787858611e+00,-2.979402158823453162e-01,-4.044830075323985891e-02,-4.991654562186165212e-01,1.433240889566128162e+00,-4.323313935593337543e-01,-5.011950202128814702e+00,-1.146559416780497775e+00,-1.509272053650357603e-01,-3.236659150742464131e-01,-2.701490761676739183e-01,3.081812046576203334e-01,-2.369142864323452891e+00,-9.649310740327819991e-01,2.830201654480707596e+00,2.545380935080124640e+00,7.088665146017514296e-02,2.688629589817134402e+00,3.888478710083948631e+00
1.040693795863909310e+00,-3.056103527423311705e-01,-4.139211946088625776e-02,-5.012679681363909623e-01,1.431440338873276374e+00,-4.302160900736032856e-01,-5.027668156638380736e+00,-1.152922945776952535e+00,-1.320213939332338660e-01,-3.066582006848778130e-01,-2.696459407633604033e-01,3.259212101458597299e-01,-2.343049015469488516e+00,-9.427447157973528613e-01,2.837621014803695552e+00,2.553437005254713288e+00,7.995325290253907369e-02,2.629656121770939325e+00,3.934241962808615156e+00
1.047364909939960009e+00,-3.133224428488631252e-01,-4.220965646364389923e-02,-5.032568446118788064e-01,1.429643346392599934e+00,-4.279837606886773838e-01,-5.043211027384133516e+00,-1.159136268333841979e+00,-1.130688820923934079e-01,-2.895986429700144194e-01,-2.690823266933523028e-01,3.432644618904253653e-01,-2.316654193391969763e+00,-9.199002170155481384e-01,2.844202270987221226e+00,2.560923313943055835e+00,8.901757157242262686e-02,2.569686712758957992e+00,3.978708776444963569e+00
1.054036024016010709e+00,-3.210754695593731611e-01,-4.290061887404425511e-02,-5.051317524814727955e-01,1.427850315507178003e+00,-4.256370741815783676e-01,-5.058576835462393007e+00,-1.165195014961571296e+00,-9.407526395612002268e-02,-2.724910477202034942e-01,-2.684582610028884986e-01,3.602043942126805232e-01,-2.289967080263976662e+00,-8.964039390735618618e-01,2.849944560931895410e+00,2.567838431955651313e+00,9.807604518511858771e-02,2.508744913786171704e+00,4.021869213303291168e+00
1.060707138092061408e+00,-3.288683872258495455e-01,-4.346475114077510971e-02,-5.068923840011692050e-01,1.426061649339526616e+00,-4.231787426030353405e-01,-5.073763660105938378e+00,-1.171094859671260036e+00,-7.504613849097102607e-02,-2.553392297831020286e-01,-2.677737948934278966e-01,3.767345997259569090e-01,-2.262996422557092657e+00,-8.722625616435776275e-01,2.854847291819090582e+00,2.574181073155847432e+00,1.071249942621750328e-01,2.446854628150448185e+00,4.063713934846988174e+00
1.067378252168112107e+00,-3.367001214920950503e-01,-4.390183507506312255e-02,-5.085384569038067237e-01,1.424277750587856328e+00,-4.206115202137321041e-01,-5.088769639099600006e+00,-1.176831522088781723e+00,-5.598710772021654736e-02,-2.381470121092925663e-01,-2.670290044989251932e-01,3.928488316529933355e-01,-2.235751027035396632e+00,-8.474830798766876949e-01,2.858910140046500459e+00,2.579950094411689321e+00,1.161606238063941365e-01,2.384040101604166573e+00,4.104234204341226544e+00
1.074049366244162806e+00,-3.445695696050279366e-01,-4.421168986507567622e-02,-5.100697144499402036e-01,1.422499021357187088e+00,-4.179382024053180378e-01,-5.103592969169069349e+00,-1.182400769549590169e+00,-3.690377492833921136e-02,-2.209182247985556069e-01,-2.662239916506315418e-01,4.085410060773275731e-01,-2.208239756732707892e+00,-8.220728014496347935e-01,2.862133051071129586e+00,2.585144495507672335e+00,1.251790250673983085e-01,2.320325912391658640e+00,4.143421889224102372e+00
1.080720480320213506e+00,-3.524756007398879287e-01,-4.439417207834983614e-02,-5.114859254723536086e-01,1.420725862985399601e+00,-4.151616246066208160e-01,-5.118231906342818327e+00,-1.187798419173360598e+00,-1.780174286688920859e-02,-2.036567041468625439e-01,-2.653588846298162718e-01,4.238052041278208004e-01,-2.180471526914946168e+00,-7.960393434667289991e-01,2.864516239159810684e+00,2.589763419016657853e+00,1.341761773969412097e-01,2.255736961166789456e+00,4.181269463199511094e+00
1.087391594396264205e+00,-3.604170563392167237e-01,-4.444917565225700584e-02,-5.127868844142211557e-01,1.418958675864309571e+00,-4.122846611755123791e-01,-5.132684766287040290e+00,-1.193020339917481909e+00,1.313388037688829890e-03,-1.863662916943545356e-01,-2.644338389078122464e-01,4.386356740955389966e-01,-2.152455301029457591e+00,-7.693906292183545492e-01,2.866060187047369645e+00,2.593806150132187405e+00,1.431479501931118836e-01,2.190298460794938062e+00,4.217770008051152431e+00
1.094062708472314904e+00,-3.683927504654584961e-01,-4.437663187252197800e-02,-5.139724113609180911e-01,1.417197859255847847e+00,-4.093102242768775212e-01,-5.146949924613533511e+00,-1.198062454608453509e+00,2.043602147363705532e-02,-1.690508332745747910e-01,-2.634490378728024385e-01,4.530268334822210030e-01,-2.124200086643170504e+00,-7.421348847975379748e-01,2.866765645502611370e+00,2.597272116461463387e+00,1.520901049325404930e-01,2.124035926043758238e+00,4.252917215177181021e+00
1.100733822548365604e+00,-3.764014701670411189e-01,-4.417650933981234762e-02,-5.150423520654953125e-01,1.415443811103437532e+00,-4.062412627471516102e-01,-5.161025817160453499e+00,-1.202920741950237904e+00,3.956056703026920862e-02,-1.517141780652069005e-01,-2.624046935427546412e-01,4.669732709796201031e-01,-2.095714931371442713e+00,-7.142806355761308623e-01,2.866633632802322307e+00,2.600160887779271235e+00,1.609982972896195630e-01,2.056975163167102494e+00,4.286705386845175880e+00
1.107404936624416303e+00,-3.844419758577731772e-01,-4.384881392442353809e-02,-5.159965779678283848e-01,1.413696927838664408e+00,-4.030807609458830765e-01,-5.174910940245878166e+00,-1.207591238508646025e+00,5.868144198053586169e-02,-1.343601776405899395e-01,-2.613010472639299975e-01,4.804697483790112411e-01,-2.067008918799483119e+00,-6.858367025422085206e-01,2.865665434113504162e+00,2.602472175743138383e+00,1.698680793417564061e-01,1.989142259386543543e+00,4.319129437167175567e+00
1.114076050700467002e+00,-3.925130017093960699e-01,-4.339358870908720939e-02,-5.168349862074498313e-01,1.411957604183334825e+00,-3.998317375947937902e-01,-5.188603850894144998e+00,-1.212070040670826243e+00,7.779307305916427495e-02,-1.169926850262586610e-01,-2.601383703944014636e-01,4.935112024102029649e-01,-2.038091164398181387e+00,-6.568121985003525509e-01,2.863862600784132795e+00,2.604205833570014672e+00,1.786949018595980210e-01,1.920563572274960329e+00,4.350184892794718650e+00
1.120747164776517701e+00,-4.006132560571253887e-01,-4.281091391993274708e-02,-5.175574996300829067e-01,1.410226232947027647e+00,-3.964972446048065091e-01,-5.202103167034933584e+00,-1.216353306578957572e+00,9.688989823576396598e-02,-9.961555375576791604e-02,-2.589169649720076682e-01,5.060927465094048339e-01,-2.008970811436257886e+00,-6.272165241365557087e-01,2.861226949542706066e+00,2.605361855674785954e+00,1.874741166811091375e-01,1.851265719046686797e+00,4.379867893333884155e+00
1.127418278852568401e+00,-4.087414218179997727e-01,-4.210090684563975311e-02,-5.181640667878925077e-01,1.408503204820241494e+00,-3.930803658915204002e-01,-5.215407567675065081e+00,-1.220437258037237571e+00,1.159663684822863916e-01,-8.223263693005818109e-02,-2.576371643661958255e-01,5.182096725153577665e-01,-1.979657026890558669e+00,-5.970593639495351823e-01,2.857760561606935035e+00,2.605940377270960173e+00,1.962009791683652082e-01,1.781275565758778878e+00,4.408175191480521171e+00
1.134089392928619100e+00,-4.168961569218635477e-01,-4.126372174481933441e-02,-5.186546619334684305e-01,1.406788908163252305e+00,-3.895842161796093661e-01,-5.228515793043021276e+00,-1.224318182391295640e+00,1.350169495342389281e-01,-6.484778627960714747e-02,-2.562993339132025317e-01,5.298574522931340791e-01,-1.950158997356396862e+00,-5.663506820503150241e-01,2.853465781701929327e+00,2.605941673933829250e+00,2.048706507458528669e-01,1.710620216427940932e+00,4.435104152875926964e+00
1.140760507004669799e+00,-4.250760947547896906e-01,-4.029954974166941040e-02,-5.190292850075635123e-01,1.405083728790784914e+00,-3.860119397966332300e-01,-5.241426644706185023e+00,-1.227992434379143072e+00,1.540361236450470406e-01,-4.746485122962082470e-02,-2.549038715340298245e-01,5.410317392850695351e-01,-1.920485924959776325e+00,-5.351007178319842073e-01,2.848345216988274586e+00,2.605366161126476676e+00,2.134782015190255233e-01,1.639327002067733074e+00,4.460652755683397253e+00
1.147431621080720499e+00,-4.332798446147558824e-01,-3.920861870995031445e-02,-5.192879616206053095e-01,1.403388049752626543e+00,-3.823667094567437807e-01,-5.254138985660818939e+00,-1.231456437952813676e+00,1.730183913329661760e-01,-3.008767796850904397e-02,-2.534512083346930900e-01,5.517283699883105408e-01,-1.890647023273378746e+00,-5.033199815116060627e-01,2.842401735900436321e+00,2.604214393688958573e+00,2.220186129718215717e-01,1.567423469650662371e+00,4.484819589886184232e+00
1.154102735156771198e+00,-4.415059921793715869e-01,-3.799119314533318942e-02,-5.194307430280062921e-01,1.401702251110294561e+00,-3.786517250347840591e-01,-5.266651740394825865e+00,-1.234706688069839853e+00,1.919582731199477033e-01,-1.272010851989194280e-02,-2.519418091882105193e-01,5.619433653584833266e-01,-1.860651513238150923e+00,-4.710192495463099149e-01,2.835638466895937349e+00,2.602487065291052115e+00,2.304867807418133907e-01,1.494937370999824600e+00,4.507603856307501822e+00
1.160773849232821897e+00,-4.497530999854533751e-01,-3.664757402617729171e-02,-5.194577060992950912e-01,1.400026709709880635e+00,-3.748702123312684931e-01,-5.278963894923313305e+00,-1.237739752453737019e+00,2.108503112618621000e-01,4.634020181622816592e-03,-2.503761732978241339e-01,5.716729321390404683e-01,-1.830508619092368727e+00,-4.382095599256528029e-01,2.828058797115820866e+00,2.600185007848904828e+00,2.388775174715758176e-01,1.421896651614761975e+00,4.529005365353403256e+00
1.167444963308872596e+00,-4.580197079202382726e-01,-3.517809866279381775e-02,-5.193689532810941145e-01,1.398361798951209600e+00,-3.710254218287440953e-01,-5.291074496797044446e+00,-1.240552273322673038e+00,2.296890714694942714e-01,2.197087721065453525e-02,-2.487548347409515026e-01,5.809134641158546497e-01,-1.800227564309996087e+00,-4.049022073423880208e-01,2.819666370956912083e+00,2.597309190906014642e+00,2.471855557348709986e-01,1.348329439436220412e+00,4.549024535479402331e+00
1.174116077384923296e+00,-4.663043337240228570e-01,-3.358314053526339354e-02,-5.191646125539758350e-01,1.396707888553424759e+00,-3.671206274400342084e-01,-5.302982655083814834e+00,-1.243140969085526182e+00,2.484691446197192510e-01,3.928663856701093693e-02,-2.470783629933677727e-01,5.896615432966720860e-01,-1.769817567550200144e+00,-3.711087382438451598e-01,2.810465088556434399e+00,2.593860720978894197e+00,2.554055510361523673e-01,1.274264033554543651e+00,4.567662391381887232e+00
1.180787191460973995e+00,-4.746054735040046157e-01,-3.186310911987034339e-02,-5.188448373832191818e-01,1.395065344317154343e+00,-3.631591252488636790e-01,-5.314687540322862169e+00,-1.245502636004534924e+00,2.671851484562787205e-01,5.657748808717365241e-02,-2.453473634331385655e-01,5.979139410150614564e-01,-1.739287838619843818e+00,-3.368409457661782902e-01,2.800459104189582771e+00,2.589840840867846605e+00,2.635320848818747397e-01,1.199728892866408714e+00,4.584920561915506454e+00
1.187458305537024694e+00,-4.829216022591014124e-01,-3.001844970422817838e-02,-5.184098066635040025e-01,1.393434527883375074e+00,-3.591442322433737178e-01,-5.326188384452380298e+00,-1.247634149823769523e+00,2.858317292795796716e-01,7.383961835106686578e-02,-2.435624778238305588e-01,6.056676189585327164e-01,-1.708647574450782303e+00,-3.021108645537684545e-01,2.789652824580657775e+00,2.585250928933255032e+00,2.715596679220622089e-01,1.124752624684655311e+00,4.600801277737761374e+00
1.194129419613075394e+00,-4.912511744155183546e-01,-2.804964319117079358e-02,-5.178597246575712409e-01,1.391815796489131118e+00,-3.550792850430303238e-01,-5.337484480710259049e+00,-1.249532467362669763e+00,3.044035636249388110e-01,9.106923158388596784e-02,-2.417243847765307985e-01,6.129197301205255854e-01,-1.677905955093778267e+00,-2.669307654661605689e-01,2.778050907128431390e+00,2.580092498337805296e+00,2.794827431604993695e-01,1.049363973305979636e+00,4.615307368682254108e+00
1.200800533689126093e+00,-4.995926243728282534e-01,-2.595720589148745039e-02,-5.171948209288849130e-01,1.390209502720237023e+00,-3.509676386194386377e-01,-5.348575183508160968e+00,-1.251194628073898363e+00,3.228953599287046616e-01,1.082625405527568307e-01,-2.398338001902292071e-01,6.196676196760094735e-01,-1.647072139730841656e+00,-2.313131501749317032e-01,2.765658258046405749e+00,2.574367196255086476e+00,2.872956892319338262e-01,9.735918085412442746e-01,4.628442260862088098e+00
1.207471647765176792e+00,-5.079443670603219774e-01,-2.374168930558451240e-02,-5.164153502683288544e-01,1.388615994261118258e+00,-3.468126650115691545e-01,-5.359459908279046836e+00,-1.252617755564795043e+00,3.413018601816897868e-01,1.254157694580061433e-01,-2.378914776701184786e-01,6.259088257804497069e-01,-1.616155262707790419e+00,-1.952707456529478858e-01,2.752480030418701151e+00,2.568076803044981649e+00,2.949928237445813561e-01,8.974651142131918613e-01,4.640209973505085905e+00
1.214142761841227491e+00,-5.163047985033858422e-01,-2.140367989416173955e-02,-5.155215926149785410e-01,1.387035613641937060e+00,-3.426177520359134365e-01,-5.370138131298332951e+00,-1.253799059081709633e+00,3.596178415693582764e-01,1.425251548188224415e-01,-2.358982089233809254e-01,6.316410802919515399e-01,-1.585164429588811430e+00,-1.588164985585187594e-01,2.738521622172302994e+00,2.561223231396327904e+00,3.025684066862208699e-01,8.210129766263439821e-01,4.650615115522571230e+00
1.220813875917278191e+00,-5.246722963996555134e-01,-1.894379883799251346e-02,-5.145138529709810671e-01,1.385468697983152087e+00,-3.383863019920735904e-01,-5.380609389478776095e+00,-1.254735834956534735e+00,3.778381180982031684e-01,1.595869463530849020e-01,-2.338548241320502208e-01,6.368623094164005405e-01,-1.554108713234793493e+00,-1.219635695170064871e-01,2.723788673966444751e+00,2.553808525437269772e+00,3.100166438921114764e-01,7.442645730138767179e-01,4.659662881813603441e+00
1.227484989993328890e+00,-5.330452207046912916e-01,-1.636270178690003851e-02,-5.133924613105882440e-01,1.383915578737669572e+00,-3.341217303643120307e-01,-5.390873280139303780e+00,-1.255425468014748080e+00,3.959575422077739049e-01,1.765974078511556300e-01,-2.317621923025319219e-01,6.415706342754718960e-01,-1.522997149907196368e+00,-8.472532730248372168e-02,2.708287066999937043e+00,2.545834859813793205e+00,3.173316905729255399e-01,6.672491599662632167e-01,4.667359049306694985e+00
1.234156104069379589e+00,-5.414219142269179885e-01,-1.366107859803244312e-02,-5.121577724833796808e-01,1.382376581430742712e+00,-3.298274645195630739e-01,-5.400929460747931898e+00,-1.255865432944321736e+00,4.139710063678038177e-01,1.935528180434187839e-01,-2.296212215913975840e-01,6.457643713973941768e-01,-1.491838735399193983e+00,-4.711534292209607067e-02,2.692022920737273672e+00,2.537304538736898429e+00,3.245076549008658606e-01,5.899960618464821227e-01,4.673709972741088237e+00
1.240827218145430288e+00,-5.498007032315626041e-01,-1.083965306353000535e-02,-5.108101661117202541e-01,1.380852025397774741e+00,-3.255069424024338853e-01,-5.410777648638977588e+00,-1.256053295624841581e+00,4.318734446598986865e-01,2.104494714613580064e-01,-2.274328596070637754e-01,6.494420331304033844e-01,-1.460642421195818885e+00,-9.147383605809578100e-03,2.675002590554373061e+00,2.528219994998892606e+00,3.315386016520946999e-01,5.125346591965761478e-01,4.678722580189869085e+00
1.247498332221480988e+00,-5.581798980533256849e-01,-7.899182627697433345e-03,-5.093500464824960439e-01,1.379342223520193533e+00,-3.211636112277009292e-01,-5.420417620704742312e+00,-1.255986714416232664e+00,4.496598343432552936e-01,2.272836792919717963e-01,-2.251980936869919514e-01,6.526023279788344400e-01,-1.429417110664837898e+00,2.916459329571829961e-02,2.657232665304856134e+00,2.518583788959289027e+00,3.384185559035484125e-01,4.348943771403537273e-01,4.682404368327233612e+00
1.254169446297531687e+00,-5.665577937175123591e-01,-4.840458093783930882e-03,-5.077778424331720331e-01,1.377847481959560749e+00,-3.168009261708258362e-01,-5.429849213061904045e+00,-1.255663441406470682e+00,4.673251974038807877e-01,2.440517702253230115e-01,-2.229179511500473110e-01,6.552441608618506663e-01,-1.398171655280035619e+00,6.780644650236666848e-02,2.638719964807779039e+00,2.508398607500804456e+00,3.451415067822114491e-01,3.571046737870289256e-01,4.684763397442409882e+00
1.260840560373582386e+00,-5.749326705693502682e-01,-1.664303320485754911e-03,-5.060940072322203109e-01,1.376368099890076468e+00,-3.124223490570004480e-01,-5.439072320692828200e+00,-1.255081323617706301e+00,4.848646020867949380e-01,2.607500912950257987e-01,-2.205934995236808471e-01,6.573666332948271407e-01,-1.366914850878605314e+00,1.067638570820768074e-01,2.619471537257766602e+00,2.497667262955954648e+00,3.517014112648644275e-01,2.791950286405435744e-01,4.685808286202778561e+00
1.267511674449633086e+00,-5.833027949112119526e-01,1.628425091716047268e-03,-5.042990184539634102e-01,1.374904369229657863e+00,-3.080313470492409555e-01,-5.448086897062014877e+00,-1.254238304170228968e+00,5.022731644106962490e-01,2.773750087114739693e-01,-2.182258467455959194e-01,6.589690434934429852e-01,-1.335655433954301419e+00,1.460223348117997144e-01,2.599494656558522632e+00,2.486392692004750771e+00,3.580921980262909976e-01,2.011949310193793528e-01,4.685548206168913765e+00
1.274182788525683785e+00,-5.916664196474593629e-01,5.036838124260714644e-03,-5.023933778478875123e-01,1.373456574369757099e+00,-3.036313913360464967e-01,-5.456892953707960459e+00,-1.253132423403727103e+00,5.195460496645888382e-01,2.939229086876213870e-01,-2.158161413395882633e-01,6.600508864005711906e-01,-1.304402077988007225e+00,1.855672246189932206e-01,2.578796819580731814e+00,2.474577954544014968e+00,3.643077713339157864e-01,1.231338684915956883e-01,4.683992876064313471e+00
1.280853902601734484e+00,-6.000217849366269451e-01,8.560014674136723345e-03,-5.003776112024669320e-01,1.372024991904091662e+00,-2.992259558191326385e-01,-5.465490559810658233e+00,-1.251761819955315325e+00,5.366784738858673132e-01,3.103901982571275475e-01,-2.133655725652568447e-01,6.606118536360781057e-01,-1.273163389817331570e+00,2.253837131007295769e-01,2.557385743345374607e+00,2.462226232528825332e+00,3.703420149867788780e-01,4.504131532981625607e-02,4.681152555802766457e+00
1.287525016677785183e+00,-6.083671188506493133e-01,1.219700189730737322e-02,-4.982522682035622763e-01,1.370609890356466742e+00,-2.948185158017583851e-01,-5.473879841735009855e+00,-1.250124731793819777e+00,5.536657053193637656e-01,3.267733060846799154e-01,-2.108753705412927948e-01,6.606518333696885792e-01,-1.241947906046861672e+00,2.654568351174533269e-01,2.535269362133512949e+00,2.449340828786620516e+00,3.761887962967775945e-01,-3.305327900905685734e-02,4.677038040276329411e+00
1.294196130753835883e+00,-6.167006380408404098e-01,1.594681556180529980e-02,-4.960179222874349092e-01,1.369211529907861324e+00,-2.904125466781583564e-01,-5.482060982550443384e+00,-1.248219497209839268e+00,5.705030658568719382e-01,3.430686832683181309e-01,-2.083468063420761407e-01,6.601709101170898375e-01,-1.210764089500633300e+00,3.057714804583904211e-01,2.512455824523645909e+00,2.435925165804490700e+00,3.818419701100070895e-01,-1.111205013747489367e-01,4.671660652907079658e+00
1.300867244829886582e+00,-6.250205484103303899e-01,1.980844041036338571e-02,-4.936751704884387859e-01,1.367830162122960047e+00,-2.860115226245878439e-01,-5.490034221527003488e+00,-1.246044555761106176e+00,5.871859324566706118e-01,3.592728041335778721e-01,-2.057811920673174311e-01,6.591693644594914803e-01,-1.179620325718408580e+00,3.463124005755815471e-01,2.488953490357724618e+00,2.421982784490186447e+00,3.872953828660798958e-01,-1.891309863804107039e-01,4.665032238965841849e+00
1.307538358905937281e+00,-6.333250457926588028e-01,2.378083053244779699e-02,-4.912246332814408922e-01,1.366466029676314697e+00,-2.816189152924957195e-01,-5.497799853608208664e+00,-1.243598449172703457e+00,6.037097385425700402e-01,3.753821670192861726e-01,-2.031798808844963444e-01,6.576476726868808464e-01,-1.148524919497288188e+00,3.870642153834720212e-01,2.464770927636986464e+00,2.407517342907391278e+00,3.925428766932042013e-01,-2.670554278206440646e-01,4.657165158661241477e+00
1.314209472981987981e+00,-6.416123166362197594e-01,2.786290974555477584e-02,-4.886669544190289649e-01,1.365119366078308083e+00,-2.772381925043304607e-01,-5.505358228861013892e+00,-1.240879822191713444e+00,6.200699753820193560e-01,3.913932950548302259e-01,-2.005442670438724040e-01,6.556065063652517511e-01,-1.117486091480180965e+00,4.280114201209810343e-01,2.439916909348740504e+00,2.392532614985801054e+00,3.975782935368585846e-01,-3.448645900461368985e-01,4.648072280002481627e+00
1.320880587058038680e+00,-6.498805386942573259e-01,3.205357198562901189e-02,-4.860028007635622815e-01,1.363790395401113464e+00,-2.728728169524847758e-01,-5.512709751903159372e+00,-1.237887423395889641e+00,6.362621934428198678e-01,4.073027369287441912e-01,-1.978757858658432012e-01,6.530467318281085731e-01,-1.086511974792638391e+00,4.691383922729125411e-01,2.414400410225326699e+00,2.377032489206550192e+00,4.023954793197767055e-01,-4.225293192902355166e-01,4.637766971439433838e+00
1.327551701134089379e+00,-6.581278817200995057e-01,3.635168170646094210e-02,-4.832328621141239178e-01,1.362479332004831623e+00,-2.685262449018862574e-01,-5.519854881308239314e+00,-1.234620105955959612e+00,6.522820037279921657e-01,4.231070676484414150e-01,-1.951759137004560607e-01,6.499694095925797610e-01,-1.055610611729516091e+00,5.104293985475771844e-01,2.388230603436428012e+00,2.361020967263550041e+00,4.069882881310262768e-01,-5.000205549429201923e-01,4.626263094283623367e+00
1.334222815210140078e+00,-6.663525081673240535e-01,4.075607428791584719e-02,-4.803578510284357006e-01,1.361186380263990525e+00,-2.642019248967314993e-01,-5.526794128988876231e+00,-1.231076828351208796e+00,6.681250790883592749e-01,4.388028892909404122e-01,-1.924461678588793578e-01,6.463757937005160104e-01,-1.024789950492916990e+00,5.518686019074452442e-01,2.361416857215973497e+00,2.344502162701295411e+00,4.113505864418850466e-01,-5.773093407675666811e-01,4.613574994913854255e+00
1.340893929286190778e+00,-6.745525738945387095e-01,4.526555645284065232e-02,-4.773785026397960318e-01,1.359911734294592778e+00,-2.599032964718666072e-01,-5.533528059558256551e+00,-1.227256655037987976e+00,6.837871555124132028e-01,4.543868317444235139e-01,-1.896881065166697855e-01,6.422673309849560308e-01,-9.940578419828401957e-01,5.934400686496383859e-01,2.333968731424917120e+00,2.327480299529685936e+00,4.154762573462309483e-01,-6.543668360559946606e-01,4.599717496770309388e+00
1.347565043362241477e+00,-6.827262288744653240e-01,4.987890669250272246e-02,-4.742955744690994790e-01,1.358655577681910476e+00,-2.556337888693079874e-01,-5.540057289670481389e+00,-1.223158757070833325e+00,6.992640333930389973e-01,4.698555534404819101e-01,-1.869033285886744222e-01,6.376456602624001047e-01,-9.634220366419328219e-01,6.351277755330426711e-01,2.305895974051130448e+00,2.309959710816448908e+00,4.193592048231024050e-01,-7.311643267172858174e-01,4.584705892141016648e+00
1.354236157438292176e+00,-6.908716179070072405e-01,5.459487570039735227e-02,-4.711098462320044700e-01,1.357418083209202875e+00,-2.513968197603981825e-01,-5.546382487340021150e+00,-1.218782412675889049e+00,7.145515787706864241e-01,4.852057420768981499e-01,-1.840934735754297114e-01,6.325126114513378583e-01,-9.328901813557159972e-01,6.769156169488002028e-01,2.277208517647745012e+00,2.291944837257709811e+00,4.229933580191238551e-01,-8.076732362959149203e-01,4.568555933744713471e+00
1.360907271514342876e+00,-6.989868813359835231e-01,5.941218681427167664e-02,-4.678221196413118732e-01,1.356199412587555608e+00,-2.471957939740867249e-01,-5.552504371240701175e+00,-1.214127007776363509e+00,7.296457245525773683e-01,5.004341153308186074e-01,-1.812602213809316742e-01,6.268702046175244069e-01,-9.024698164096303099e-01,7.187874121309210107e-01,2.247916475711245532e+00,2.273440225727300756e+00,4.263726755484112951e-01,-8.838651369147489945e-01,4.551283826114186581e+00
1.367578385590393575e+00,-7.070701557692059547e-01,6.432953646619846144e-02,-4.644332182046164714e-01,1.354999716187034853e+00,-2.430341022318228128e-01,-5.558423709984560368e+00,-1.209192036469757259e+00,7.445424717075532772e-01,5.155374215621809642e-01,-1.784052921016691107e-01,6.207206489465151300e-01,-8.721683725042181923e-01,7.607269124037405739e-01,2.218030139000676026e+00,2.254450527805364590e+00,4.294911498076146028e-01,-9.597117601385471986e-01,4.532906216784284403e+00
1.374249499666444274e+00,-7.151195748015809484e-01,6.934559464054028399e-02,-4.609439870173001053e-01,1.353819132769339850e+00,-2.389151198895436146e-01,-5.564141321381021577e+00,-1.203977101456625620e+00,7.592378904361783976e-01,5.305124405072589866e-01,-1.755304457868296364e-01,6.140663416440046429e-01,-8.419931678297336575e-01,8.027178084629291721e-01,2.187559971799313718e+00,2.234980498286842199e+00,4.323428113036934528e-01,-1.035185007753586683e+00,4.513440187288861871e+00
1.380920613742494973e+00,-7.231332697409048604e-01,7.445900533963563384e-02,-4.573552925509311029e-01,1.352657789222156737e+00,-2.348422056872375152e-01,-5.569658071676719224e+00,-1.198481914420669536e+00,7.737281213157113369e-01,5.453559839621899830e-01,-1.726374821695932926e-01,6.069098667645532741e-01,-8.119514052014339400e-01,8.447437376867288350e-01,2.156516608120197631e+00,2.215034993670415009e+00,4.349217329920284092e-01,-1.110256962459113650e+00,4.492903243971031912e+00
1.387591727818545673e+00,-7.311093703360389551e-01,7.966838705703754853e-02,-4.536680224371373304e-01,1.351515800295395753e+00,-2.308187005065589492e-01,-5.574974874776447820e+00,-1.192706296359958618e+00,7.880093764195843509e-01,5.600648964563574861e-01,-1.697282403694639896e-01,5.992539939692832496e-01,-7.820501692567878305e-01,8.867882914741287426e-01,2.124910847856920526e+00,2.194618970628486210e+00,4.372220346224749976e-01,-1.184899898466369672e+00,4.471313308611113868e+00
1.394262841894596372e+00,-7.390460055071235157e-01,8.497233325813619009e-02,-4.498830852470216413e-01,1.350393268339518116e+00,-2.268479261369651390e-01,-5.580092691445598163e+00,-1.186650177869121636e+00,8.020779404110223165e-01,5.746360559155092584e-01,-1.668045985655841612e-01,5.911016772131980623e-01,-7.522964237158075163e-01,9.288350226066013349e-01,2.092753652881109705e+00,2.173737484458784230e+00,4.392378870909088295e-01,-1.259086292000948015e+00,4.448688708876847642e+00
1.400933955970647071e+00,-7.469413040775143564e-01,9.036941286798742812e-02,-4.460014102661868929e-01,1.349290283046129302e+00,-2.229331840508423090e-01,-5.585012528494553763e+00,-1.180313599372355027e+00,8.159301716104563340e-01,5.890663743144832765e-01,-1.638684736410119802e-01,5.824560533627676229e-01,-7.226970087056594494e-01,9.708674526300838936e-01,2.060056143088035085e+00,2.152395687518164902e+00,4.409635167938446010e-01,-1.332788831704323940e+00,4.425048168600437037e+00
1.407605070046697771e+00,-7.547933955071096657e-01,9.585817076617569876e-02,-4.420239472654440283e-01,1.348206921191054786e+00,-2.190777541880869761e-01,-5.589735437945444474e+00,-1.173696711307128382e+00,8.295625030363857899e-01,6.033527983194261202e-01,-1.609218207979400406e-01,5.733204407444745243e-01,-6.932586381507095386e-01,1.012869079253835292e+00,2.026829592391810930e+00,2.130598827639214932e+00,4.423932099836916931e-01,-1.405980428930432957e+00,4.400410797887081671e+00
1.414276184122748470e+00,-7.626004106267354477e-01,1.014371282885313669e-01,-4.379516662672690575e-01,1.347143246380067882e+00,-2.152848937505969507e-01,-5.594262516181705003e+00,-1.166799774258482802e+00,8.429714434193614769e-01,6.174923099193971865e-01,-1.579666331438681626e-01,5.636983376250321864e-01,-6.639878972291022308e-01,1.054823383762810041e+00,1.993085424671664718e+00,2.108352246530219354e+00,4.435213171221810691e-01,-1.478634227933216749e+00,4.374796083059761642e+00
1.420947298198799169e+00,-7.703604823732628226e-01,1.071047837355195986e-01,-4.337855573080819926e-01,1.346099308797483296e+00,-2.115578360071256325e-01,-5.598594903080909901e+00,-1.159623159043846830e+00,8.561535781887656960e-01,6.314819270472409318e-01,-1.550049412487474187e-01,5.535934206240100686e-01,-6.348912398969492887e-01,1.096713838440181332e+00,1.958835209670777289e+00,2.085661378159098245e+00,4.443422572295164796e-01,-1.550723615941139721e+00,4.348223876445065805e+00
1.427618412274849868e+00,-7.780717465251274501e-01,1.128596128871231646e-01,-4.295266301964228983e-01,1.345075144957796676e+00,-2.078997891089519323e-01,-5.602733781131296276e+00,-1.152167346748310006e+00,8.691055704320802544e-01,6.453187041896272236e-01,-1.520388126731266887e-01,5.430095430596485473e-01,-6.059749864811803111e-01,1.138523913996625669e+00,1.924090658849193503e+00,2.062531747121901127e+00,4.448505222267890025e-01,-1.622222233114671841e+00,4.320714386004958385e+00
1.434289526350900568e+00,-7.857323424379154542e-01,1.187000695240309489e-01,-4.251759142670906710e-01,1.344070777460570021e+00,-2.043139349168033581e-01,-5.606680374532482247e+00,-1.144432928710321207e+00,8.818241618263389370e-01,6.589997329861608799e-01,-1.490703514673656915e-01,5.319507332286371737e-01,-5.772453213420563056e-01,1.180237087003014773e+00,1.888863621192346631e+00,2.038968966996428822e+00,4.450406812691812819e-01,-1.693103982382866413e+00,4.292288164819425766e+00
1.440960640426951267e+00,-7.933404137796926658e-01,1.246245859549459239e-01,-4.207344581313250953e-01,1.343086214748758112e+00,-2.008034278394762451e-01,-5.610435948280810159e+00,-1.136420606457802851e+00,8.943061735414744584e-01,6.725221428174552596e-01,-1.461016976419750035e-01,5.204211926206924188e-01,-5.487082906063334153e-01,1.221836847323111153e+00,1.853166078976726361e+00,2.014978738681591608e+00,4.449073850674963304e-01,-1.763343039155151004e+00,4.262966100425005678e+00
1.447631754503001966e+00,-8.008941092657392291e-01,1.306315735498265185e-01,-4.162033294231014535e-01,1.342121450870657151e+00,-1.973713936845767902e-01,-5.614001807239823449e+00,-1.128131191594687888e+00,9.065485071152796781e-01,6.858831013820854139e-01,-1.431350266091725443e-01,5.084252940687734590e-01,-5.203697999720113820e-01,1.263306705542909025e+00,1.817010143494254493e+00,1.990566848723087645e+00,4.444453701955484726e-01,-1.832913860904556991e+00,4.232769404014293357e+00
1.454302868579052666e+00,-8.083915833923626115e-01,1.367194232788678798e-01,-4.115836145416131298e-01,1.341176465245679905e+00,-1.940209285218207624e-01,-5.617379295196310629e+00,-1.119565605637916850e+00,9.185481452997110718e-01,6.990798152623247663e-01,-1.401725485957597828e-01,4.959675798358041399e-01,-4.922356125855911202e-01,1.304630200393216422e+00,1.780408050736943304e+00,1.965739167625976558e+00,4.436494633809223154e-01,-1.901791196618631608e+00,4.201719599501534397e+00
1.460973982655103365e+00,-8.158309971694595042e-01,1.428865062570347511e-01,-4.068764183900189790e-01,1.340251222434141409e+00,-1.907550975593006182e-01,-5.620569793902471467e+00,-1.110724879804948273e+00,9.303021528782774441e-01,7.121095304785867164e-01,-1.372165080274367899e-01,4.830527596387995670e-01,-4.643113469926984926e-01,1.345790906162140699e+00,1.743372157043406645e+00,1.940501648154750569e+00,4.425145857766610291e-01,-1.969950096114395865e+00,4.169838512459509872e+00
1.467645096731154064e+00,-8.232105188514948768e-01,1.491311742939468443e-01,-4.020828641105287371e-01,1.339345671911247981e+00,-1.875769340331436552e-01,-5.623574722104624612e+00,-1.101610154751864412e+00,9.418076774542619711e-01,7.249695330324803511e-01,-1.342691828846885871e-01,4.696857086113109814e-01,-4.366024751629389300e-01,1.386772440094069747e+00,1.705914934708846920e+00,1.914860323621483840e+00,4.410357572113952074e-01,-2.037365919213693921e+00,4.137148258932945133e+00
1.474316210807204763e+00,-8.305283246665662311e-01,1.554517604489282501e-01,-3.972040928159047968e-01,1.338459747845474501e+00,-1.844894381109641601e-01,-5.626395534559008205e+00,-1.092222680262171508e+00,9.530619502095419859e-01,7.376571494384123184e-01,-1.313328840303996659e-01,4.558714652051473748e-01,-4.091143205897640467e-01,1.427558469771801342e+00,1.668048967560101348e+00,1.888821306162647984e+00,4.392081004154441692e-01,-2.104014344775423595e+00,4.103671234133758894e+00
1.480987324883255463e+00,-8.377825995432334194e-01,1.618465795910172811e-01,-3.922412633174555685e-01,1.337593368881524025e+00,-1.814955758095149196e-01,-5.629033721035148652e+00,-1.082563814886417175e+00,9.640622866337751340e-01,7.501697472436557046e-01,-1.284099545093618788e-01,4.416152290323165364e-01,-3.818520564661409544e-01,1.468132720478466657e+00,1.629786946497389533e+00,1.862390785005173299e+00,4.370268452204495446e-01,-2.169871379581161719e+00,4.069430101023485236e+00
1.487658438959306162e+00,-8.449715378347756323e-01,1.683139289637434755e-01,-3.871955518495971971e-01,1.336746437928052700e+00,-1.785982779269302267e-01,-5.631490805307318936e+00,-1.072635025532774566e+00,9.748060872237405139e-01,7.625047355368170798e-01,-1.255027688198590008e-01,4.269223586481937782e-01,-3.548207039367461402e-01,1.508478982535889301e+00,1.591141665004381700e+00,1.835575024722339688e+00,4.344873327300722288e-01,-2.234913367070769485e+00,4.034447778788259775e+00
1.494329553035356861e+00,-8.520933440405566994e-01,1.748520887544685321e-01,-3.820681517910644032e-01,1.335918841950349378e+00,-1.758004389899524844e-01,-5.633768344134589157e+00,-1.062437887008757409e+00,9.852908381526230830e-01,7.746595654446349899e-01,-1.226137321575361261e-01,4.117983692769253135e-01,-3.280251304273917867e-01,1.548581118616048968e+00,1.552126014628237405e+00,1.808380363480088571e+00,4.315850194593058853e-01,-2.299116995924634477e+00,3.998747431211832737e+00
1.501000667111407560e+00,-8.591462335241698556e-01,1.814593226680922267e-01,-3.768602733828435025e-01,1.335110451768142914e+00,-1.731049162165215205e-01,-5.635867926229993330e+00,-1.051974081514259307e+00,9.955141119090504809e-01,7.866317306170519386e-01,-1.197452796317611812e-01,3.962489304800959622e-01,-3.014700480523375692e-01,1.588423071022320610e+00,1.512752980431268712e+00,1.780813211274319574e+00,4.283154814399767751e-01,-2.362459308489293974e+00,3.962352454952059233e+00
1.507671781187458260e+00,-8.661284332280384524e-01,1.881338785049193052e-01,-3.715731434429108138e-01,1.334321121858739190e+00,-1.705145284941036732e-01,-5.637791171219340036e+00,-1.041245398086128926e+00,1.005473567905697863e+00,7.984187677004968009e-01,-1.168998754547228014e-01,3.802798637697208384e-01,-2.751600121001196442e-01,1.627988868937175981e+00,1.473035636415883864e+00,1.752880048159758619e+00,4.246744182899980236e-01,-2.424917709043215908e+00,3.925286467726425421e+00
1.514342895263508959e+00,-8.730381823841515398e-01,1.948739887424841832e-01,-3.662080050778518947e-01,1.333550690165650643e+00,-1.680320553741267986e-01,-5.639539728590172274e+00,-1.030253731994516198e+00,1.015166953057286880e+00,8.100182567993243765e-01,-1.140800121035050463e-01,3.638971401666381000e-01,-2.490994195984856940e-01,1.667262635633054657e+00,1.432987140924487868e+00,1.724587422470969855e+00,4.206576572439564843e-01,-2.486469971899638587e+00,3.887573296412139889e+00
1.521014009339559658e+00,-8.798737332206096884e-01,2.016778711211309749e-01,-3.607661173914431529e-01,1.332798977912907690e+00,-1.656602360828829945e-01,-5.641115276631428976e+00,-1.019001084091244902e+00,1.024592102327817944e+00,8.214278219253644542e-01,-1.112882094554122903e-01,3.471068777053963883e-01,-2.232925079589807016e-01,1.706228595643115353e+00,1.392620732016011997e+00,1.695941949036086083e+00,4.162611571426317880e-01,-2.547094249343393457e+00,3.849236965066405780e+00
1.527685123415610358e+00,-8.866333516636680789e-01,2.085437292331379922e-01,-3.552487551902737684e-01,1.332065789425226132e+00,-1.634017685492527017e-01,-5.642519521364330437e+00,-1.007489560110493176e+00,1.033746939246885210e+00,8.326451314355316491e-01,-1.085270138968227327e-01,3.299153388867623882e-01,-1.977433537017025955e-01,1.744871081888608844e+00,1.351949722820767308e+00,1.666950307383826324e+00,4.114810123790459961e-01,-2.606769079398742139e+00,3.810301682872502926e+00
1.534356237491661057e+00,-8.933153180349534539e-01,2.154697531151863465e-01,-3.496572086864871975e-01,1.331350911954208849e+00,-1.612593084495927975e-01,-5.643754195465022327e+00,-9.957213699220792691e-01,1.042629476394937083e+00,8.436678984574506046e-01,-1.057989974058672900e-01,3.123289280789691702e-01,-1.724558712607084932e-01,1.783174542759637937e+00,1.310987496875299696e+00,1.637619239944356098e+00,4.063134567986892431e-01,-2.665473393425340731e+00,3.770791832017305723e+00
1.541027351567711756e+00,-8.999179277435427338e-01,2.224541198439591860e-01,-3.439927831977256933e-01,1.330654115510749858e+00,-1.592354682701320467e-01,-5.644821057179516544e+00,-9.836988267376736150e-01,1.051237815857351876e+00,8.544938813030645841e-01,-1.031067566092499499e-01,2.943541888688860908e-01,-1.474338118704932032e-01,1.821123549146058673e+00,1.269747503438962255e+00,1.607955550244580589e+00,4.007548675515292813e-01,-2.723186523539481652e+00,3.730731955505981912e+00
1.547698465643762455e+00,-9.064394919725913269e-01,2.294949941346675903e-01,-3.382567988443538343e-01,1.329975152703819496e+00,-1.573328163871971219e-01,-5.645721889231493762e+00,-9.714243462702840670e-01,1.059570149647212300e+00,8.651208838701822668e-01,-1.004529118135397692e-01,2.759978013642596095e-01,-1.226807625339620955e-01,1.858702801415343497e+00,1.228243252793890017e+00,1.577966101098398521e+00,3.948017688934765124e-01,-2.779888209857892978e+00,3.690146744919524213e+00
1.554369579719813155e+00,-9.128783383601981605e-01,2.365905289422915447e-01,-3.324505902440442751e-01,1.329313758585794814e+00,-1.555538761656002356e-01,-5.646458497723465975e+00,-9.589004458473777692e-01,1.067624760096678393e+00,8.755467560319406539e-01,-9.784010601127646201e-02,2.572665794482348334e-01,-9.820014507224250622e-02,1.895897136334222077e+00,1.186488311530102147e+00,1.547657812792499810e+00,3.884508359349841400e-01,-2.835558607561417865e+00,3.649061028120879957e+00
1.561040693795863854e+00,-9.192328116742016775e-01,2.437388660653261319e-01,-3.265755062038050993e-01,1.328669650504501476e+00,-1.539011250754939997e-01,-5.647032711031897634e+00,-9.461297434780205906e-01,1.075400020216859431e+00,8.857693940141498912e-01,-9.527100386225051398e-02,2.381674679873623246e-01,-7.399521525666674648e-02,1.932691533930942285e+00,1.144496297817428454e+00,1.517037661268238580e+00,3.816988983344590247e-01,-2.890178293775998775e+00,3.607499756915426126e+00
1.567711807871914553e+00,-9.255012744805992675e-01,2.509381367518237482e-01,-3.206329094095323184e-01,1.328042527962137287e+00,-1.523769938280054581e-01,-5.647446378696797886e+00,-9.331149568744485645e-01,1.082894394026104434e+00,8.957867407604973575e-01,-9.274829065033651787e-02,2.187075399943143317e-01,-5.006906202321181887e-02,1.969071124295039610e+00,1.102280876665988618e+00,1.486112676300153090e+00,3.745429439342138345e-01,-2.943728274268453404e+00,3.565487994671549643e+00
1.574382921947965253e+00,-9.316821078052897054e-01,2.581864623075218468e-01,-3.146241761131641224e-01,1.327432072481232073e+00,-1.509838655299459709e-01,-5.647701370306356772e+00,-9.198589024284908877e-01,1.090106436846643323e+00,9.055967862855921480e-01,-9.027467121626753244e-02,1.988939937465617203e-01,-2.642460676963520605e-02,2.005021194311499944e+00,1.059855755176928538e+00,1.454889939671653476e+00,3.669801223366835341e-01,-2.996189989954634481e+00,3.523050903907122944e+00
1.581054036024015952e+00,-9.377737117888378382e-01,2.654819547058418494e-01,-3.085506958175214809e-01,1.326837947477806257e+00,-1.497240748578844149e-01,-5.647799574377165399e+00,-9.063644941432978941e-01,1.097034795569518106e+00,9.151975680158304094e-01,-8.785286886675813811e-02,1.787341498622619096e-01,-3.064602735525223665e-03,2.040527194326267946e+00,1.017234677785146868e+00,1.423376583348433089e+00,3.590077484186682266e-01,-3.047545323217640600e+00,3.480213733847681734e+00
1.587725150100066651e+00,-9.437745063339628704e-01,2.728227171995510347e-01,-3.024138709589166418e-01,1.326259798141887769e+00,-1.485999072518690012e-01,-5.647742897230565440e+00,-8.926347425208401853e-01,1.103678208887751921e+00,9.245871711180687624e-01,-8.548562426039585382e-02,1.582354483346408713e-01,2.000836553456997180e-02,2.075574744740048772e+00,9.744314214957274789e-01,1.391579787650141231e+00,3.506233057813988863e-01,-3.097776604033804393e+00,3.437001807962074551e+00
1.594396264176117350e+00,-9.496829317454625885e-01,2.802068449338734335e-01,-2.962151165876077963e-01,1.325697251325533177e+00,-1.476135981290666865e-01,-5.647533261865720355e+00,-8.786727534056657518e-01,1.110035507497728391e+00,9.337637288160977045e-01,-8.317569427073667754e-02,1.374054455261531082e-01,4.279188264480660031e-02,2.110149642527405334e+00,9.314597911157954657e-01,1.359506779420832867e+00,3.418244501342085906e-01,-3.146866615904328146e+00,3.393440511481435884e+00
1.601067378252168050e+00,-9.554974493622752085e-01,2.876324255608370128e-01,-2.899558600461847879e-01,1.325149915438512682e+00,-1.467673321175837209e-01,-5.647172606829915509e+00,-8.644817267854276732e-01,1.116105614268747548e+00,9.427254226949052240e-01,-8.092585082705772148e-02,1.162518111237276219e-01,6.528370271840211458e-02,2.144237867678175036e+00,8.883336144835334292e-01,1.327164830198739986e+00,3.326090126096616917e-01,-3.194798601590449927e+00,3.349555278907277778e+00
1.607738492328218749e+00,-9.612165421814020672e-01,2.950975398546491490e-01,-2.836375406459639703e-01,1.324617380351796214e+00,-1.460632423107287581e-01,-5.646662885086676908e+00,-8.500649555487027609e-01,1.121887544380753221e+00,9.514704829927351781e-01,-7.873887973322457601e-02,9.478232505640821204e-02,8.748174968464628165e-02,2.177825589558283870e+00,8.450667376960518951e-01,1.294561254385869553e+00,3.229750030080027479e-01,-3.241556268650193307e+00,3.305371581514505941e+00
1.614409606404269448e+00,-9.668387154733961708e-01,3.026002623278791215e-01,-2.772616093414778105e-01,1.324099217308996490e+00,-1.455034095419550089e-01,-5.646006062882243270e+00,-8.354258242006603608e-01,1.127380405430222110e+00,9.599971888809256670e-01,-7.661757946515945772e-02,7.300487437673411351e-02,1.093841174825287421e-01,2.210899173187036659e+00,8.016730203378769071e-01,1.261703407417964273e+00,3.129206129688191229e-01,-3.287123794774735597e+00,3.260914914855189473e+00
1.621080720480320148e+00,-9.723624973891497048e-01,3.101386618482478430e-01,-2.708295284031367878e-01,1.323594978845900938e+00,-1.450898616807289043e-01,-5.645204118610974930e+00,-8.205678075371339864e-01,1.132583397504230316e+00,9.683038687315546067e-01,-7.456475994739930613e-02,5.092745010718852106e-02,1.309890701810376701e-01,2.243445185428035948e+00,7.581663307117250117e-01,1.228598683935314018e+00,3.024442190678098275e-01,-3.331485832922650214e+00,3.216210786268900890e+00
1.627751834556370847e+00,-9.777864395576957302e-01,3.177108022557976752e-01,-2.643427710881460779e-01,1.323104198718234148e+00,-1.448245729495458711e-01,-5.644259041680215638e+00,-8.054944692776943027e-01,1.137495813222717089e+00,9.763889003728740690e-01,-7.258324130924864726e-02,2.855814405307299797e-02,1.522950420161615082e-01,2.275450401090902020e+00,7.145605410733322227e-01,1.195254515954940810e+00,2.915443858366728591e-01,-3.374627516250221504e+00,3.171284702405397393e+00
1.634422948632421546e+00,-9.831091176747559501e-01,3.253147429802465407e-01,-2.578028213097605659e-01,1.322626391837784299e+00,-1.447094632623192600e-01,-5.643172831375209419e+00,-7.902094606583184300e-01,1.142117037748976438e+00,9.842507113325678070e-01,-7.067585262104914001e-02,5.905145583184945313e-03,1.733006373447225634e-01,2.306901808941007381e+00,6.708695228719953052e-01,1.161678371044651881e+00,2.802198687040162728e-01,-3.416534462836271491e+00,3.126162156765486255e+00
1.641094062708472245e+00,-9.883291320817687575e-01,3.329485396582984591e-01,-2.512111733049567919e-01,1.322161054217027454e+00,-1.447463975843450434e-01,-5.641947495724577877e+00,-7.747165189842851740e-01,1.146446548768421447e+00,9.918877790688259699e-01,-6.884543061110159901e-02,-1.702326162034450974e-02,1.940046305151599260e-01,2.337786617614491469e+00,6.271071419985929651e-01,1.127877750499453491e+00,2.684696168553981632e-01,-3.457192780199873638e+00,3.080868617265795528e+00
1.647765176784522945e+00,-9.934451083351307776e-01,3.406102447507125541e-01,-2.445693313006022940e-01,1.321707662922370741e+00,-1.449371853140516975e-01,-5.640585050366956565e+00,-7.590194661439295665e-01,1.150483916435679266e+00,9.992986311892724238e-01,-6.709481836377795272e-02,-4.021870284165263154e-02,2.144059656554636595e-01,2.368092261435838619e+00,5.832872540427396224e-01,1.093860187520808935e+00,2.562927760104625197e-01,-3.496589069609568057e+00,3.035429513833284521e+00
1.654436290860573644e+00,-9.984556977653961107e-01,3.482979081589110404e-01,-2.378788091782086389e-01,1.321265676036146086e+00,-1.452835796867219531e-01,-5.639087517419311801e+00,-7.431222070839247351e-01,1.154228803290077821e+00,1.006481845657750451e+00,-6.542686399939512398e-02,-6.367271563879134399e-02,2.345037563784555523e-01,2.397806406135392976e+00,5.394236995608068241e-01,1.059633245399240087e+00,2.436886911153236523e-01,-3.534710430182665508e+00,2.989870226035184153e+00
1.661107404936624343e+00,-1.003359578026176147e+00,3.560095778409166911e-01,-2.311411301373419991e-01,1.320834532627464197e+00,-1.457872772003671602e-01,-5.637456924347494791e+00,-7.270287282467606804e-01,1.157680964139610413e+00,1.013436050988997250e+00,-6.384441933640860878e-02,-8.737675317802306996e-02,2.542972854046818831e-01,2.426916954464162224e+00,4.955302993564997260e-01,1.025204515700728347e+00,2.306569089483010426e-01,-3.571544462773371453e+00,2.944216070750130587e+00
1.667778519012675043e+00,-1.008155453632492815e+00,3.637433004264163938e-01,-2.243578263577770127e-01,1.320413652732056464e+00,-1.464499170639347869e-01,-5.635695302839599741e+00,-7.107430959711146246e-01,1.160840245913457913e+00,1.020159926431238206e+00,-6.235033853652438562e-02,-1.113221875933424476e-01,2.737860041032245118e-01,2.455412051703379284e+00,4.516208497756522555e-01,9.905816164573919558e-01,2.171971806371373326e-01,-3.607079273648592377e+00,2.898492289886194229e+00
1.674449633088725742e+00,-1.012842056488337583e+00,3.714971218307294709e-01,-2.175304386604718643e-01,1.320002437341207369e+00,-1.472730806680035420e-01,-5.633804687682639312e+00,-6.942694548558271395e-01,1.163706587483180455e+00,1.026652202136720593e+00,-6.094747673331291082e-02,-1.355003133698097773e-01,2.929695319507321649e-01,2.483280091066276007e+00,4.077091180169709062e-01,9.557721903629109450e-01,2.033094640859574032e-01,-3.641303477950261769e+00,2.852724038151493335e+00
1.681120747164776441e+00,-1.017418146403198609e+00,3.792690878674860877e-01,-2.106605161674470206e-01,1.319600268399890197e+00,-1.482582910781276020e-01,-5.631787115643122732e+00,-6.776120260882054769e-01,1.166280019452676120e+00,1.032911659320230990e+00,-5.963868864494004107e-02,-1.599023507492690621e-01,3.118476559090762601e-01,2.510509718989629491e+00,3.638088374603372643e-01,9.207839029731403890e-01,1.889939263101491074e-01,-3.674206202943269162e+00,2.806936370883009513e+00
1.687791861240827140e+00,-1.021882511597316689e+00,3.870572448597936477e-01,-2.037496159606459190e-01,1.319206508814206202e+00,-1.494070125509691649e-01,-5.629644624352029503e+00,-6.607751057374045001e-01,1.168560663917046494e+00,1.038937130405622522e+00,-5.842682717163427686e-02,-1.845194491570117945e-01,3.304203297220029700e-01,2.537089840312630074e+00,3.199337030144044358e-01,8.856244409123803507e-01,1.742509456774974375e-01,-3.705777091048017891e+00,2.761154231939287662e+00
1.694462975316877840e+00,-1.026233969195443407e+00,3.948596402496980518e-01,-1.967993027398564354e-01,1.318820502468234679e+00,-1.507206500733587751e-01,-5.627379251194771115e+00,-6.437630630136373933e-01,1.170548734190486995e+00,1.044727499160402528e+00,-5.731474197852087782e-02,-2.093426906479542993e-01,3.486876731312666955e-01,2.563009623340726684e+00,2.760973664850743248e-01,8.503015100857207464e-01,1.590811140538348489e-01,-3.736006302656860623e+00,2.715402441662569277e+00
1.701134089392928539e+00,-1.030471365708873543e+00,4.026743232057193866e-01,-1.898111484797777582e-01,1.318441574250377446e+00,-1.522005489244048215e-01,-5.624993032206629273e+00,-6.265803384939996334e-01,1.172244534503358526e+00,1.050281700818406883e+00,-5.630527806446450345e-02,-2.343630933708797937e-01,3.666499710126807088e-01,2.588258504792122494e+00,2.323134319665692837e-01,8.148228338979308649e-01,1.434852388516414390e-01,-3.764884518733650154e+00,2.669705684915933741e+00
1.707805203468979238e+00,-1.034593577505533935e+00,4.104993452282726940e-01,-1.827867320863049150e-01,1.318069030089301652e+00,-1.538479942607692830e-01,-5.622488000974235511e+00,-6.092314423156863779e-01,1.173648459668590993e+00,1.055598722190625560e+00,-5.540127431757296828e-02,-2.595716150492940466e-01,3.843076724326519589e-01,2.612826194624652043e+00,1.885954512566712649e-01,7.791961514792822285e-01,1.274643449799250927e-01,-3.792402943195822385e+00,2.624088499200959212e+00
1.714476317545029938e+00,-1.038599511267910502e+00,4.183327607527532188e-01,-1.757276390521157472e-01,1.317702156999556840e+00,-1.556642107252190765e-01,-5.619866187543595792e+00,-5.917209523374207247e-01,1.174760994717584550e+00,1.060677601764208999e+00,-5.460556205802646890e-02,-2.849591564774519026e-01,4.016613896257054117e-01,2.636702680740842464e+00,1.449569192978170662e-01,7.434292159187680937e-01,1.110196766939071100e-01,-3.818553305078443039e+00,2.578575262861385387e+00
1.721147431621080637e+00,-1.042488104438608065e+00,4.261726277500975102e-01,-1.686354611116347990e-01,1.317340223136957533e+00,-1.576503620785421056e-01,-5.617129617335217873e+00,-5.740535122698995352e-01,1.175582714505793547e+00,1.065517429789716752e+00,-5.392096356891051823e-02,-3.105165650300861779e-01,4.187118968936428542e-01,2.659878233568989891e+00,1.014112696456045959e-01,7.075297925050907377e-01,9.415269934293646337e-02,-3.843327860479829106e+00,2.533190183378222660e+00
1.727818545697131336e+00,-1.046258325653335541e+00,4.340170083246098209e-01,-1.615117958954565558e-01,1.316982477863800627e+00,-1.598075508549225143e-01,-5.614280310066821045e+00,-5.562338297761038053e-01,1.176114283288169693e+00,1.070117348356659059e+00,-5.335029061572182929e-02,-3.362346381843870358e-01,4.354601294269114797e-01,2.682343410518161164e+00,5.797186996637165857e-02,6.715056569758723892e-01,7.686510101524546279e-02,-3.866719394288351541e+00,2.487957285761673631e+00
1.734489659773182035e+00,-1.049909175161121366e+00,4.418639693088575737e-01,-1.543582465843014173e-01,1.316628151823999282e+00,-1.621368180408457871e-01,-5.611320278684177154e+00,-5.382666745423123622e-01,1.176356454264676721e+00,1.074476551457387519e+00,-5.289634295526207675e-02,-3.621041270527742828e-01,4.519071820488940183e-01,2.704089060305066461e+00,1.465201756538098143e-02,6.353645937754384132e-01,5.915879407806201584e-02,-3.888721221690232710e+00,2.442900401045241310e+00
1.741160773849232735e+00,-1.053439685231565059e+00,4.497115828554332229e-01,-1.471764215625850913e-01,1.316276457028194624e+00,-1.646391427776034422e-01,-5.608251528300584710e+00,-5.201568763206820822e-01,1.176310069096075939e+00,1.078594285039390144e+00,-5.256190683459904811e-02,-3.881157399249953732e-01,4.680543078837763327e-01,2.725106327150838226e+00,-2.853506505275232863e-02,5.991143943216071799e-01,4.103591661179040173e-02,-3.909327189458116969e+00,2.398043154887290029e+00
1.747831887925283434e+00,-1.056848920548936421e+00,4.575579270253921083e-01,-1.399679340716777909e-01,1.315926586948914290e+00,-1.673154420874575221e-01,-5.605076055145479685e+00,-5.019093229442754822e-01,1.175976057390206053e+00,1.082469847046059641e+00,-5.234975348082793190e-02,-4.142601458180829033e-01,4.839029169487701898e-01,2.745386654845754393e+00,-7.157623458988821019e-02,5.627628552818434438e-01,2.249883373686012433e-02,-3.928531677020432600e+00,2.353408956285333087e+00
1.754503002001334133e+00,-1.060135978592944062e+00,4.654010863731592451e-01,-1.327344018629300626e-01,1.315577716625832005e+00,-1.701665706235052089e-01,-5.601795845522685724e+00,-4.835289583154112614e-01,1.175355436158992184e+00,1.086102587445988421e+00,-5.226263758233051782e-02,-4.405279780327250871e-01,4.994545746714124101e-01,2.764921790680086477e+00,-1.144584313248306340e-01,5.263177768591701389e-01,3.550138832071558781e-03,-3.946329597311498460e+00,2.309020986408176324e+00
1.761174116077384832e+00,-1.063299990006000284e+00,4.732391525277224176e-01,-1.254774468505398255e-01,1.315229002781189482e+00,-1.731933204432872520e-01,-5.598412874778806447e+00,-4.650207803682481211e-01,1.174449309246415885e+00,1.089491908250867391e+00,-5.230329576228376354e-02,-4.669098377145686762e-01,5.147110003327941552e-01,2.783703789239211801e+00,-1.571686834469651073e-01,4.897869610881909752e-01,-1.580734535688166353e-02,-3.962716397402579638e+00,2.264902187551118384e+00
1.767845230153435532e+00,-1.066340118946806470e+00,4.810702247699100709e-01,-1.181986947643385577e-01,1.314879583945420372e+00,-1.763964208061692962e-01,-5.594929106282253706e+00,-4.463898390065049737e-01,1.173258866727707517e+00,1.092637263522050484e+00,-5.247444504513643082e-02,-4.933962974190047590e-01,5.296740654375192703e-01,2.801725016061292095e+00,-1.996941113514907329e-01,4.531782101415973152e-01,-3.557056571979244630e-02,-3.977688058914055524e+00,2.221075252219222307e+00
1.774516344229486231e+00,-1.069255563430103084e+00,4.888924106055647645e-01,-1.108997748025730701e-01,1.314528580593028906e+00,-1.797765379945075459e-01,-5.591346490413372727e+00,-4.276412340172480731e-01,1.171785384280012776e+00,1.095538159365853748e+00,-5.277878131680235896e-02,-5.199779046779732239e-01,5.443457920112753090e-01,2.818978151155802081e+00,-2.420219318947727793e-01,4.164993246475169331e-01,-5.573623789637993653e-02,-3.991241098209043603e+00,2.177562612343682424e+00
1.781187458305536930e+00,-1.072045555652422877e+00,4.967038263344282778e-01,-1.035823192847529078e-01,1.314175095288761863e+00,-1.833342751586144459e-01,-5.587666963566192635e+00,-4.087801129616697726e-01,1.170030222524808039e+00,1.098194153917674942e+00,-5.321897777932793616e-02,-5.466451855673309934e-01,5.587283508269380583e-01,2.835456192381296425e+00,-2.841394626083361130e-01,3.797581020180250677e-01,-7.630084550387206122e-02,-4.003372566368891938e+00,2.134386428636250166e+00
1.787858572381587630e+00,-1.074709362303703175e+00,5.045025976145410818e-01,-9.624796330464260863e-02,1.313818212844097610e+00,-1.870701721855195232e-01,-5.583892447162213557e+00,-3.898116690438095389e-01,1.167994826342353187e+00,1.100604857314989582e+00,-5.379768340078094901e-02,-5.733886482733346890e-01,5.728240595601118423e-01,2.851152458680868307e+00,-3.260341258699889222e-01,3.429623347891859186e-01,-9.726063947867702453e-02,-4.014080048951011115e+00,2.091568580086554441e+00
1.794529686457638329e+00,-1.077246284864603831e+00,5.122868600219808721e-01,-8.889834438347102297e-02,1.313457000484102855e+00,-1.909847055915167569e-01,-5.580024846676764128e+00,-3.707411389581698469e-01,1.165680724158452364e+00,1.102769931659324243e+00,-5.451752136113929836e-02,-6.001987866567768393e-01,5.866353808751174626e-01,2.866060593173781257e+00,-3.676934530306774085e-01,3.061198089729313954e-01,-1.186116375331804917e-01,-4.023361665529674447e+00,2.049130653607174057e+00
1.801200800533689028e+00,-1.079655659889403374e+00,5.200547596057470967e-01,-8.153510212343080543e-02,1.313090508024654435e+00,-1.950782884384749116e-01,-5.576066050678327279e+00,-3.515738007171922419e-01,1.163089527203849061e+00,1.104689090967264864e+00,-5.538108749493092509e-02,-6.270660838133409465e-01,6.001649204423844530e-01,2.880174566101870504e+00,-4.091050884955827471e-01,2.692383024211144615e-01,-1.403496237284995729e-01,-4.031216069020434389e+00,2.007093933831156196e+00
1.807871914609739727e+00,-1.081936859274334584e+00,5.278044534376183927e-01,-7.415987786153918626e-02,1.312717768060069234e+00,-1.993512702738848841e-01,-5.572017929881335263e+00,-3.323149714595611259e-01,1.160222928746543758e+00,1.106362101110601293e+00,-5.639094873142302955e-02,-6.539810156287317877e-01,6.134154248883246785e-01,2.893488677629334926e+00,-4.502567937580955193e-01,2.323255832020264533e-01,-1.624701481641077638e-01,-4.037642444788968277e+00,1.965479393066685621e+00
1.814543028685790427e+00,-1.084089290511238923e+00,5.355341101567957507e-01,-6.677431432393798882e-02,1.312337796161141990e+00,-2.038039370946000961e-01,-5.567882336212862882e+00,-3.129700052403314170e-01,1.157082703297364956e+00,1.107788779745677132e+00,-5.754964153312952524e-02,-6.809340543271359403e-01,6.263897796787111227e-01,2.905997560494622434e+00,-4.911364513852156111e-01,1.953894079897197100e-01,-1.849685267850651460e-01,-4.042640509545176286e+00,1.924307681413470750e+00
1.821214142761841126e+00,-1.086112396926420809e+00,5.432419105091608191e-01,-5.938005528069641159e-02,1.311949591083602318e+00,-2.084365113342255271e-01,-5.563661101893655037e+00,-2.935442908038512488e-01,1.153670705789116013e+00,1.108968996232044590e+00,-5.885967033342159871e-02,-7.079156720116004387e-01,6.390910069366881885e-01,2.917696182513183523e+00,-5.317320689530637967e-01,1.584375204663873715e-01,-2.078398413076512075e-01,-4.046210510023537488e+00,1.883599117045356319e+00
1.827885256837891825e+00,-1.088005657904590029e+00,5.509260478809673289e-01,-5.197874520119544206e-02,1.311552134986997853e+00,-2.132491518740915193e-01,-5.559356038533925570e+00,-2.740432493404969527e-01,1.149988870729643953e+00,1.109902671540499597e+00,-6.032350597404756432e-02,-7.349163441948936004e-01,6.515222631965099653e-01,2.928579848929933505e+00,-5.720317829310752611e-01,1.214776497381340192e-01,-2.310789392640213435e-01,-4.048353221450711636e+00,1.843373676663627947e+00
1.834556370913942525e+00,-1.089768589097787288e+00,5.585847288268019906e-01,-4.457202891015742130e-02,1.311144393663996821e+00,-2.182419540777492117e-01,-5.554968936244351063e+00,-2.544723322282158584e-01,1.146039211329163310e+00,1.110589778150598450e+00,-6.194358414334394380e-02,-7.619265533194364837e-01,6.636868370941869655e-01,2.938644204620303846e+00,-6.120238625136124044e-01,8.451750876436964210e-02,-2.546804341665864779e-01,-4.049069945801593740e+00,1.803650986125337141e+00
1.841227484989993224e+00,-1.091400742619196951e+00,5.662161735916315664e-01,-3.716155124439854407e-02,1.310725316780106287e+00,-2.234149498489043373e-01,-5.550501562762688579e+00,-2.348370187598943226e-01,1.141823818602206053e+00,1.111030339937738809e+00,-6.372230381594468085e-02,-7.889367922648963249e-01,6.755881469961946273e-01,2.947885236138887421e+00,-6.516967133976115933e-01,4.756479280115044617e-02,-2.786387057926005273e-01,-4.048362509844961821e+00,1.764450311250926440e+00
1.847898599066043923e+00,-1.092901707221753504e+00,5.738186166267826849e-01,-2.974895671036478784e-02,1.310293838123793186e+00,-2.287681077127075024e-01,-5.545955662596394831e+00,-2.151428138575701143e-01,1.137344860444545747e+00,1.111224432049909394e+00,-6.566202569479417939e-02,-8.159375678420485167e-01,6.872297385674821513e-01,2.956299273614694467e+00,-6.910388815050312328e-01,1.062717785867706155e-02,-3.029479005895563404e-01,-4.046233262980110545e+00,1.725790548815334446e+00
1.854569713142094622e+00,-1.094271108461456032e+00,5.813903070996747635e-01,-2.233588914252696012e-02,1.309848875866985063e+00,-2.343013329203043338e-01,-5.541332956181697078e+00,-1.953952457745137261e-01,1.132604580685484752e+00,1.111172180774190110e+00,-6.776507065626397042e-02,-8.429194042715102420e-01,6.986152822799904794e-01,2.963882992492137269e+00,-7.300390566487733324e-01,-2.628768082675136952e-02,-3.276019322017609259e-01,-4.042685074865806527e+00,1.687690217726703690e+00
1.861240827218145322e+00,-1.095508608845320975e+00,5.889295093971557149e-01,-1.492399136269953464e-02,1.309389332835935171e+00,-2.400144675765354396e-01,-5.536635139059455923e+00,-1.755998637862148104e-01,1.127605298115869514e+00,1.110873763393112723e+00,-7.003371819919404495e-02,-8.698728466459675346e-01,7.097485708629772683e-01,2.970633415116925136e+00,-7.686860761408855769e-01,-6.317215030611145199e-02,-3.525944821185578171e-01,-4.037721332843092981e+00,1.650167450396677449e+00
1.867911941294196021e+00,-1.096613907963890577e+00,5.964345036222666874e-01,-7.514904840351395443e-03,1.308914096792415993e+00,-2.459072907906737493e-01,-5.531863881068226796e+00,-1.557622358713074140e-01,1.122349405492239161e+00,1.110329408030972465e+00,-7.247020489865713122e-02,-8.967884643745278606e-01,7.206335166964003003e-01,2.976547912166116916e+00,-8.069689283417529335e-01,-1.000186214160956322e-01,-3.779190004444725748e-01,-4.031345939153480273e+00,1.613239984306210406e+00
1.874583055370246720e+00,-1.097586742608245070e+00,6.039035860842925096e-01,-1.102693539744917239e-04,1.308422040725211399e+00,-2.519795188500811856e-01,-5.527020825554922467e+00,-1.358879463834761214e-01,1.116839368517489550e+00,1.109539393490196035e+00,-7.507672286527780625e-02,-9.236568546078369746e-01,7.312741491487226853e-01,2.981624203921646288e+00,-8.448767561491465905e-01,-1.368195102624175097e-01,-4.035687067916178261e-01,-4.023563307954217905e+00,1.576925153770747379e+00
1.881254169446297420e+00,-1.098426886871452846e+00,6.113350697819270874e-01,7.288277346422351866e-03,1.307912023151866610e+00,-2.582308054166408962e-01,-5.522107588603395456e+00,-1.159825937153895481e-01,1.111077724798473332e+00,1.108504049077861930e+00,-7.785541821090308234e-02,-9.504686456426115759e-01,7.416746118604333748e-01,2.985860361386722950e+00,-8.823988604258820034e-01,-1.735672596877237961e-01,-4.295365912945172671e-01,-4.014378362132325684e+00,1.541239881908476050e+00
1.887925283522348119e+00,-1.099134152234416240e+00,6.187272848794160840e-01,1.467909987562994109e-02,1.307382888430647538e+00,-2.646607417458328171e-01,-5.517125758281313352e+00,-9.605178795571683859e-02,1.105067082780933019e+00,1.107223754422484552e+00,-8.080838952146301990e-02,-9.772145003042499445e-01,7.518391599746979681e-01,2.989254807244551504e+00,-9.195247033649848190e-01,-2.102543407239388928e-01,-4.558154157475708956e-01,-4.003796529919300795e+00,1.506200672815310782e+00
1.894596397598398818e+00,-1.099708387636063600e+00,6.260785791755145713e-01,2.206056554830069377e-02,1.306833467082665345e+00,-2.712688569282971640e-01,-5.512076893905710762e+00,-7.610114854026740761e-02,1.098810120662202294e+00,1.105698939281158921e+00,-8.393768633781839572e-02,-1.003885119306203944e+00,7.617721573164899507e-01,2.991806316658926157e+00,-9.562439117912032716e-01,-2.468732540288068322e-01,-4.823977148652009994e-01,-3.991823741308292206e+00,1.471823603950142001e+00
1.901267511674449517e+00,-1.100149479527857466e+00,6.333873185651205384e-01,2.943104471269257852e-02,1.306262576124102681e+00,-2.780546181537256745e-01,-5.506962525327494085e+00,-5.613630189832531647e-02,1.092309585282098539e+00,1.103930083337174572e+00,-8.724530764542753891e-02,-1.030471244584793222e+00,7.714780735216361096e-01,2.993514017916274916e+00,-9.925462803977658233e-01,-2.834165313064468950e-01,-5.092757976647601659e-01,-3.978466424275813651e+00,1.438124318733806195e+00
1.907938625750500217e+00,-1.100457351912587534e+00,6.406518874934397090e-01,3.678891108303118662e-02,1.305669019408486786e+00,-2.850174309969196740e-01,-5.501784152235289049e+00,-3.616287909522725164e-02,1.085568290992434459e+00,1.101917715988211643e+00,-9.073320037365534274e-02,-1.056963662608166654e+00,7.809614811172259641e-01,2.994377392908854851e+00,-1.028421774917322340e+00,-3.198767367117441029e-01,-5.364417489721808874e-01,-3.963731500810038888e+00,1.405118019365116488e+00
1.914609739826550916e+00,-1.100631966367426884e+00,6.478706894025332286e-01,4.413254207042691113e-02,1.305051587978939498e+00,-2.921566397258252290e-01,-5.496543243478896557e+00,-1.618651347224850379e-02,1.078589118505610234e+00,1.099662416125215536e+00,-9.440325790552248075e-02,-1.083353207658130701e+00,7.902270525548064084e-01,2.994396277458829303e+00,-1.063860535225982895e+00,-3.562464682383678638e-01,-5.638874310502464127e-01,-3.947626382747793095e+00,1.372819459857192115e+00
1.921280853902601615e+00,-1.100673322051237246e+00,6.550421471701225462e-01,5.146031911228841904e-02,1.304409060430328893e+00,-2.994715276313745234e-01,-5.491241236412727211e+00,3.787161715142338403e-03,1.071375013722709157e+00,1.097164811902073156e+00,-9.825731859874088647e-02,-1.109630765083574389e+00,7.992795571978874580e-01,2.993570861483055623e+00,-1.098852878379461773e+00,-3.925183590902834863e-01,-5.916044853494031308e-01,-3.930158967422514138e+00,1.341242939297228265e+00
1.927951967978652315e+00,-1.100581455696118205e+00,6.621647035405030524e-01,5.877062800016632366e-02,1.303740203281250398e+00,-3.069613173789284000e-01,-5.485879536259447242e+00,2.375251565959621974e-02,1.063928986541584409e+00,1.094425580496190653e+00,-1.022971643188214375e-01,-1.135787274524236778e+00,8.081238582652149338e-01,2.991901688998460429e+00,-1.133389301580289388e+00,-4.286850790365555053e-01,-6.195843343808462578e-01,-3.911337633125421931e+00,1.310402295332756317e+00
1.934623082054703014e+00,-1.100356441583195899e+00,6.692368215474462367e-01,6.606185920597236472e-02,1.303043771355749003e+00,-3.146251713811245021e-01,-5.480459515494183087e+00,4.370392236370017336e-02,1.056254109645369255e+00,1.091445447860093232e+00,-1.065245189851005830e-01,-1.161813733103576718e+00,8.167649097313744999e-01,2.989389657967986835e+00,-1.167460485075152210e+00,-4.647393357493215249e-01,-6.478181837116836483e-01,-3.891171234382353905e+00,1.280310897887301902e+00
1.941294196130753713e+00,-1.099998391502662098e+00,6.762569849289503665e-01,7.333240820650892278e-02,1.302318508174697520e+00,-3.224621921919196832e-01,-5.474982513249523564e+00,6.363576300023396359e-02,1.048353517271905622e+00,1.088225188464152504e+00,-1.109410471304656531e-01,-1.187701198589527385e+00,8.252077531862238580e-01,2.986036019987124313e+00,-1.201057294981378920e+00,-5.006738761247578884e-01,-6.762970240817964829e-01,-3.869669097048614503e+00,1.250981643108267427e+00
1.947965310206804412e+00,-1.099507454698076092e+00,6.832236985337249990e-01,8.058067580625691284e-02,1.301563146356734535e+00,-3.304714229216061394e-01,-5.469449834741629601e+00,8.354242826980645686e-02,1.040230403964548245e+00,1.084765625030559510e+00,-1.155483524756256847e-01,-1.213440792521931710e+00,8.334575146547538171e-01,2.981842379811144639e+00,-1.234170786041689949e+00,-5.364814875869345911e-01,-7.050116336420604313e-01,-3.846841013224462813e+00,1.222426947549782650e+00
1.954636424282855112e+00,-1.098883817794946260e+00,6.901354887192768794e-01,8.780506845835520102e-02,1.300776408028661457e+00,-3.386518476725776661e-01,-5.463862750717646932e+00,1.034183207548036720e-01,1.031888023304838198e+00,1.081067628258658209e+00,-1.203479765186995787e-01,-1.239023703305459856e+00,8.415194013789113470e-01,2.976810694723214912e+00,-1.266792204306276703e+00,-5.721549993743821894e-01,-7.339525803134414605e-01,-3.822697235993753662e+00,1.194658742593075029e+00
1.961307538358905811e+00,-1.098127704713630637e+00,6.969909037414850905e-01,9.500399858372379769e-02,1.299957005245197861e+00,-3.470023919956093938e-01,-5.458222496924762801e+00,1.232578572685930490e-01,1.023329686627524548e+00,1.077132116541753559e+00,-1.253413971409601257e-01,-1.264441189266849452e+00,8.493986985630260778e-01,2.970943273743645197e+00,-1.298912989741390023e+00,-6.076872838093032581e-01,-7.631102242665119828e-01,-3.797248473988465989e+00,1.167688469106906268e+00
1.967978652434956510e+00,-1.097239376566576885e+00,7.037885141355444407e-01,1.021758848882662885e-01,1.299103640417978989e+00,-3.555219233664116407e-01,-5.452530273601042587e+00,1.430554711989256711e-01,1.014558761718436397e+00,1.072960055675509894e+00,-1.305300272295032704e-01,-1.289684581675313080e+00,8.571007660843910081e-01,2.964242776680576341e+00,-1.330524778763561455e+00,-6.430712575492529837e-01,-7.924747205207594014e-01,-3.770505885781783029e+00,1.141527072350421612e+00
1.974649766511007210e+00,-1.096219131539957425e+00,7.105269130881688433e-01,1.093191526781022993e-01,1.298215006753685286e+00,-3.642092516822090786e-01,-5.446787244988350096e+00,1.628056148444747275e-01,1.005578671495693799e+00,1.068552458558058138e+00,-1.359152133176701471e-01,-1.314745287724977008e+00,8.646310351706887332e-01,2.956712213022525404e+00,-1.361619406698692414e+00,-6.782998828212428721e-01,-8.220360216631306116e-01,-3.742481074112606443e+00,1.116184997120689637e+00
1.981320880587057909e+00,-1.095067304759739235e+00,7.172047168009384466e-01,1.164322341727679899e-01,1.297289788701179170e+00,-3.730631297780804823e-01,-5.440994538867534480e+00,1.825027617434594185e-01,9.963928926747708248e-01,1.063910384881930238e+00,-1.414982342439877749e-01,-1.339614793478230759e+00,8.719950050458370461e-01,2.948354940673235891e+00,-1.392188910165188975e+00,-7.133661686381078670e-01,-8.517838806850637212e-01,-3.713186079944311047e+00,1.091672183147104125e+00
1.987991994663108608e+00,-1.093784268142249383e+00,7.238205648446950358e-01,1.235135688163392920e-01,1.296326662407525809e+00,-3.820822539628083714e-01,-5.435153246116080084e+00,2.021414089933079583e-01,9.870049544179114731e-01,1.059034940817938475e+00,-1.472802998304421074e-01,-1.364284666768905696e+00,8.791982395459667643e-01,2.939174664529377257e+00,-1.422225529380438225e+00,-7.482631719971031270e-01,-8.817078539373111035e-01,-3.682633376360721300e+00,1.067998060734656196e+00
1.994663108739159307e+00,-1.092370430229300915e+00,7.303731205048701325e-01,1.305616035864156088e-01,1.295324296182760015e+00,-3.912652645739506663e-01,-5.429264420288455462e+00,2.217160795603057288e-01,9.774184369684244533e-01,1.053927278691115355e+00,-1.532625495808401794e-01,-1.388746560064193725e+00,8.862463637071467115e-01,2.929175434901698516e+00,-1.451721710389868747e+00,-7.829839990605949041e-01,-9.117973042017077923e-01,-3.650835862302281853e+00,1.045171546658038242e+00
2.001334222815210229e+00,-1.090826236007943262e+00,7.368610711176586392e-01,1.375747933009184298e-01,1.294281350973274902e+00,-4.006107465518726762e-01,-5.423329077219279704e+00,2.412213245781938686e-01,9.676369702703558895e-01,1.048588596648842186e+00,-1.594460514000649309e-01,-1.412992213284256060e+00,8.931450603265806976e-01,2.918361645780314095e+00,-1.480670107217941567e+00,-8.175218063188121054e-01,-9.420414038790601019e-01,-3.617806856145515226e+00,1.023201040308346688e+00
2.008005336891260928e+00,-1.089152166714920877e+00,7.432831283969332237e-01,1.445516009226471832e-01,1.293196480843675999e+00,-4.101172300324361641e-01,-5.417348194649542314e+00,2.606517256346723155e-01,9.576642325740861716e-01,1.043020138321275381e+00,-1.658318003349714131e-01,-1.437013456578481119e+00,8.999000664989289522e-01,2.906738032944880423e+00,-1.509063583940379871e+00,-8.518698017345505136e-01,-9.724291382921816940e-01,-3.583560089128869031e+00,1.002094420094115534e+00
2.014676450967311627e+00,-1.087348739625920935e+00,7.496380287518128460e-01,1.514904978615485565e-01,1.292068333466963592e+00,-4.197831909580704290e-01,-5.411322711875995672e+00,2.800018970447894495e-01,9.475039490283626575e-01,1.037223192474200140e+00,-1.724207173377029223e-01,-1.460802213057392773e+00,9.065171701294814088e-01,2.894309671920460403e+00,-1.536895216677033105e+00,-8.860212458698079052e-01,-1.002949309103136066e+00,-3.548109698628133302e+00,9.818590400982203370e-01
2.021347565043362327e+00,-1.085416507829701782e+00,7.559245335947956113e-01,1.583899642746415537e-01,1.290895550622888521e+00,-4.296070517069099370e-01,-5.405253529423874603e+00,2.992664881101734786e-01,9.371598902592988001e-01,1.031199092654427885e+00,-1.792136480521870634e-01,-1.484350501479194229e+00,9.130022064258911385e-01,2.881081975779991033e+00,-1.564158295504775253e+00,-9.199694529942639143e-01,-1.033590537843626977e+00,-3.511470221284719528e+00,9.625017269921105623e-01
2.028018679119413026e+00,-1.083356059987199194e+00,7.621414296403662414e-01,1.652484893635531304e-01,1.289676768704322463e+00,-4.395871817397057901e-01,-5.399141508743102058e+00,3.184401853630999257e-01,9.266358709368922586e-01,1.024949216827858223e+00,-1.862113616245462400e-01,-1.507650438889992728e+00,9.193610543701680182e-01,2.867060692794293431e+00,-1.590846326289843793e+00,-9.537077921755672261e-01,-1.064341269557412595e+00,-3.473656585990034351e+00,9.440287772087341267e-01
2.034689793195463725e+00,-1.081168020075715219e+00,7.682875291940062246e-01,1.720645716696168337e-01,1.288410619231482368e+00,-4.497218982641886798e-01,-5.392987471928083920e+00,3.375177147943755340e-01,9.159357483295766933e-01,1.018474987010331123e+00,-1.934145495381918989e-01,-1.530694243216753403e+00,9.255996331727014415e-01,2.852251903930660415e+00,-1.616953032439126137e+00,-9.872296883514053434e-01,-1.095189776553623595e+00,-3.434684106729372743e+00,9.264459543753202908e-01
2.041360907271514424e+00,-1.078853047118303321e+00,7.743616704315160471e-01,1.788367193664828769e-01,1.287095729373845199e+00,-4.600094669165747940e-01,-5.386792201461207519e+00,3.564938440640322836e-01,9.050634208473747888e-01,1.011777868891384102e+00,-2.008238244743097145e-01,-1.553474235812051463e+00,9.317238987100023850e-01,2.836662020201119461e+00,-1.642472356569843139e+00,-1.020528623383298195e+00,-1.126124162269724893e+00,-3.394568475288672893e+00,9.097584870071520058e-01
2.048032021347565124e+00,-1.076411834898464148e+00,7.803627176685891120e-01,1.855634505501966847e-01,1.285730722479571986e+00,-4.704481024598797245e-01,-5.380556439980169081e+00,3.753633846938338459e-01,8.940228265741732017e-01,1.004859371451045202e+00,-2.084397191984896092e-01,-1.575982843949724765e+00,9.377398399479557334e-01,2.820297779861522081e+00,-1.667398462097194223e+00,-1.053598137092114140e+00,-1.157132365242889760e+00,-3.353325753827665956e+00,8.939710664632762871e-01
2.054703135423615823e+00,-1.073845111660278739e+00,7.862895616205535232e-01,1.922432935266974174e-01,1.284314218612275349e+00,-4.810359694987168533e-01,-5.374280890069190519e+00,3.941211942406007696e-01,8.828179417896913073e-01,9.977210465697746722e-01,-2.162626854742015492e-01,-1.598212603270543486e+00,9.436534753522998198e-01,2.803166245462717310e+00,-1.691725734739488285e+00,-1.086431828275274292e+00,-1.188202163188407212e+00,-3.310972367322883247e+00,8.790878451650221415e-01
2.061374249499666522e+00,-1.071153639794109491e+00,7.921411196522245568e-01,1.988747870966909304e-01,1.282844835094940183e+00,-4.917711832102436009e-01,-5.367966214074226805e+00,4.127621784493780144e-01,8.714527794816825379e-01,9.903644886316834706e-01,-2.242930930038247728e-01,-1.620156160177043558e+00,9.494708492880923334e-01,2.785274800755069613e+00,-1.715448783940370481e+00,-1.119023355705632605e+00,-1.219321177183764204e+00,-3.267525095884089126e+00,8.651124350780339256e-01
2.068045363575717221e+00,-1.068338215508008782e+00,7.979163360178000985e-01,2.054564808378559482e-01,1.281321187060817213e+00,-5.026518100909085351e-01,-5.361613033942234097e+00,4.312812933854625608e-01,8.599313878489209806e-01,9.827913341211513831e-01,-2.325312283979568684e-01,-1.641806274176688341e+00,9.551980284099533813e-01,2.766631147447728978e+00,-1.738562444207756963e+00,-1.151366439112046169e+00,-1.250476875956954892e+00,-3.223001066947780657e+00,8.520479064584489670e-01
2.074716477651767921e+00,-1.065399668484974249e+00,8.036141820907388711e-01,2.119869353843348014e-01,1.279741888011095563e+00,-5.136758687186605554e-01,-5.355221931084519049e+00,4.496735475443329744e-01,8.482578487955426683e-01,9.750032612129598819e-01,-2.409772941736528229e-01,-1.663155820172553589e+00,9.608410980447987804e-01,2.747243301824046746e+00,-1.761061776369122756e+00,-1.183454860141603948e+00,-1.281656580277491742e+00,-3.177417747351377386e+00,8.398967868636781908e-01
2.081387591727818620e+00,-1.062338861526209044e+00,8.092336565835684947e-01,2.184647227034715311e-01,1.278105550379158517e+00,-5.248413305302539467e-01,-5.348793446264274998e+00,4.679340039385245786e-01,8.364362764172831310e-01,9.670019893560731772e-01,-2.496314077823133526e-01,-1.684197790700751263e+00,9.664061585688854539e-01,2.727119591214660410e+00,-1.782942068742841890e+00,-1.215282463303559046e+00,-1.312847467448601702e+00,-3.130792935291814238e+00,8.286610604281685610e-01
2.088058705803869319e+00,-1.059156690180538041e+00,8.147737857575687581e-01,2.248884263697494279e-01,1.276410786101226380e+00,-5.361461206133104618e-01,-5.342328079508266825e+00,4.860577821605055471e-01,8.244708154801929645e-01,9.587892788511762632e-01,-2.584936006678580922e-01,-1.704925298113830312e+00,9.718993217808846730e-01,2.706268650329786141e+00,-1.804198838225270718e+00,-1.246843156894940297e+00,-1.344036575898949648e+00,-3.083144752172272796e+00,8.183421674043920291e-01
2.094729819879920019e+00,-1.055854082360142776e+00,8.202336236222835808e-01,2.312566418358930065e-01,1.274656207193175961e+00,-5.475881185127562389e-01,-5.335826290042735565e+00,5.040400604206193291e-01,8.123656398923695399e-01,9.503669304221060710e-01,-2.675638173558745336e-01,-1.725331576709428383e+00,9.773267072727985783e-01,2.684699417452362624e+00,-1.824827831293349245e+00,-1.278130913907902677e+00,-1.375210809872270623e+00,-3.034491634340848787e+00,8.089410039691529164e-01
2.101400933955970718e+00,-1.052431997942790964e+00,8.256122521248137058e-01,2.375679767010872301e-01,1.272840426333335051e+00,-5.591651590512773939e-01,-5.329288496253529850e+00,5.218760775591728684e-01,8.001249511692971605e-01,9.417367847812849746e-01,-2.768419145743564735e-01,-1.745409984803452774e+00,9.826944388004523745e-01,2.662421130493719978e+00,-1.844825024922470913e+00,-1.309139772918800571e+00,-1.406356944213158044e+00,-2.984852324724951433e+00,8.004579222952230566e-01
2.108072048032021417e+00,-1.048891428360728906e+00,8.309087813288555946e-01,2.438210509762823719e-01,1.270962057451032301e+00,-5.708750331634204755e-01,-5.322715075670414464e+00,5.395611350317579546e-01,7.877529768933337895e-01,9.329007221892875457e-01,-2.863276604067029885e-01,-1.765154006747129189e+00,9.880086406553679756e-01,2.639443322913531009e+00,-1.864186627419455178e+00,-1.339863838959062914e+00,-1.437461629247254402e+00,-2.934245864365319534e+00,7.928927308881776881e-01
2.114743162108072116e+00,-1.045233396176421747e+00,8.361223495834414488e-01,2.500144973465369680e-01,1.269019716320689328e+00,-5.827154887429583097e-01,-5.316106364975601295e+00,5.570905988669044850e-01,7.752539691679356526e-01,9.238606620086554644e-01,-2.960207334775646348e-01,-1.784557254887233491e+00,9.932754340397464965e-01,2.615775819505849142e+00,-1.882909079170443700e+00,-1.370297284367857804e+00,-1.468511395754018123e+00,-2.882691583853525419e+00,7.862446951881678636e-01
2.121414276184122816e+00,-1.041458954645330781e+00,8.412521236813537140e-01,2.561469614303691911e-01,1.267012021161234125e+00,-5.946842315031430903e-01,-5.309462660036425419e+00,5.744599015951838972e-01,7.626322030671667251e-01,9.146185622520883740e-01,-3.059207221721862990e-01,-1.803613471468908269e+00,9.985009334463696984e-01,2.591428732053115525e+00,-1.900989053303617782e+00,-1.400434349626643371e+00,-1.499492660030197877e+00,-2.830209094676916504e+00,7.805125384362550101e-01
2.128085390260173515e+00,-1.037569187265916959e+00,8.462972990071812029e-01,2.622171020360731797e-01,1.264937593240607283e+00,-6.067789258494564741e-01,-5.302784215962181413e+00,5.916645441488801449e-01,7.498919750810834062e-01,9.051764191251226999e-01,-3.160271238898100798e-01,-1.822316530480425412e+00,1.003691243045145454e+00,2.566412454850062197e+00,-1.918423456266621141e+00,-1.430269344175602475e+00,-1.530391729042071658e+00,-2.776818280474928180e+00,7.756944428048364593e-01
2.134756504336224214e+00,-1.033565207317071355e+00,8.512570996749918573e-01,2.682235914149675438e-01,1.262795057485133654e+00,-6.189971957644754275e-01,-5.296071247184992004e+00,6.087000977313776762e-01,7.370376015575355044e-01,8.955362665634298835e-01,-3.263393443317498255e-01,-1.840660439439347762e+00,1.008852453078084244e+00,2.540737660099491535e+00,-1.935209428318640068e+00,-1.459796647212062259e+00,-1.561194805664510632e+00,-2.722539288210781727e+00,7.717880507914851584e-01
2.141427618412274914e+00,-1.029448157383182183e+00,8.561307786556010546e-01,2.741651155115397698e-01,1.260583043093526978e+00,-6.313366257044551455e-01,-5.289323927564748118e+00,6.255622056554075439e-01,7.240734171409896058e-01,8.857001757648428342e-01,-3.368566968246938242e-01,-1.858639341119516342e+00,1.013990636264441303e+00,2.514415293182007183e+00,-1.951344343937109427e+00,-1.489010708470921429e+00,-1.591887994004803630e+00,-2.667392519262556494e+00,7.687904668755276560e-01
2.148098732488325613e+00,-1.025219208867039766e+00,8.609176178934150325e-01,2.800403742104505822e-01,1.258300184155288770e+00,-6.437947615072324714e-01,-5.282542390517933839e+00,6.422465851493242006e-01,7.110037732089031781e-01,8.756702547162398265e-01,-3.475784016798095233e-01,-1.876247515218354645e+00,1.019111844217796659e+00,2.487456567801778817e+00,-1.966825812139040952e+00,-1.517906048987182732e+00,-1.622457304809211909e+00,-2.611398620437716644e+00,7.666982594364517567e-01
2.154769846564376312e+00,-1.020879561490804610e+00,8.656169284128381047e-01,2.858480815803655650e-01,1.255945120273264548e+00,-6.563691113110537989e-01,-5.275726729170366447e+00,6.587490291305926338e-01,6.978330363062575925e-01,8.654486477153995327e-01,-3.585035855881713585e-01,-1.893479379963976417e+00,1.024222103876786694e+00,2.459872961010515446e+00,-1.981651676717013144e+00,-1.546477261840628170e+00,-1.652888660950097233e+00,-2.554578474915123909e+00,7.655074629331783953e-01
2.161440960640427011e+00,-1.016430442785253074e+00,8.702280504142322348e-01,2.915869661145816250e-01,1.253516497190105605e+00,-6.690571464839211169e-01,-5.268876996533645496e+00,6.750654079456785972e-01,6.845655865787872996e-01,8.550375348879474258e-01,-3.696312810530728021e-01,-1.910329493661645728e+00,1.029327413951261150e+00,2.431676208111866799e+00,-1.995820016389892260e+00,-1.574719012882751734e+00,-1.683167902991498766e+00,-2.496953193118650383e+00,7.652135803430843985e-01
2.168112074716477711e+00,-1.011873107567533125e+00,8.747503533594204184e-01,2.972557709684133798e-01,1.251012967418396959e+00,-6.818563025630512975e-01,-5.261993205705292276e+00,6.911916710755537929e-01,6.712058162054967969e-01,8.444391316995106811e-01,-3.809604258597130144e-01,-1.926792556179132809e+00,1.034433741385556882e+00,2.402878297448520772e+00,-2.009329144868372996e+00,-1.602626041445991190e+00,-1.713280794830907672e+00,-2.438544103526492091e+00,7.658115858595575531e-01
2.174783188792528410e+00,-1.007208837407655544e+00,8.791832360467322083e-01,3.028532541933101063e-01,1.248433190874197907e+00,-6.947639802040387336e-01,-5.255075330092402019e+00,7.071238488060391791e-01,6.577581278310231649e-01,8.336556884632038145e-01,-3.924898625827651366e-01,-1.942863410370551547e+00,1.039547017840631637e+00,2.373491465074325291e+00,-2.022177610835470318e+00,-1.630193161035367044e+00,-1.743213029415014992e+00,-2.379372743420315572e+00,7.672959278467441635e-01
2.181454302868579109e+00,-1.002438940083965058e+00,8.835261266755947140e-01,3.083781889676718846e-01,1.245775835513736052e+00,-7.077775461393118750e-01,-5.248123303658698724e+00,7.228580538622302321e-01,6.442269329984040560e-01,8.226894898425548552e-01,-4.042183381323289360e-01,-1.958537043438300929e+00,1.044673136196770047e+00,2.343528189313818899e+00,-2.034364197842135180e+00,-1.657415260002619517e+00,-1.772950234527125080e+00,-2.319460849578394601e+00,7.696605320499969594e-01
2.188125416944629809e+00,-9.975647490278294338e-01,8.877784829006685197e-01,3.138293638243350170e-01,1.243039577973005905e+00,-7.208943341454663312e-01,-5.241137021194848700e+00,7.383904830062583136e-01,6.306166505828390001e-01,8.115428543499940695e-01,-4.161445033387071724e-01,-1.973808588232739858e+00,1.049817947078544478e+00,2.313001185211586375e+00,-2.045887924118171775e+00,-1.684287302202920333e+00,-1.802477978643881595e+00,-2.258830348916875508e+00,7.728988050604965743e-01
2.194796531020680508e+00,-9.925876227577903332e-01,8.919397918755426202e-01,3.192055828746968027e-01,1.240223104209999816e+00,-7.341116460190607595e-01,-5.234116338611883634e+00,7.537174185976626140e-01,6.169317052269750468e-01,8.002181338410210287e-01,-4.282669125764950735e-01,-1.988673324489267813e+00,1.054987255403739166e+00,2.281923398873940467e+00,-2.056748042298685242e+00,-1.710804327634279254e+00,-1.831781776858943056e+00,-2.197503349083385515e+00,7.770036380322817848e-01
2.201467645096731207e+00,-9.875089443034372749e-01,8.960095702859942612e-01,3.245056660294515782e-01,1.237325110149324559e+00,-7.474267525604534335e-01,-5.227061073257551094e+00,7.688352301156605728e-01,6.031765257783202605e-01,7.887177130041619355e-01,-4.405840234283872059e-01,-2.003126680002507154e+00,1.060186816957905620e+00,2.250308001705441541e+00,-2.066944039066320737e+00,-1.736961453059724381e+00,-1.860847096871162565e+00,-2.135502129007135874e+00,7.819674106499276967e-01
2.208138759172781906e+00,-9.823301206192507351e-01,8.999873643728371064e-01,3.297284492159120450e-01,1.234344302328914234e+00,-7.608368945652672632e-01,-5.219971004255434366e+00,7.837403756426318813e-01,5.893555437293016563e-01,7.770440088468317796e-01,-4.530941963891548241e-01,-2.017164231737313074e+00,1.065422334996217746e+00,2.218168384542837934e+00,-2.076475634709573193e+00,-1.762753872612393247e+00,-1.889659365034826344e+00,-2.072849129409730207e+00,7.877819953449005652e-01
2.214809873248832606e+00,-9.770525819886812791e-01,9.038727499443700575e-01,3.348727845918845758e-01,1.231279398548596804e+00,-7.743392838230462871e-01,-5.212845872866642694e+00,7.984294033081266173e-01,5.754731916605690945e-01,7.651994701772211194e-01,-4.657956946101732276e-01,-2.030781706876355841e+00,1.070699456874276034e+00,2.185518151689053390e+00,-2.085342782597486178e+00,-1.788176858383601076e+00,-1.918203972469437524e+00,-2.009566943280890250e+00,7.944387617585819683e-01
2.221480987324883305e+00,-9.716777814187306239e-01,9.076653323784560357e-01,3.399375407560786266e-01,1.228129128520214053e+00,-7.879311041226964019e-01,-5.205685382873874723e+00,8.128989526927549170e-01,5.615339016880647183e-01,7.531865770823116257e-01,-4.786866836849096862e-01,-2.043974983804066170e+00,1.076023770709511052e+00,2.152371114849898071e+00,-2.093545668571094698e+00,-1.813225760994057634e+00,-1.946466281226496342e+00,-1.945678306323303852e+00,8.019285814497578713e-01
2.228152101400934004e+00,-9.662071940253005309e-01,9.113647466142518194e-01,3.449216029550179474e-01,1.224892234519048273e+00,-8.016095122642729054e-01,-5.198489200987654435e+00,8.271457561913033718e-01,5.475421039144419133e-01,7.410078404021402942e-01,-4.917652314757252618e-01,-2.056740093026738769e+00,1.081400802074782508e+00,2.118741286976203231e+00,-2.101084710251976961e+00,-1.837896010148285741e+00,-1.974431630510726343e+00,-1.881206087370811630e+00,8.102418328443343754e-01
2.234823215476984704e+00,-9.606423164095873046e-01,9.149706571336282401e-01,3.498238732864356604e-01,1.221567472036256818e+00,-8.153716390766959643e-01,-5.191256957274505091e+00,8.411666403344715270e-01,5.335022248853619198e-01,7.286658012004170182e-01,-5.050293079823624520e-01,-2.069073218028646188e+00,1.086836010725825696e+00,2.084642876014143997e+00,-2.107960556268341445e+00,-1.862183115172427517e+00,-2.002085342953105140e+00,-1.816173278784141587e+00,8.193684064248736298e-01
2.241494329553035403e+00,-9.549846660257989006e-01,9.184827579323039393e-01,3.546432708991220650e-01,1.218153610432047174e+00,-8.292145904409581325e-01,-5.183988245606842682e+00,8.549585270686097527e-01,5.194186860512360893e-01,7.161630302316148722e-01,-5.184767852524341247e-01,-2.080970696064008862e+00,1.092334787364080739e+00,2.050090278566560897e+00,-2.114174085399072034e+00,-1.886082665535497194e+00,-2.029412730933061404e+00,-1.750602986828432073e+00,8.292977101574807719e-01
2.248165443629086102e+00,-9.492357805404744164e-01,9.219007724807420923e-01,3.593787321892101816e-01,1.214649433589307215e+00,-8.431354483184062554e-01,-5.176682624134337551e+00,8.685184349928897207e-01,5.052959022349415852e-01,7.035021274046326933e-01,-5.321054373342604116e-01,-2.092429018884729430e+00,1.097902450436539556e+00,2.015098073468104101e+00,-2.119726405636212618e+00,-1.909590331354272141e+00,-2.056399102947170210e+00,-1.684518422036727081e+00,8.400186751533849083e-01
2.254836557705136801e+00,-9.433972171836966236e-01,9.252244536748424064e-01,3.640292109928681685e-01,1.211053740567409776e+00,-8.571312717836631068e-01,-5.169339615776506136e+00,8.818434805533281740e-01,4.911382801060724668e-01,6.906857212431467552e-01,-5.459129402723230662e-01,-2.103444833403805614e+00,1.103544242974108469e+00,1.979681015277088063e+00,-2.124618853166384991e+00,-1.932701863881890469e+00,-2.083029770021611604e+00,-1.617942889563683373e+00,8.515197615625682559e-01
2.261507671781187501e+00,-9.374705520924816460e-01,9.284535837764821276e-01,3.685936787753840704e-01,1.207365346255901972e+00,-8.711990980617557723e-01,-5.161958708736242407e+00,8.949308791931287477e-01,4.769502166622432426e-01,6.777164683427543412e-01,-5.598968721456536457e-01,-2.114014942294368815e+00,1.109265329470082051e+00,1.943854027686981789e+00,-2.128852991271668493e+00,-1.955413095980349070e+00,-2.109290052165664786e+00,-1.550899779533684519e+00,8.637889646965555279e-01
2.268178785857238200e+00,-9.314573796466442124e-01,9.315879743439463567e-01,3.730711248166171390e-01,1.203583082027798623e+00,-8.853359435690311141e-01,-5.154539357034062519e+00,9.077779464588081604e-01,4.627360977180031698e-01,6.645970528250233489e-01,-5.740547131493840549e-01,-2.124136304524324004e+00,1.115070792800194166e+00,1.907632196860474139e+00,-2.132430609150501866e+00,-1.977719942576974033e+00,-2.135165284863456137e+00,-1.483412557387562281e+00,8.768138213774934187e-01
2.274849899933288899e+00,-9.253593117974320270e-01,9.346274661523076288e-01,3.774605563927969087e-01,1.199705796392179558e+00,-8.995388049574174483e-01,-5.147080981062730487e+00,9.203820990616052855e-01,4.485002964018725002e-01,6.513301857885435142e-01,-5.883838457197441141e-01,-2.133806035826609104e+00,1.120965631185792510e+00,1.871030764689131320e+00,-2.135353720659191268e+00,-1.999618401105067278e+00,-2.160640825601155335e+00,-1.415504754232127738e+00,8.905814165104337654e-01
2.281521014009339599e+00,-9.191779773892275740e-01,9.375719291038079328e-01,3.817609989546511540e-01,1.195732355645817035e+00,-9.138046601616149900e-01,-5.139582968162003773e+00,9.327408558936842731e-01,4.342471716620441846e-01,6.379186047570940543e-01,-6.028815547026937782e-01,-2.143021409105081432e+00,1.126954755201571956e+00,1.834065121981633517e+00,-2.137624562974645315e+00,-2.021104551928809112e+00,-2.185702060426808480e+00,-1.347199957196657749e+00,9.050783898757455148e-01
2.288192128085390298e+00,-9.129150214746266645e-01,9.404212621282977969e-01,3.859714963018431866e-01,1.191661644523523966e+00,-9.281304694487738649e-01,-5.132044673213191466e+00,9.448518389986655386e-01,4.199810667812611253e-01,6.243650731250306452e-01,-6.175450275664327027e-01,-2.151779854776116885e+00,1.133042984829366828e+00,1.796750801583692381e+00,-2.139245595178969950e+00,-2.042174558752604785e+00,-2.210334410539918082e+00,-1.278521799800565795e+00,9.202909431383572425e-01
2.294863242161440997e+00,-9.065721046231928204e-01,9.431753930738072667e-01,3.900911107536996214e-01,1.187492566846942266e+00,-9.425131764702399106e-01,-5.124465419253198206e+00,9.567127744960399749e-01,4.057063079013991658e-01,6.106723795999882132e-01,-6.323713546579546874e-01,-2.160078961045996060e+00,1.139235046559401665e+00,1.759103471432709398e+00,-2.140219496766614604e+00,-2.062824669014993617e+00,-2.234523338907915324e+00,-1.209493952336344380e+00,9.362048470705368608e-01
2.301534356237491696e+00,-9.001509022242029090e-01,9.458342785873012915e-01,3.941189233162118999e-01,1.183224046171471366e+00,-9.569497093149342826e-01,-5.116844498107759875e+00,9.683214934590406164e-01,3.914272025582681280e-01,5.968433376430114512e-01,-6.473575295038189736e-01,-2.167916474124195858e+00,1.145535570540433756e+00,1.721138927550304842e+00,-2.140549166074750875e+00,-2.083051214267278350e+00,-2.258254356906620686e+00,-1.140140112271959882e+00,9.528054489847646025e-01
2.308205470313542396e+00,-8.936531037836883407e-01,9.483979039857005633e-01,3.980540338452955851e-01,1.178855026431039343e+00,-9.714369815639483097e-01,-5.109181171043507774e+00,9.796759327455687449e-01,3.771480382271266696e-01,5.828807849062063173e-01,-6.625004491553040387e-01,-2.175290298372731357e+00,1.151949087780177683e+00,1.682873086975868349e+00,-2.140237718637624020e+00,-2.102850610537024600e+00,-2.281513030981735746e+00,-1.070483994676799000e+00,9.700776803731412379e-01
2.314876584389593095e+00,-8.870804122160951266e-01,9.508662831172343122e-01,4.018955612062880545e-01,1.174384472580429106e+00,-9.859718933459132861e-01,-5.101474669438546883e+00,9.907741357817904104e-01,3.628730808794422558e-01,5.687875826680206526e-01,-6.777969145780475824e-01,-2.182198496391714926e+00,1.158480027397358780e+00,1.644321980644303682e+00,-2.139288485465627776e+00,-2.122219358676562084e+00,-2.304284989328451161e+00,-1.000549322675271080e+00,9.880060647497437287e-01
2.321547698465643794e+00,-8.804345431308734371e-01,9.532394582132035499e-01,4.056426434296736550e-01,1.169811371234849684e+00,-1.000551332392737525e+00,-5.093724195471190264e+00,1.001614253298042545e+00,3.486065735513660946e-01,5.545666152662456216e-01,-6.932436310863174800e-01,-2.188639289041343083e+00,1.165132713926768204e+00,1.605501746211175362e+00,-2.137705011249883214e+00,-2.141154044696677250e+00,-2.326555928586182986e+00,-9.303598179321439510e-01,1.006574725692168215e+00
2.328218812541694493e+00,-8.737172241143175144e-01,9.555174997302383622e-01,4.092944378630173352e-01,1.165134731306467941e+00,-1.015172175095272245e+00,-5.085928922826487231e+00,1.012194544016709052e+00,3.343527349244447278e-01,5.402207895288407835e-01,-7.088372088219653255e-01,-2.194611055400514044e+00,1.171911364678598133e+00,1.566428620828476337e+00,-2.135491052493138753e+00,-2.159651340085597671e+00,-2.348311620545452172e+00,-8.599391911736584682e-01,1.025767395078470923e+00
2.334889926617745193e+00,-8.669301940069781276e-01,9.577005061831244115e-01,4.128501213190950980e-01,1.160353584637588309e+00,-1.029831287558493846e+00,-5.078087997420181132e+00,1.022513375291746796e+00,3.201157579190303526e-01,5.257530342026841552e-01,-7.245741632781765862e-01,-2.200112332662352621e+00,1.178820087153387819e+00,1.527118933874276108e+00,-2.132650575567812901e+00,-2.177708002113476926e+00,-2.369537918863905634e+00,-7.893111327484663153e-01,1.045567421515596340e+00
2.341561040693795892e+00,-8.600752021769718647e-01,9.597886039682919090e-01,4.163088902202056185e-01,1.155466986630198534e+00,-1.044525526655778247e+00,-5.070200538139734370e+00,1.032569223699563832e+00,3.058998083009020208e-01,5.111662993803335331e-01,-7.404509158680235847e-01,-2.205141815966900509e+00,1.185862876513803510e+00,1.487589099639507584e+00,-2.129187754702055013e+00,-2.195320874122484778e+00,-2.390220765788461765e+00,-7.184993032323694351e-01,1.065957778955294089e+00
2.348232154769846591e+00,-8.531540077895095608e-01,9.617819471780563179e-01,4.196699607386542574e-01,1.150474016871562366e+00,-1.059251741081850939e+00,-5.062265637602011203e+00,1.042360675580980445e+00,2.917090233015448009e-01,4.964635559249008234e-01,-7.564637945378985817e-01,-2.209698358171298338e+00,1.193043613114532331e+00,1.447855609975212010e+00,-2.125106969894698494e+00,-2.212486885802706471e+00,-2.410346198880521928e+00,-6.475273240808605557e-01,1.086921075493434863e+00
2.354903268845897291e+00,-8.461683790729753740e-01,9.636807174056979397e-01,4.229325689333905403e-01,1.145373779755580301e+00,-1.074006772403997001e+00,-5.054282362927261296e+00,1.051886427534013624e+00,2.775475102525863380e-01,4.816477948931374709e-01,-7.726090344257874332e-01,-2.213780969557764156e+00,1.200366060091453857e+00,1.407935026903502918e+00,-2.120412804760031467e+00,-2.229203053453955974e+00,-2.429900357741242800e+00,-5.764187683333736878e-01,1.108439562348608742e+00
2.361574382921947990e+00,-8.391200925818802503e-01,9.654851235414831923e-01,4.260959708827943837e-01,1.140165405099601070e+00,-1.088787456111115270e+00,-5.046249756528953689e+00,1.061145286857256842e+00,2.634193452348308484e-01,4.667220269568126412e-01,-7.888827785644273449e-01,-2.217388817479760910e+00,1.207833861011317289e+00,1.367843975195638606e+00,-2.115110044303302406e+00,-2.245466480233716311e+00,-2.448869490733762699e+00,-5.051971513731829955e-01,1.130495143015682213e+00
2.368245496997998689e+00,-8.320109324570271747e-01,9.671954015597218346e-01,4.291594428135945272e-01,1.134848048756398997e+00,-1.103590622660205911e+00,-5.038166836919129921e+00,1.070136171943647740e+00,2.493285717423727177e-01,4.516892818224915729e-01,-8.052810786292624590e-01,-2.220521225946701094e+00,1.215450537583038226e+00,1.327599134920497415e+00,-2.109203672627943504e+00,-2.261274356391311358e+00,-2.467239961699339901e+00,-4.338859217468158391e-01,1.153069382590054648e+00
2.374916611074049388e+00,-8.248426896832107280e-01,9.688118142969652791e-01,4.321222812259138957e-01,1.129420893221007027e+00,-1.118413098519889237e+00,-5.030032599528767356e+00,1.078858112624435872e+00,2.352791993622195543e-01,4.365526076497860952e-01,-8.217998957312037112e-01,-2.223177675147630428e+00,1.223219487431768115e+00,1.287217233966836405e+00,-2.102698870575480328e+00,-2.276623959488511595e+00,-2.484998256664306293e+00,-3.625084520468051519e-01,1.176143517258158244e+00
2.381587725150100088e+00,-8.176171613447927866e-01,9.703346512214470199e-01,4.349838030144254630e-01,1.123883148232116769e+00,-1.133251707210535253e+00,-5.021846017542823226e+00,1.087310250463187966e+00,2.212752024698916298e-01,4.213150704681924430e-01,-8.384351012540630643e-01,-2.225357800914299133e+00,1.231143981936803300e+00,1.246715040542701658e+00,-2.095601013299140725e+00,-2.291512654606691957e+00,-2.502130990534769950e+00,-2.910880298616189688e-01,1.199698463949755878e+00
2.388258839226150787e+00,-8.103361498794801054e-01,9.717642281938794202e-01,4.377433455856170053e-01,1.118234051367738235e+00,-1.148103270340619542e+00,-5.013606042749449543e+00,1.095491838999687939e+00,2.073205189414161764e-01,4.059797535925784295e-01,-8.551824777366262564e-01,-2.227061394124103089e+00,1.239227164134432346e+00,1.206109355655368587e+00,-2.087915667772197725e+00,-2.305937894540743383e+00,-2.518624913775941554e+00,-2.196478487964861337e-01,1.223714830147431432e+00
2.394929953302201486e+00,-8.030014623306463983e-01,9.731008872197097759e-01,4.404002669711496454e-01,1.112472868634833301e+00,-1.162964608638890729e+00,-5.005311606403012092e+00,1.103402243943616634e+00,1.934190488821704579e-01,3.905497570374293903e-01,-8.720377197992028595e-01,-2.228288400043364259e+00,1.247472046686713743e+00,1.165417005575200005e+00,-2.079648590232099359e+00,-2.319897219979850433e+00,-2.534466919073015134e+00,-1.482109995688813964e-01,1.248172923848695381e+00
2.401601067378252186e+00,-7.956149095985262099e-01,9.743449961929570025e-01,4.429539459373064703e-01,1.106598895052611109e+00,-1.177832542981963160e+00,-4.996961620100409895e+00,1.111040943317910035e+00,1.795746533729715155e-01,3.750281969299256168e-01,-8.889964351145579480e-01,-2.229038917611473103e+00,1.255881509917227135e+00,1.124654834286836547e+00,-2.070805723561452982e+00,-2.333388259675333476e+00,-2.549644047970471394e+00,-7.680046118232408681e-02,1.273052763675940557e+00
2.408272181454302885e+00,-7.881783056906230822e-01,9.754969486317411898e-01,4.454037820905207834e-01,1.100611455229208113e+00,-1.192703895416934667e+00,-4.988554976670287466e+00,1.118407527551726899e+00,1.657911532338625094e-01,3.594182049219494801e-01,-9.060541454230400804e-01,-2.229313198666412532e+00,1.264458299914732908e+00,1.083839695931101854e+00,-2.061393194606981893e+00,-2.346408730595677561e+00,-2.564143497486734091e+00,-5.439092182148108634e-03,1.298334089129535407e+00
2.414943295530353584e+00,-7.806934669716647512e-01,9.765571634056255945e-01,4.477491959789799414e-01,1.094509903931440098e+00,-1.207575490178649291e+00,-4.980090551074667360e+00,1.125501699522975629e+00,1.520723278059732952e-01,3.437229276010911327e-01,-9.232062875917589340e-01,-2.229111647112244743e+00,1.273205026705708010e+00,1.042988447241059546e+00,-2.051417311437549795e+00,-2.358956438068941619e+00,-2.577952626701033534e+00,6.585037800318738199e-02,1.323996370979168447e+00
2.421614409606404283e+00,-7.731622114134433232e-01,9.775260844548937511e-01,4.499896291902952261e-01,1.088293626647349299e+00,-1.222444154701205932e+00,-4.971567201322534046e+00,1.132323274550368186e+00,1.384219137518803988e-01,3.279455259007563739e-01,-9.404482147175967643e-01,-2.228434818029120912e+00,1.282124162496647068e+00,1.002117939975626371e+00,-2.040884560542411741e+00,-2.371029275912667877e+00,-2.591058963309394780e+00,1.370453576316634781e-01,1.350018821788560253e+00
2.428285523682454983e+00,-7.655863578448762752e-01,9.784041805018878213e-01,4.521245444452347551e-01,1.081962040141244863e+00,-1.237306720623347234e+00,-4.962983769394917921e+00,1.138872180335001039e+00,1.248436038748568788e-01,3.120891745094432346e-01,-9.577751972738381969e-01,-2.227283416726426157e+00,1.291218039986995691e+00,9.612450133541363684e-01,-2.029801603970843971e+00,-2.382625226551470021e+00,-2.603450210146662780e+00,2.081234011246961835e-01,1.376380406568606496e+00
2.434956637758505682e+00,-7.579677252026260081e-01,9.791919447545323063e-01,4.541534256875128239e-01,1.075514593000947761e+00,-1.252160024787342341e+00,-4.954339082180986509e+00,1.145148456851478702e+00,1.113410459573857259e-01,2.961570612792734369e-01,-9.751824243002036319e-01,-2.225658297739704583e+00,1.300488850753588776e+00,9.203864864953208436e-01,-2.018175276414332586e+00,-2.393742361122454643e+00,-2.615114251671414536e+00,2.790622174480650308e-01,1.403059853553858760e+00
2.441627751834556381e+00,-7.503081317826143515e-01,9.798898946021770140e-01,4.560757781696311852e-01,1.068950766176953948e+00,-1.267000910230986710e+00,-4.945631952424685451e+00,1.151152256188620715e+00,9.791784161934014019e-02,2.801523866338661573e-01,-9.926650046359919433e-01,-2.223560463771990570e+00,1.309938643707352357e+00,8.795591508640794309e-01,-2.006012582232533425e+00,-2.404378839568612314e+00,-2.626039160410723827e+00,3.498396783934072385e-01,1.430035665097335373e+00
2.448298865910607081e+00,-7.426093944927659729e-01,9.804985713038851802e-01,4.578911285347684323e-01,1.062270073513228441e+00,-1.281826227172365273e+00,-4.936861179681415024e+00,1.156883842339816004e+00,8.457754519617483036e-02,2.640783629756219275e-01,-1.010217968196093441e+00,-2.220991064580244867e+00,1.319569323623088986e+00,8.387797627294745206e-01,-1.993320692424196405e+00,-2.414532910720358583e+00,-2.636213203361631230e+00,4.204338267569234233e-01,1.457286128678466852e+00
2.454969979986657780e+00,-7.348733281073206447e-01,9.810185396693115178e-01,4.595990248947126044e-01,1.055472062269345424e+00,-1.296632833986997024e+00,-4.928025551284284766e+00,1.162343590943109906e+00,7.132366263751635516e-02,2.479382140925097677e-01,-1.027836267289536698e+00,-2.217951395807574499e+00,1.329382649743040101e+00,7.980650356373558685e-01,-1.980106941544326427e+00,-2.424202912365342577e+00,-2.645624848346304958e+00,4.908228844119986167e-01,1.484789328019037846e+00
2.461641094062708479e+00,-7.271017445230439913e-01,9.814503877322972025e-01,4.611990369038370119e-01,1.048556313633687731e+00,-1.311417598177018196e+00,-4.919123843319423983e+00,1.167531988971134638e+00,5.815965042648607586e-02,2.317351745644157246e-01,-1.045514777980286247e+00,-2.214442897761965234e+00,1.339380234454971230e+00,7.574316329010195581e-01,-1.966378824568801420e+00,-2.433387271306705735e+00,-2.654262770317740827e+00,5.609852602725307058e-01,1.512523154301825601e+00
2.468312208138759178e+00,-7.192964520176765575e-01,9.817947264173269017e-01,4.626907558291116773e-01,1.041522443227434591e+00,-1.326177397332031882e+00,-4.910154821609870268e+00,1.172449634371012017e+00,4.508891452011859480e-02,2.154724891691559285e-01,-1.063248301489916336e+00,-2.210467154142262025e+00,1.349563542045405740e+00,7.168961601132971539e-01,-1.952143993707748493e+00,-2.442084503409916341e+00,-2.662115857613024161e+00,6.308995581437326639e-01,1.540465317486716890e+00
2.474983322214809878e+00,-7.114592545109487132e-01,9.820521891989881791e-01,4.640737946161539451e-01,1.034370101599044522e+00,-1.340909120081295480e+00,-4.901117242707508481e+00,1.177097235654386953e+00,3.211480931119850557e-02,1.991534122882003544e-01,-1.081031565641831005e+00,-2.206025890712162596e+00,1.359933887528676388e+00,6.764751576834702185e-01,-1.937410255168945827e+00,-2.450293213638341072e+00,-2.669173218151029925e+00,7.005445844573632286e-01,1.568593357718898851e+00
2.481654436290860577e+00,-7.035919508284993462e-01,9.822234317545801563e-01,4.653477879513123749e-01,1.027098974708977375e+00,-1.355609667036883348e+00,-4.892009854892593879e+00,1.181475611437761364e+00,1.924063661186142804e-02,1.827812073122072056e-01,-1.098859226346624807e+00,-2.201120973922997770e+00,1.370492435552361776e+00,6.361850934023752790e-01,-1.922185565872581270e+00,-2.458012096077683672e+00,-2.675424185571588342e+00,7.698993558882536448e-01,1.596884656823808868e+00
2.488325550366911276e+00,-6.956963339690228620e-01,9.823091316100095449e-01,4.665123923197847522e-01,1.019708784404357749e+00,-1.370275951727498276e+00,-4.882831399180278531e+00,1.185585689933339459e+00,6.469644659257839381e-03,1.663591460464230454e-01,-1.116725869128206483e+00,-2.195754409486110337e+00,1.381240199379690115e+00,5.960423550390809844e-01,-1.906478030118657463e+00,-2.465239933949458617e+00,-2.680858325313044688e+00,8.389431068491870480e-01,1.625316449883373648e+00
2.494996664442961976e+00,-6.877741903749808872e-01,9.823099877791352519e-01,4.675672860597693825e-01,1.012199288883337100e+00,-1.384904901522587606e+00,-4.873580610333716479e+00,1.189428508390593553e+00,-6.194972856383124116e-03,1.498905081160361030e-01,-1.134626010690239273e+00,-2.189928340895644254e+00,1.392178039949421686e+00,5.560632429724852166e-01,-1.890295896208418647e+00,-2.471975599613611685e+00,-2.685465440625240063e+00,9.076552968611395489e-01,1.653865836888122942e+00
2.501667778519012675e+00,-6.798272992071997534e-01,9.822267203966973392e-01,4.685121694126491154e-01,1.004570283148859877e+00,-1.399493458546447355e+00,-4.864256217883139222e+00,1.193005212488800426e+00,-1.875007774101550284e-02,1.333785803715425988e-01,-1.152554100522486191e+00,-2.183645047902594616e+00,1.403306665013701826e+00,5.162639628611607190e-01,-1.873647553021107637e+00,-2.478218054560449524e+00,-2.689235578514916014e+00,9.760156177960654933e-01,1.682509794459664310e+00
2.508338892595063374e+00,-6.718574316236857191e-01,9.820600703449953173e-01,4.693467645692093182e-01,9.968215994515908784e-01,-1.414038580581985505e+00,-4.854856947150450353e+00,1.196317055680817809e+00,-3.119258822304257772e-02,1.168266562942043563e-01,-1.170504522546568005e+00,-2.176906944940965261e+00,1.414626628354334947e+00,4.766606183547875686e-01,-1.856541526547471177e+00,-2.483966349392009665e+00,-2.692159035620583118e+00,1.044004000989364744e+00,1.711225187638007128e+00
2.515010006671114073e+00,-6.638663500629783387e-01,9.818107988744620984e-01,4.700708157118899666e-01,9.889531077217268429e-01,-1.428537241963822257e+00,-4.845381520278766452e+00,1.199365398488383638e+00,-4.351947985633028426e-02,1.002380354016662034e-01,-1.188471596800684482e+00,-2.169716579506932419e+00,1.426138329077895506e+00,4.372692038504756296e-01,-1.838986476381335722e+00,-2.489219623792999325e+00,-2.694226364013881270e+00,1.111600624219309719e+00,1.739988781728149636e+00
2.521681120747164773e+00,-6.558558075323666081e-01,9.814796872182907084e-01,4.706840890530721300e-01,9.809647159894478996e-01,-1.442986434460432621e+00,-4.835828657266414865e+00,1.202151707749250065e+00,-5.572778639966649572e-02,8.361602265380174703e-02,-1.206449581162771345e+00,-2.162076630491887030e+00,1.437842010990049157e+00,3.981055972972451507e-01,-1.820991192170701378e+00,-2.493977106491443774e+00,-2.695428376924549063e+00,1.178785918550753431e+00,1.768777254200402327e+00
2.528352234823215472e+00,-6.478275469012865218e-01,9.810675362012778455e-01,4.711863728694036801e-01,9.728563707937374350e-01,-1.457383168145010899e+00,-4.826197077004811042e+00,1.204677555816486390e+00,-6.781460067242767176e-02,6.696392785885200982e-02,-1.224432673111600200e+00,-2.153989906470292315e+00,1.449737762049429168e+00,3.591855530519570960e-01,-1.802564590029719138e+00,-2.498238115209177490e+00,-2.695756154386047321e+00,1.245540575040508635e+00,1.797567206638775783e+00
2.535023348899266171e+00,-6.397833002002202285e-01,9.805751658430358342e-01,4.715774775321627810e-01,9.646280575793373391e-01,-1.471724472254766214e+00,-4.816485498319754477e+00,1.206944619710303090e+00,-7.977707538616840566e-02,5.028506507993397989e-02,-1.242415011525248580e+00,-2.145459343943266095e+00,1.461825513901359841e+00,3.205246947899075272e-01,-1.783715708912995579e+00,-2.502002056602290470e+00,-2.695201048799021670e+00,1.311845551301837220e+00,1.826335176731855858e+00
2.541694462975316871e+00,-6.317247879254079823e-01,9.800034149557377283e-01,4.718572355336648205e-01,9.562798010815766192e-01,-1.486007396038359962e+00,-4.806692641015528622e+00,1.208954680222774858e+00,-9.161242395191521171e-02,3.358275204197329333e-02,-1.260390678516424945e+00,-2.136488005538860868e+00,1.474105041491709178e+00,2.821385084733329940e-01,-1.764453706953633905e+00,-2.505268426191679776e+00,-2.693754690409686070e+00,1.377682077925603155e+00,1.855057650300468097e+00
2.548365577051367570e+00,-6.236537183496926318e-01,9.793531407365601016e-01,4.720255015097132301e-01,9.478116656988363475e-01,-1.500229009591187213e+00,-4.796817226921331390e+00,1.210709620975852552e+00,-1.033179212629059540e-01,1.686030953913782854e-02,-1.278353701304034473e+00,-2.127079078169980875e+00,1.486575962761075953e+00,2.440423353810003970e-01,-1.744787857766465056e+00,-2.508036808283804042e+00,-2.691408992700354830e+00,1.443031664755662469e+00,1.883711073356492349e+00
2.555036691127418269e+00,-6.155717868397979631e-01,9.786252183549882799e-01,4.720821522580999630e-01,9.392237558524137997e-01,-1.514386404678238929e+00,-4.786857980939474011e+00,1.212211427433093736e+00,-1.148909044525549261e-01,1.210608428291320982e-04,-1.296298054120402554e+00,-2.117235871150931370e+00,1.499237738419515020e+00,2.062513652020501187e-01,-1.724727546717926385e+00,-2.510306875881779920e+00,-2.688156157689316927e+00,1.507876107016170586e+00,1.912271864187141235e+00
2.561707805203468968e+00,-6.074806751803589755e-01,9.778205405351418911e-01,4.720270867531590753e-01,9.305162163335373160e-01,-1.528476695544259467e+00,-4.776813632094803808e+00,1.213462185865541887e+00,-1.263287736274351925e-01,-1.663166888969975360e-02,-1.314217660153562228e+00,-2.106961814273600631e+00,1.512089671801949864e+00,1.687806291972642203e-01,-1.704282267164012987e+00,-2.512078390586929721e+00,-2.683988681137239762e+00,1.572197491288555238e+00,1.940716425458953065e+00
2.568378919279519668e+00,-5.993820509049957446e-01,9.769400171333033622e-01,4.718602261563753508e-01,9.216892326373208322e-01,-1.542497019710939776e+00,-4.766682914584840169e+00,1.214464082272213030e+00,-1.376289925750495136e-01,-3.339455320603607058e-02,-1.332106393523930787e+00,-2.096260455844258797e+00,1.525130908804374963e+00,1.316449934307968306e-01,-1.683461616657815574e+00,-2.513351202490892167e+00,-2.678899357657475555e+00,1.635978201335947846e+00,1.969021156335916345e+00
2.575050033355570367e+00,-5.912775666347460657e-01,9.759845747108006897e-01,4.715815138230584069e-01,9.127430312834045045e-01,-1.556444538760886065e+00,-4.756464568830039319e+00,1.215219401255683618e+00,-1.487890894462159663e-01,-5.016426494855552587e-02,-1.349958081294770906e+00,-2.085135460682037589e+00,1.538360437900942124e+00,9.485915207555417616e-02,-1.662275293128094633e+00,-2.514125250058419692e+00,-2.672881285727419343e+00,1.699200923772995697e+00,1.997162464605803489e+00
2.581721147431621066e+00,-5.831688594241404289e-01,9.749551561024311086e-01,4.711909153050788390e-01,9.036778801230886948e-01,-1.570316439108106366e+00,-4.746157342523714462e+00,1.215730524853259720e+00,-1.598066574118564842e-01,-6.693747684354678373e-02,-1.367766505515731090e+00,-2.073590608080085218e+00,1.551777090241939216e+00,5.843762079514625007e-02,-1.640733091030382562e+00,-2.514400560000950691e+00,-2.665927872598419235e+00,1.761848653578977908e+00,2.025116778809258555e+00
2.588392261507671765e+00,-5.750575501152278557e-01,9.738527199805827594e-01,4.706884183496830021e-01,8.944940886327092944e-01,-1.584109932754785177e+00,-4.735759991680980718e+00,1.215999931324275085e+00,-1.706793552940328029e-01,-8.371086208947428609e-02,-1.385525405298802193e+00,-2.061629789730492046e+00,1.565379539832693068e+00,2.239473020555249327e-02,-1.618844897472109245e+00,-2.514177247141089033e+00,-2.658032839101438505e+00,1.823904699452309153e+00,2.052860560365627585e+00
2.595063375583722465e+00,-5.669452426998310424e-01,9.726782404152370942e-01,4.700740328943809887e-01,8.851920081930759743e-01,-1.597822258034081733e+00,-4.725271281686300284e+00,1.216030193894026556e+00,-1.814049081710389644e-01,-1.004810949442940526e-01,-1.403228478925976797e+00,-2.049257007614010195e+00,1.579166303793325454e+00,-1.325538058064701374e-02,-1.596620688313252545e+00,-2.513455514268063240e+00,-2.649190224346042566e+00,1.885352689004506699e+00,2.080370315690100114e+00
2.601734489659773164e+00,-5.588335236903274605e-01,9.714327064300191106e-01,4.693477910579239021e-01,8.757720323547284469e-01,-1.611450680338751607e+00,-4.714689988338953697e+00,1.215823979454948578e+00,-1.919811079564139877e-01,-1.172448513117905350e-01,-1.420869385987892475e+00,-2.036476371855683087e+00,1.593135742699306689e+00,-4.849877032440907954e-02,-1.574070524244014280e+00,-2.512235651984296769e+00,-2.639394390309980132e+00,1.946176573791859044e+00,2.107622608296160216e+00
2.608405603735823863e+00,-5.507239614992355259e-01,9.701171215544754922e-01,4.685097471273708680e-01,8.662345970888407631e-01,-1.624992492835338975e+00,-4.704014898896037522e+00,1.215384047225562814e+00,-2.024058139517066757e-01,-1.339988093268434100e-01,-1.438441749552717974e+00,-2.023292098547439188e+00,1.607286061002674682e+00,-8.332170194192878299e-02,-1.551204546841042475e+00,-2.510518038543148034e+00,-2.628640026317009770e+00,2.006360634183010916e+00,2.134594070877873229e+00
2.615076717811874563e+00,-5.426181058278837233e-01,9.687325033727467449e-01,4.675599775412561665e-01,8.565801810235447178e-01,-1.638445017163746353e+00,-4.693244813112332992e+00,1.214713247367841475e+00,-2.126769533728704309e-01,-1.507396499395977085e-01,-1.455939158364542019e+00,-2.009708507538769950e+00,1.621615307533785577e+00,-1.177106486949888176e-01,-1.528032974603692695e+00,-2.508303139677952043e+00,-2.616922153400359718e+00,2.065889484060891679e+00,2.161261417366163951e+00
2.621747831887925262e+00,-5.345174870644453513e-01,9.672798830688250638e-01,4.664985808688629776e-01,8.468093056655002782e-01,-1.651805604121954207e+00,-4.682378544276585508e+00,1.213814519563579664e+00,-2.227925218501490279e-01,-1.674640574984549157e-01,-1.473355169070466042e+00,-1.995730020196606391e+00,1.636121376083367718e+00,-1.516523002871204007e-01,-1.504566098971900745e+00,-2.505591508422421843e+00,-2.604236128549456630e+00,2.124748075357326460e+00,2.187601454953397528e+00
2.628418945963975961e+00,-5.264236156915989007e-01,9.657603049685582475e-01,4.653256777856118465e-01,8.369225356065093102e-01,-1.665071634335703266e+00,-4.671414920243632807e+00,1.212690891550419980e+00,-2.327505839013431499e-01,-1.841687203318437271e-01,-1.490683308475650781e+00,-1.981361157135490547e+00,1.650802006064702843e+00,-1.851335688628401588e-01,-1.480814280327122701e+00,-2.502383784922513232e+00,-2.590577648837517621e+00,2.182921702418938459e+00,2.213591096080675946e+00
2.635090060040026660e+00,-5.183379817040948412e-01,9.641748260785903968e-01,4.640414110445728602e-01,8.269204787149990743e-01,-1.678240518912934132e+00,-4.660352784461838205e+00,1.211345477618192445e+00,-2.425492733783420618e-01,-2.008503313287018088e-01,-1.507917075825475184e+00,-1.966606535919205312e+00,1.665654783255604343e+00,-2.181415949071585647e-01,-1.456787943977938760e+00,-2.498680696239822474e+00,-2.575942755427633291e+00,2.240396006202836965e+00,2.239207370382048090e+00
2.641761174116077360e+00,-5.102620540364769530e-01,9.625245156224091492e-01,4.626459454441093078e-01,8.168037863121893061e-01,-1.691309700082804568e+00,-4.649190996995310243e+00,1.209781477066231847e+00,-2.521867938868341819e-01,-2.175055885176230275e-01,-1.525049945114028249e+00,-1.951470868734969777e+00,1.680677140619942111e+00,-2.506637530427280325e-01,-1.432497576131789518e+00,-2.494483056146612920e+00,-2.560327837455072419e+00,2.297156978300844976e+00,2.264427436580130237e+00
2.648432288192128059e+00,-5.021972800012299842e-01,9.608104545736885216e-01,4.611394677916620943e-01,8.065731533327775704e-01,-1.704276651819102373e+00,-4.637928435540390026e+00,1.208002172622375081e+00,-2.616614191790963551e-01,-2.341311956446073816e-01,-1.542075367418060283e+00,-1.935958960041381127e+00,1.695866359208327623e+00,-2.826876577219086251e-01,-1.407953719854445174e+00,-2.489791764912526073e+00,-2.543729635783511966e+00,2.353190964790958351e+00,2.289228594327375355e+00
2.655103402268178758e+00,-4.941450847375934430e-01,9.590337351870942273e-01,4.595221868636858442e-01,7.962293184699666959e-01,-1.717138880447881322e+00,-4.626563996435855586e+00,1.206010928824340800e+00,-2.709714935197964358e-01,-2.507238627493584282e-01,-1.558986773255588432e+00,-1.920075704191221977e+00,1.711219569137610863e+00,-3.142011688112180678e-01,-1.383166971018662705e+00,-2.484607809083062779e+00,-2.526145246633030972e+00,2.408484669914910725e+00,2.313588295987517363e+00
2.661774516344229458e+00,-4.861068706713024268e-01,9.571954605267443128e-01,4.577943333617442434e-01,7.857730643046820784e-01,-1.729893925239162078e+00,-4.615096595666328128e+00,1.203811190364224792e+00,-2.801154320247345453e-01,-2.672803067400809085e-01,-1.575777574968246775e+00,-1.903826083030342176e+00,1.726733750648753007e+00,-3.451923970655270679e-01,-1.358147974243645084e+00,-2.478932261249898072e+00,-2.507572125077632386e+00,2.463025159580735313e+00,2.337484158351478492e+00
2.668445630420280157e+00,-4.780840169854917443e-01,9.552967439924990867e-01,4.559561598647769443e-01,7.752052174188215350e-01,-1.742539358982531539e+00,-4.603525169858375676e+00,1.201406480396842724e+00,-2.890917209724682135e-01,-2.837972519667115723e-01,-1.592441169126550315e+00,-1.887215163473732638e+00,1.742405735242616105e+00,-3.756497094895785427e-01,-1.332907418826785317e+00,-2.472766279813095824e+00,-2.488008088410295304e+00,2.516799864689332367e+00,2.360893974282367580e+00
2.675116744496330856e+00,-4.700778791030010284e-01,9.533387088442603075e-01,4.540079407775473030e-01,7.645266484923745054e-01,-1.755072788546507834e+00,-4.591848677268759005e+00,1.198800398812700507e+00,-2.978989180887828825e-01,-3.002714307925467008e-01,-1.608970938957144270e+00,-1.870248095060024873e+00,1.758232206893198812e+00,-4.055617345842785770e-01,-1.307456034669247424e+00,-2.466111108735277835e+00,-2.467451319373340279e+00,2.569796584284143037e+00,2.383795724283835682e+00
2.681787858572381555e+00,-4.620897881803224250e-01,9.513224877244680355e-01,4.519499722752817195e-01,7.537382723842934729e-01,-1.767491855421513769e+00,-4.580066098764351779e+00,1.195996620476346806e+00,-3.065356528039544504e-01,-3.166995841641926379e-01,-1.625360256791153368e+00,-1.852930107485552647e+00,1.774209703337760402e+00,-4.349173674754280849e-01,-1.281804588196929107e+00,-2.458968077287813525e+00,-2.445900369252266504e+00,2.622003488523044989e+00,2.406167587986526080e+00
2.688458972648432255e+00,-4.541210506134067959e-01,9.492492221789661233e-01,4.497825722445139007e-01,7.428410481969497381e-01,-1.779794236246342809e+00,-4.568176438793178029e+00,1.192998893430911256e+00,-3.150006264828011382e-01,-3.330784621798037470e-01,-1.641602486532717897e+00,-1.835266508119183460e+00,1.790334617443303467e+00,-4.637057749224982039e-01,-1.255963878278308465e+00,-2.451338599789080863e+00,-2.423354160830972326e+00,2.673409121471781003e+00,2.427987955547034282e+00
2.695130086724482954e+00,-4.461729475555654689e-01,9.471200621764310768e-01,4.475060802201422661e-01,7.318359793240679645e-01,-1.791977643317977265e+00,-4.556178726346093555e+00,1.189811037069644417e+00,-3.232926126274851542e-01,-3.494048246555470083e-01,-1.657690986146759027e+00,-1.817262679499126676e+00,1.806603198648768283e+00,-4.919164002051334972e-01,-1.229944732140759722e+00,-2.443224175334841153e+00,-2.399811991206523665e+00,2.724002403718198906e+00,2.449235438953988098e+00
2.701801200800533653e+00,-4.382467344476710380e-01,9.449361656265303777e-01,4.451208573187172002e-01,7.207241134819948325e-01,-1.804039825084660098e+00,-4.544072015908591666e+00,1.186436940275258589e+00,-3.314104570530813643e-01,-3.656754416902378013e-01,-1.673619110165067703e+00,-1.798924076812882245e+00,1.823011554482352414e+00,-5.195389678851822790e-01,-1.203758001286790114e+00,-2.434626387520790747e+00,-2.375273534461611824e+00,2.773772634806753512e+00,2.469888883235971555e+00
2.708472314876584353e+00,-4.303436405608819237e-01,9.426986978970087749e-01,4.426272861679644288e-01,7.095065427241961098e-01,-1.815978566622091339e+00,-4.531855388402234119e+00,1.182880559527935471e+00,-3.393530780358966492e-01,-3.818870942281021308e-01,-1.689380212209724341e+00,-1.780256225361566136e+00,1.839555652153234355e+00,-5.465634884419972028e-01,-1.177414557411807561e+00,-2.425546904157308781e+00,-2.349738844192891474e+00,2.822709495492739862e+00,2.489927377565834377e+00
2.715143428952635052e+00,-4.224648685520837610e-01,9.404088313298690771e-01,4.400257708325633343e-01,6.981844034388605680e-01,-1.827791690092670507e+00,-4.519527952115225844e+00,1.179145916982830666e+00,-3.471194664345749192e-01,-3.980365746196111165e-01,-1.704967647532916741e+00,-1.761264718009783570e+00,1.856231320217037295e+00,-5.729802627789304381e-01,-1.150925288324860407e+00,-2.415987476976463988e+00,-2.323208355893486399e+00,2.870803049815882968e+00,2.509330266256265318e+00
2.721814543028685751e+00,-4.146115940322649407e-01,9.380677447568414040e-01,4.373167367361888713e-01,6.867588763295140453e-01,-1.839477055187672905e+00,-4.507088843621625429e+00,1.175237098517955658e+00,-3.547086857839945040e-01,-4.141206871803312373e-01,-1.720374775572144133e+00,-1.741955212622290583e+00,1.873034250314243643e+00,-5.987798865988815944e-01,-1.124301093873938395e+00,-2.405949941331293918e+00,-2.295682889187968367e+00,2.918043746992897702e+00,2.528077159641249683e+00
2.728485657104736450e+00,-4.067849651479993334e-01,9.356766230143113150e-01,4.345006305798330692e-01,6.752311863785309676e-01,-1.851032559552294510e+00,-4.494537228688727737e+00,1.171158251753309010e+00,-3.621198723620101534e-01,-4.301362487477466967e-01,-1.735594962519851236e+00,-1.722333429488617451e+00,1.889959998980832223e+00,-6.239532546469332974e-01,-1.097552881877277287e+00,-2.395436215887411624e+00,-2.267163649918205515e+00,2.964422423128818984e+00,2.546147944838388355e+00
2.735156771180787150e+00,-3.989861021762497462e-01,9.332366564578986612e-01,4.315779202564180572e-01,6.636026027934670557e-01,-1.862456139193467086e+00,-4.481872303172117711e+00,1.166913584042156948e+00,-3.693522352290691813e-01,-4.460800892359947367e-01,-1.750621583906457834e+00,-1.702405148736895857e+00,1.907003989530276389e+00,-6.484915648180540337e-01,-1.070691564062240531e+00,-2.384448302306938494e+00,-2.237652232078507275e+00,3.009930302746896658e+00,2.563522796386820346e+00
2.741827885256837849e+00,-3.912160971326499315e-01,9.307490404768573589e-01,4.285490947617153767e-01,6.518744389361097458e-01,-1.873745768870401784e+00,-4.469093293897941521e+00,1.162507360435360404e+00,-3.764050562407714740e-01,-4.619490521884740408e-01,-1.765448027195808622e+00,-1.682176207738069529e+00,1.924161514006101692e+00,-6.723863221280232949e-01,-1.043728052013213947e+00,-2.372988284924814284e+00,-2.207150619598575059e+00,3.054559000137015978e+00,2.580182186755799911e+00
2.748498999332888548e+00,-3.834760133934649873e-01,9.282149750084861539e-01,4.254146641015876806e-01,6.400480522341838174e-01,-1.884899462467775511e+00,-4.456199459531918983e+00,1.157943901619681082e+00,-3.832776900334252668e-01,-4.777399953282568390e-01,-1.780067694391990640e+00,-1.661652498501731579e+00,1.941427735204082516e+00,-6.956293425456718804e-01,-1.016673253130068844e+00,-2.361058330417494577e+00,-2.175661187972831812e+00,3.098300520522587753e+00,2.596106896718830992e+00
2.755170113408939248e+00,-3.757668853313815838e-01,9.256356640527199087e-01,4.221751591955631988e-01,6.281248440756230789e-01,-1.895915273351528541e+00,-4.443190091434627398e+00,1.153227581830983173e+00,-3.899695639826881166e-01,-4.934497911062792896e-01,-1.794474004656512633e+00,-1.640839965064772032e+00,1.958797688763194600e+00,-7.182127566847136269e-01,-9.895380665986164281e-01,-2.348660687464038332e+00,-2.143186705734715147e+00,3.141147261046067563e+00,2.611278025588462448e+00
2.761841227484989947e+00,-3.680897179653054296e-01,9.230123151870933684e-01,4.188311317767636210e-01,6.161062596853609241e-01,-1.906791294707213646e+00,-4.430064514502624284e+00,1.148362826743280385e+00,-3.964801781353605170e-01,-5.090753272472323676e-01,-1.808660396934800518e+00,-1.619744600874051255e+00,1.976266285324369987e+00,-7.401290133534232929e-01,-9.623333793745925124e-01,-2.335797686399631701e+00,-2.109730335774707477e+00,3.183092011573188884e+00,2.625677001306895075e+00
2.768512341561040646e+00,-3.604454866243168021e-01,9.203461390822433863e-01,4.153831542881958327e-01,6.039937879845591606e-01,-1.917525659860875420e+00,-4.416822087994927593e+00,1.143354111334587087e+00,-4.028091051144503387e-01,-5.246135072931285004e-01,-1.822620332590950021e+00,-1.598372446164331384e+00,1.993828312756058319e+00,-7.613708829604850514e-01,-9.350700621825914771e-01,-2.322471738861517920e+00,-2.075295636500721130e+00,3.224127955316258287e+00,2.639285590387439484e+00
2.775183455637091345e+00,-3.528351366259390720e-01,9.176383490181356795e-01,4.118318197754272103e-01,5.917889614322483505e-01,-1.928116542582418713e+00,-4.403462206344447516e+00,1.138205957730521467e+00,-4.089559899975856450e-01,-5.400612511444692343e-01,-1.836347298049703092e+00,-1.576729585332625749e+00,2.011478438445618799e+00,-7.819314607754761504e-01,-9.077589655314497463e-01,-2.308685337427376361e+00,-2.039886562839817508e+00,3.264248669276732961e+00,2.652085907702297796e+00
2.781854569713142045e+00,-3.452595829688633877e-01,9.148901604011911992e-01,4.081777417756568549e-01,5.794933558493091663e-01,-1.938562157371455985e+00,-4.389984299953899161e+00,1.132922933026663914e+00,-4.149205501689164910e-01,-5.554154955989848430e-01,-1.849834807444565854e+00,-1.554822144310223919e+00,2.029211211655456815e+00,-8.018041700423872431e-01,-8.804109157474960812e-01,-2.294441055246124073e+00,-2.003507467079974180e+00,3.303448124507625927e+00,2.664060426111738433e+00
2.788525683789192744e+00,-3.377197100402688501e-01,9.121027902824893063e-01,4.044215542032027488e-01,5.671085902247804400e-01,-1.948860759725620229e+00,-4.376387835975791063e+00,1.127509647090619405e+00,-4.207025751446106798e-01,-5.706731948878815963e-01,-1.863076405271016256e+00,-1.532656287933542139e+00,2.047021065942884022e+00,-8.209827649447924980e-01,-8.530367110271414033e-01,-2.279741545661155833e+00,-1.966163099550996218e+00,3.341720686196122170e+00,2.675191985930281291e+00
2.795196797865243443e+00,-3.302163713378725163e-01,9.092774568772215016e-01,4.005639112314196559e-01,5.546363265044502722e-01,-1.959010646391331267e+00,-4.362672319076071226e+00,1.121970750344813750e+00,-4.263019263720855268e-01,-5.858313212095465072e-01,-1.876065669043697870e+00,-1.510238217315043041e+00,2.064902321642546834e+00,-8.394613334212042144e-01,-8.256471175102179094e-01,-2.264589541826017793e+00,-1.927858609143479507e+00,3.379061113567057628e+00,2.685463804225184603e+00
2.801867911941294143e+00,-3.227503892068274705e-01,9.064153790855710158e-01,3.966054871710645857e-01,5.420782693617065551e-01,-1.969010155597034739e+00,-4.348837292180980363e+00,1.116310931531000250e+00,-4.317185370031203506e-01,-6.008868652606719207e-01,-1.888796211956552229e+00,-1.487574167215371501e+00,2.082849188410333952e+00,-8.572342998293445149e-01,-7.982528653754848991e-01,-2.248987856312492539e+00,-1.888599543664949421e+00,3.415464559607906736e+00,2.694859483942886769e+00
2.808539026017344842e+00,-3.153225545915978589e-01,9.035177760151957838e-01,3.925469763451283067e-01,5.294361659506414686e-01,-1.978857667268911547e+00,-4.334882337206768632e+00,1.110534915457511707e+00,-4.369524116409951864e-01,-6.158368367647315544e-01,-1.901261685544765712e+00,-1.464670403417945410e+00,2.100855767827562559e+00,-8.742964274580238282e-01,-7.708646449597396089e-01,-2.232939380711103539e+00,-1.848391850032329753e+00,3.450926570616011713e+00,2.703363022858937814e+00
2.815210140093395541e+00,-3.079336268029119195e-01,9.005858665054807810e-01,3.883890929601501174e-01,5.167118056413870786e-01,-1.988551603229088860e+00,-4.320807075771801564e+00,1.104647460730252551e+00,-4.420036260618276369e-01,-6.306782649977731303e-01,-1.913455782347464940e+00,-1.441533220107126922e+00,2.118916056064293230e+00,-8.906428208854770823e-01,-7.434931029018774229e-01,-2.216447085224013236e+00,-1.807241874299932771e+00,3.485443085568890265e+00,2.710958822347201203e+00
2.821881254169446240e+00,-3.005843332999076356e-01,8.976208686537384684e-01,3.841325709740350258e-01,5.039070197376986915e-01,-1.998090427376371991e+00,-4.306611169890744328e+00,1.098653357468486247e+00,-4.468723269102670703e-01,-6.454081993114622051e-01,-1.925372238570036032e+00,-1.418168937251212069e+00,2.137023946600504765e+00,-9.062689281829898746e-01,-7.161488383133478575e-01,-2.199514018250296132e+00,-1.765156361522280726e+00,3.519010435318509877e+00,2.717631695964016991e+00
2.828552368245496940e+00,-2.932753694875600003e-01,8.946239993435212146e-01,3.797781639603878823e-01,4.910236811767667575e-01,-2.007472645849541770e+00,-4.292294322650372251e+00,1.092557425006439820e+00,-4.515587313697403959e-01,-6.600237096533443371e-01,-1.937004836744985692e+00,-1.394583897991357846e+00,2.155173233003926381e+00,-9.211705429628023190e-01,-6.888423989763128308e-01,-2.182143305963565982e+00,-1.722142455451077137e+00,3.551625341610551878e+00,2.723366877843246492e+00
2.835223482321547639e+00,-2.860073985294903087e-01,8.915964737752199998e-01,3.753266449693914431e-01,4.780637042113056179e-01,-2.016696807173248285e+00,-4.277856278866685180e+00,1.086364509581753124e+00,-4.560631268074232803e-01,-6.745218870842506487e-01,-1.948347408390224800e+00,-1.370784466037641813e+00,2.173357611763224284e+00,-9.353438062692720489e-01,-6.615842775709144252e-01,-2.164338151881954886e+00,-1.678207698065821818e+00,3.583284915929642267e+00,2.728150030898174982e+00
2.841894596397598338e+00,-2.787810511762329746e-01,8.885395049991136052e-01,3.707788063852373028e-01,4.650290440738985009e-01,-2.025761502386572488e+00,-4.263296825722923344e+00,1.080079482011865100e+00,-4.603858703941527963e-01,-6.888998442928220278e-01,-1.959393836663653410e+00,-1.346777023073405744e+00,2.191570685175244115e+00,-9.487852083123946567e-01,-6.343849079329597629e-01,-2.146101836430368781e+00,-1.633360028937447028e+00,3.613986658171820743e+00,2.731967254826177083e+00
2.848565710473649037e+00,-2.715969256090430828e-01,8.854543034510387045e-01,3.661354597801371180e-01,4.519216966236694333e-01,-2.034665365154287642e+00,-4.248615793388162309e+00,1.073707235359332879e+00,-4.645273886994714108e-01,-7.031547161070768048e-01,-1.970138059012963572e+00,-1.322567966169017728e+00,2.209805964284997870e+00,-9.614915900428462336e-01,-6.072546613433795759e-01,-2.127437716495046871e+00,-1.587607784424690305e+00,3.643728455145311962e+00,2.734805093912465956e+00
2.855236824549699737e+00,-2.644555872993116230e-01,8.823420764908411762e-01,3.613974357649297198e-01,4.387436979752786792e-01,-2.043407071860920521e+00,-4.233813055616112209e+00,1.067252682587203072e+00,-4.684881772620347884e-01,-7.172836600029904863e-01,-1.980574069819496019e+00,-1.298163705206219820e+00,2.228056871877011957e+00,-9.734601445677497633e-01,-5.802038428507406698e-01,-2.108349224970340163e+00,-1.540959696702673964e+00,3.672508578901051646e+00,2.736650544628932202e+00
2.861907938625750436e+00,-2.573575688836541309e-01,8.792040279437777217e-01,3.565655838363067653e-01,4.254971241103212010e-01,-2.051985341687646791e+00,-4.218888530323792629e+00,1.060720754205446426e+00,-4.722688001355935250e-01,-7.312838566100154924e-01,-1.990695923035080028e+00,-1.273570660314159664e+00,2.246316745516693469e+00,-9.846884184064892409e-01,-5.532426876281444361e-01,-2.088839870297716672e+00,-1.493424892623565370e+00,3.700325684894174572e+00,2.737491063024589888e+00
2.868579052701801135e+00,-2.503033700547235285e-01,8.760413576450238882e-01,3.516407722206750242e-01,4.121840904711430165e-01,-2.060398936672147574e+00,-4.203842180149762520e+00,1.054116395909571846e+00,-4.758698894107953881e-01,-7.451525102135112544e-01,-2.000497734810694705e+00,-1.248795259318263629e+00,2.264578840640274926e+00,-9.951743125859211503e-01,-5.263813573657561973e-01,-2.068913235996917788e+00,-1.445012892408935379e+00,3.727178809978083152e+00,2.737314571903827876e+00
2.875250166777851835e+00,-2.432934574678035367e-01,8.728552609874554724e-01,3.466238877146783914e-01,3.988067515371699345e-01,-2.068646661751472493e+00,-4.188674012991577378e+00,1.047444566212450745e+00,-4.792921447130400470e-01,-7.588868492540092880e-01,-2.009973686115854363e+00,-1.223843935203029698e+00,2.282836333691949271e+00,-1.004916083574438623e+00,-4.996299367002673408e-01,-2.048572980189250714e+00,-1.395733608173814977e+00,3.753067370232447963e+00,2.736109467789172189e+00
2.881921280853902534e+00,-2.363282646632158812e-01,8.696469284728554072e-01,3.415158355223989473e-01,3.853673003837790878e-01,-2.076727364788038432e+00,-4.173384082522155758e+00,1.040710234070471918e+00,-4.825363326766441974e-01,-7.724841268232794933e-01,-2.019118025347581113e+00,-1.198723123589878981e+00,2.301082325306700760e+00,-1.013912344054382020e+00,-4.729984296824935042e-01,-2.027822835112957023e+00,-1.345597342282232933e+00,3.777991158626884172e+00,2.733864627664957858e+00
2.888592394929953233e+00,-2.294081920045837608e-01,8.664175452667108868e-01,3.363175390892617078e-01,3.718679682238196782e-01,-2.084639936578851493e+00,-4.157972488684780643e+00,1.033918376505057912e+00,-4.856032863955673795e-01,-7.859416211571319533e-01,-2.027925070927850904e+00,-1.173439260231114778e+00,2.319309843537411098e+00,-1.022162063532414233e+00,-4.464967562843922266e-01,-2.006666606630624461e+00,-1.294614785534366597e+00,3.801950342521834614e+00,2.730569415498797614e+00
2.895263509006003932e+00,-2.225336066329702267e-01,8.631682907567481688e-01,3.310299399326591119e-01,3.583110239318307855e-01,-2.092383310848070721e+00,-4.142439378166405284e+00,1.027073976220677087e+00,-4.884939048509784332e-01,-7.992566361249104911e-01,-2.036389213888373462e+00,-1.147998778521109653e+00,2.337511847124696285e+00,-1.029664568787478807e+00,-4.201347489466521479e-01,-1.985108173728568515e+00,-1.242797015185236775e+00,3.824945461008540271e+00,2.726213688537471036e+00
2.901934623082054632e+00,-2.157048424369212569e-01,8.599003381153667025e-01,3.256539974693247186e-01,3.446987735510783080e-01,-2.099956464223023289e+00,-4.126784944849038794e+00,1.020182019220390091e+00,-4.912091523159209938e-01,-8.124265017156150348e-01,-2.044504920441608142e+00,-1.122408107025761215e+00,2.355681228807997130e+00,-1.036419544156107264e+00,-3.939221491681061948e-01,-1.963151488008166412e+00,-1.190155492795215597e+00,3.846977422089768339e+00,2.720787803374284497e+00
2.908605737158105331e+00,-2.089222000384154398e-01,8.566148538661160217e-01,3.201906888394742134e-01,3.310335597834753729e-01,-2.107358416193810147e+00,-4.111009430238879325e+00,1.013247492420043416e+00,-4.937500577373735711e-01,-8.254485745206063818e-01,-2.052266734536867698e+00,-1.096673667031279109e+00,2.373810818676380219e+00,-1.042427031654859171e+00,-3.678686041380901939e-01,-1.940800573169057408e+00,-1.136702061912456818e+00,3.868047499703273218e+00,2.714282621784815053e+00
2.915276851234156030e+00,-2.021859467947345612e-01,8.533129974543726126e-01,3.146410087277365930e-01,3.173177614625095622e-01,-2.114588229056619806e+00,-4.095113123872983429e+00,1.006275381262195623e+00,-4.961177140959907028e-01,-8.383202382128362995e-01,-2.059669280400403757e+00,-1.070801870113357479e+00,2.391893387557465722e+00,-1.047687430939777897e+00,-3.419836634129452824e-01,-1.918059524484172940e+00,-1.082448945587597411e+00,3.888157330589919525e+00,2.706689516328164125e+00
2.921947965310206730e+00,-1.954963168162502374e-01,8.499959208223631935e-01,3.090059691809016185e-01,3.035537930092851999e-01,-2.121645007840899488e+00,-4.079096363703199835e+00,9.992706673308421328e-01,-4.983132777438205041e-01,-8.510389040225456725e-01,-2.066707265058361109e+00,-1.044799115727740757e+00,2.409921650442961916e+00,-1.052201499102818794e+00,-3.162767756377813377e-01,-1.894932508266529148e+00,-1.027408743721086593e+00,3.907308911008436247e+00,2.698000375710990717e+00
2.928619079386257429e+00,-1.888535110001136885e-01,8.466647679886724065e-01,3.032865994225052431e-01,2.897441038717847306e-01,-2.128527900220529290e+00,-4.062959536457133147e+00,9.922383259680640499e-01,-5.003379677203100284e-01,-8.636020112093816259e-01,-2.073375480841467944e+00,-1.018671788823225732e+00,2.427888269949158406e+00,-1.055970350305259320e+00,-2.907572853146035419e-01,-1.871423761327722923e+00,-9.715944302435166602e-01,3.925504593298974942e+00,2.688207609911555718e+00
2.935290193462308128e+00,-1.822576970798406304e-01,8.433206746323922420e-01,2.974839456642782154e-01,2.758911779474971793e-01,-2.135236096409143247e+00,-4.046703077975910112e+00,9.851833238936401616e-01,-5.021930650469035307e-01,-8.760070275308680099e-01,-2.079668807870371783e+00,-9.924262574780723378e-01,2.445785859810817531e+00,-1.058995455248206152e+00,-2.654344296179350637e-01,-1.847537590428081966e+00,-9.150193501295638132e-01,3.942747082297504146e+00,2.677304155061330793e+00
2.941961307538358827e+00,-1.757090096907582000e-01,8.399647676820425346e-01,2.915990709144793414e-01,2.619975329895222194e-01,-2.141768829039773170e+00,-4.030327473528529936e+00,9.781106168287607705e-01,-5.038799120005647003e-01,-8.882514497071897219e-01,-2.085582216520486476e+00,-9.660688705608382332e-01,2.463606988406792375e+00,-1.061278640480354030e+00,-2.403173352589695888e-01,-1.823278371718367818e+00,-8.576972162459992610e-01,3.959039431603402548e+00,2.665283478081581503e+00
2.948632421614409527e+00,-1.692075504512924045e-01,8.365981649094118566e-01,2.856330547831444355e-01,2.480657199963144932e-01,-2.148125373028960450e+00,-4.013833258102599721e+00,9.710251471248764199e-01,-5.053999113665379461e-01,-9.003328038822124846e-01,-2.091110769865281327e+00,-9.396059554165852035e-01,2.481344182315780689e+00,-1.062822087543249694e+00,-2.154150153993475980e-01,-1.798650550173022333e+00,-7.996421060345448861e-01,3.974385039702350131e+00,2.652139581072731289e+00
2.955303535690460226e+00,-1.627533880600485205e-01,8.332219745284463741e-01,2.795869932842688366e-01,2.340983225851909488e-01,-2.154305045425532139e+00,-3.997221016671238303e+00,9.639318413988138268e-01,-5.067545256706955659e-01,-9.122486460807051056e-01,-2.096249626096867491e+00,-9.130438155794375898e-01,2.498989929900496509e+00,-1.063628331954373785e+00,-1.907363666155451609e-01,-1.773658639014829674e+00,-7.408684580301767575e-01,3.988787645947055704e+00,2.637867005454118008e+00
2.961974649766510925e+00,-1.563465584086491944e-01,8.298372947993321036e-01,2.734619986349557386e-01,2.200979563497814651e-01,-2.160307205244193174e+00,-3.980491384436001923e+00,9.568356081751918651e-01,-5.079452763917990943e-01,-9.239965626616821748e-01,-2.100994040922835815e+00,-8.863887285124103510e-01,2.516536684918654121e+00,-1.063700262028428600e+00,-1.662901659149339517e-01,-1.748307219130980084e+00,-6.813910682157999776e-01,4.002251326398022613e+00,2.622460835852185479e+00
2.968645763842561625e+00,-1.499870647102681254e-01,8.264452136378941383e-01,2.672591990515488791e-01,2.060672682015604051e-01,-2.166131253284151459e+00,-3.963645047045611491e+00,9.497413355372620325e-01,-5.089737431540378720e-01,-9.355741707678368879e-01,-2.105339369938210137e+00,-8.596469433754504452e-01,2.533976870159017292e+00,-1.063041117537299129e+00,-1.420850678044591753e-01,-1.722600938480409294e+00,-6.212250862140367147e-01,4.014780489527003837e+00,2.605916703734953987e+00
2.975316877918612324e+00,-1.436748776438090958e-01,8.230468082304513988e-01,2.609797385427868321e-01,1.920089356956520277e-01,-2.171776631932933022e+00,-3.946682740790365074e+00,9.426538887872080164e-01,-5.098415629001810112e-01,-9.469791187709766245e-01,-2.109281070971469330e+00,-8.328246788225937003e-01,2.551302881100857789e+00,-1.061654488209220926e+00,-1.181296014129298300e-01,-1.696544511492404927e+00,-5.603860113172047797e-01,4.026379871785501052e+00,2.588230790791024916e+00
2.981987991994663023e+00,-1.374099355136539358e-01,8.196431446542455923e-01,2.546247766999924500e-01,1.779256663410622719e-01,-2.177242824955612388e+00,-3.929605252772047308e+00,9.355781081169994851e-01,-5.105504290457208993e-01,-9.582090867134268608e-01,-2.112814706403550069e+00,-8.059281208291186882e-01,2.568507089595105430e+00,-1.059544312067751681e+00,-9.443216766784368055e-02,-1.670142718456343767e+00,-4.988896883563687101e-01,4.037054533040997484e+00,2.569399832051239230e+00
2.988659106070713722e+00,-1.311921444249138091e-01,8.162352775035819352e-01,2.481954884843359521e-01,1.638201968955464993e-01,-2.182529357269646475e+00,-3.912413421049232287e+00,9.285188062908601436e-01,-5.111020906143645126e-01,-9.692617867453298119e-01,-2.115935945458740974e+00,-7.789634205495912234e-01,2.585581847565433300e+00,-1.056714873611255268e+00,-7.100103652769496065e-02,-1.643400404902532363e+00,-4.367523034106808311e-01,4.046809851883530484e+00,2.549421118751407533e+00
2.995330220146764422e+00,-1.250213784740977219e-01,8.128242495217924413e-01,2.416930640111920325e-01,1.496952926452792265e-01,-2.187635794705524717e+00,-3.895108134757814700e+00,9.214807663404063209e-01,-5.114983513552474603e-01,-9.801349635577851771e-01,-2.118640566466444053e+00,-7.519366922076342608e-01,2.602519490727605689e+00,-1.053170801833607229e+00,-4.784434427061989847e-02,-1.616322480974051512e+00,-3.739903793580545699e-01,4.055651520805252375e+00,2.528292500934545384e+00
3.002001334222815121e+00,-1.188974799551129335e-01,8.094110912391524471e-01,2.351187083316228776e-01,1.355537466695456439e-01,-2.192561743753451253e+00,-3.877690334206688405e+00,9.144687392735231235e-01,-5.117410688422538989e-01,-9.908263948117680409e-01,-2.120924459092711878e+00,-7.248540110182810636e-01,2.619312342325285758e+00,-1.048917068086989701e+00,-2.497009084030654691e-02,-1.588913920789541301e+00,-3.106207712685100653e-01,4.063585541255781308e+00,2.506012389791205663e+00
3.008672448298865820e+00,-1.128202595804992381e-01,8.059968206168606208e-01,2.284736412110133230e-01,1.213983790906408566e-01,-2.197306851296273678e+00,-3.860161010948442328e+00,9.074874417980123287e-01,-5.118321535558199020e-01,-1.001333891562765865e+00,-2.122783626540543089e+00,-6.977214111437097799e-01,2.635952716880597624e+00,-1.043958983787633299e+00,-2.386137249955733175e-03,-1.561179761796838594e+00,-2.466606616413915543e-01,4.070618218576093739e+00,2.482579759736625036e+00
3.015343562374916520e+00,-1.067894967177989152e-01,8.025824426972077985e-01,2.217590969048877092e-01,1.072320363092062190e-01,-2.201870804328896369e+00,-3.842521207825001728e+00,9.005415540610804959e-01,-5.117735679476210775e-01,-1.011655298681074733e+00,-2.124214187717884172e+00,-6.705448836831842119e-01,2.652432923957649180e+00,-1.038302197965502494e+00,1.989979695480947885e-02,-1.533125104117401216e+00,-1.821275554879298042e-01,4.076756156813831744e+00,2.457994150223488106e+00
3.022014676450967219e+00,-1.008049396409489984e-01,7.991689492600310141e-01,2.149763239319383290e-01,9.305759022520543322e-02,-2.206253329664387142e+00,-3.824772018988108702e+00,8.936357174056775987e-01,-5.115673254885225729e-01,-1.021788495267687891e+00,-2.125212379372310334e+00,-6.433303746979591731e-01,2.668745271937279284e+00,-1.031952694658930136e+00,4.188013617337094097e-02,-1.504755109881435349e+00,-1.170392752605018405e-01,4.082006253422894915e+00,2.432255667289279444e+00
3.028685790527017918e+00,-9.486630579658497653e-02,7.957573184855860626e-01,2.081265848442933886e-01,7.887793744478205360e-02,-2.210454193627042763e+00,-3.806914589894614842e+00,8.867745321447408902e-01,-5.112154897002166853e-01,-1.031731395065720314e+00,-2.125774558191380059e+00,-6.160837832719331386e-01,2.684882071801220071e+00,-1.024916790155339097e+00,6.354745116701121521e-02,-1.476075002553649318e+00,-5.141395563019290904e-02,4.086375693850287760e+00,2.405364984837273123e+00
3.035356904603068617e+00,-8.897328208512708669e-02,7.923485146239228616e-01,2.012111559950556794e-01,6.469599847321400032e-02,-2.214473201732623853e+00,-3.788950117276466134e+00,8.799625553543470868e-01,-5.107201731709286596e-01,-1.041481946867303110e+00,-2.125897202867642832e+00,-5.888109596087691688e-01,2.700835640923937575e+00,-1.017201130079195881e+00,8.489446141461043371e-02,-1.447090066249554496e+00,1.472996188585296018e-02,4.089871946013179382e+00,2.377323345650359077e+00
3.042028018679119317e+00,-8.312552515652432694e-02,7.889434876708848465e-01,1.942313273031418541e-01,5.051471689421876965e-02,-2.218310198356030494e+00,-3.770879849085406299e+00,8.732042986868092660e-01,-5.100835365556233292e-01,-1.051038134915884825e+00,-2.125576916127305704e+00,-5.615177031662283991e-01,2.716598306870315227e+00,-1.008812686328470987e+00,1.059140374063670675e-01,-1.417805645042233165e+00,8.137373444554674151e-02,4.092502754669254728e+00,2.348132562137008605e+00
3.048699132755170016e+00,-7.732266172051915909e-02,7.855431730508287691e-01,1.871884020154544470e-01,3.633705853585039725e-02,-2.221965066386647703e+00,-3.752705084412312875e+00,8.665042262046989130e-01,-5.093077875611125016e-01,-1.060397979303875360e+00,-2.124810426721589707e+00,-5.342097608284026578e-01,2.732162411197443408e+00,-9.997587538608938562e-01,1.265992028748509357e-01,-1.388227142259508051e+00,1.484983235497658871e-01,4.094276135683379891e+00,2.317795016808841257e+00
3.055370246831220715e+00,-7.156428887128751803e-02,7.821484913061589328e-01,1.800836964664155049e-01,2.216601062323012017e-02,-2.225437726871634325e+00,-3.734427173381162035e+00,8.598667522368133032e-01,-5.083951799164907470e-01,-1.069559536365571439e+00,-2.123594591379777796e+00,-5.068928251165262244e-01,2.747520313258689839e+00,-9.900469473313955326e-01,1.469431369627464123e-01,-1.358360019771414740e+00,2.160844008552873508e-01,4.095200370193732731e+00,2.286313662489296572e+00
3.062041360907271415e+00,-6.584997442630635689e-02,7.787603477937854457e-01,1.729185398348950797e-01,8.004580918391179800e-03,-2.228728138647401380e+00,-3.716047517017620372e+00,8.532962392570666577e-01,-5.073480123293274691e-01,-1.078520899065294358e+00,-2.121926396723008423e+00,-4.795725324390442967e-01,2.762664394008252255e+00,-9.796851975821987413e-01,1.669391763265838380e-01,-1.328209797267911885e+00,2.841123541308103739e-01,4.095283998680590898e+00,2.253692022253162452e+00
3.068712474983322114e+00,-6.017925727929285262e-02,7.753796323885838726e-01,1.656942738985679453e-01,-6.144203152522953459e-03,-2.231836297959553850e+00,-3.697567567092252094e+00,8.467969957872790721e-01,-5.061686274280309261e-01,-1.087280197380674052e+00,-2.119802961137871478e+00,-4.522544613815547843e-01,2.777587059804431657e+00,-9.686817479870424297e-01,1.865808171758979173e-01,-1.297782051526758407e+00,3.525622933542527093e-01,4.094535814940883256e+00,2.219934189096695487e+00
3.075383589059372813e+00,-5.455164776705162533e-02,7.720072191939632011e-01,1.584122527857284579e-01,-2.027729538441103152e-02,-2.234762238071550833e+00,-3.678988825938375840e+00,8.403732743248423231e-01,-5.048594106908368406e-01,-1.095835598681022871e+00,-2.117221536608850041e+00,-4.249441310372598091e-01,2.792280746209783615e+00,-9.570451506511576945e-01,2.058617172471581824e-01,-1.267082415671463291e+00,4.214140569492146327e-01,4.092964859971859326e+00,2.185044825338319452e+00
3.082054703135423512e+00,-4.896662805005996821e-02,7.686439662596146194e-01,1.510738427245977011e-01,-3.439163169046091650e-02,-2.237506028862376262e+00,-3.660312846244567986e+00,8.340292692962043564e-01,-5.034227893618380412e-01,-1.104185308100718910e+00,-2.114179510508712667e+00,-3.976469993785050061e-01,2.806737921786393475e+00,-9.447842624686079160e-01,2.247756977119567123e-01,-1.236116578419243162e+00,4.906472181586689629e-01,4.090580415767037792e+00,2.149029161749902883e+00
3.088725817211474212e+00,-4.342365250661944787e-02,7.652907153065408030e-01,1.436804217901575531e-01,-4.848413101118770330e-02,-2.240067776413475098e+00,-3.641541230821881747e+00,8.277691150371366824e-01,-5.018612313545124382e-01,-1.112327568907541586e+00,-2.110674407345921377e+00,-3.703684616700007037e-01,2.820951091884437378e+00,-9.319082410387427018e-01,2.433167450188583603e-01,-1.204890283318916566e+00,5.602410915536482072e-01,4.087391999027834899e+00,2.111892996418839097e+00
3.095396931287524911e+00,-3.792214814038583071e-02,7.619482914594331024e-01,1.362333796485433735e-01,-6.255169623499542975e-02,-2.242447622585246769e+00,-3.622675632345815799e+00,8.215968838006982855e-01,-5.001772441431806548e-01,-1.120260662865890433e+00,-2.106703890468187623e+00,-3.431138489242553380e-01,2.834912802422278943e+00,-9.184265404434968083e-01,2.614790126684536364e-01,-1.173409327978643946e+00,6.301747396748571539e-01,4.083409354794126145e+00,2.073642693341178234e+00
3.102068045363575610e+00,-3.246151500109747956e-02,7.586175029864907771e-01,1.287341172990326132e-01,-7.659121512993963266e-02,-2.244645744583382729e+00,-3.603717753073101715e+00,8.155165837938371798e-01,-4.983733736428522243e-01,-1.127982910594816257e+00,-2.102265763721274716e+00,-3.158884263997716602e-01,2.848615643656253749e+00,-9.043489068874257519e-01,2.792568229210669051e-01,-1.141679563283465093e+00,7.004269798048410323e-01,4.078642449997200714e+00,2.034285180746289612e+00
3.108739159439626309e+00,-2.704112661829899400e-02,7.552991410467425615e-01,1.211840468136593102e-01,-9.059956128642077111e-02,-2.246662354515319482e+00,-3.584669344533368829e+00,8.095321572435232316e-01,-4.964522030778996120e-01,-1.135492671920798724e+00,-2.097357973062196734e+00,-2.886973921424864642e-01,2.862052253938421220e+00,-8.896853742023261846e-01,2.966446684367100017e-01,-1.109706892602528194e+00,7.709763908685325351e-01,4.073101466938414461e+00,1.993827949153532897e+00
3.115410273515677009e+00,-2.166033044786977446e-02,7.519939794449579384e-01,1.135845910744977816e-01,-1.045735950704690109e-01,-2.248497698937116596e+00,-3.565532207195809544e+00,8.036474784933246296e-01,-4.944163518400237489e-01,-1.142788346225200646e+00,-2.091978608125963479e+00,-2.615458755709734184e-01,2.875215323460423633e+00,-8.744462592184543137e-01,3.136372138468056514e-01,-1.077497270985985800e+00,8.418013204596725974e-01,4.066796796697049743e+00,1.952279049161685043e+00
3.122081387591727708e+00,-1.631844833114126647e-02,7.487027743942064051e-01,1.059371835086407726e-01,-1.185101645873367915e-01,-2.250152058391036825e+00,-3.546308190110896597e+00,7.978663521312967521e-01,-4.922684743359592163e-01,-1.149868372786330806e+00,-2.086125903745031707e+00,-2.344389361058303312e-01,2.888097597981729159e+00,-8.586421570043292206e-01,3.302292972573109830e-01,-1.045056704351434274e+00,9.128798919907985532e-01,4.059739032470797149e+00,1.909647088971833551e+00
3.128752501667778407e+00,-1.101477696640329462e-02,7.454262642861414490e-01,9.824326782091891141e-02,-1.324061066550590304e-01,-2.251625746934132977e+00,-3.526999190527300154e+00,7.921925111500554006e-01,-4.900112588253855983e-01,-1.156731231116042036e+00,-2.079798241420667271e+00,-2.073815618437212516e-01,2.900691882540471056e+00,-8.422839359772174017e-01,3.464159316828134827e-01,-1.012391248659884946e+00,9.841900119642057465e-01,4.051938962852290160e+00,1.865941231644723919e+00
3.135423615743829107e+00,-5.748588392565812111e-03,7.421651694690631906e-01,9.050429772438831066e-02,-1.462582477876719911e-01,-2.252919111658144846e+00,-3.507607153484107343e+00,7.866296151399112535e-01,-4.876474262495003043e-01,-1.163375441290800616e+00,-2.072994150745380182e+00,-1.803786682764637606e-01,2.912991045145076452e+00,-8.253827328864677959e-01,3.621923064113063973e-01,-9.795070090811459629e-01,1.055709377361403023e+00,4.043407565045339602e+00,1.821171192093542057e+00
3.142094729819879806e+00,-5.191304847722011395e-04,7.389201920338317464e-01,8.272173666863343044e-02,-1.600634051877508068e-01,-2.254032532200991312e+00,-3.488134071378483636e+00,7.811812485158622366e-01,-4.851797290507198768e-01,-1.169799564277148374e+00,-2.065712310775706939e+00,-1.534350970555770077e-01,2.924988020444991843e+00,-8.079499476718358109e-01,3.775537882992548999e-01,-9.464101391486083870e-01,1.127415483148409336e+00,4.034155998024174572e+00,1.775347233813327152e+00
3.148765843895930505e+00,4.674372538284093936e-03,7.356920156076762751e-01,7.489705756591258368e-02,-1.738183877479425321e-01,-2.254966420250185344e+00,-3.468581983508924438e+00,7.758509187793271034e-01,-4.826109499839755235e-01,-1.176002202251493989e+00,-2.057951551354515907e+00,-1.265556148026301120e-01,2.936675813378681443e+00,-7.899972381991411385e-01,3.924959229967120988e-01,-9.131068399033184235e-01,1.199285629894257577e+00,4.024195595639460166e+00,1.728480165348278863e+00
3.155436957971981204e+00,9.832719595558647718e-03,7.324813051559656563e-01,6.703174251519171400e-02,-1.875199970611476363e-01,-2.255721219038455683e+00,-3.448952975594242965e+00,7.706420548153756211e-01,-4.799439009200691109e-01,-1.181981998914158671e+00,-2.049710854382140290e+00,-9.974491196575852037e-02,2.948047502797219721e+00,-7.715365148754835811e-01,4.070144361021709178e-01,-8.796033590273190095e-01,1.271296931499966920e+00,4.013537859674441322e+00,1.680581336498349287e+00
3.162108072048031904e+00,1.495673221361815131e-02,7.292887067919863187e-01,5.912728252410411056e-02,-2.011650284390040233e-01,-2.256297402831904719e+00,-3.429249179268483161e+00,7.655580052262923596e-01,-4.771814216415609655e-01,-1.187737639797598055e+00,-2.040989355035578878e+00,-7.300760172266163028e-02,2.959096245061680008e+00,-7.525799351464638187e-01,4.211052342469335796e-01,-8.459059899661918180e-01,1.343426323035191050e+00,4.002194452854946682e+00,1.631662634266685119e+00
3.168779186124082603e+00,2.004725398561066352e-02,7.261148475947727388e-01,5.118517722886980342e-02,-2.147502719383413416e-01,-2.256695476410995660e+00,-3.409472771551912640e+00,7.606020367022282569e-01,-4.743263786316573305e-01,-1.193267852568743903e+00,-2.031786342935066436e+00,-4.634821893036522589e-02,2.969815277612657844e+00,-7.331398978777727837e-01,4.347644061087843070e-01,-8.120210710407232968e-01,1.415650568679777566e+00,3.990177191816739466e+00,1.581736478549488067e+00
3.175450300200133302e+00,2.510515001948940284e-02,7.229603354350460087e-01,4.320693461222077647e-02,-2.282725133952248353e-01,-2.256915974544696724e+00,-3.389625974298314581e+00,7.557773324297184514e-01,-4.713816638565760941e-01,-1.198571407325374816e+00,-2.022101263257328974e+00,-1.977121912204327092e-02,2.980197922510163799e+00,-7.132290376236827267e-01,4.479882233547554105e-01,-7.779549845476778636e-01,1.487946269767250529e+00,3.977498040033873306e+00,1.530815817570137405e+00
3.182121414276184002e+00,3.013130637575027471e-02,7.198257588092887849e-01,3.519407071936742071e-02,-2.417285354662599139e-01,-2.256959461458084792e+00,-3.369711053618752672e+00,7.510869905387999035e-01,-4.683501935418532547e-01,-1.203647116886458424e+00,-2.011933717794842202e+00,6.719022448874567566e-03,2.990237589942226659e+00,-6.928602187849031147e-01,4.607731415128619723e-01,-7.437141558495989901e-01,1.560289872927407284e+00,3.964169100711626648e+00,1.478914123059369423e+00
3.188792528352234701e+00,3.512662949493844389e-02,7.167116866820092413e-01,2.714810937204975919e-02,-2.551151186767715018e-01,-2.256826530293739808e+00,-3.349730319282055557e+00,7.465340225894693260e-01,-4.652349069430800621e-01,-1.208493837076378030e+00,-2.001283465960449259e+00,3.311821171706630373e-02,2.999927781700483909e+00,-6.720465296584546833e-01,4.731158007726348202e-01,-7.093050524536124168e-01,1.632657678324912487e+00,3.950202609647663010e+00,1.426045385183591474e+00
3.195463642428285400e+00,4.009204561519327803e-02,7.136186683362168992e-01,1.907058188071279747e-02,-2.684290424755054749e-01,-2.256517802567222564e+00,-3.329686124092216204e+00,7.421213520981856382e-01,-4.620387651115308025e-01,-1.213110467002982418e+00,-1.990150425736710194e+00,5.942213666596574129e-02,3.009262094621119044e+00,-6.508012763821288127e-01,4.850130267143816232e-01,-6.747341830791757644e-01,1.705025847990962573e+00,3.935610928065033320e+00,1.372224107223368961e+00
3.202134756504336099e+00,4.502850018009801891e-02,7.105472332321527418e-01,1.096302675484546810e-02,-2.816670862954792076e-01,-2.256033927616990731e+00,-3.309580863242962856e+00,7.378518131051120532e-01,-4.587647496551643944e-01,-1.217495949329378657e+00,-1.978534674569358387e+00,8.562666814051955733e-02,3.018234223989468390e+00,-6.291379767762345088e-01,4.964618309670751906e-01,-6.400080967147299127e-01,1.777370414244898056e+00,3.920406535420629002e+00,1.317465300004351914e+00
3.208805870580386799e+00,4.993695723710864232e-02,7.074978908742971528e-01,2.826989411532280713e-03,-2.948260306205991998e-01,-2.255375582049036431e+00,-3.289416973649742726e+00,7.337281487827828075e-01,-4.554158614954783579e-01,-1.221649270539391097e+00,-1.966436450204295472e+00,1.117277606118858291e-01,3.026837966906644084e+00,-6.070703540853830127e-01,5.074594117948397765e-01,-6.051333816632367135e-01,1.849667288202590409e+00,3.904602022192804611e+00,1.261784476082997930e+00
3.215476984656437498e+00,5.481839882684222398e-02,7.044711306866837663e-01,-5.335978117749473268e-03,-3.079026580576776917e-01,-2.254543469176589987e+00,-3.269196933259377325e+00,7.297530100868342418e-01,-4.519951196206855037e-01,-1.225569461196619914e+00,-1.953856151467536773e+00,1.377214528939679772e-01,3.035067225616580266e+00,-5.846123306230219807e-01,5.180031546119890917e-01,-5.701166645765436414e-01,1.921892268368516232e+00,3.888210082651669897e+00,1.205197643689486231e+00
3.222148098732488197e+00,5.967382436350300579e-02,7.014674218965448738e-01,-1.352431748203473429e-02,-3.208937544134531361e-01,-2.253538318455207801e+00,-3.248923260337662544e+00,7.259289544494587076e-01,-4.485055598356970652e-01,-1.229255596197018630e+00,-1.940794338987576140e+00,1.636038688116621120e-01,3.042916010791846482e+00,-5.617780213216053697e-01,5.280906324266405605e-01,-5.349646094785662775e-01,1.994021049308188687e+00,3.871243507615851787e+00,1.147721300430486036e+00
3.228819212808538897e+00,6.450425000674234188e-02,6.984872134262974930e-01,-2.173646430744394925e-02,-3.337961097762485174e-01,-2.252360884913553019e+00,-3.228598512735180837e+00,7.222584445161895905e-01,-4.449502335093770133e-01,-1.232706795014917756e+00,-1.927251735859624837e+00,1.893712178207623831e-01,3.050378444776677078e+00,-5.385817271911941262e-01,5.377196062129464549e-01,-4.996839167772330059e-01,2.066029230397825156e+00,3.853715177199225295e+00,1.089372426754335876e+00
3.235490326884589596e+00,6.931070802523356389e-02,6.955309337939038494e-01,-2.997084849537069717e-02,-3.466065196018518479e-01,-2.251011948580217581e+00,-3.208225287131636794e+00,7.187438469266256291e-01,-4.413322063195599387e-01,-1.235922221942419519e+00,-1.913229228251242198e+00,2.150197955794428406e-01,3.057448764785604567e+00,-5.150379286894538611e-01,5.468880252119747709e-01,-4.642813222652059091e-01,2.137892324647771680e+00,3.835638053551354787e+00,1.030168479181564400e+00
3.242161440960640295e+00,7.409424615226092858e-02,6.925989910216033829e-01,-3.822589452224810225e-02,-3.593217858032515810e-01,-2.249492313906876095e+00,-3.187806218259001678e+00,7.153874311396648533e-01,-4.376545569962934090e-01,-1.238901086322090617e+00,-1.898727865948862448e+00,2.405459844713064843e-01,3.064121326056170602e+00,-4.911612790059205480e-01,5.555940271613475367e-01,-4.287635961093281822e-01,2.209585767596499828e+00,3.817025173595176124e+00,9.701273833035104488e-01
3.248832555036690994e+00,7.885592693362267203e-02,6.896917725530378185e-01,-4.650002174083939233e-02,-3.719387178438067210e-01,-2.247802809188125917e+00,-3.167343978103785762e+00,7.121913683038232357e-01,-4.339203760637905805e-01,-1.241642642772871064e+00,-1.883748862844773164e+00,2.659462540799758523e-01,3.070390604954161162e+00,-4.669665972636001250e-01,5.638359384537462438e-01,-3.931375418288116652e-01,2.281084926271646829e+00,3.797889641765647362e+00,9.092675265521950045e-01
3.255503669112741694e+00,8.359682706815141362e-02,6.868096451787668588e-01,-5.479164468301986335e-02,-3.844541338334824809e-01,-2.245944285978316746e+00,-3.146841275088748890e+00,7.091577301731735172e-01,-4.301327645815540279e-01,-1.244146191409135627e+00,-1.868293597364078185e+00,2.912171616152768872e-01,3.076251202029855136e+00,-4.424688616408432029e-01,5.716122742244353905e-01,-3.574099952621083709e-01,2.352365108214822254e+00,3.778244622752891857e+00,8.476077507444017556e-01
3.262174783188792393e+00,8.831803674115364100e-02,6.839529549701875988e-01,-6.309917336399196996e-02,-3.968648616277183905e-01,-2.243917618505698819e+00,-3.126300853234408095e+00,7.062884880694266787e-01,-4.262948328851628998e-01,-1.246411078052818588e+00,-1.852363612831270157e+00,3.163553522910160787e-01,3.081697845023777305e+00,-4.176832024166281521e-01,5.789217383679525764e-01,-3.215878235225096970e-01,2.423401570566570129e+00,3.758103334253514394e+00,7.851673444033386851e-01
3.268845897264843092e+00,9.302065895108263538e-02,6.811220272218526661e-01,-7.142101358789432197e-02,-4.091677399285462702e-01,-2.241723703084210317e+00,-3.105725491300644237e+00,7.035855118906517713e-01,-4.224096993271751477e-01,-1.248436694438539218e+00,-1.835960617775999282e+00,3.413575596544503599e-01,3.086725391820517750e+00,-3.926248949422905810e-01,5.857632234841787522e-01,-2.856779239424381833e-01,2.494169529208094982e+00,3.737479039733622166e+00,7.219660348610879019e-01
3.275517011340893792e+00,9.770580882974974624e-02,6.783171664021881986e-01,-7.975556725475324571e-02,-4.213596193875401852e-01,-2.239363457523233514e+00,-3.085118001908801144e+00,7.010505691671187201e-01,-4.184804890186319404e-01,-1.250222478411642024e+00,-1.819086486177686535e+00,3.662206058675137599e-01,3.091328833349134442e+00,-3.673093525428446915e-01,5.921358107539904658e-01,-2.496872230064588194e-01,2.564644167956177334e+00,3.716385041207137974e+00,6.580239801453218185e-01
3.282188125416944491e+00,1.023746129564069018e-01,6.755386561125982237e-01,-8.810123266873587378e-02,-4.334373637102000854e-01,-2.236837820535630073e+00,-3.064481230644601428e+00,6.986853241647336121e-01,-4.145103325716182896e-01,-1.251767914119085390e+00,-1.801743257648600993e+00,3.909414019399500839e-01,3.095503296428703699e+00,-3.417521193511090516e-01,5.980387697447855366e-01,-2.136226752729690481e-01,2.634800647807718832e+00,3.694834672033075584e+00,5.933617606538206246e-01
3.288859239492995190e+00,1.070282086659953003e-01,6.727867590549596599e-01,-9.645640484764952949e-02,-4.453978507613441384e-01,-2.234147751144382354e+00,-3.043818055142274215e+00,6.964913370364791412e-01,-4.105023648433610561e-01,-1.253072532193096444e+00,-1.783933137555145265e+00,4.155169479144493194e-01,3.099244046557667165e+00,-3.159688630777287566e-01,6.034715581460921019e-01,-1.774912622846427646e-01,2.704614116230344312e+00,3.672841289735124803e+00,5.280003706203588720e-01
3.295530353569045889e+00,1.116677433519042417e-01,6.700617170074854023e-01,-1.048194758336411653e-01,-4.572379736711046361e-01,-2.231294228088162690e+00,-3.023131384150268275e+00,6.944700630223030746e-01,-4.064597236823185300e-01,-1.254135909927520887e+00,-1.765658497076993960e+00,4.399443330039733979e-01,3.102546490645526234e+00,-2.899753677204421343e-01,6.084338214356189711e-01,-1.412999914675987512e-01,2.774059716495375305e+00,3.650418268847305914e+00,4.619612093757767823e-01
3.302201467645096589e+00,1.162943737635481339e-01,6.673637508089442782e-01,-1.131888350050515302e-01,-4.689546419411130818e-01,-2.228278249226137486e+00,-3.002424156578930248e+00,6.926228516978303329e-01,-4.023855486767298761e-01,-1.254957671446790490e+00,-1.746921873203852726e+00,4.642207356814517794e-01,3.105406179685595625e+00,-2.637875262157264311e-01,6.129253924760424965e-01,-1.050558950193283547e-01,2.843112597049621826e+00,3.627578993788994843e+00,3.952660724079395393e-01
3.308872581721147288e+00,1.209092652990992750e-01,6.646930603512243296e-01,-1.215628693893687634e-01,-4.805447825504494674e-01,-2.225100830942342789e+00,-2.981699340530565401e+00,6.909509462722849271e-01,-3.982829799060896292e-01,-1.255537487867435908e+00,-1.727725968669575618e+00,4.883434237220498630e-01,3.107818811367432321e+00,-2.374213330362133223e-01,6.169462910428895608e-01,-6.876602878541565600e-02,2.911747920922183042e+00,3.604336851772979688e+00,3.279371422246244450e-01
3.315543695797197987e+00,1.255135912937024034e-01,6.620498245802062254e-01,-1.299399639772376713e-01,-4.920053410609508404e-01,-2.221763007549924840e+00,-2.960959932312253073e+00,6.894554829359633707e-01,-3.941551566959897168e-01,-1.255875077452068833e+00,-1.708073651823411421e+00,5.123097541982554182e-01,3.109780232627683105e+00,-2.108928767370863988e-01,6.204967232839010416e-01,-3.243747112505565577e-02,2.979940875162711222e+00,3.580705225749890808e+00,2.599969790232052880e-01
3.322214809873248687e+00,1.301085323035013341e-01,6.594342015049390326e-01,-1.383185020374682883e-01,-5.033332827214419547e-01,-2.218265830695575147e+00,-2.940208955431883542e+00,6.881374902575975172e-01,-3.900052163768064073e-01,-1.255970205755755353e+00,-1.687967956438205075e+00,5.361171734280170131e-01,3.111286442138034403e+00,-1.842183324548785639e-01,6.235770811102717692e-01,3.922678234556720156e-03,3.047666680307234977e+00,3.556697487392529666e+00,1.914685111713745336e-01
3.328885923949299386e+00,1.346952753858108864e-01,6.568463282150763805e-01,-1.466968654329956767e-01,-5.145255935704827754e-01,-2.214610368764469150e+00,-2.919449459577782680e+00,6.869978886319020317e-01,-3.858362930466668894e-01,-1.255822685764715230e+00,-1.667412081455364792e+00,5.597632168762255445e-01,3.112333592729064513e+00,-1.574139543619401671e-01,6.261879415201894172e-01,4.030729935495136473e-02,3.114900599867947761e+00,3.532326990123432431e+00,1.223750255029467660e-01
3.335557038025350085e+00,1.392750133757730546e-01,6.542863209065566954e-01,-1.550734349377402288e-01,-5.255792815371946869e-01,-2.210797706286007802e+00,-2.898684519582407582e+00,6.860374897775999292e-01,-3.816515163391623888e-01,-1.255432378027261153e+00,-1.646409390666456529e+00,5.832455090098358497e-01,3.112917993748734347e+00,-1.304960680800373862e-01,6.283300658551344009e-01,7.670925325416469431e-02,3.181617949843054571e+00,3.507607062189144642e+00,5.274015743314963700e-02
3.342228152101400784e+00,1.438489441598367335e-01,6.517542749154768833e-01,-1.634465905543148745e-01,-5.364913775397613938e-01,-2.206828943340697347e+00,-2.877917234370511057e+00,6.852569962861905228e-01,-3.774540101962308158e-01,-1.254799190776916706e+00,-1.624963412331286605e+00,6.065617631069575300e-01,3.113036113354347378e+00,-1.034810630564187428e-01,6.300043989894278385e-01,1.131213830855363756e-01,3.247794108243018840e+00,3.482550999784483459e+00,-1.741211910234952143e-02
3.348899266177451484e+00,1.484182699463904298e-01,6.492502647601443577e-01,-1.718147118325268619e-01,-5.472589365811643125e-01,-2.202705194968431091e+00,-2.857150725892251941e+00,6.846570012216837142e-01,-3.732468916466813447e-01,-1.253923080047631089e+00,-1.603077838732410054e+00,6.297097810202392232e-01,3.112684580736831297e+00,-7.638538490577412299e-02,6.312120684534936466e-01,1.495365153274415826e-01,3.313404524629286918e+00,3.457172060230141675e+00,-8.805750188019123570e-02
3.355570380253502183e+00,1.529841965339025500e-01,6.467743441912494617e-01,-1.801761781886229707e-01,-5.578790388417304014e-01,-2.198427590578522217e+00,-2.836388138041693985e+00,6.842379877715316638e-01,-3.690332695907800886e-01,-1.252804049781020002e+00,-1.580756525665952594e+00,6.526874528949444532e-01,3.111860188276167172e+00,-4.922552772156962853e-02,6.319543834914052027e-01,1.859474609839231740e-01,3.378424729661715364e+00,3.431483455206970845e+00,-1.591713707892825624e-01
3.362241494329552882e+00,1.575479325768949779e-01,6.443265462501318597e-01,-1.885293692252201225e-01,-5.683487907680772055e-01,-2.193997273361754985e+00,-2.815632635561159614e+00,6.840003289489434701e-01,-3.648162435913457902e-01,-1.251442151925562962e+00,-1.558003491868750867e+00,6.754927568420654449e-01,3.110559893626938521e+00,-2.201802636011190861e-02,6.322328340532196167e-01,2.223470167961155153e-01,3.442830344650881891e+00,3.405498344050088111e+00,-2.307287983934722675e-01
3.368912608405603581e+00,1.621106888501161192e-01,6.419068833350808356e-01,-1.968726650518759225e-01,-5.786653261580201324e-01,-2.189415399704774945e+00,-2.794887402931898635e+00,6.839442873467578288e-01,-3.605989026717750789e-01,-1.249837486527681119e+00,-1.534822918381724133e+00,6.981237585669458623e-01,3.108780821732827881e+00,5.220551299075337770e-03,6.320490897227297733e-01,2.587279664644447363e-01,3.506597091111369302e+00,3.379229827106190243e+00,-3.027045606521321375e-01
3.375583722481654281e+00,1.666736775112309665e-01,6.395153472756366364e-01,-2.052044466062345196e-01,-5.888258072410222921e-01,-2.184683138607089958e+00,-2.774155643251568382e+00,6.840700149430114507e-01,-3.563843241214434410e-01,-1.247990201814627831e+00,-1.511219147849557132e+00,7.205786109537711814e-01,3.106520266769136729e+00,3.247361211321753149e-02,6.314049985811597265e-01,2.950830818814497158e-01,3.569700800312230804e+00,3.352690939157081829e+00,-3.750731477940263403e-01
3.382254836557704980e+00,1.712381113623966389e-01,6.371519094148305751e-01,-2.135230959757019042e-01,-5.988274257537568035e-01,-2.179801671101007088e+00,-2.753440577098991593e+00,6.843775529583394635e-01,-3.521755723088950130e-01,-1.245900494269117864e+00,-1.487196683756669024e+00,7.428555536064493925e-01,3.103775694012229192e+00,5.972454545298444550e-02,6.303025860074897846e-01,3.314051243752067499e-01,3.632117422820689168e+00,3.325894642912726518e+00,-4.478087753394872639e-01
3.388925950633755679e+00,1.758052031110494129e-01,6.348165206993204857e-01,-2.218269967195860282e-01,-6.086674040103612349e-01,-2.174772189674757605e+00,-2.732745441386697394e+00,6.848668317652951698e-01,-3.479756975032460842e-01,-1.243568608695629019e+00,-1.462760189599570104e+00,7.649529123462874836e-01,3.100544741634986945e+00,8.695673099254591643e-02,6.287440534159952632e-01,3.676868459631936759e-01,3.693823038035249695e+00,3.298853822576794492e+00,-5.208853952661727238e-01
3.395597064709806379e+00,1.803761646302752264e-01,6.325091117773528060e-01,-2.301145341916582543e-01,-6.183429959669611842e-01,-2.169595897699133857e+00,-2.712073488201719229e+00,6.855376708496793148e-01,-3.437877347042137544e-01,-1.240994838278301149e+00,-1.437914487995635149e+00,7.868690986670361376e-01,3.096825222427296076e+00,1.141535465093493906e-01,6.267317769317199971e-01,4.039209906165802111e-01,3.754793863704301682e+00,3.271581277487877415e+00,-5.942767073132548816e-01
3.402268178785857078e+00,1.849522062190803173e-01,6.302295931045077682e-01,-2.383840958630671358e-01,-6.278514882800340091e-01,-2.164274008857887122e+00,-2.691427983635180876e+00,6.863897788239183839e-01,-3.396147024811922988e-01,-1.238179524630369732e+00,-1.412664559728469715e+00,8.086026091477380717e-01,3.092615125440680846e+00,1.412983756902497223e-01,6.242683060045083332e-01,4.401002955347496082e-01,3.815006265426342580e+00,3.244089715839308496e+00,-6.679561704191838700e-01
3.408939292861907777e+00,1.895345358629356991e-01,6.279778550571508688e-01,-2.466340716455563409e-01,-6.371902013581929314e-01,-2.158807746582191545e+00,-2.670812206601166139e+00,6.874227534925366756e-01,-3.354596018217752551e-01,-1.235123057835060711e+00,-1.387015542729952644e+00,8.301520248239716571e-01,3.087912617556205497e+00,1.683746159403503029e-01,6.213563619623569956e-01,4.762174924300016099e-01,3.874436766127887566e+00,3.216391748480618151e+00,-7.418970142877618912e-01
3.415610406937958476e+00,1.941243584949270962e-01,6.257537680535395497e-01,-2.548628542149262710e-01,-6.463564904069701855e-01,-2.153198343489436617e+00,-2.650229447645374936e+00,6.886360819697159297e-01,-3.313254149901277423e-01,-1.231825876477882664e+00,-1.360972730999138403e+00,8.515160105180200611e-01,3.082716044974799452e+00,1.953656861911273745e-01,6.179988365047808241e-01,5.122653088222937079e-01,3.933062055515223143e+00,3.188499882803537577e+00,-8.160722510774935934e-01
3.422281521014009176e+00,1.987228752578598656e-01,6.235571826825075936e-01,-2.630688393346796716e-01,-6.553477464661777718e-01,-2.147447040826620857e+00,-2.629683007744115564e+00,6.900291408489338529e-01,-3.272151043956114114e-01,-1.228288467670249684e+00,-1.334541573458218222e+00,8.726933141285264650e-01,3.077023934629214530e+00,2.222550347042972496e-01,6.141987901369490022e-01,5.482364693438841474e-01,3.990858999496063042e+00,3.160426516715408862e+00,-8.904546872089493803e-01
3.428952635090059875e+00,2.033312827676814205e-01,6.213879298396617346e-01,-2.712504261798024396e-01,-6.641613974394270370e-01,-2.141555087918623812e+00,-2.609176197094124738e+00,6.916011964246393529e-01,-3.231316114720466093e-01,-1.224511367064362810e+00,-1.307727672745707448e+00,8.936827658802837249e-01,3.070834995516810828e+00,2.490261468678405254e-01,6.099594505453860283e-01,5.841236970537966311e-01,4.047804649567225077e+00,3.132183932702911733e+00,-9.650169352847983717e-01
3.435623749166110574e+00,2.079507723785405104e-01,6.192458208710229783e-01,-2.794060176606054102e-01,-6.727949091153896388e-01,-2.135523741621609073e+00,-2.588712333893774087e+00,6.933514049659009748e-01,-3.190778555680034989e-01,-1.220495158859298046e+00,-1.280536783947165302e+00,9.144832775346851683e-01,3.064148119952494476e+00,2.756625529807970043e-01,6.052842109159806139e-01,6.199197147618871195e-01,4.103876252164449845e+00,3.103784291988781252e+00,-1.039731426117320723e+00
3.442294863242161274e+00,2.125825294498576434e-01,6.171306477240253718e-01,-2.875340207465849618e-01,-6.812457861803810077e-01,-2.129354265781823408e+00,-2.568294743116180889e+00,6.952788130419392809e-01,-3.150567328485073815e-01,-1.216240475798223031e+00,-1.252974813263655118e+00,9.350938415615500654e-01,3.056962384741047867e+00,3.021478360231665827e-01,6.001766281951590454e-01,6.556172463624513336e-01,4.159051257970431514e+00,3.075239628784364410e+00,-1.114570420857837085e+00
3.448965977318211973e+00,2.172277326157281141e-01,6.150421831058117128e-01,-2.956328467902294976e-01,-6.895115732218555227e-01,-2.123047930700055819e+00,-2.547926755274771971e+00,6.973823578994320371e-01,-3.110711152085318121e-01,-1.211747999156689959e+00,-1.225047816618279661e+00,9.555135302728992031e-01,3.049277052268239974e+00,3.284656394075534114e-01,5.946404212950173740e-01,6.912090181771517461e-01,4.213307331177255755e+00,3.046561844640598871e+00,-1.189506023222802078e+00
3.455637091394262672e+00,2.218875530570290078e-01,6.129801806487276128e-01,-3.037009118507227878e-01,-6.975898557223997321e-01,-2.116606012601987441e+00,-2.527611705181840307e+00,6.996608678914679746e-01,-3.071238491986423846e-01,-1.207018458721934806e+00,-1.196761998201061328e+00,9.757414949194228582e-01,3.041091571510040836e+00,3.545996747089001366e-01,5.886794692432935072e-01,7.266877603071744129e-01,4.266622358699267537e+00,3.017762702900131710e+00,-1.264510191810894302e+00
3.462308205470313371e+00,2.265631537765450954e-01,6.109443750829488540e-01,-3.117366370174758372e-01,-7.054782610438160573e-01,-2.110029793114702290e+00,-2.507352930700636584e+00,7.021130629579759308e-01,-3.032177549631722147e-01,-1.202052632763131568e+00,-1.168123708952562012e+00,9.957769647502410226e-01,3.032405578959411319e+00,3.805337293689665112e-01,5.822978092790062066e-01,7.620462079943843836e-01,4.318974459332628690e+00,2.988853823253059261e+00,-1.339554752505751178e+00
3.468979319546364071e+00,2.312556888774823793e-01,6.089344824161446734e-01,-3.197384487334307135e-01,-7.131744594008815330e-01,-2.103320558749589342e+00,-2.487153771491571685e+00,7.047375551574611707e-01,-2.993556251912757316e-01,-1.196851347992530235e+00,-1.139139444986576821e+00,1.015619246036729262e+00,3.023218899470053511e+00,4.062516743719245538e-01,5.754996348946904705e-01,7.972771029913581220e-01,4.370341992857578184e+00,2.959846676398895760e+00,-1.414611410958600324e+00
3.475650433622414770e+00,2.359663028456880363e-01,6.069502001200992591e-01,-3.277047791180749403e-01,-7.206761648243878993e-01,-2.096479600391867315e+00,-2.467017567753050589e+00,7.075328492498398347e-01,-2.955402240812255998e-01,-1.191415479517432763e+00,-1.109815845952318192e+00,1.035267721061065904e+00,3.013531547016662149e+00,4.317374718877300399e-01,5.682892938260890592e-01,8.323731949400826613e-01,4.420703569079701190e+00,2.930752578817148901e+00,-1.489651765145350693e+00
3.482321547698465469e+00,2.406961298359424628e-01,6.049912073241906496e-01,-3.356340662901042826e-01,-7.279811361130513747e-01,-2.089508212796980402e+00,-2.446947658957523863e+00,7.104973433301472463e-01,-2.917742863182791191e-01,-1.185745950782934877e+00,-1.080159693336473659e+00,1.054721847070294372e+00,3.003343725371149464e+00,4.569751828796663196e-01,5.606712859902646118e-01,8.673272427591689482e-01,4.470038056806240334e+00,2.901582687648978087e+00,-1.564647317992317266e+00
3.488992661774516169e+00,2.454462929626359813e-01,6.030571650156490993e-01,-3.435247546896736393e-01,-7.350871777738980928e-01,-2.082407694094084327e+00,-2.426947382583310553e+00,7.136293295128656178e-01,-2.880605160664837516e-01,-1.179843733505394621e+00,-1.050177908705636654e+00,1.073981155196592763e+00,2.992655828694447351e+00,4.819489746727364521e-01,5.526502613730315261e-01,9.021320160393523357e-01,4.518324592753767632e+00,2.872347995692217992e+00,-1.639569490065033497e+00
3.495663775850566868e+00,2.502179035951834773e-01,6.011477162464896606e-01,-3.513752954001720386e-01,-7.419921409507257426e-01,-2.075179345296838562e+00,-2.407020072842747105e+00,7.169269946666032567e-01,-2.844015859747334729e-01,-1.173709847596556832e+00,-1.019877551889535106e+00,1.093045249344546388e+00,2.981468442043460954e+00,5.066431284794068457e-01,5.442310178666805998e-01,9.367802964471110272e-01,4.565542590383353527e+00,2.843059326512079821e+00,-1.714389632314371692e+00
3.502334889926617567e+00,2.550120606585061234e-01,5.992624863470293883e-01,-3.591841464694590647e-01,-7.486939243402476185e-01,-2.067824469821741395e+00,-2.387169059407255212e+00,7.203884211988255126e-01,-2.808001361974208354e-01,-1.167345361078293342e+00,-9.892658191055900829e-01,1.111913805046196302e+00,2.969782341792817082e+00,5.310420468792700355e-01,5.354184990589748727e-01,9.712648791361706557e-01,4.611671748659455616e+00,2.813727329669752031e+00,-1.789079038874178851e+00
3.509006004002668266e+00,2.598298499389170568e-01,5.974010831458860249e-01,-3.669497732305045390e-01,-7.551904750955366064e-01,-2.060344373014193486e+00,-2.367397666129853029e+00,7.240115878903222724e-01,-2.772587734299876705e-01,-1.160751389987897619e+00,-9.583500410252777657e-01,1.130586568284658533e+00,2.957598495971074826e+00,5.551302612492885480e-01,5.262177919743777910e-01,1.005578574166723138e+00,4.656692060728865989e+00,2.784362476071039705e+00,-1.863608959904767381e+00
3.515677118078718966e+00,2.646723433957372529e-01,5.955630971963619125e-01,-3.746706486213610132e-01,-7.614797897163696483e-01,-2.052740361682527048e+00,-2.347709209765748817e+00,7.277943707790657246e-01,-2.737800699597095488e-01,-1.153929098273884346e+00,-9.271376807829002642e-01,1.149063354287121141e+00,2.944918064511129252e+00,5.788924391411681691e-01,5.166341247685464211e-01,1.039714207932090240e+00,4.700583822515870480e+00,2.754975053437169308e+00,-1.937950614476299460e+00
3.522348232154769665e+00,2.695405984789673859e-01,5.937481020091072148e-01,-3.823452535044122857e-01,-7.675599149261056464e-01,-2.045013743640174742e+00,-2.328106998691506391e+00,7.317345440931042333e-01,-2.703665627320129827e-01,-1.146879697682255506e+00,-8.956363319272911960e-01,1.167344046288027348e+00,2.931742399414547506e+00,6.023133916025910084e-01,5.066728643770752605e-01,1.073664624592646888e+00,4.743327641230036029e+00,2.725575161899737253e+00,-2.012075203486419994e+00
3.529019346230820364e+00,2.744356574533547977e-01,5.919556542909598651e-01,-3.899720769848287194e-01,-7.734289485347020099e-01,-2.037165827256195882e+00,-2.308594331623443630e+00,7.358297812320903075e-01,-2.670207524326213555e-01,-1.139604447633166151e+00,-8.638537163170671995e-01,1.185428594263312263e+00,2.918073044829629481e+00,6.253780804388689996e-01,4.963395141195489080e-01,1.107422687516749882e+00,4.784904443782853178e+00,2.696172709721837091e+00,-2.085953922606095023e+00
3.535690460306871064e+00,2.793585467291556657e-01,5.901852941898572125e-01,-3.975496167281682425e-01,-7.790850402875115766e-01,-2.029197921014334938e+00,-2.289174496335769859e+00,7.400776557970548675e-01,-2.637451025858418285e-01,-1.132104655087967426e+00,-8.317976819600613192e-01,1.203317013636489685e+00,2.903911737043037178e+00,6.480716254118337183e-01,4.856397112599262766e-01,1.140981280728433189e+00,4.825295485109680982e+00,2.666777409147194966e+00,-2.159557975248000528e+00
3.542361574382921763e+00,2.843102761999443118e-01,5.884365455457021277e-01,-4.050763792770605276e-01,-7.845263926994768822e-01,-2.021111333080802819e+00,-2.269850768379079398e+00,7.444756426679808303e-01,-2.605420386692564039e-01,-1.124381674406556675e+00,-7.994762007975324547e-01,1.221009383957524008e+00,2.889260404384833336e+00,6.703793113725410313e-01,4.745792245243377061e-01,1.174333310361652449e+00,4.864482356393276419e+00,2.637398772379200729e+00,-2.232858585551375619e+00
3.549032688458972462e+00,2.892918385877543686e-01,5.867089161470873115e-01,-4.125508803669044045e-01,-7.897512618743602886e-01,-2.012907370880968383e+00,-2.250626409799764360e+00,7.490211191287310388e-01,-2.574139472451221211e-01,-1.116436907195013983e+00,-7.668973664338863960e-01,1.238505847555276818e+00,2.874121167046876479e+00,6.922865953246603032e-01,4.631639515773409155e-01,1.207471706120775368e+00,4.902446993185414215e+00,2.608046107691558646e+00,-2.305827011377615587e+00
3.555703802535023161e+00,2.943042087958877007e-01,5.850018979937519070e-01,-4.199716452405171108e-01,-7.947579583086533672e-01,-2.004587340685111130e+00,-2.231504667860928937e+00,7.537113660388597980e-01,-2.543631751087365167e-01,-1.108271802143473206e+00,-7.340693918125457129e-01,1.255806608164467431e+00,2.858496336814492000e+00,7.137791134152591255e-01,4.513999164577375267e-01,1.240389422747100845e+00,4.939171683423006165e+00,2.578728515672273680e+00,-2.378434557310645570e+00
3.562374916611073861e+00,2.993483432696930069e-01,5.833149675646661647e-01,-4.273372089616683800e-01,-7.995448476797970550e-01,-1.996152547203432048e+00,-2.212488773765393546e+00,7.585435690518030905e-01,-2.513920284540480665e-01,-1.099887854854192160e+00,-7.010006068387268918e-01,1.272911929528022679e+00,2.842388416711424171e+00,7.348426878497753556e-01,4.392932669750510000e-01,1.273079441491113517e+00,4.974639075335153038e+00,2.549454885602608023e+00,-2.450652587656098724e+00
3.569046030687124560e+00,3.044251793656291838e-01,5.816475860916197060e-01,-4.346461167274384696e-01,-8.041103516183755184e-01,-1.987604293190453841e+00,-2.193581941381330225e+00,7.635148198789467600e-01,-2.485027720567526965e-01,-1.091286607659774921e+00,-6.676994559498043991e-01,1.289822133975733642e+00,2.825800100558073069e+00,7.554633337280648453e-01,4.268502720677498918e-01,1.305534771590232346e+00,5.008832185237761081e+00,2.520233891972530671e+00,-2.522452539433543528e+00
3.575717144763175259e+00,3.095356347289085486e-01,5.799991998382052483e-01,-4.418969241793250236e-01,-8.084529484639224606e-01,-1.978943879058991051e+00,-2.174787365971165176e+00,7.686221175990182175e-01,-2.456976284751461737e-01,-1.082469649431528902e+00,-6.341744956341019979e-01,1.306537600980113956e+00,2.808734272443118574e+00,7.756272657983352969e-01,4.140773191243661833e-01,1.337748451751725298e+00,5.041734405212128678e+00,2.491073991134193477e+00,-2.593805935355661063e+00
3.582388258839225958e+00,3.146806066800248991e-01,5.783692403840698937e-01,-4.490881977130429803e-01,-8.125711740040110209e-01,-1.970172602503817760e+00,-2.156108222924268958e+00,7.738623700122588822e-01,-2.429787772689659675e-01,-1.073438615377906524e+00,-6.004343918988254147e-01,1.323058765690400707e+00,2.791194006108606018e+00,7.953209051259365614e-01,4.009809112686112398e-01,1.369713551640546312e+00,5.073329510664244424e+00,2.461983418094790821e+00,-2.664684396788659093e+00
3.589059372915276658e+00,3.198609716104632850e-01,5.767571249143200740e-01,-4.562185147869436963e-01,-8.164636221962782159e-01,-1.961291758135194296e+00,-2.137547666494061360e+00,7.792323950387840537e-01,-2.403483542364647507e-01,-1.064195186833009066e+00,-5.664879176880014411e-01,1.339386117445630298e+00,2.773182564248659610e+00,8.145308856738775471e-01,3.875676646096544165e-01,1.401423173371775688e+00,5.103601667761298977e+00,2.432970183450205770e+00,-2.735059656687816698e+00
3.595730486991327357e+00,3.250775843878886961e-01,5.751622565139509202e-01,-4.632864642289926671e-01,-8.201289458730665061e-01,-1.952302637122373952e+00,-2.119108828540053668e+00,7.847289221605511234e-01,-2.378084506699311429e-01,-1.054741091035115153e+00,-5.323439502511891908e-01,1.355520198267734511e+00,2.754703397721986136e+00,8.332440607921088871e-01,3.738443054586874648e-01,1.432870453007386136e+00,5.132535440742185706e+00,2.404042070460651992e+00,-2.804903572502452480e+00
3.602401601067378056e+00,3.303312777710920578e-01,5.735840244671831512e-01,-4.702906465422341253e-01,-8.235658574283435396e-01,-1.943206526847229165e+00,-2.100794817275463355e+00,7.903485939062921961e-01,-2.353611126298989220e-01,-1.045078100895214135e+00,-4.980114684638873856e-01,1.371461601335602909e+00,2.735760144678422989e+00,8.514475096125344589e-01,3.598176675129673985e-01,1.464048562056994296e+00,5.160115799098618616e+00,2.375206632269572182e+00,-2.874188139044232315e+00
3.609072715143428756e+00,3.356228618349871295e-01,5.720218045615779179e-01,-4.772296742086800658e-01,-8.267731294865928726e-01,-1.934004710568116847e+00,-2.082608716020909689e+00,7.960879673787990551e-01,-2.330083402382419899e-01,-1.035208034755515705e+00,-4.634995501004516849e-01,1.387210969441068364e+00,2.716356629599769867e+00,8.691285433468738386e-01,3.454946890084641953e-01,1.494950708982324183e+00,5.186328124623723390e+00,2.346471189266834401e+00,-2.942885501313137198e+00
3.615743829219479455e+00,3.409531234059314242e-01,5.704749593968032606e-01,-4.841021719915513666e-01,-8.297495955533512602e-01,-1.924698467094107635e+00,-2.064553581964823969e+00,8.019435158238785721e-01,-2.307520869903673388e-01,-1.025132756137911327e+00,-4.288173690604649146e-01,1.402768993427786048e+00,2.696496862255217675e+00,8.862747114844018448e-01,3.308824098423395199e-01,1.525570140705018396e+00,5.211158218324810854e+00,2.317842826597380057e+00,-3.010967967275032908e+00
3.622414943295530154e+00,3.463228255076603590e-01,5.689428386979252794e-01,-4.909067772358120529e-01,-8.324941506470928676e-01,-1.915289070469673005e+00,-2.046632444931086425e+00,8.079116302403189787e-01,-2.285942590866969493e-01,-1.014854173482362398e+00,-3.939741925494210095e-01,1.418136410613996423e+00,2.676185036571708586e+00,9.028738078867523109e-01,3.159879686663896736e-01,1.555900144117521311e+00,5.234592307197257099e+00,2.289328391816183306e+00,-3.078408020585134075e+00
3.629086057371580853e+00,3.517327068180849947e-01,5.674247796330942339e-01,-4.976421401669209321e-01,-8.350057519121568683e-01,-1.905777789669955258e+00,-2.028848306154491965e+00,8.139886210301636726e-01,-2.265367147836408190e-01,-1.004374239875206687e+00,-3.589793782147185364e-01,1.433314003200110154e+00,2.655425529419620290e+00,9.189138767769852167e-01,3.008185999526811205e-01,1.585934047596656349e+00,5.256617050856384310e+00,2.260934492690515274e+00,-3.145178333251502867e+00
3.635757171447631553e+00,3.571834811372414098e-01,5.659201071354947876e-01,-5.043069241877389253e-01,-8.372834192124176678e-01,-1.896165888306702296e+00,-2.011204137064606989e+00,8.201707196885743567e-01,-2.245812637642285448e-01,-9.936949527673523130e-01,-3.238423712378825092e-01,1.448302596662149444e+00,2.634222899314184740e+00,9.343832186200782264e-01,2.853816310325668071e-01,1.615665222519586219e+00,5.277219548024240758e+00,2.232667495150276515e+00,-3.211251778232683929e+00
3.642428285523682252e+00,3.626758368666310184e-01,5.644281342294288351e-01,-5.108998061735208207e-01,-8.393262357054198652e-01,-1.886454624344968245e+00,-1.993702878078553953e+00,8.264540805325579775e-01,-2.227296665285866117e-01,-9.828183536823613675e-01,-2.885727013840150845e-01,1.463103058131982603e+00,2.612581885033105955e+00,9.492703958922268370e-01,2.696844791102769312e-01,1.645087084781791331e+00,5.296387342868387194e+00,2.204533521387182837e+00,-3.276601441963871597e+00
3.649099399599732951e+00,3.682104365002389912e-01,5.629481623603976859e-01,-5.174194767649289428e-01,-8.411333483966839664e-01,-1.876645249830660278e+00,-1.976347437403302987e+00,8.328347824678001832e-01,-2.209836338044074422e-01,-9.717465279143883139e-01,-2.531799800094401975e-01,1.477716294765415439e+00,2.590507404150853787e+00,9.635642387361517125e-01,2.537346482523094027e-01,1.674193096316745066e+00,5.314108431189618287e+00,2.176538448103451984e+00,-3.341200636805648383e+00
3.655770513675783651e+00,3.737879161274465512e-01,5.614794817290503781e-01,-5.238646406589954063e-01,-8.427039686739190572e-01,-1.866739010629006268e+00,-1.959140689848017036e+00,8.393088307928403546e-01,-2.193448259775953590e-01,-9.604816042159853851e-01,-2.176738970286005159e-01,1.492143252099063178e+00,2.568004551490203902e+00,9.772538504999219722e-01,2.375397263538268078e-01,1.702976766616890680e+00,5.330371266455864010e+00,2.148687904910593804e+00,-3.405022913409784469e+00
3.662441627751834350e+00,3.794088849481123127e-01,5.600213716288611199e-01,-5.302340168979671198e-01,-8.440373728208612203e-01,-1.856737146174023412e+00,-1.942085475647008064e+00,8.458721590397988432e-01,-2.178148525432097860e-01,-9.490257544757561003e-01,-1.820642178412190115e-01,1.506384912397065623e+00,2.545078597491565731e+00,9.903286131565988137e-01,2.211073820832858972e-01,1.731431654255580321e+00,5.345164765679331964e+00,2.120987272878840368e+00,-3.468042072996200709e+00
3.669112741827885049e+00,3.850739248000487058e-01,5.585731007874039644e-01,-5.365263391559701445e-01,-8.451329025104912240e-01,-1.846640889229044014e+00,-1.925184599293826793e+00,8.525206308508600506e-01,-2.163952715768685531e-01,-9.373811933858509082e-01,-1.463607802207728126e-01,1.520442292988614330e+00,2.521734986500724141e+00,1.002778192602275187e+00,2.044453618065182610e-01,1.759551368409607353e+00,5.358478315134188819e+00,2.093441683237625028e+00,-3.530232179535638615e+00
3.675783855903935748e+00,3.907835896991337377e-01,5.571339277110831656e-01,-5.427403560234173030e-01,-8.459899652773616996e-01,-1.836451465658364146e+00,-1.908440828387067079e+00,8.592500418896769077e-01,-2.150875892267364031e-01,-9.255501780993097283e-01,-1.105734911653881158e-01,1.534316444597327189e+00,2.497979334975643173e+00,1.014592543829963667e+00,1.875614864915037816e-01,1.787329570381938515e+00,5.370301775912012410e+00,2.066056016227517667e+00,-3.591567571832236183e+00
3.682454969979986448e+00,3.965384053922915708e-01,5.557031010331837662e-01,-5.488748312891005288e-01,-8.466080349687977735e-01,-1.826170094210052941e+00,-1.891856892488386510e+00,8.660561217868834039e-01,-2.138932592262156041e-01,-9.135350078772394022e-01,-7.471232371218411439e-02,1.548008449663462960e+00,2.473817429613002439e+00,1.025761915976970418e+00,1.704636485950437041e-01,1.814759975124298208e+00,5.380625489312404142e+00,2.038834900103865699e+00,-3.652022875500603227e+00
3.689126084056037147e+00,4.023388689235588567e-01,5.542798598651045294e-01,-5.549285442198926832e-01,-8.469866521747264621e-01,-1.815797986309984902e+00,-1.875435481993291686e+00,8.729345361188356467e-01,-2.128136824274698691e-01,-9.013380237258421523e-01,-3.878731371625043778e-02,1.561519420660003599e+00,2.449255225395215341e+00,1.036276857243355609e+00,1.531598089326022816e-01,1.841836352759173900e+00,5.389440282066103372e+00,2.011782710292372212e+00,-3.711573014831711426e+00
3.695797198132087846e+00,4.081854482134641415e-01,5.528634341506314387e-01,-5.609002898379942259e-01,-8.471254246359014584e-01,-1.805336345867115888e+00,-1.859179247015223968e+00,8.798808884187395707e-01,-2.118502063558801440e-01,-8.889616080232888295e-01,-2.808556595322364569e-03,1.574850498403600696e+00,2.424298843558667649e+00,1.046128219679200999e+00,1.356579935325237796e-01,1.868552530100892062e+00,5.396737471388139085e+00,1.984903568696759102e+00,-3.770193224542227384e+00
3.702468312208138546e+00,4.140785816519206852e-01,5.514530450231170944e-01,-5.667888791956593453e-01,-8.470240276303048210e-01,-1.794786369090051181e+00,-1.843090796283451294e+00,8.868907222192670137e-01,-2.110041247855392044e-01,-8.764081841364553815e-01,3.321379595866208456e-02,1.588002850361406093e+00,2.398954569483977117e+00,1.055307163838439255e+00,1.179662904758848052e-01,1.894902392175340733e+00,5.402508869858520413e+00,1.958201343158548546e+00,-3.827859061401814422e+00
3.709139426284189245e+00,4.200186777048634523e-01,5.500479051654150187e-01,-5.725931396473269430e-01,-8.466822043374960804e-01,-1.784149244314906291e+00,-1.827172696055295642e+00,8.939595231257647656e-01,-2.102766773358611119e-01,-8.636802160275172113e-01,6.926953930000528947e-02,1.600977668954834288e+00,2.373228850509113474e+00,1.063805163296994483e+00,1.000928467232081731e-01,1.920879883737951932e+00,5.406746790127993307e+00,1.931679647068943240e+00,-3.884546415732941682e+00
3.715810540360239944e+00,4.260061145348006950e-01,5.486472191724423020e-01,-5.783119151190990737e-01,-8.460997661807163617e-01,-1.773426151844502252e+00,-1.811427469043200844e+00,9.010827209191506482e-01,-2.096690490894133618e-01,-8.507802078504325127e-01,1.053484191804784365e-01,1.613776169861205201e+00,2.347128293666234100e+00,1.071614009033202697e+00,8.204586492928445107e-02,1.946479010789521791e+00,5.409444049446651803e+00,1.905341839132753012e+00,-3.940231522778016249e+00
3.722481654436290643e+00,4.320412396355016726e-01,5.472501839162136061e-01,-5.839440663754896788e-01,-8.452765931465260341e-01,-1.762618263798890750e+00,-1.795857593357158111e+00,9.082556916875601516e-01,-2.091823702310252053e-01,-8.377107035373159150e-01,1.414401351301666776e-01,1.626399590314352661e+00,2.320659663343154655e+00,1.078725813668339306e+00,6.383360024735379445e-02,1.971693842089472071e+00,5.410593974012991580e+00,1.879191023284117357e+00,-3.994890973928375999e+00
3.729152768512341343e+00,4.381243694809879852e-01,5.458559889132167386e-01,-5.894884712833801110e-01,-8.442126340818045804e-01,-1.751726743977216394e+00,-1.780465501462975553e+00,9.154737599858200348e-01,-2.088177157082555802e-01,-8.244742863747348549e-01,1.775343438667206786e-01,1.638849187405139185e+00,2.293829878870379702e+00,1.085133015565330927e+00,4.546435712386881489e-02,1.996518510666113411e+00,5.410190403141321269e+00,1.853230048753872428e+00,-4.048501727810119633e+00
3.735823882588392042e+00,4.442557891890345223e-01,5.444638166939784751e-01,-5.949440250731182767e-01,-8.429079069679046299e-01,-1.740752747730914374e+00,-1.765253579156885966e+00,9.227322010217735571e-01,-2.085761049132600908e-01,-8.110735785699274558e-01,2.136206627318099627e-01,1.651126236382972845e+00,2.266646012034672530e+00,1.090828382783610051e+00,2.694648608509198073e-02,2.020947215323516843e+00,5.408227693245255985e+00,1.827461510288129531e+00,-4.101041121221392416e+00
3.742494996664442741e+00,4.504357521993290758e-01,5.430728431746834062e-01,-6.003096405966864557e-01,-8.413624991718013924e-01,-1.729697421848233052e+00,-1.750224164556993811e+00,9.300262428685169835e-01,-2.084585013861299241e-01,-7.975112408069968684e-01,2.496886731535181148e-01,1.663232028959236164e+00,2.239115284520165172e+00,1.095805016888326211e+00,8.288380516764448647e-03,2.044974222144535503e+00,5.404700721635370186e+00,1.801887748517762233e+00,-4.152486879916253315e+00
3.749166110740493441e+00,4.566644799664837384e-01,5.416822380306985929e-01,-6.055842485828778488e-01,-8.395765676740567507e-01,-1.718561904450064848e+00,-1.735379547112024357e+00,9.373510687015429443e-01,-2.084658125397284012e-01,-7.837899717930784105e-01,2.857279241334506059e-01,1.675167871613724602e+00,2.211245065278062860e+00,1.100056356611998076e+00,-1.050152656190861400e-02,2.068593865989569291e+00,5.399604890128875567e+00,1.776510850478239867e+00,-4.202817129229879711e+00
3.755837224816544140e+00,4.629421616680412521e-01,5.402911650718631442e-01,-6.107667978894096850e-01,-8.375503392734449104e-01,-1.707347324897066310e+00,-1.720721966627859256e+00,9.447018190598321929e-01,-2.085988894060657461e-01,-7.699125077945402351e-01,3.217279357572873644e-01,1.686935083905010790e+00,2.183042867826003874e+00,1.103576181366933806e+00,-2.941476572873608086e-02,2.091800551990612433e+00,5.392936128469510315e+00,1.751332650279345593e+00,-4.252010404540335742e+00
3.762508338892594839e+00,4.692689539276551636e-01,5.388987826193968322e-01,-6.158562557519113856e-01,-8.352841107680801791e-01,-1.696054803708024306e+00,-1.706253612312317536e+00,9.520735941298531513e-01,-2.088585264042319145e-01,-7.558816221632129739e-01,3.576782027275252074e-01,1.698534996785818763e+00,2.154516347478186766e+00,1.106358614606633539e+00,-4.844283439223934229e-02,2.114588757040172240e+00,5.384690897555667988e+00,1.726354729924022724e+00,-4.300045661561816779e+00
3.769179452968645538e+00,4.756449805535678532e-01,5.375042438842860815e-01,-6.208516080297176165e-01,-8.327782491129090969e-01,-1.684685452489451674e+00,-1.691976621838642947e+00,9.594614560514949098e-01,-2.092454611299155720e-01,-7.417001248527235191e-01,3.935681979170939648e-01,1.709968950924324993e+00,2.125673298507410269e+00,1.108398127034638136e+00,-6.757720002733752507e-02,2.136953031274587467e+00,5.374866192475091786e+00,1.701578420275782211e+00,-4.346902286464704446e+00
3.775850567044696238e+00,4.820703322925494749e-01,5.361066973470008934e-01,-6.257518594484028363e-01,-8.300331915534319149e-01,-1.673240373876352827e+00,-1.677893080428147110e+00,9.668604312448862981e-01,-2.097603741665082511e-01,-7.273708619249433793e-01,4.293873759425796965e-01,1.721238295032412546e+00,2.096521651240179640e+00,1.109689539659211466e+00,-8.680930341180298493e-02,2.158887999551313719e+00,5.363459545344367640e+00,1.677004802173797327e+00,-4.392560105817610250e+00
3.782521681120746937e+00,4.885450665994249819e-01,5.347052871384004868e-01,-6.305560338389892827e-01,-8.270494457355199724e-01,-1.661720661484117567e+00,-1.664005019952454090e+00,9.742655127570720719e-01,-2.104038889177980987e-01,-7.128967150466052338e-01,4.651251767557270655e-01,1.732344384201870646e+00,2.067069469086113997e+00,1.110228026692358982e+00,-1.061305618622540581e-01,2.180388362919715384e+00,5.350469027951568535e+00,1.652634707694859539e+00,-4.436999396346672064e+00
3.789192795196797636e+00,4.950692074223141947e-01,5.332991534216839913e-01,-6.352631743737644499e-01,-8.238275897912230583e-01,-1.650127399871489819e+00,-1.650314418055774945e+00,9.816716626275162616e-01,-2.111765714622508838e-01,-6.982806009761372001e-01,5.007710292519096384e-01,1.743288578249465814e+00,2.037324945502856366e+00,1.110009118291810370e+00,-1.255323724684769271e-01,2.201448900084908011e+00,5.335893254200559710e+00,1.628468721561300736e+00,-4.480200894507670561e+00
3.795863909272848336e+00,5.016427450037223013e-01,5.318874327752383113e-01,-6.398723437986449936e-01,-8.203682724004430771e-01,-1.638461664514530902e+00,-1.636823197297642807e+00,9.890738142713525471e-01,-2.120789304288498434e-01,-6.835254710407396850e-01,5.363143548942512773e-01,1.754072240071941291e+00,2.007296400897768063e+00,1.109028703144529393e+00,-1.450061153248567991e-01,2.222064468864206610e+00,5.319731382355382010e+00,1.604507182693797329e+00,-4.522145805866228052e+00
3.802535023348899035e+00,5.082656356975772116e-01,5.304692585762463830e-01,-6.443826246620152354e-01,-8.166722128283909754e-01,-1.626724521791537148e+00,-1.623533224316521251e+00,9.964668748793568120e-01,-2.131114168944886200e-01,-6.686343106037915263e-01,5.717445713520414863e-01,1.764696734011797385e+00,1.976992279467697733e+00,1.107283030890556574e+00,-1.645431567577211318e-01,2.242230007635680700e+00,5.301983117083433505e+00,1.580750185908093020e+00,-4.562815814281884208e+00
3.809206137424949734e+00,5.149378018023330617e-01,5.290437613849049425e-01,-6.487931195399846418e-01,-8.127402009387190152e-01,-1.614917028978809510e+00,-1.610446309014705424e+00,1.003845727833537538e+00,-2.142744243028709139e-01,-6.536101385226062987e-01,6.070510961521020654e-01,1.775163424234919018e+00,1.946421145978155964e+00,1.104768714385885087e+00,-1.841348525473737729e-01,2.261940536778399569e+00,5.282648711295997224e+00,1.557197583754397208e+00,-4.602193090891486094e+00
3.815877251501000433e+00,5.216591314102350108e-01,5.276100693291140287e-01,-6.531029512579936691e-01,-8.085730971822653323e-01,-1.603040234257213204e+00,-1.597564203764898272e+00,1.011205235137295100e+00,-2.155682884048913395e-01,-6.384560065966203846e-01,6.422233503417569267e-01,1.785473673120900884e+00,1.915591682483231750e+00,1.101482731803306692e+00,-2.037725511436417891e-01,2.281191160103845483e+00,5.261728967784998545e+00,1.533848988498317301e+00,-4.640260302887821098e+00
3.822548365577051133e+00,5.284294782728486961e-01,5.261673084894905594e-01,-6.573112631087076885e-01,-8.041718325613149698e-01,-1.591095176729419025e+00,-1.584888602638869770e+00,1.018540239859038188e+00,-2.169932872204308194e-01,-6.231749990060484468e-01,6.772507621620451612e-01,1.795628839667103183e+00,1.884512684987647901e+00,1.097422428570060671e+00,-2.234475968737500984e-01,2.299977066278070748e+00,5.239225240654676874e+00,1.510703774241951791e+00,-4.677000622089125592e+00
3.829219479653101832e+00,5.352486616829246202e-01,5.247146032845665387e-01,-6.614172190661343764e-01,-7.995374085693365274e-01,-1.579082886447753520e+00,-1.572421140658570415e+00,1.025845568588195089e+00,-2.185496410215347907e-01,-6.077702317410994537e-01,7.121227707297883569e-01,1.805630277907278369e+00,1.853193060052348962e+00,1.092585519141380468e+00,-2.431513331413271972e-01,2.318293530234085686e+00,5.215139436547238994e+00,1.487761079183890445e+00,-4.712397733295579982e+00
3.835890593729152531e+00,5.421164663726908417e-01,5.232510768560295622e-01,-6.654200039959010660e-01,-7.946708971061232640e-01,-1.567004384452542309e+00,-1.560163393070071347e+00,1.033116033902492958e+00,-2.202375123368923993e-01,-5.922448520217930001e-01,7.468288297271468146e-01,1.815479335345763445e+00,1.821641821345074685e+00,1.086970088608933516e+00,-2.628751056153767474e-01,2.336135914574023253e+00,5.189474015661366124e+00,1.465019808016592595e+00,-4.746435842428602392e+00
3.842561707805203230e+00,5.490326424286340323e-01,5.217758514538592962e-01,-6.693188238616319952e-01,-7.895734403683052349e-01,-1.554860682820848661e+00,-1.548116874640702800e+00,1.040346436845421163e+00,-2.220570059775580640e-01,-5.766020377084641879e-01,7.813584110972691121e-01,1.825177351408103110e+00,1.789868086137366809e+00,1.080574594143349998e+00,-2.826102654080447918e-01,2.353499670960588652e+00,5.162231992562732685e+00,1.442478634459725129e+00,-4.779099684449220398e+00
3.849232821881253930e+00,5.559969052228470598e-01,5.202880488212260346e-01,-6.731129059273609494e-01,-7.842462507151842788e-01,-1.542652784725484505e+00,-1.536283038979724402e+00,1.047531569412765373e+00,-2.240081690838252038e-01,-5.608449967030175731e-01,8.157010087446796565e-01,1.834725655909029030e+00,1.757881071749487045e+00,1.073397866270011658e+00,-3.023481722400539473e-01,2.370380341497319687e+00,5.133416936785629048e+00,1.420136003927834789e+00,-4.810374531051591518e+00
3.855903935957304629e+00,5.630089353609852854e-01,5.187867905790020107e-01,-6.768014989559192340e-01,-7.786906105098758690e-01,-1.530381684504185547e+00,-1.524663277882893464e+00,1.054666217047081522e+00,-2.260909911931781868e-01,-5.449769663410162224e-01,8.498461422389433917e-01,1.844125567538681842e+00,1.725690091944791060e+00,1.065439109977426080e+00,-3.220801975926071425e-01,2.386773560097164903e+00,5.103032973224975066e+00,1.397990136330759192e+00,-4.840246198127991839e+00
3.862575050033355328e+00,5.700683786468894176e-01,5.172711986097532355e-01,-6.803838734032382485e-01,-7.729078719357348470e-01,-1.518048367738822568e+00,-1.513258920701240795e+00,1.061745161139021176e+00,-2.283054043292208068e-01,-5.290012127746769321e-01,8.837833605202768394e-01,1.853378392367944105e+00,1.693304553275058577e+00,1.056697905657541847e+00,-3.417977278446703293e-01,2.402675053838904784e+00,5.071084782318036943e+00,1.376039029005069469e+00,-4.868701053001749379e+00
3.869246164109406028e+00,5.771748460639106737e-01,5.157403954410638702e-01,-6.838593216085055992e-01,-7.668994567880617064e-01,-1.505653811344517035e+00,-1.502071233734397104e+00,1.068763181534350570e+00,-2.306512831114823636e-01,-5.129210303468660914e-01,9.175022456056386444e-01,1.862485422373766575e+00,1.660733951378371209e+00,1.047174209877432594e+00,-3.614921673944659353e-01,2.418080644310913740e+00,5.037577600015249679e+00,1.354280459774773515e+00,-4.895726021424479768e+00
3.875917278185456727e+00,5.843279137729862072e-01,5.141935046280645683e-01,-6.872271579801144670e-01,-7.606668562410782153e-01,-1.493198983668521551e+00,-1.491101419648758863e+00,1.075715059045569522e+00,-2.331284448859912151e-01,-4.967397409561633004e-01,9.509924162939554781e-01,1.871447933985342482e+00,1.627987867231082575e+00,1.036868355981864553e+00,-3.811549417641126314e-01,2.432986248941794383e+00,5.002517217539599770e+00,1.332711990139447522e+00,-4.921308594334352193e+00
3.882588392261507426e+00,5.915271231274717989e-01,5.126296511350147966e-01,-6.904867191773497170e-01,-7.542116305902019091e-01,-1.480684844598731509e+00,-1.480350616920816043e+00,1.082595577966968481e+00,-2.357366498764985607e-01,-4.804606934131036566e-01,9.842435318690023749e-01,1.880267186651965794e+00,1.595075963355541138e+00,1.025781054526346603e+00,-4.007775006862405176e-01,2.447387882317370256e+00,4.965909980934219092e+00,1.311330968587905765e+00,-4.945436834371978563e+00
3.889259506337558125e+00,5.987719807047660048e-01,5.110479617158115717e-01,-6.936373642877483592e-01,-7.475354089696252258e-01,-1.468112345681673592e+00,-1.469819899305914834e+00,1.089399528592025934e+00,-2.384756013562372989e-01,-4.640872627876745926e-01,1.017245295798581584e+00,1.888944421433404575e+00,1.562007979985129413e+00,1.013913393540320840e+00,-4.203513211715339537e-01,2.461281657483570751e+00,4.927762790397776094e+00,1.290134534035474179e+00,-4.968099382150843901e+00
3.895930620413608825e+00,6.060619583547330880e-01,5.094475652932837217e-01,-6.966784750000781790e-01,-7.406398890452315920e-01,-1.455482430249822601e+00,-1.459510275332748686e+00,1.096121709731975979e+00,-2.413449458400669101e-01,-4.476228497481731794e-01,1.049987459428544323e+00,1.897480859613625226e+00,1.528793731188329952e+00,1.001266838620216593e+00,-4.398679105561014158e-01,2.474663787234685053e+00,4.888083099407439569e+00,1.269119619382797826e+00,-4.989285462279065442e+00
3.902601734489659524e+00,6.133964932649236257e-01,5.078275933371354522e-01,-6.996094557728794738e-01,-7.335268366828970876e-01,-1.442796033558088498e+00,-1.449422687823830991e+00,1.102756931234449400e+00,-2.443442732968899578e-01,-4.310708798915218742e-01,1.082459825670259335e+00,1.905877701338630770e+00,1.495443100953434135e+00,9.878432328522133155e-01,-4.593188095275878569e-01,2.487530585386533488e+00,4.846878913629264041e+00,1.248282955194185639e+00,-5.008984889129652451e+00
3.909272848565710223e+00,6.207749880426023381e-01,5.061871802404070975e-01,-7.024297339985080546e-01,-7.261980855922061107e-01,-1.430054082929297365e+00,-1.439558013442218121e+00,1.109300016501006070e+00,-2.474731173821712593e-01,-4.144348030651314185e-01,1.114652252680105704e+00,1.914136124279269602e+00,1.461966039235616188e+00,9.736447965645536051e-01,-4.786955951290057243e-01,2.499878468034021584e+00,4.804158789615826208e+00,1.227621073493222248e+00,-5.027188072356230997e+00
3.915943962641760923e+00,6.281968108135589368e-01,5.045254636943165005e-01,-7.051387601626286639e-01,-7.186555369456628650e-01,-1.417257497908519737e+00,-1.429917062264721483e+00,1.115745805002468005e+00,-2.507309556904258052e-01,-3.977180926804400607e-01,1.146554657529560650e+00,1.922257282319716598e+00,1.428372557968065282e+00,9.586741269094225526e-01,-4.979898837391907307e-01,2.511703954792614990e+00,4.759931833291224379e+00,1.207130311673609846e+00,-5.043886022151644610e+00
3.922615076717811622e+00,6.356612953376860053e-01,5.028415850613513483e-01,-7.077360079991001918e-01,-7.109011589734478553e-01,-1.404407190426053997e+00,-1.420500577381844209e+00,1.122089154790887777e+00,-2.541172100275062018e-01,-3.809242450182197537e-01,1.178157019864481070e+00,1.930242304272435927e+00,1.394672727038893445e+00,9.429341972743947586e-01,-5.171933340288878966e-01,2.523003670023223233e+00,4.714207698223440879e+00,1.186806816522865571e+00,-5.059070354246688161e+00
3.929286190793862321e+00,6.431677411413037060e-01,5.011346897464791228e-01,-7.102209746401999535e-01,-7.029369865338077616e-01,-1.391504064968896337e+00,-1.411309234524674938e+00,1.128324945007015412e+00,-2.576312467025263508e-01,-3.640567785257723954e-01,1.209449385552132217e+00,1.938092292620354318e+00,1.360876670235594110e+00,9.264283565235866824e-01,-5.362976498914112655e-01,2.533774344040012227e+00,4.666996583684287714e+00,1.166646548356605084e+00,-5.072733294646452507e+00
3.935957304869913020e+00,6.507154136661967847e-01,4.994039275663428867e-01,-7.125931807621334046e-01,-6.947651206591531903e-01,-1.378549018760500733e+00,-1.402343641718921452e+00,1.134448078382145786e+00,-2.612723768392499202e-01,-3.471192331061162539e-01,1.240421870314596164e+00,1.945808322286978420e+00,1.326994561158748365e+00,9.091603280686819666e-01,-5.552945833469179471e-01,2.544012814300639747e+00,4.618309232497123773e+00,1.146645285261038261e+00,-5.084867684101924468e+00
3.942628418945963720e+00,6.583035444353131371e-01,4.976484531163184455e-01,-7.148521707257736724e-01,-6.863877280779745460e-01,-1.365542941948657996e+00,-1.393604338966320189e+00,1.140453483733192330e+00,-2.650398567067586697e-01,-3.301151693993062963e-01,1.271064663347085455e+00,1.953391439435171240e+00,1.293036619106831431e+00,8.911342087701279446e-01,-5.741759374192532128e-01,2.553716026578431553e+00,4.568156928672773454e+00,1.126798627441266021e+00,-5.095466982314484028e+00
3.949299533022014419e+00,6.659313312350870762e-01,4.958674261352996604e-01,-7.169975127125820524e-01,-6.778070407126683961e-01,-1.352486717801284932e+00,-1.385091797953581061e+00,1.146336118449877706e+00,-2.689328880692234969e-01,-3.130481680559855651e-01,1.301368030919801688e+00,1.960842660295270434e+00,1.259013104933831562e+00,8.723544676688141930e-01,-5.929335689844222879e-01,2.562881036116007927e+00,4.516551494834001979e+00,1.107102001672894298e+00,-5.104525271871163561e+00
3.955970647098065118e+00,6.735979383143180232e-01,4.940600118680864572e-01,-7.190287988556574028e-01,-6.690253551534006693e-01,-1.339381222909937108e+00,-1.376806421789052770e+00,1.152090970972882378e+00,-2.729506185545781394e-01,-2.959218290033120424e-01,1.331322319961887324e+00,1.968162970023257019e+00,1.224934316881550744e+00,8.528259445486852108e-01,-6.115593915896981869e-01,2.571505008759865429e+00,4.463505289429120282e+00,1.087550665854443599e+00,-5.112037261908584540e+00
3.962641761174115818e+00,6.813024965995607696e-01,4.922253814252535720e-01,-7.209456453658614761e-01,-6.600450321081150484e-01,-1.326227327400825606e+00,-1.368748544767274256e+00,1.157713063261859521e+00,-2.770921420418982484e-01,-2.787397707033721916e-01,1.360917961626118000e+00,1.975353321589611078e+00,1.190810586388343362e+00,8.325538483307266535e-01,-6.300453782424644267e-01,2.579585222075420958e+00,4.409031203735223947e+00,1.068139713657962453e+00,-5.117998291503652375e+00
3.969312875250166517e+00,6.890441039269298296e-01,4.903627121403711930e-01,-7.227476926529741164e-01,-6.508684958288377675e-01,-1.313025895153155043e+00,-1.360918432161555058e+00,1.163197453252155844e+00,-2.813564990672814403e-01,-2.615056294042301666e-01,1.390145474832868988e+00,1.982414634699521727e+00,1.156652273876181747e+00,8.115437552989623882e-01,-6.483835641677963002e-01,2.587119066442046034e+00,4.353142658651871777e+00,1.048864079275226846e+00,-5.122404332789153081e+00
3.975983989326217216e+00,6.968218252902615983e-01,4.884711879244570953e-01,-7.244346054418270286e-01,-6.414982335144079340e-01,-1.299777784024550575e+00,-1.353316280044730924e+00,1.168539237299160538e+00,-2.857426772480192168e-01,-2.442230583837374791e-01,1.418995469792025288e+00,1.989347794745062847e+00,1.122469764517829649e+00,7.898016071590374665e-01,-6.665660495339194025e-01,2.594104046127589935e+00,4.295853601285873680e+00,1.029718542256887526e+00,-5.125251993792620198e+00
3.982655103402267915e+00,7.046346931055287310e-01,4.865499996175380870e-01,-7.260060728833696020e-01,-6.319367946897959110e-01,-1.286483846083374738e+00,-1.345942215138222542e+00,1.173733552609127928e+00,-2.902496117248412055e-01,-2.268957271862439284e-01,1.447458651501384974e+00,1.996153651789955408e+00,1.088273463986036083e+00,7.673337089301703884e-01,-6.845850021445960554e-01,2.600537780341919625e+00,4.237178501328116020e+00,1.010697732441774743e+00,-5.126538520996822612e+00
3.989326217478318615e+00,7.124817074914367998e-01,4.845983453372045280e-01,-7.274618086606183809e-01,-6.221867905621571992e-01,-1.273144927847690067e+00,-1.338796294689494681e+00,1.178775579655391370e+00,-2.948761856220005195e-01,-2.095273208523507624e-01,1.475525823220229293e+00,2.002833019587515473e+00,1.054073794186554558e+00,7.441467266711923045e-01,-7.024326600976189550e-01,2.606418004268979516e+00,4.177132347223282416e+00,9.917961349736346133e-01,-5.126261801620461078e+00
3.995997331554369314e+00,7.203618365660747758e-01,4.826154308240326873e-01,-7.288015510894468862e-01,-6.122508933538067799e-01,-1.259761870530684780e+00,-1.331878506378040949e+00,1.183660544578861717e+00,-2.996212305249895125e-01,-1.921215391418540364e-01,1.503187889916634656e+00,2.009386674632337666e+00,1.019881188976889730e+00,7.202476850416070775e-01,-7.201013344084732370e-01,2.611742570076918124e+00,4.115730642133581973e+00,9.730080954025144280e-01,-5.124420365617757156e+00
4.002668445630420457e+00,7.282740167595312952e-01,4.806004697837641393e-01,-7.300250632141687124e-01,-6.021318356122865589e-01,-1.246335510292285953e+00,-1.325188768249967897e+00,1.188383721571694140e+00,-3.044835269756318019e-01,-1.746820957500196669e-01,1.530435861687179155e+00,2.015815355246303398e+00,9.857060898726618392e-01,6.956439646985752567e-01,-7.375834115983618267e-01,2.616509447905775332e+00,4.052989399697532136e+00,9.543278248678672693e-01,-5.121013387395683125e+00
4.009339559706471157e+00,7.362171531423477022e-01,4.785526842261256797e-01,-7.311321328978694911e-01,-5.918324094977164274e-01,-1.232866678496778556e+00,-1.318726928681258403e+00,1.192940435243058150e+00,-3.094618049843221863e-01,-1.572127175173557712e-01,1.557260857147667821e+00,2.022119760699410129e+00,9.515589417434460184e-01,6.703432995308473696e-01,-7.548713562457437520e-01,2.620716726832275079e+00,3.988925139585048019e+00,9.357494053605748263e-01,-5.116040687247808805e+00
4.016010673782521856e+00,7.441901197697017301e-01,4.764713048001736340e-01,-7.321225729074477551e-01,-5.813554660476184521e-01,-1.219356201976148135e+00,-1.312492766369775854e+00,1.197326062965908378e+00,-3.145547445591614921e-01,-1.397171436330093552e-01,1.583654106793552563e+00,2.028300550365979227e+00,9.174501884999846091e-01,6.443537737307079016e-01,-7.719577135005928348e-01,2.624362615811254962e+00,3.923554882850007530e+00,9.172667950608648368e-01,-5.109502732503766076e+00
4.022681787858572555e+00,7.521917600411633931e-01,4.743555711260534213e-01,-7.329962209933186257e-01,-5.707039144194410163e-01,-1.205804903298951736e+00,-1.306485990356067495e+00,1.201536037203683183e+00,-3.197609762517427123e-01,-1.221991248319785339e-01,1.609606956328641703e+00,2.034358342916704920e+00,8.833902687747107185e-01,6.176838187051456597e-01,-7.888351115605222175e-01,2.627445444593246915e+00,3.856896147081825710e+00,8.988738337492243602e-01,-5.101400638393536191e+00
4.029352901934623254e+00,7.602208870759210591e-01,4.722047321230643524e-01,-7.337529399637439109e-01,-5.598807211109724236e-01,-1.192213601044445292e+00,-1.300706240072999176e+00,1.205565847815866398e+00,-3.250790817193157101e-01,-1.046624225862747837e-01,1.635110869960831659e+00,2.040293715547042197e+00,8.493896115974344241e-01,5.903422098274055951e-01,-8.054962641080816166e-01,2.629963664617762209e+00,3.788966941357286622e+00,8.805642482872457766e-01,-5.091736168625841330e+00
4.036024016010673954e+00,7.682762841033016210e-01,4.700180463339188042e-01,-7.343926177537453137e-01,-5.488889091588923241e-01,-1.178583110081745877e+00,-1.295153085424243677e+00,1.209411044341355268e+00,-3.305075943030947871e-01,-8.711080829021168592e-02,1.660157433663481896e+00,2.046107203242378603e+00,8.154586320681290745e-01,5.623380630302803329e-01,-8.219339727083778691e-01,2.631915849881819813e+00,3.719785760994326118e+00,8.623316581654210111e-01,-5.080511735680069307e+00
4.042695130086724653e+00,7.763567048684512084e-01,4.677947822450910231e-01,-7.349151674885632257e-01,-5.377315573156793427e-01,-1.164914241853762800e+00,-1.289826026891652155e+00,1.213067238258563441e+00,-3.360449996224124658e-01,-6.954806243998190585e-02,1.684738358401135283e+00,2.051799298080435818e+00,7.816077270287442591e-01,5.336808312425038725e-01,-8.381411291663334318e-01,2.633300697783245603e+00,3.649371582109274925e+00,8.441695811147166273e-01,-5.067730400811299774e+00
4.049366244162775352e+00,7.844608740530104596e-01,4.655342186031497520e-01,-7.353205275416252462e-01,-5.264117992051260408e-01,-1.151207804665670853e+00,-1.284724495671483835e+00,1.216530105221250935e+00,-3.416897361844719039e-01,-5.197797380769819675e-02,1.708845483318286895e+00,2.057370448571299359e+00,7.478472707359189453e-01,5.043803006696676583e-01,-8.541107178428281044e-01,2.634117029938322307e+00,3.577743855979313992e+00,8.260714387789529489e-01,-5.053395873768097957e+00
4.056037358238826052e+00,7.925874877106273697e-01,4.632356447269722621e-01,-7.356086615869856793e-01,-5.149328224567011336e-01,-1.137464603977637934e+00,-1.279847853839506389e+00,1.219795387269005937e+00,-3.474401960094061215e-01,-3.440433861005737226e-02,1.732470778889891427e+00,2.062821059035504057e+00,7.141876105365578820e-01,4.744465869211940134e-01,-8.698358179290531789e-01,2.634363792973289264e+00,3.504922503211831408e+00,8.080305624446595392e-01,-5.037512512222876992e+00
4.062708472314876751e+00,8.007352137171219741e-01,4.608983608157384282e-01,-7.357795586462007043e-01,-5.032978678190330735e-01,-1.123685442701596759e+00,-1.275195394544921701e+00,1.222858895011404989e+00,-3.532947252703708685e-01,-1.683095967182278441e-02,1.755606350032344443e+00,2.068151489020504830e+00,6.806390625481447687e-01,4.438901309849416776e-01,-8.853096056783457124e-01,2.634040059289320723e+00,3.430927907722646886e+00,7.900401988254577290e-01,-5.020085320914803972e+00
4.069379586390927450e+00,8.089026922351347793e-01,4.585216782526041479e-01,-7.358332331296085771e-01,-4.915102282527691324e-01,-1.109871121501762037e+00,-1.270766342233094814e+00,1.225716509784791297e+00,-3.592516249483815871e-01,7.383544157158333787e-04,1.778244439173644498e+00,2.073362052755924001e+00,6.472119073457568428e-01,4.127216950511032323e-01,-9.005253565948734273e-01,2.633145027800467997e+00,3.355780910524940985e+00,7.720935158975534840e-01,-5.001119950505271028e+00
4.076050700466978149e+00,8.170885361930678714e-01,4.561049199039596824e-01,-7.357697248719782257e-01,-4.795732480031016376e-01,-1.096022439098671031e+00,-1.266559852897022553e+00,1.228364185780722373e+00,-3.653091515016055890e-01,1.829979014110158508e-02,1.800377429281508679e+00,2.078453018647878903e+00,6.139163856576502765e-01,3.809523581870946085e-01,-9.154764475784974431e-01,2.631678024644207969e+00,3.279502803330984317e+00,7.541836087833369007e-01,-4.980622696146159711e+00
4.082721814543028849e+00,8.252913317781300773e-01,4.536474204141744959e-01,-7.355890991624951525e-01,-4.674903216522235949e-01,-1.082140192576440230e+00,-1.262575014357484759e+00,1.230797952145042062e+00,-3.714655175488162930e-01,3.584952992373399705e-02,1.821997846848178781e+00,2.083424608812722845e+00,5.807626940713721542e-01,3.485935118652405684e-01,-9.301563590252237557e-01,2.629638503864092591e+00,3.202115321968639350e+00,7.363035056795883548e-01,-4.958600495761195326e+00
4.089392928619079548e+00,8.335096389432832265e-01,4.511485264957361685e-01,-7.352914467690567779e-01,-4.552648931520322240e-01,-1.068225177693024497e+00,-1.258810846571801978e+00,1.233013915046659248e+00,-3.777188925667078756e-01,5.338375296933885183e-02,1.843098364830702884e+00,2.088276998650459682e+00,5.477609807522731966e-01,3.156568553450944670e-01,-9.445586768825831037e-01,2.627026048064146746e+00,3.123640639614947645e+00,7.184461738272817088e-01,-4.935060928040861050e+00
4.096064042695130247e+00,8.417419919278836815e-01,4.486075972146931767e-01,-7.348768839568459166e-01,-4.429004548373636219e-01,-1.054278189193175619e+00,-1.255266301971105669e+00,1.235008259715022927e+00,-3.840674036007713510e-01,7.089863612971347706e-02,1.863671805545460636e+00,2.093010316458126852e+00,5.149213411763774451e-01,2.821543909123351845e-01,-9.586770946593939913e-01,2.623840369034553532e+00,3.044101359848951027e+00,7.006045255194747190e-01,-4.910012210151444734e+00
4.102735156771180947e+00,8.499868997918138547e-01,4.460240042713090047e-01,-7.343455525011546303e-01,-4.304005464200743036e-01,-1.040300021123848007e+00,-1.251940265826023690e+00,1.236777252445370401e+00,-3.905091359894222180e-01,8.839035476654986956e-02,1.883711143515760744e+00,2.097624643083364937e+00,4.822538138794621454e-01,2.480984189761827885e-01,-9.725054153893277764e-01,2.620081308348230387e+00,2.963520509526089253e+00,6.827714241441085186e-01,-4.883463195158916470e+00
4.109406270847231646e+00,8.582428469628734513e-01,4.433971322758446520e-01,-7.336976196944337003e-01,-4.177687539642898629e-01,-1.026291467151790204e+00,-1.248831556640667140e+00,1.238317242570809329e+00,-3.970421341010759164e-01,1.058550836191337607e-01,1.903209508271306305e+00,2.102120011618409556e+00,4.497683762242806749e-01,2.135015330274190326e-01,-9.860375535477159392e-01,2.615748837927900361e+00,2.881921531476614895e+00,6.649396902583647462e-01,-4.855423369168486047e+00
4.116077384923282345e+00,8.665082937972230503e-01,4.407263790193792774e-01,-7.329332783475381863e-01,-4.050087088431332805e-01,-1.012253320883021335e+00,-1.245938926574781558e+00,1.239624664400285070e+00,-4.036644020838478508e-01,1.232889976757397393e-01,1.922160187098371775e+00,2.106496407134707205e+00,4.174749401878234956e-01,1.783766144591054648e-01,-9.992675369211128089e-01,2.610843060583235786e+00,2.799328277030409318e+00,6.471021076911085412e-01,-4.825902848180781746e+00
4.122748498999333044e+00,8.747816771526333302e-01,4.380111557395903188e-01,-7.320527467851521974e-01,-3.921240866772828237e-01,-9.981863761839673277e-01,-1.243261061893937924e+00,1.240696039121570671e+00,-4.103739046275695079e-01,1.406882730484926847e-01,1.940556627739545181e+00,2.110753766458320246e+00,3.853833481704730390e-01,1.427368272521558623e-01,-1.012189508429061302e+00,2.605364210517714607e+00,2.715764998370846950e+00,6.292514296702887977e-01,-4.794912374665766031e+00
4.129419613075383744e+00,8.830614109743095685e-01,4.352508873814088242e-01,-7.310562688353630101e-01,-3.791186062556858860e-01,-9.840914275039378545e-01,-1.240796583447596468e+00,1.241527976668336919e+00,-4.171685677377958701e-01,1.580490878515204700e-01,1.958392441041886034e+00,2.114891977986282701e+00,3.535033688289787035e-01,1.065956125280431710e-01,-1.024797727897608590e+00,2.599312653804776829e+00,2.631256340720271147e+00,6.113803849716691330e-01,-4.762463313855575642e+00
4.136090727151434443e+00,8.913458868930523860e-01,4.324450128524721659e-01,-7.299441138133684337e-01,-3.659960284387872020e-01,-9.699692701987097099e-01,-1.238544047174891860e+00,1.242117177550462692e+00,-4.240462795214837155e-01,1.753676230821720194e-01,1.975661403552414264e+00,2.118910881544036062e+00,3.218446929350692876e-01,6.996668297087382804e-02,-1.037086573784086641e+00,2.592688888832926253e+00,2.545827334359788807e+00,5.934816840857294329e-01,-4.728567649757649427e+00
4.142761841227485142e+00,8.996334748355039324e-01,4.295929852732977006e-01,-7.287165764992942218e-01,-3.527601550446118894e-01,-9.558207008549034489e-01,-1.236501944637945050e+00,1.242460434646688983e+00,-4.310048909840092923e-01,1.926400635051086496e-01,1.992357460059803742e+00,2.122810268284060609e+00,2.904169292616177733e-01,3.286401712123332430e-02,-1.049050544852755396e+00,2.585493546719380031e+00,2.459503386486112220e+00,5.755480253991067663e-01,-4.693237980889600536e+00
4.149432955303535842e+00,9.079225236462236115e-01,4.266942722221023776e-01,-7.273739771101064289e-01,-3.394148277180835116e-01,-9.416465176149180216e-01,-1.234668703582531890e+00,1.242554634958802806e+00,-4.380422168372026248e-01,2.098625985390399629e-01,2.008474726081226791e+00,2.126589880625779028e+00,2.592296004981546886e-01,-4.698146455823781764e-03,-1.060684261800828754e+00,2.577727391691938319e+00,2.372310272908346285e+00,5.575721013874237464e-01,-4.656487515737413041e+00
4.156104069379586541e+00,9.162113617213345496e-01,4.237483559741967998e-01,-7.259166612655989503e-01,-3.259639267839340437e-01,-9.274475205021155411e-01,-1.233042688525890718e+00,1.242396761326485910e+00,-4.451560363180597779e-01,2.270314231459056031e-01,2.024007490293267431e+00,2.130249412236802975e+00,2.282921391976309167e-01,-4.270531512612918412e-02,-1.071982468834536517e+00,2.569391321438681430e+00,2.284274129587570368e+00,5.395466048158569228e-01,-4.618330067938724248e+00
4.162775183455637240e+00,9.244982976534772412e-01,4.207547337358802930e-01,-7.243449999484414814e-01,-3.124113700835895457e-01,-9.132245117460030537e-01,-1.231622201371465497e+00,1.241983894102046015e+00,-4.523440940178042879e-01,2.441427387222797618e-01,2.038950216905897506e+00,2.133788508055558975e+00,1.976138837561913775e-01,-8.114274826262546370e-02,-1.082940035194795980e+00,2.560486367425188092e+00,2.195421444022219060e+00,5.214642349442346614e-01,-4.578780051192968159e+00
4.169446297531687939e+00,9.327816208878026982e-01,4.177129178727759795e-01,-7.226593894582747923e-01,-2.987611117964058538e-01,-8.989782961071127732e-01,-1.230405482050344279e+00,1.241313212784199926e+00,-4.596041007209536455e-01,2.611927539927834663e-01,2.053297547978457427e+00,2.137206764355316757e+00,1.672040744278401325e-01,-1.199954634398396891e-01,-1.093551956632201616e+00,2.551013695178881768e+00,2.105779046482236794e+00,5.033177037330422987e-01,-4.537852473900405137e+00
4.176117411607738639e+00,9.410596023887207728e-01,4.146224361325319130e-01,-7.208602513598386663e-01,-2.850171412456553033e-01,-8.847096812013285350e-01,-1.229390709189173148e+00,1.240381997610158660e+00,-4.669337342540595404e-01,2.781776859052825790e-01,2.067044305676676075e+00,2.140503728849613818e+00,1.370718493757459577e-01,-1.592482427439878556e-01,-1.103813356830918746e+00,2.540974604540235937e+00,2.015374101095200654e+00,4.850997420470987143e-01,-4.495562933532082361e+00
4.182788525683789338e+00,9.493304953171336491e-01,4.114828318618306557e-01,-7.189480324251246168e-01,-2.711834816896525613e-01,-8.704194778233662610e-01,-1.228576000804279200e+00,1.239187631105235443e+00,-4.743306403437749230e-01,2.950937605276510722e-01,2.080185494469740437e+00,2.143678900839042889e+00,1.072262407620026559e-01,-1.988856391960378556e-01,-1.113719488781223177e+00,2.530370529880466179e+00,1.924234096787484916e+00,4.668031058533760325e-01,-4.451927610732946405e+00
4.189459639759840037e+00,9.575925357178549646e-01,4.082936642176441255e-01,-7.169232045695387301e-01,-2.572641890984349033e-01,-8.561085002691389834e-01,-1.227959415021746992e+00,1.237727599589233396e+00,-4.817924334839005507e-01,3.119372139458700954e-01,2.092716303266446420e+00,2.146731731399361021e+00,7.767617087762801464e-02,-2.388919832849394354e-01,-1.123265736100362844e+00,2.519203040285426187e+00,1.832386838083805092e+00,4.484205824095571224e-01,-4.406963263160462496e+00
4.196130753835890737e+00,9.658439432169443339e-01,4.050545083726757589e-01,-7.147862647820726334e-01,-2.432633509163807384e-01,-8.417775666567257620e-01,-1.227538950823173547e+00,1.235999494638889251e+00,-4.893166978110792265e-01,3.287042931632481735e-01,2.104632107489526227e+00,2.149661623610840344e+00,4.843044831450948884e-02,-2.792513896083224090e-01,-1.132447614301505645e+00,2.507473839705382179e+00,1.739860435768263880e+00,4.299449964399384427e-01,-4.360687219061112785e+00
4.202801867911941436e+00,9.740829217286368635e-01,4.017649557149320372e-01,-7.125377350494690454e-01,-2.291850848112165773e-01,-8.274274992456753797e-01,-1.227312548816815507e+00,1.234001014505667904e+00,-4.969009879887719694e-01,3.453912570005172045e-01,2.115928471087202833e+00,2.152467932828770358e+00,1.949776418110660270e-02,-3.199477636177090467e-01,-1.141260772010480817e+00,2.495184767070382392e+00,1.646683297410463043e+00,4.113692162952366504e-01,-4.313117370587448818e+00
4.209472981987992135e+00,9.823076601715889922e-01,3.984246140413703063e-01,-7.101781622743833511e-01,-2.150335374098050756e-01,-8.130591247543703659e-01,-1.227278092033832868e+00,1.231729965488218781e+00,-5.045428300991829929e-01,3.619943769965899838e-01,2.126601148481123360e+00,2.155149966994987842e+00,-9.113311636440690755e-03,-3.609648084654719646e-01,-1.149700992130103128e+00,2.482337796370936545e+00,1.552884117759911753e+00,3.926861600929564822e-01,-4.264272166858269486e+00
4.216144096064042834e+00,9.905163331941224669e-01,3.950331077455727646e-01,-7.077081181875329863e-01,-2.008128830211587390e-01,-7.986732746751723511e-01,-1.227433406749315337e+00,1.229184263258819243e+00,-5.122397225427732792e-01,3.785099383097323411e-01,2.136646086449760951e+00,2.157706986990291398e+00,-3.739433416602871985e-02,-4.022860319504946158e-01,-1.157764192951897808e+00,2.468935036703713948e+00,1.458491869012315645e+00,3.738888018348216491e-01,-4.214170606764827909e+00
4.222815210140093534e+00,9.987071019081624756e-01,3.915900779993926051e-01,-7.051281992538352972e-01,-1.865273223471061170e-01,-7.842707855870910683e-01,-1.227776263327779338e+00,1.226361934143173071e+00,-5.199891369450153622e-01,3.949342406189267907e-01,2.146059425946484467e+00,2.160138207027591406e+00,-6.533698699250339859e-02,-4.438947535596438065e-01,-1.165446429214985091e+00,2.454978732282024900e+00,1.363535790951228677e+00,3.549701774980266733e-01,-4.162832231525887217e+00
4.229486324216144233e+00,1.006878114631558629e+00,3.880951829285296251e-01,-7.024390265725306559e-01,-1.721810811810441377e-01,-7.698524994656738007e-01,-1.228304377092794830e+00,1.223261116352904798e+00,-5.277885190700362106e-01,4.112635990251901630e-01,2.154837503851439795e+00,2.162442795085587122e+00,-9.293308585005255473e-02,-4.857741116019655969e-01,-1.172743893112035085e+00,2.440471262410770059e+00,1.268045380968624070e+00,3.359233910967401870e-01,-4.110277116994735636e+00
4.236157438292194932e+00,1.015027507638466497e+00,3.845480977819887292e-01,-6.996412457712956057e-01,-1.577784090952331908e-01,-7.554192639898910100e-01,-1.229015409220410193e+00,1.219880061170179886e+00,-5.356352897407933300e-01,4.274943449525999695e-01,2.162976854656476267e+00,2.164619873382776838e+00,-1.201745821624856103e-01,-5.279070704325861119e-01,-1.179652915242072053e+00,2.425415141425683707e+00,1.172050383968087583e+00,3.167416207107324744e-01,-4.056525865721244628e+00
4.242828552368245631e+00,1.023153405917470060e+00,3.809485150953786370e-01,-6.967355268943445923e-01,-1.433235781170744960e-01,-7.409719328457087251e-01,-1.229906967656006156e+00,1.216217134083827478e+00,-5.435268457654299779e-01,4.436228270487981296e-01,2.170474212082325050e+00,2.166668518891569750e+00,-1.470535665297245109e-01,-5.702764277631564571e-01,-1.186169965510073698e+00,2.409813018596571155e+00,1.075580782154279325e+00,2.974181244775677135e-01,-4.001599598772269673e+00
4.249499666444296331e+00,1.031253923937119232e+00,3.772961448480102176e-01,-6.937225642845299411e-01,-1.288208813948303333e-01,-7.265113660261108830e-01,-1.230976608054241472e+00,1.212270815876427044e+00,-5.514605608694509442e-01,4.596454120847295877e-01,2.177326510627298539e+00,2.168587763892232623e+00,-1.735622721589460959e-01,-6.128648220557335602e-01,-1.192291653973207577e+00,2.393667677994359089e+00,9.786667847124310704e-01,2.779462465451976172e-01,-3.945519947313727904e+00
4.256170780520347030e+00,1.039327166418560378e+00,3.735907146137608659e-01,-6.906030764594390803e-01,-1.142746318532342487e-01,-7.120384301272832950e-01,-1.232221834741680233e+00,1.208039703661789144e+00,-5.594337866333719544e-01,4.755584858533677961e-01,2.183530887046785107e+00,2.170376596566420346e+00,-1.996930782387867920e-01,-6.556547399969216983e-01,-1.198014731633701979e+00,2.376982038321703961e+00,8.813388173815909221e-01,2.583194229815447551e-01,-3.888309043957804079e+00
4.262841894596397729e+00,1.047371229114912428e+00,3.698319697056627331e-01,-6.873778059815023322e-01,-9.968916083947518270e-02,-6.975539986407113258e-01,-1.233640101701748204e+00,1.203522511872322509e+00,-5.674438534354729891e-01,4.913584540671961376e-01,2.189084681762834883e+00,2.172033961629959098e+00,-2.254385132550276727e-01,-6.986285240489584769e-01,-1.203336091178205169e+00,2.359759152706983443e+00,7.836275119256033150e-01,2.385311876378006790e-01,-3.829989513878957919e+00
4.269513008672448429e+00,1.055384199597069639e+00,3.660196733141882763e-01,-6.840475193221191574e-01,-8.506881676000456471e-02,-6.830589522409286074e-01,-1.235228813581602747e+00,1.198718073195779166e+00,-5.754880713993120178e-01,5.070417432541841629e-01,2.193985440203185533e+00,2.173558761004599660e+00,-2.507912582462830664e-01,-7.417683800746144307e-01,-1.208252767663670735e+00,2.342002208461464452e+00,6.855636955055545156e-01,2.185751779622500113e-01,-3.770584465702286003e+00
4.276184122748499128e+00,1.063364158045571273e+00,3.621536066391969344e-01,-6.806130067198111755e-01,-7.041796370865717469e-02,-6.685541790686528874e-01,-1.236985326720520639e+00,1.193625339460896218e+00,-5.835637313456274455e-01,5.226048016520280504e-01,2.198230914069061015e+00,2.174949854528363424e+00,-2.757441499981230226e-01,-7.850563850324742132e-01,-1.212761939149703094e+00,2.323714526799467883e+00,5.871783799577607876e-01,1.984451407612524143e-01,-3.710117482168155956e+00
4.282855236824549827e+00,1.071309178048226451e+00,3.582335690155230568e-01,-6.770750820324159536e-01,-5.574098008654002068e-02,-6.540405750090545478e-01,-1.238906950199380574e+00,1.188243382471471765e+00,-5.916681057482913175e-01,5.380441001003914980e-01,2.201819062531149118e+00,2.176206060704149792e+00,-3.002901841742154909e-01,-8.284744947393987147e-01,-1.216860927277428894e+00,2.304899562521340872e+00,4.885027509811051827e-01,1.781349379042752590e-01,-3.648612610576890347e+00
4.289526350900600526e+00,1.079217327403110493e+00,3.542593780321693364e-01,-6.734345825833384369e-01,-4.104225721419831052e-02,-6.395190439649053316e-01,-1.240990946910824011e+00,1.182571394788445529e+00,-5.997984496939365862e-01,5.533561329309156784e-01,2.204748053353147608e+00,2.177326157486197733e+00,-3.244225183829695935e-01,-8.720045516966746790e-01,-1.220547197794855876e+00,2.285560903659108245e+00,3.895681572379350310e-01,1.576385519696916759e-01,-3.586094353017605929e+00
4.296197464976651226e+00,1.087086668926617650e+00,3.502308696450888159e-01,-6.696923690018695696e-01,-2.632619793651702622e-02,-6.249904981243558089e-01,-1.243234534649654499e+00,1.176608690459568951e+00,-6.079520018449163787e-01,5.685374188547360763e-01,2.207016263942328749e+00,2.178308883104010274e+00,-3.481344751783171931e-01,-9.156282929765792167e-01,-1.223818361028811363e+00,2.265702271084624186e+00,2.904060993724075779e-01,1.369500918282730018e-01,-3.522587656385185895e+00
4.302868579052701925e+00,1.094915261266196760e+00,3.461478982835328733e-01,-6.658493250575976408e-01,-1.159721522087325818e-02,-6.104558582230961150e-01,-1.245634887223026954e+00,1.170354705696267761e+00,-6.161259854052287821e-01,5.835845018472590739e-01,2.208622282326577757e+00,2.179152936923307138e+00,-3.714195449931690374e-01,-9.593273581658245952e-01,-1.226672172303509889e+00,2.245327518080109552e+00,1.910482189505429140e-01,1.160637981611487568e-01,-3.458117902189698611e+00
4.309539693128752624e+00,1.102701159717433210e+00,3.420103369499463142e-01,-6.619063574889213486e-01,3.140269251001470696e-03,-5.959160538006399443e-01,-1.248189135579986342e+00,1.163808999497333518e+00,-6.243176090890627528e-01,5.984939520299519256e-01,2.209564908057399801e+00,2.179856980343563677e+00,-3.942713890042408020e-01,-1.003083297362548754e+00,-1.229106532305868305e+00,2.224440629870920283e+00,9.152628732592194005e-02,9.497404890919214360e-02,-3.392710896162410172e+00
4.316210807204803324e+00,1.110442417045105712e+00,3.378180773133941384e-01,-6.578643958256965574e-01,1.788182649691784365e-02,-5.813720234505119766e-01,-1.250894368959877045e+00,1.156971254219096412e+00,-6.325240680915972247e-01,6.132623665488844411e-01,2.209843153038413277e+00,2.180419637731662696e+00,-4.166838419268449334e-01,-1.046877579223252530e+00,-1.231119487397638990e+00,2.203045723120466093e+00,-8.127805564570600438e-03,7.367536465072377361e-02,-3.326392857662907598e+00
4.322881921280854023e+00,1.118137084307872398e+00,3.335710297965041593e-01,-6.537243922060301804e-01,3.262302165341038340e-02,-5.668247150640823850e-01,-1.253747636059163728e+00,1.149841276091762232e+00,-6.407425450617096896e-01,6.278863704497783527e-01,2.209456242278874605e+00,2.180839497391175108e+00,-4.386509147383810259e-01,-1.090691599056285988e+00,-1.232709229874520585e+00,2.181147045387156869e+00,-1.078820624709277975e-01,5.216241390452736049e-02,-3.259190408891702084e+00
4.329553035356904722e+00,1.125783211686220975e+00,3.292691236559160961e-01,-6.494873211872499441e-01,4.735941539969625025e-02,-5.522750860678176110e-01,-1.256745946216180299e+00,1.142418995681608429e+00,-6.489702110762349818e-01,6.423626175493055701e-01,2.208403614571812668e+00,2.181115112566766712e+00,-4.601667973292281610e-01,-1.134506686958312027e+00,-1.233874098172389022e+00,2.158748974543295507e+00,-2.077043901618208510e-01,3.043001835516268017e-02,-3.191130563912911278e+00
4.336224149432955421e+00,1.133378849313313674e+00,3.249123070562267568e-01,-6.451541795510763455e-01,6.208656538589583940e-02,-5.377241036537194763e-01,-1.259886270613314485e+00,1.134704468298772362e+00,-6.572042266154228818e-01,6.566877913023800861e-01,2.206684923096373652e+00,2.181245002483184425e+00,-4.812258610797693348e-01,-1.178304115990173262e+00,-1.234612577020815616e+00,2.135856018155838587e+00,-3.075626108136872983e-01,8.473157997593849800e-03,-3.122240717491701734e+00
4.342895263509006121e+00,1.140922048108384157e+00,3.205005471374252068e-01,-6.407259861030190073e-01,7.680002766503318812e-02,-5.231727450027096049e-01,-1.263165543496137078e+00,1.126697874350365058e+00,-6.654417425392503693e-01,6.708586056651991703e-01,2.204300035944005920e+00,2.181227653418294388e+00,-5.018226613623659738e-01,-1.222065110388689035e+00,-1.234923297544081811e+00,2.112472812828950719e+00,-4.074244734529758327e-01,-1.371302380177286118e-02,-3.052548633751140272e+00
4.349566377585056820e+00,1.148410860612292028e+00,3.160338300758125940e-01,-6.362037814660350676e-01,9.149535812827699899e-02,-5.086219975007524319e-01,-1.266580663408964691e+00,1.118399519638704875e+00,-6.736799010642229302e-01,6.848718059537615144e-01,2.201249036568147410e+00,2.181061519809591065e+00,-5.219519399670514703e-01,-1.265770853810670671e+00,-1.234805037309878228e+00,2.088604123508318366e+00,-5.072576654469989066e-01,-3.613321533053959200e-02,-2.982082434653393399e+00
4.356237491661107519e+00,1.155843341824895676e+00,3.115121611384047418e-01,-6.315886278684719191e-01,1.061681139429354048e-01,-4.940728589474837062e-01,-1.270128494446352896e+00,1.109809835604450567e+00,-6.819158367403397314e-01,6.987241696976241867e-01,2.197532224157113134e+00,2.180745025393602710e+00,-5.416086274498267406e-01,-1.309402497605690385e+00,-1.234256720325929813e+00,2.064254842747173413e+00,-6.070298240392406619e-01,-5.879193164505913671e-02,-2.910870588310043861e+00
4.362908605737158219e+00,1.163217550043851523e+00,3.069355647308188995e-01,-6.268816089263359315e-01,1.208138549926711935e-01,-4.795263377571323815e-01,-1.273805867519988144e+00,1.100929379514464790e+00,-6.901466774278484095e-01,7.124125074886284992e-01,2.193150113929884792e+00,2.180276564377571891e+00,-5.607878454024015635e-01,-1.352941169113851982e+00,-1.233277416984795316e+00,2.039429989934009146e+00,-7.067085479245597268e-01,-8.169350977733724761e-02,-2.838941897126642910e+00
4.369579719813208918e+00,1.170531547704493747e+00,3.023040844386428727e-01,-6.220838294199102503e-01,1.354281453194478568e-01,-4.649834531515101288e-01,-1.277609581640460901e+00,1.091758834594241279e+00,-6.983695452734757225e-01,7.259336638243574225e-01,2.188103437354562253e+00,2.179654502642801361e+00,-5.794849086423224938e-01,-1.396367979985069008e+00,-1.231866343957116916e+00,2.014134710481944257e+00,-8.062614088600970064e-01,-1.048421040368145984e-01,-2.766325485786407690e+00
4.376250833889259617e+00,1.177783402220400344e+00,2.976177830622998566e-01,-6.171964150647699654e-01,1.500065545666577072e-01,-4.504452353448831214e-01,-1.281536405213372865e+00,1.082299010104776915e+00,-7.065815576857600311e-01,7.392845179460411087e-01,2.182393142289250854e+00,2.178877178979020002e+00,-5.976953273224011598e-01,-1.439664034516075608e+00,-1.230022864033606833e+00,1.988374274979784362e+00,-9.056559633072270854e-01,-1.282416814097246949e-01,-2.693050789078364371e+00
4.382921947965310316e+00,1.184971186824298695e+00,2.928767426454056411e-01,-6.122205122772241825e-01,1.645446594229436066e-01,-4.359127257204979955e-01,-1.285583077349258474e+00,1.072550841363777874e+00,-7.147798283091717497e-01,7.524619846706854798e-01,2.176020393045198009e+00,2.177942906349104035e+00,-6.154148089584525749e-01,-1.482810438001638920e+00,-1.227746485916059616e+00,1.962154078304753746e+00,-1.004859764100324959e+00,-1.518960170587082548e-01,-2.619147539574973926e+00
4.389593062041361016e+00,1.192092981408911179e+00,2.880810644966341760e-01,-6.071572879342270745e-01,1.790380450661698264e-01,-4.213869769985789659e-01,-1.289746309186743378e+00,1.062515389711118363e+00,-7.229614679966582802e-01,7.654630152171459923e-01,2.168986570372001044e+00,2.176849973183481168e+00,-6.326392603743304921e-01,-1.525788305096200670e+00,-1.225036863957734923e+00,1.935479638696947502e+00,-1.103840372137714798e+00,-1.758086899253106239e-01,-2.544645755164678391e+00
4.396264176117411715e+00,1.199146873367402222e+00,2.832308692051019872e-01,-6.020079291277973255e-01,1.934823066070477937e-01,-4.068690533955812150e-01,-1.294022785228408745e+00,1.052193842418484238e+00,-7.311235857803024540e-01,7.782845980259032181e-01,2.161293271364763235e+00,2.175596644703515103e+00,-6.493647895633274381e-01,-1.568578768182371519e+00,-1.221893797853466079e+00,1.908356596795512061e+00,-1.202565368090492637e+00,-1.999830784379277304e-01,-2.469575726444591446e+00
4.402935290193462414e+00,1.206130958433020206e+00,2.783262966492829893e-01,-5.967736429139950394e-01,2.078730505318716892e-01,-3.923600307745337412e-01,-1.298409164688791861e+00,1.041587512543186600e+00,-7.392632898397357710e-01,7.909237595722795611e-01,2.152942309293096823e+00,2.174181164273176314e+00,-6.655877074650234926e-01,-1.611162985742557341e+00,-1.218317232279813034e+00,1.880790714636650485e+00,-1.301002364124602462e+00,-2.244223563276628308e-01,-2.393968003978791614e+00
4.409606404269513114e+00,1.213043341517590079e+00,2.733675059994729595e-01,-5.914556560564907528e-01,2.222058961438552194e-01,-3.778609967862624486e-01,-1.302902082853948151e+00,1.030697838726122750e+00,-7.473776884679930177e-01,8.033775651728444211e-01,2.143935713351889927e+00,2.172601754778241911e+00,-6.813045296566866416e-01,-1.653522150730016183e+00,-1.214307256485692932e+00,1.852787874613480934e+00,-1.399119015631708152e+00,-2.491294885546517790e-01,-2.317853385427762980e+00
4.416277518345563813e+00,1.219882137548462531e+00,2.683546757138186578e-01,-5.860552147647829502e-01,2.364764770025440110e-01,-3.633730510013361559e-01,-1.307498152452021278e+00,1.019526384933909569e+00,-7.554638910344645408e-01,8.156431197847537895e-01,2.134275728333806743e+00,2.170856620032319384e+00,-6.965119779584132420e-01,-1.695637498935737675e+00,-1.209864103833831361e+00,1.824354078397858236e+00,-1.496883032964383409e+00,-2.741072273471367726e-01,-2.241262902554373326e+00
4.422948632421614512e+00,1.226645472303562467e+00,2.632880035279346886e-01,-5.805735844271030510e-01,2.506804423607847387e-01,-3.488973050325251957e-01,-1.312193965034219811e+00,1.008074840145212869e+00,-7.635190089446346473e-01,8.277175687977695873e-01,2.123964814223480602e+00,2.168943946208878426e+00,-7.112069819511747104e-01,-1.737490317347372359e+00,-1.204988151293514775e+00,1.795495445824209391e+00,-1.594262193171070541e+00,-2.993581083558161104e-01,-2.164227808112158868e+00
4.429619746497665211e+00,1.233331483244159976e+00,2.581677064381286413e-01,-5.750120493380658226e-01,2.648134585987247380e-01,-3.344348826476417624e-01,-1.316986092365635574e+00,9.963450179813653218e-01,-7.715401565962707320e-01,8.395980988187088379e-01,2.113005645713460279e+00,2.166861903298585634e+00,-7.253866804070299157e-01,-1.779061952496622689e+00,-1.199679918885001806e+00,1.766218213735543996e+00,-1.691224351726294151e+00,-3.248844469255665057e-01,-2.086779562621416506e+00
4.436290860573715911e+00,1.239938320344984302e+00,2.529940206782607115e-01,-5.693719124211095162e-01,2.788712106543189129e-01,-3.199869198725636688e-01,-1.321871087825303270e+00,9.843388562813353282e-01,-7.795244523317441665e-01,8.512819384480662110e-01,2.101401111641908681e+00,2.164608646591075658e+00,-7.390484226307457716e-01,-1.820333818791313840e+00,-1.193940069076107724e+00,1.736528734791713102e+00,-1.787737454251571378e+00,-3.506883344869600183e-01,-2.008949821038959360e+00
4.442961974649766610e+00,1.246464146921324678e+00,2.477672016902636443e-01,-5.636544949457845677e-01,2.928494034498260734e-01,-3.055545650843047301e-01,-1.326845487814919844e+00,9.720584166211816424e-01,-7.874690193861695331e-01,8.627663590485621370e-01,2.089154314352173802e+00,2.162182318180426943e+00,-7.521897697121696647e-01,-1.861287406828582958e+00,-1.187769406131372829e+00,1.706433476240094116e+00,-1.883769548222535839e+00,-3.767716350696044270e-01,-1.930770419327146437e+00
4.449633088725817309e+00,1.252907140452738322e+00,2.424875240883531957e-01,-5.578611362399406026e-01,3.067437633137762298e-01,-2.911389790939491462e-01,-1.331905813175611186e+00,9.595058837781127448e-01,-7.953709868310487874e-01,8.740486755053631374e-01,2.076268568974296347e+00,2.159581048493444122e+00,-7.648084956886651575e-01,-1.901904291685400761e+00,-1.181168875414359665e+00,1.675939018648791023e+00,-1.979288794657711570e+00,-4.031359819395896604e-01,-1.852273360928159418e+00
4.456304202801868009e+00,1.259265493402995428e+00,2.371552816169563704e-01,-5.519931933968699189e-01,3.205500393978807927e-01,-2.767413352193311971e-01,-1.337048570612155984e+00,9.466835651393343820e-01,-8.032274905130979414e-01,8.851262469777330111e-01,2.062747402628634319e+00,2.156802957839989876e+00,-7.769025886170313200e-01,-1.942166141182867900e+00,-1.174139562643495838e+00,1.645052054602572200e+00,-2.074263479784418607e+00,-4.297827743629447639e-01,-1.773490803149215145e+00
4.462975316877918708e+00,1.265537414035902364e+00,2.317707871023991784e-01,-5.460520409774701767e-01,3.342640050883698422e-01,-2.623628193472971604e-01,-1.342270254124053874e+00,9.335938900558583553e-01,-8.110356739879660548e-01,8.959964776418485322e-01,2.048594553551739583e+00,2.153846157984457221e+00,-7.884702515543016155e-01,-1.982054724120545508e+00,-1.166682693102066182e+00,1.613779387361697237e+00,-2.168662026677236732e+00,-4.567131744972132701e-01,-1.694455043464791588e+00
4.469646430953969407e+00,1.271721127226627335e+00,2.263343723983777256e-01,-5.400390707074756991e-01,3.478814594112430991e-01,-2.480046299854112291e-01,-1.347567346442837932e+00,9.202394091414892729e-01,-8.187926894485211271e-01,9.066568174245572820e-01,2.033813970144702221e+00,2.150708753737557988e+00,-7.995099034469141941e-01,-2.021551918477237031e+00,-1.158799630802808345e+00,1.582127929483805762e+00,-2.262453006864578064e+00,-4.839281044130570031e-01,-1.615198505741662238e+00
4.476317545030020106e+00,1.277814875268166173e+00,2.208463883252582693e-01,-5.339556911698317698e-01,3.613982284309099624e-01,-2.336679783029867730e-01,-1.352936320475005560e+00,9.066227935172282981e-01,-8.264956986474207845e-01,9.171047627278129388e-01,2.018409809944187838e+00,2.147388844567543309e+00,-8.100201799277418901e-01,-2.060639719574572037e+00,-1.150491877607683566e+00,1.550104701409106722e+00,-2.355605151898783056e+00,-5.114282432477152973e-01,-1.535753726392787177e+00
4.482988659106070806e+00,1.283816918672591623e+00,2.153072046032425135e-01,-5.278033274922593332e-01,3.748101666417134048e-01,-2.193540881612920934e-01,-1.358373640749957145e+00,8.927468340013438031e-01,-8.341418738136636701e-01,9.273378571435502149e-01,2.002386438516409406e+00,2.143884526229951071e+00,-8.199999340205330611e-01,-2.099300248199735375e+00,-1.141761072303417279e+00,1.517716830009039564e+00,-2.448087364885265682e+00,-5.392140244922583037e-01,-1.456153340466133317e+00
4.489659773182121505e+00,1.289725536966714436e+00,2.097172097794383627e-01,-5.215834210300918095e-01,3.881131583518144246e-01,-2.050641961328386054e-01,-1.363875764872330087e+00,8.786144402454076907e-01,-8.417283985628222220e-01,9.373536921587592996e-01,1.985748428274356492e+00,2.140193892415026333e+00,-8.294482367513502652e-01,-2.137515758683825151e+00,-1.132608989633310026e+00,1.484971547098695943e+00,-2.539868731966189674e+00,-5.672856334142002410e-01,-1.376430067674340840e+00
4.496330887258172204e+00,1.295539029481800775e+00,2.040768111488816816e-01,-5.152974290444348737e-01,4.013031190589334551e-01,-1.907995515096136407e-01,-1.369439144978095602e+00,8.642286398165937022e-01,-8.492524688006763967e-01,9.471499078505138947e-01,1.968500557218560765e+00,2.136315036411851054e+00,-8.383643776666288572e-01,-2.175268646932140282e+00,-1.123037539285979269e+00,1.451876187913189620e+00,-2.630918533754185606e+00,-5.956430046173259996e-01,-1.296616698371491072e+00
4.503002001334222903e+00,1.301255716136993090e+00,1.983864346695511094e-01,-5.089468243757295784e-01,4.143759968174337005e-01,-1.765614163001678893e-01,-1.375060229193802108e+00,8.495925772265814357e-01,-8.567112936199544615e-01,9.567241935707174738e-01,1.950647807601784134e+00,2.132246052788322022e+00,-8.467478652575273212e-01,-2.212541458402952799e+00,-1.113048764841574112e+00,1.418438189548293149e+00,-2.721206256711637739e+00,-6.242858197401930376e-01,-1.216746079482912357e+00
4.509673115410273603e+00,1.306873938216072339e+00,1.926465248714260003e-01,-5.025330951127771062e-01,4.273277735962500712e-01,-1.623510652154292189e-01,-1.380735463098330618e+00,8.347095129074030284e-01,-8.641020961899122943e-01,9.660742886203247393e-01,1.932195364517966807e+00,2.127985039085978691e+00,-8.545984272902740209e-01,-2.249316896031096746e+00,-1.102644842676136161e+00,1.384665089365540780e+00,-2.810701604471091297e+00,-6.532135052950018839e-01,-1.136851100394345782e+00
4.516344229486324302e+00,1.312392059137215350e+00,1.868575447596328432e-01,-4.960577442573043117e-01,4.401544666271495210e-01,-1.481697856431801741e-01,-1.386461291186550149e+00,8.195828221346352915e-01,-8.714221146384579786e-01,9.751979829128123445e-01,1.913148614415881354e+00,2.123530097528809613e+00,-8.619160110422621202e-01,-2.285577828092957287e+00,-1.091828080824680081e+00,1.350564523362163927e+00,-2.899374509092327301e+00,-6.824252306481630725e-01,-1.056964678806445956e+00
4.523015343562375001e+00,1.317808465215389635e+00,1.810199757117336716e-01,-4.895222893841399414e-01,4.528521297428235171e-01,-1.340188776110809166e-01,-1.392234158334219263e+00,8.042159938983242107e-01,-8.786686029265585729e-01,9.840931176266503044e-01,1.893513143537904009e+00,2.118879336745029818e+00,-8.687007834436721865e-01,-2.321307296009255339e+00,-1.080600917803678396e+00,1.316144224506098803e+00,-2.987195142251647617e+00,-7.119199061440855125e-01,-9.771197465609910981e-01
4.529686457638425701e+00,1.323121566417046369e+00,1.751343173692078425e-01,-4.829282622970756389e-01,4.654168547043199267e-01,-1.198996537381749883e-01,-1.398050511263532858e+00,7.886126297220772408e-01,-8.858388317146558277e-01,9.927575858465571557e-01,1.873294736284388806e+00,2.114030873500916119e+00,-8.749531311244741483e-01,-2.356488522082250014e+00,-1.068965921393571605e+00,1.281412021036429483e+00,-3.074133926359028823e+00,-7.416961813734181952e-01,-8.973492354448145969e-01
4.536357571714476400e+00,1.328329797106761578e+00,1.692010875231802214e-01,-4.762772086804836214e-01,4.778447725173184946e-01,-1.058134391747763692e-01,-1.403906800008649425e+00,7.727764424307601576e-01,-8.929300892208344997e-01,1.001189333193299946e+00,1.852499373504115310e+00,2.108982834445680687e+00,-8.806736603666603935e-01,-2.391104917163803023e+00,-1.056925787382009263e+00,1.246375834729535281e+00,-3.160161545598725752e+00,-7.717524435871374600e-01,-8.176860629778561762e-01
4.543028685790527099e+00,1.333431616785490270e+00,1.632208219944543681e-01,-4.695706877467771267e-01,4.901320547367520319e-01,-9.176157153069688932e-02,-1.409799479380595688e+00,7.567112548672872974e-01,-8.999396820704717026e-01,1.009386358441813014e+00,1.831133230711365911e+00,2.103733357866459652e+00,-8.858631969616355128e-01,-2.425140088250968606e+00,-1.044483338268458850e+00,1.211043679131354578e+00,-3.245248956888959313e+00,-8.020868162575234273e-01,-7.381631181914132256e-01
4.549699799866577798e+00,1.338425510820086428e+00,1.571940745079027368e-01,-4.628102718797809101e-01,5.022749147592950880e-01,-7.774540079172498341e-02,-1.415725010430902930e+00,7.404209985589866871e-01,-9.068649361371192708e-01,1.017346714127417506e+00,1.809202676230159845e+00,2.098280595452398867e+00,-8.905227859727182782e-01,-2.458577846005669088e+00,-1.031641521930892313e+00,1.175423657756062390e+00,-3.329367400756407136e+00,-8.326971577872694930e-01,-6.588132474028903784e-01
4.556370913942628498e+00,1.343309991163760708e+00,1.511214165612844162e-01,-4.559975462741059360e-01,5.142696091032231687e-01,-6.376628922431898383e-02,-1.421679861913331067e+00,7.239097123340729745e-01,-9.137031973743648949e-01,1.025068507139903939e+00,1.786714269266255428e+00,2.092622714066855405e+00,-8.946536914027476417e-01,-2.491402212195076515e+00,-1.018403410255270147e+00,1.139523962251587808e+00,-3.412488412121087222e+00,-8.635810603676823405e-01,-5.796692399933548456e-01
4.563042028018679197e+00,1.348083597067149197e+00,1.450034372885362077e-01,-4.491341085705926051e-01,5.261124386751837578e-01,-4.982561126843898514e-02,-1.427660511743075178e+00,7.071815408887394128e-01,-9.204518326384347748e-01,1.032549899305274632e+00,1.763674757907489177e+00,2.086757897526714700e+00,-8.982573957668370523e-01,-2.523597427049425690e+00,-1.004772197728498018e+00,1.103352870532279262e+00,-3.494583830987542328e+00,-8.947358489870285148e-01,-5.007638141939928511e-01
4.569713142094729896e+00,1.352744895779650403e+00,1.388407433176137573e-01,-4.422215684879215458e-01,5.377997500233770989e-01,-3.592475341849954429e-02,-1.433663448452789257e+00,6.902407333054715322e-01,-9.271082305012832148e-01,1.039789107954918190e+00,1.740091077053144586e+00,2.080684348387816129e+00,-9.013355995703588031e-01,-2.555147956533875053e+00,-9.907511999956084559e-01,1.066918744879199021e+00,-3.575625813037865974e+00,-9.261585805898548962e-01,-4.221296028879034656e-01
4.576384256170780596e+00,1.357292483240726266e+00,1.326339586229360878e-01,-4.352615474504679671e-01,5.493279365766973177e-01,-2.206511409239020338e-02,-1.439685172644827427e+00,6.730916415231283922e-01,-9.336698020539418996e-01,1.046784406482003771e+00,1.715970346272972291e+00,2.074400289735497172e+00,-9.038902206922720950e-01,-2.586038499531256196e+00,-9.763438523818833703e-01,1.030230030008397746e+00,-3.655586840122553305e+00,-9.578460433881357261e-01,-3.437991394332939876e-01
4.583055370246831295e+00,1.361724984760828150e+00,1.263837243725085269e-01,-4.282556782124860018e-01,5.606934398693532717e-01,-8.248103488534469507e-03,-1.445722198439041595e+00,6.557387187594236888e-01,-9.401339816998965926e-01,1.053534124884881518e+00,1.691319867596590587e+00,2.067903966979195207e+00,-9.059233936739734538e-01,-2.616253994932361771e+00,-9.615537083806751095e-01,9.932952511076180713e-01,-3.734439730644863786e+00,-9.897947563250197867e-01,-2.658048435145045074e-01
4.589726484322881994e+00,1.366041055691651351e+00,1.200906987697832468e-01,-4.212056044787154119e-01,5.718927507505141561e-01,5.524856569025682340e-03,-1.451771054915533599e+00,6.381865178864194466e-01,-9.464982279382592179e-01,1.060036650297285554e+00,1.666147123233975069e+00,2.061193649650157500e+00,-9.074374689138583472e-01,-2.645779628630710256e+00,-9.463844381076598200e-01,9.561230118418722057e-01,-3.812157649834651441e+00,-1.022000968691790135e+00,-1.881790070269090398e-01
4.596397598398932693e+00,1.370239382085390201e+00,1.137555568903313441e-01,-4.141129805214908144e-01,5.829224105785207888e-01,1.925233279756005667e-02,-1.457828287551705015e+00,6.204396897596834437e-01,-9.527600241365259404e-01,1.066290427505125038e+00,1.640459773227776585e+00,2.054267633201143362e+00,-9.084350117678601233e-01,-2.674600840418513759e+00,-9.308398267223126910e-01,9.187219923283040934e-01,-3.888714119907509925e+00,-1.054460659898724728e+00,-1.109537800021291876e-01
4.603068712474983393e+00,1.374318681342699744e+00,1.073789905133954031e-01,-4.069794707944535683e-01,5.937790123992097158e-01,3.293288063457533443e-02,-1.463890459653014675e+00,6.025029815017806101e-01,-9.589168792926896501e-01,1.072293959449666323e+00,1.614265653038279513e+00,2.047124240807188134e+00,-9.089188015562363887e-01,-2.702703330780855673e+00,-9.149237728173388318e-01,8.811009470808611743e-01,-3.964083030105210792e+00,-1.087169539400274498e+00,-3.416115657955265394e-02
4.609739826551034092e+00,1.378277702849049602e+00,1.009617079483926955e-01,-3.998067495429494245e-01,6.044592021079029376e-01,4.656504442876396865e-02,-1.469954153776773076e+00,5.843812347407931762e-01,-9.649663287865104522e-01,1.078045807716903948e+00,1.587572771061775079e+00,2.039761825166312548e+00,-9.088918304769489920e-01,-2.730073067584901647e+00,-8.986402867768749081e-01,8.432687029251987321e-01,-4.038238646613368843e+00,-1.120123046775096665e+00,4.216703896941831342e-02
4.616410940627084791e+00,1.382115228599184009e+00,9.450443385644605176e-02,-3.925965004112109136e-01,6.149596795946199457e-01,6.014735764295403575e-02,-1.476015973148401272e+00,5.660793838045742321e-01,-9.709059351197195653e-01,1.083544593012924828e+00,1.560389306083203476e+00,2.032178770299209791e+00,-9.083573024259978812e-01,-2.756696292661207082e+00,-8.819934891042178204e-01,8.052341568843496278e-01,-4.111155622352407946e+00,-1.153316351961241271e+00,1.179991661583948970e-01
4.623082054703135491e+00,1.385830073809389607e+00,8.800790906700951821e-02,-3.853504160464124584e-01,6.252771998720894064e-01,7.367834306907050657e-02,-1.482072543069495207e+00,5.476024538714507894e-01,-9.767332886449870966e-01,1.088788995625069589e+00,1.532723604663889683e+00,2.024373493346823594e+00,-9.073186317251289434e-01,-2.782559528274105798e+00,-8.649876087198955510e-01,7.670062740356143882e-01,-4.182809006637912219e+00,-1.186744355646840443e+00,1.933037821380444443e-01
4.629753168779186190e+00,1.389421087517279219e+00,8.147289038967446551e-02,-3.780701976996999614e-01,6.354085741861067449e-01,8.715651305506783020e-02,-1.488120512317098854e+00,5.289555590781626071e-01,-9.824460082834216568e-01,1.093777755868702739e+00,1.504584178465311783e+00,2.016344446364811027e+00,-9.057794417573672430e-01,-2.807649583478217359e+00,-8.476269812308769858e-01,7.285940853392418592e-01,-4.253174254706384438e+00,-1.220401689816466018e+00,2.680496554769862261e-01
4.636424282855236889e+00,1.392887153168818060e+00,7.490015042122351308e-02,-3.707575548242870722e-01,6.453506711078378366e-01,1.005803697438248379e-01,-1.494156554533574210e+00,5.101439005857637543e-01,-9.880417422304385022e-01,1.098509674519405399e+00,1.475979701509755326e+00,2.008090118113843303e+00,-9.037435635108683751e-01,-2.831953560358266397e+00,-8.299160471717150767e-01,6.900066854393893667e-01,-4.322227237102711506e+00,-1.254282718453311851e+00,3.422057798655472327e-01
4.643095396931287588e+00,1.396227189192302154e+00,6.829047734801751979e-02,-3.634142046707165008e-01,6.551004176076318242e-01,1.139484053239639971e-01,-1.500177369606442879e+00,4.911727646043158035e-01,-9.935181686497966957e-01,1.102983613230412052e+00,1.446919007378837829e+00,1.999609035844689853e+00,-9.012150340316263941e-01,-2.855458860149277189e+00,-8.118593502184557886e-01,6.512532304379223813e-01,-4.389944248925421455e+00,-1.288381538397269654e+00,4.157413877361354482e-01
4.649766511007338288e+00,1.399440149559035174e+00,6.164467474379142775e-02,-3.560418718793892934e-01,6.646548001099498171e-01,1.272591022925642634e-01,-1.506179685037613014e+00,4.720475203771321016e-01,-9.988729963556439717e-01,1.107198494935094146e+00,1.417411086350813809e+00,1.990899767077077387e+00,-8.981980947856131881e-01,-2.878153189234465614e+00,-7.934615353761311773e-01,6.123429356415960312e-01,-4.456302018926141528e+00,-1.322691980358850827e+00,4.886259637943382028e-01
4.656437625083388987e+00,1.402525024330413261e+00,5.496356136294134470e-02,-3.486422880704561078e-01,6.740108655289861472e-01,1.405109337297098526e-01,-1.512160257301369937e+00,4.527736181254512493e-01,-1.004103965482371574e+00,1.111153304234340666e+00,1.387465082477699951e+00,1.981960921371241691e+00,-8.946971899309675846e-01,-2.900024565017981448e+00,-7.747273471406538325e-01,5.732850732831973328e-01,-4.521277718459408845e+00,-1.357207610088885463e+00,5.608292584545673254e-01
4.663108739159439686e+00,1.405480840191178249e+00,4.824797092938210713e-02,-3.412171914311765142e-01,6.831657222845989308e-01,1.537023635848364100e-01,-1.518115873190554188e+00,4.333565869543389848e-01,-1.009208848142131743e+00,1.114847087768646272e+00,1.357090290603185423e+00,1.972791152091180278e+00,-8.907169645008807812e-01,-2.921061321669926603e+00,-7.556616276359442441e-01,5.340889702172123554e-01,-4.584848970279391978e+00,-1.391921729703799127e+00,6.323213011744464040e-01
4.669779853235490386e+00,1.408306660968566160e+00,4.149875192106398936e-02,-3.337683263008487389e-01,6.921165412981453713e-01,1.668318469748021338e-01,-1.524043351150305536e+00,4.138020327207157512e-01,-1.014185449069838985e+00,1.118278954574741135e+00,1.326296153322398252e+00,1.963389158158532100e+00,-8.862622624978920838e-01,-2.941252115740923045e+00,-7.362693147271452965e-01,4.947640055906280532e-01,-4.646993857179761989e+00,-1.426827379166220933e+00,7.030724136818033987e-01
4.676450967311541085e+00,1.411001588137117180e+00,3.471676735022321408e-02,-3.262974427534091615e-01,7.008605569678549863e-01,1.798978304936348915e-01,-1.529939542598817148e+00,3.941156358643466695e-01,-1.019031606255522027e+00,1.121448076426604157e+00,1.295092257884536968e+00,1.953753685796063788e+00,-8.813381249003089390e-01,-2.960585931643740842e+00,-7.165554401107412374e-01,4.553196084894359785e-01,-4.707690930473409807e+00,-1.461917337920614290e+00,7.730532230885656109e-01
4.683122081387591784e+00,1.413564761308888196e+00,2.790289453946209752e-02,-3.188062961778125315e-01,7.093950681233402999e-01,1.928987525338649034e-01,-1.535801333234486643e+00,3.743031492027387719e-01,-1.023745191563843804e+00,1.124353688160697473e+00,1.263488333039510136e+00,1.943883530259729930e+00,-8.759497875815481782e-01,-2.979052086999396831e+00,-6.965251273824489830e-01,4.157652555614929635e-01,-4.766919218308354189e+00,-1.497184126683468897e+00,8.422346748855200627e-01
4.689793195463642483e+00,1.415995358708840746e+00,2.105802489373565650e-02,-3.112966468562942679e-01,7.177174389588959480e-01,2.058330436193739899e-01,-1.541625644328904254e+00,3.543703956908157982e-01,-1.028324111340671809e+00,1.126995087985258825e+00,1.231494245829630962e+00,1.933777537558276860e+00,-8.701026791431909491e-01,-2.996640237845316523e+00,-6.761835900837117608e-01,3.761104686163357358e-01,-4.824658233816588648e+00,-1.532620009387619220e+00,9.105880458122754817e-01
4.696464309539693183e+00,1.418292597635165908e+00,1.418306366833776977e-02,-3.037702595406235329e-01,7.258250999452101615e-01,2.186991267496697366e-01,-1.547409434005101225e+00,3.343232661463237942e-01,-1.032766307006536932e+00,1.129371637773519677e+00,1.199119998327535797e+00,1.923434606159374782e+00,-8.638024186626149792e-01,-3.013340383703140279e+00,-6.555361297276585120e-01,3.363648122026035026e-01,-4.880887983092495830e+00,-1.568216995280089066e+00,9.780849565966149850e-01
4.703135423615743882e+00,1.420455734904327638e+00,7.278929732970215727e-03,-2.962289030264525502e-01,7.337155487191419079e-01,2.314954177554999770e-01,-1.553149698500482900e+00,3.141677169418992666e-01,-1.037069755636870649e+00,1.131482763340672548e+00,1.166375724321433882e+00,1.912853688681212860e+00,-8.570548133561022297e-01,-3.029142872503800543e+00,-6.345881338053908083e-01,2.965378911636866732e-01,-4.935588972997520862e+00,-1.603966841172840940e+00,1.044697384557465192e+00
4.709806537691794581e+00,1.422484067280597175e+00,3.465553319869883742e-04,-2.886743497258750790e-01,7.413863509512084171e-01,2.442203256656943489e-01,-1.558843473413902503e+00,2.939097676647635105e-01,-1.041232470528865584e+00,1.133327954704477003e+00,1.133271685948895602e+00,1.902033793568610243e+00,-8.498658561583236626e-01,-3.044038405367649247e+00,-6.133450737734307268e-01,2.566393481723020509e-01,-4.988742218787977301e+00,-1.639861053845696581e+00,1.110397676065987937e+00
4.716477651767845281e+00,1.424376931889868914e+00,-6.613114159098439082e-03,-2.811083752383004009e-01,7.488351411904519139e-01,2.568722530851351715e-01,-1.564487834936300503e+00,2.735554987450259379e-01,-1.045252501754858399e+00,1.134906766329338401e+00,1.099818270280353172e+00,1.890973986752558789e+00,-8.422417232192054293e-01,-3.058018041237345663e+00,-5.918125030232274097e-01,2.166788612446326479e-01,-5.040329251562763346e+00,-1.675890892600631510e+00,1.175158558859024760e+00
4.723148765843895980e+00,1.426133706617558117e+00,-1.359912048075280142e-02,-2.735327579197537329e-01,7.560596236863472708e-01,2.694495965837425122e-01,-1.570079901064384220e+00,2.531110490535630753e-01,-1.049127936702105357e+00,1.136218817353743082e+00,1.066025985853511937e+00,1.879673393292248251e+00,-8.341887713191349363e-01,-3.071073201361414817e+00,-5.699960548335443189e-01,1.766661412347226290e-01,-5.090332125528016505e+00,-1.712047371966585629e+00,1.238953154199534445e+00
4.729819879919946679e+00,1.427753810490368647e+00,-2.061049274011584470e-02,-2.659492784507182517e-01,7.630575731874300605e-01,2.819507470963461548e-01,-1.575616832796781219e+00,2.325826134705127057e-01,-1.052856900598842627e+00,1.137263791800913415e+00,1.031905459159944805e+00,1.868131198998533637e+00,-8.257135352035898102e-01,-3.083195673626313749e+00,-5.479014403066304606e-01,1.366109293098290989e-01,-5.138733425075585615e+00,-1.748321264553803100e+00,1.301754988878383257e+00
4.736490993995997378e+00,1.429236704041749517e+00,-2.764624766516171617e-02,-2.583597194026213684e-01,7.698268357163342568e-01,2.943740903333367243e-01,-1.581095835312160247e+00,2.119764404253526580e-01,-1.056437557026530749e+00,1.138041438772557479e+00,9.974674310850535353e-01,1.856346652037863088e+00,-8.168227248382288197e-01,-3.094377616735036529e+00,-5.255344462889970369e-01,9.652299440738576486e-02,-5.185516271672528710e+00,-1.784703104056745815e+00,1.363538007052257583e+00
4.743162108072048078e+00,1.430581889660844874e+00,-3.470538986222349714e-02,-2.507658648030950399e-01,7.763653293209221706e-01,3.067180072019323744e-01,-1.586514159128762813e+00,1.912988294096450992e-01,-1.059868108418178245e+00,1.138551572625595032e+00,9.627227533027500339e-01,1.844319064515691053e+00,-8.075232225855895063e-01,-3.104611564230240095e+00,-5.029009332777198971e-01,5.641213067437245154e-02,-5.230664330558632891e+00,-1.821183188404376985e+00,1.424276581912184536e+00
4.749833222148098777e+00,1.431788911924768204e+00,-4.178691207680297615e-02,-2.431694997001053182e-01,7.826710448012214050e-01,3.189808742379496298e-01,-1.591869101244857587e+00,1.705561284634479202e-01,-1.063146796542650208e+00,1.138794073131744744e+00,9.276823846260734419e-01,1.832047814038382461e+00,-7.978220803045035225e-01,-3.113890428360042595e+00,-4.800068333130747544e-01,1.628815488971913084e-02,-5.274161817249297890e+00,-1.857751583056733491e+00,1.483945527177574109e+00
4.756504336224149476e+00,1.432857357914017582e+00,-4.888979545755747780e-02,-2.355724097250806170e-01,7.887420464118680696e-01,3.311610640479114576e-01,-1.597158006259578045e+00,1.497547316364855607e-01,-1.066271902974872621e+00,1.138768885619863891e+00,8.923573873151122715e-01,1.819532345252641958e+00,-7.877265163734477049e-01,-3.122207503784612204e+00,-4.568581478584191058e-01,-2.383909612945234180e-02,-5.315993503840960699e+00,-1.894398124446472931e+00,1.542520108410417201e+00
4.763175450300200175e+00,1.433786857510875645e+00,-5.601300982338314194e-02,-2.279763806551440286e-01,7.945764725397845840e-01,3.432569457613547370e-01,-1.602378267473659745e+00,1.289010764251083130e-01,-1.069241749551862908e+00,1.138476021100927715e+00,8.567589233434953488e-01,1.806772171361492152e+00,-7.772439126390240371e-01,-3.129556471121818895e+00,-4.334609456681576267e-01,-6.395976813706710784e-02,-5.356144725116499750e+00,-1.931112423564103953e+00,1.599976054144644610e+00
4.769846564376250875e+00,1.434577083680634857e+00,-6.315551393348739495e-02,-2.203831979745734526e-01,8.001725363568154004e-01,3.552668854931648745e-01,-1.607527327969567876e+00,1.080016411861502434e-01,-1.072054698814489226e+00,1.137915556375556303e+00,8.208982506248504452e-01,1.793766875615883771e+00,-7.663818112908180602e-01,-3.135931400330250085e+00,-4.098213606446670654e-01,-1.040639920820181641e-01,-5.394601384448024284e+00,-1.967883869685483234e+00,1.656289566825568382e+00
4.776517678452301574e+00,1.435227752735493967e+00,-7.031625576036318326e-02,-2.127946464356004208e-01,8.055285264470577467e-01,3.671892468157783584e-01,-1.612602681670539218e+00,8.706294252877019857e-02,-1.074709154434906111e+00,1.137087634123990387e+00,7.847867192005624215e-01,1.780516112780938354e+00,-7.551479116639436828e-01,-3.141326753927931925e+00,-3.859455896850476075e-01,-1.441418867460479980e-01,-5.431349959494537138e+00,-2.004701634240096730e+00,1.711437333554372442e+00
4.783188792528352273e+00,1.435738624580984890e+00,-7.749417276556569423e-02,-2.052125096186700470e-01,8.106428074086369229e-01,3.790223912410786156e-01,-1.617601874378059135e+00,6.609153268536410719e-02,-1.077203561629584305e+00,1.135992462978425710e+00,7.484357673902137797e-01,1.767019610575955912e+00,-7.435500669705520371e-01,-3.145737390045258763e+00,-3.618398905185518100e-01,-1.841835613947971351e-01,-5.466377507692111948e+00,-2.041554674818611304e+00,1.765396536632911850e+00
4.789859906604402973e+00,1.436109502944794780e+00,-8.468819217819756329e-02,-1.976385694922742631e-01,8.155138204296793480e-01,3.907646787118125298e-01,-1.622522504787290654e+00,4.509399686267123730e-02,-1.079536407557902811e+00,1.134630317577613789e+00,7.118569179060885155e-01,1.753277171087186836e+00,-7.315962809616977092e-01,-3.149158565310576918e+00,-3.375105795355654026e-01,-2.241791184412812443e-01,-5.499671671534212436e+00,-2.078431739318042482e+00,1.818144863903848441e+00
4.796531020680453672e+00,1.436340235587854952e+00,-9.189723127600379904e-02,-1.900746059724828796e-01,8.201400838382498781e-01,4.024144681023342773e-01,-1.627362225480014857e+00,2.407695057419018125e-02,-1.081706221706212112e+00,1.133001538603663816e+00,6.750617739331650213e-01,1.739288672152532023e+00,-7.192947045208978318e-01,-3.151585937567083384e+00,-3.129640296089804541e-01,-2.641186561209701855e-01,-5.531220683639933355e+00,-2.115321370222887243e+00,1.869660518881585576e+00
4.803202134756504371e+00,1.436430714497571648e+00,-9.912019766898065576e-02,-1.825223964822874079e-01,8.245201936260254660e-01,4.139701177284907940e-01,-1.632118743894617863e+00,3.047036955043602724e-03,-1.083711576257355036e+00,1.131106532800955966e+00,6.380620151760142411e-01,1.725054068717208011e+00,-7.066536321908383211e-01,-3.153015568419625936e+00,-2.882066679088391981e-01,-3.039922711777124920e-01,-5.561013371607958611e+00,-2.152211909020417480e+00,1.919922230669204088e+00
4.809873248832555070e+00,1.436380876063092948e+00,-1.063559895853988524e-01,-1.749837155108793785e-01,8.286528239454926670e-01,4.254299858664510325e-01,-1.636789823272694733e+00,-1.798907593958345985e-02,-1.085551086445576185e+00,1.128945772977109741e+00,6.008693938740341522e-01,1.710573394159544236e+00,-6.936814986346275802e-01,-3.153443925610210918e+00,-2.632449737110791332e-01,-3.437900615596811704e-01,-5.589039162654189319e+00,-2.189091500748351571e+00,1.968909263657039554e+00
4.816544362908605770e+00,1.436190701232497924e+00,-1.136034961601501830e-01,-1.674603341729820061e-01,8.325367275804600453e-01,4.367924312802834441e-01,-1.641373283581818221e+00,-3.902469785127515856e-02,-1.087223410896812847e+00,1.126519797985923388e+00,5.634957307864664200e-01,1.695846761585968254e+00,-6.803868750331163451e-01,-3.152867885220952182e+00,-2.380854762012448167e-01,-3.835021291245660491e-01,-5.615288088030998992e+00,-2.225948098672972275e+00,2.016601426998265723e+00
4.823215476984656469e+00,1.435860215651815208e+00,-1.208615977253125751e-01,-1.599540197683530507e-01,8.361707363896887513e-01,4.480558137580603617e-01,-1.645867002414082902e+00,-6.005311904933616218e-02,-1.088727251954300312e+00,1.123829212692253998e+00,5.259529111486712649e-01,1.680874365094382705e+00,-6.667784654197315142e-01,-3.151284733703404672e+00,-2.127347522739931329e-01,-4.231185823531751211e-01,-5.639750787226235573e+00,-2.262769469095748054e+00,2.062979083857338303e+00
4.829886591060707168e+00,1.435389489785779960e+00,-1.281291661028362561e-01,-1.524665353415891600e-01,8.395537617234560823e-01,4.592184946562847259e-01,-1.650268915859977925e+00,-8.106761307469190214e-02,-1.090061355989502934e+00,1.120874687918755885e+00,4.882528806011366962e-01,1.665656481005044931e+00,-6.528651029544108031e-01,-3.148692169733195101e+00,-1.871994243292701698e-01,-4.626295390706127719e-01,-5.662418511940075838e+00,-2.299543196286395919e+00,2.108023160426845344e+00
4.836557705136757868e+00,1.434778639020244606e+00,-1.354050648992593531e-01,-1.449996392423390512e-01,8.426847948128736165e-01,4.702788374524194404e-01,-1.654577019357212242e+00,-1.020614394955843551e-01,-1.091224513698324294e+00,1.117656960374449948e+00,4.504076410926906027e-01,1.650193469058115925e+00,-6.386557461381496825e-01,-3.145088305888999791e+00,-1.614861580659463502e-01,-5.020251291742556798e-01,-5.683283129838043735e+00,-2.336256687540323895e+00,2.151715154708771838e+00
4.843228819212808567e+00,1.434027823746171215e+00,-1.426881498023463979e-01,-1.375550846860586762e-01,8.455629071317946055e-01,4.812352083052895968e-01,-1.658789368514095086e+00,-1.230278466738750354e-01,-1.092215560382589601e+00,1.114176832565074271e+00,4.124292467594407596e-01,1.634485773577077916e+00,-6.241594749697649824e-01,-3.140471670154978412e+00,-1.356016602737891152e-01,-5.412954973676403769e-01,-5.702337128078486472e+00,-2.372897178358262416e+00,2.194037145056041638e+00
4.849899933288859266e+00,1.433137249425136650e+00,-1.499772688795598108e-01,-1.301346193154223618e-01,8.481872507311495335e-01,4.920859766231328036e-01,-1.662904079907079335e+00,-1.439600745407798865e-01,-1.093033376216809849e+00,1.110435172685172667e+00,3.743297997809243438e-01,1.618533924597167051e+00,-6.093854870465055251e-01,-3.134841207245814054e+00,-1.095526766245670247e-01,-5.804308058994683828e-01,-5.719573616612935396e+00,-2.409451737745842426e+00,2.234971798470350990e+00
4.856571047364909965e+00,1.432107166636291451e+00,-1.572712628782587663e-01,-1.227399847625163382e-01,8.505570585455702881e-01,5.028295156390563125e-01,-1.666919331852122932e+00,-1.648513573808559896e-01,-1.093676886500192680e+00,1.106432914491904729e+00,3.361214462150117210e-01,1.602338538958092862e+00,-5.943430936101049555e-01,-3.128196279753676645e+00,-8.334598946313070966e-02,-6.194212373068470612e-01,-5.734986331257880821e+00,-2.445907273630876677e+00,2.274502378652560886e+00
4.863242161440960665e+00,1.430937871104724479e+00,-1.645689655275300312e-01,-1.153729162119351975e-01,8.526716446721568365e-01,5.134642029936624663e-01,-1.670833365149479333e+00,-1.856949266230316087e-01,-1.094145061893930793e+00,1.102171057160535206e+00,2.978163718130865112e-01,1.585900321360202536e+00,-5.790417155399909532e-01,-3.120536669116371620e+00,-5.698841559927381173e-02,-6.582569971619396387e-01,-5.748569636536513094e+00,-2.482250538395924799e+00,2.312612753801745136e+00
4.869913275517011364e+00,1.429629703711187583e+00,-1.718692038415528256e-01,-1.080351419649034084e-01,8.545304046212697235e-01,5.239884213245953326e-01,-1.674644483801606576e+00,-2.064840136375086510e-01,-1.094436918643754586e+00,1.097650665121602698e+00,2.594267978170362587e-01,1.569220065383389207e+00,-5.634908792952874057e-01,-3.111862576406167591e+00,-3.048680410119336548e-02,-6.969283168211545254e-01,-5.760318528289189999e+00,-2.518468134523779156e+00,2.349287404159427606e+00
4.876584389593062063e+00,1.428183050483142313e+00,-1.791707984244027829e-01,-1.007283830045433426e-01,8.561328155392228245e-01,5.344005588627629422e-01,-1.678351055703814820e+00,-2.272118525373217623e-01,-1.094551518787786115e+00,1.092872867879726817e+00,2.209649767395964470e-01,1.552298654467932248e+00,-5.477002128073795717e-01,-3.102174622938701720e+00,-3.848034091341212548e-03,-7.354254561760344977e-01,-5.770228636051309756e+00,-2.554546520353349504e+00,2.384511429295292473e+00
4.883255503669112763e+00,1.426598342567110267e+00,-1.864725637761884547e-01,-9.345435256241446664e-02,8.574784364027803196e-01,5.446990100349681230e-01,-1.681951513307378132e+00,-2.478716829833634838e-01,-1.094487970349684147e+00,1.087838859814074244e+00,1.824431881296177116e-01,1.535137062856613444e+00,-5.316794413247133422e-01,-3.091473850701619064e+00,2.292098745452175734e-02,-7.737387064049516816e-01,-5.778296225197544267e+00,-2.590472015943456885e+00,2.418270555131136756e+00
4.889926617745163462e+00,1.424876056182296624e+00,-1.937733086004300442e-01,-8.621475568644429432e-02,8.585669081853518625e-01,5.548821760726945218e-01,-1.685444354254749255e+00,-2.684567529916562778e-01,-1.094245427517132274e+00,1.082549899960459472e+00,1.438737343238118693e-01,1.517736356497334071e+00,-5.154383832116530284e-01,-3.079761722602524898e+00,4.981332790428172341e-02,-8.118583927247604581e-01,-5.784518198851328563e+00,-2.626230809041872671e+00,2.450551140699576358e+00
4.896597731821214161e+00,1.423016712555489116e+00,-2.010718361125787557e-01,-7.901128881037490503e-02,8.593979539948108926e-01,5.649484656267818039e-01,-1.688828141986619347e+00,-2.889603217416869541e-01,-1.093823090805671860e+00,1.077007311775098009e+00,1.052689361865461470e-01,1.500097693905598994e+00,-4.989869457031094746e-01,-3.067040122536014657e+00,7.682203116165919887e-02,-8.497748771415221114e-01,-5.788892099558685445e+00,-2.661808961157048348e+00,2.481340184634479584e+00
4.903268845897264860e+00,1.421020877837214202e+00,-2.083669443495826945e-01,-7.184563932484530624e-02,8.599713791828539344e-01,5.748962953877192472e-01,-1.692101506320495385e+00,-3.093756623845768106e-01,-1.093220207207946881e+00,1.071212482880004924e+00,6.664112883924752651e-02,1.482222326986120997e+00,-4.823351206168086103e-01,-3.053311355269554994e+00,1.039401198528560055e-01,-8.874785611994410184e-01,-5.791416110725493560e+00,-2.697192413729699645e+00,2.510625331389892079e+00
4.909939959973315560e+00,1.418889162999169340e+00,-2.156574264803969576e-01,-6.471948515023540072e-02,8.602870714258422646e-01,5.847240907112805086e-01,-1.695263144000552114e+00,-3.296960648498883928e-01,-1.092436070328367093e+00,1.065166864790073609e+00,2.800265738102614144e-02,1.464111601812963848e+00,-4.654929800249617000e-01,-3.038578146148116055e+00,1.311605975068705909e-01,-9.249598887271075487e-01,-5.792089057817472408e+00,-2.732366994401614679e+00,2.538394877184603438e+00
4.916611074049366259e+00,1.416622223712935780e+00,-2.229420711173464853e-01,-5.763449431138732010e-02,8.603450007770694352e-01,5.944302862492240047e-01,-1.698311819218473184e+00,-3.499148386498598384e-01,-1.091470020503253924e+00,1.058871972621841406e+00,-1.063412739793029305e-02,1.445766959367527749e+00,-4.484706718872055742e-01,-3.022843640617502103e+00,1.584764507287607094e-01,-9.622093485801939128e-01,-5.790910409322158614e+00,-2.767318423378778647e+00,2.564637775669472486e+00
4.923282188125416958e+00,1.414220760209998984e+00,-2.302196626282369263e-01,-5.059232451433901684e-02,8.601452196904126879e-01,6.040133265847702493e-01,-1.701246364105033715e+00,-3.700253156798428145e-01,-1.090321444906515502e+00,1.052329384783970756e+00,-4.925687330855302304e-02,1.427189936233796308e+00,-4.312784156466832330e-01,-3.006111403566435136e+00,1.858806513650465009e-01,-9.992174773796661524e-01,-5.787880277472316592e+00,-2.802032319885955580e+00,2.589343643314744092e+00
4.929953302201467658e+00,1.411685517123096645e+00,-2.374889814491303042e-01,-4.359462272517458659e-02,8.596878630153362844e-01,6.134716668725814781e-01,-1.704065679192187321e+00,-3.900208530137695973e-01,-1.088989777640904988e+00,1.045540742649483823e+00,-8.785323105916614805e-02,1.408382165250205986e+00,-4.139264977911027432e-01,-2.988385418487472744e+00,2.133661586605818394e-01,-1.035974862244699590e+00,-5.782999418730293328e+00,-2.836494208709865461e+00,2.612502764514817777e+00
4.936624416277518357e+00,1.409017283308946489e+00,-2.447488043976743799e-01,-3.664302475112687224e-02,8.589731479632254363e-01,6.228037734829343641e-01,-1.706768733845430042e+00,-4.098948356933916903e-01,-1.087474499814919060e+00,1.038507750209781921e+00,-1.264108585541439678e-01,1.389345376117593123e+00,-3.964252673807173721e-01,-2.969670086456992486e+00,2.409259214060920362e-01,-1.072472143519329624e+00,-5.776269234032893607e+00,-2.870689526827904459e+00,2.634106096407923925e+00
4.943295530353569056e+00,1.406216891652383172e+00,-2.519979049869004450e-01,-2.973915482404786842e-02,8.580013740450391779e-01,6.320081246498066019e-01,-1.709354566666224429e+00,-4.296406795101350706e-01,-1.085775139605398953e+00,1.031232173710505462e+00,-1.649174251934377722e-01,1.370081395962641446e+00,-3.787851315450800893e-01,-2.949970224934500784e+00,2.685528800756974421e-01,-1.108700017491994760e+00,-5.767691768796498586e+00,-2.904603630119466207e+00,2.654145273408391681e+00
4.949966644429619755e+00,1.403285218851969329e+00,-2.592350537393928178e-01,-2.288462518636816267e-02,8.567729229802822921e-01,6.410832111225690522e-01,-1.711822285864284421e+00,-4.492518337783253379e-01,-1.083891272305916864e+00,1.023715841269267957e+00,-2.033606161713146232e-01,1.350592149856282287e+00,-3.610165509505630643e-01,-2.929291066381606079e+00,2.962399689536902025e-01,-1.144649239107054850e+00,-5.757269712682195895e+00,-2.938221800156733288e+00,2.672612611449215247e+00
4.956637758505670455e+00,1.400223185187138064e+00,-2.664590185017277069e-01,-1.608103567966760392e-02,8.552882585773080582e-01,6.500275368209861293e-01,-1.714171069599530917e+00,-4.687217840986120931e-01,-1.081822520361000572e+00,1.015960642475342457e+00,-2.417281367727363017e-01,1.330879661286555660e+00,-3.431300352405083354e-01,-2.907638256701110979e+00,3.239801182498529553e-01,-1.180310624667393560e+00,-5.745006399120815566e+00,-2.971529251071888922e+00,2.689501111932877997e+00
4.963308872581721154e+00,1.397031754266933490e+00,-2.736685647591026727e-01,-9.329973335975971088e-03,8.535479265849693631e-01,6.588396194932164551e-01,-1.716400166293540419e+00,-4.880440551103741309e-01,-1.079568553386299534e+00,1.007968527971337735e+00,-2.800077166657742311e-01,1.310946052585379995e+00,-3.251361384500403018e-01,-2.885017853496710138e+00,3.517662562026522277e-01,-1.215675054527215915e+00,-5.730905804597825615e+00,-3.004511136497528767e+00,2.704804465388341406e+00
4.969979986657771853e+00,1.393711932760434369e+00,-2.808624559500453866e-01,-2.633011971924257427e-03,8.515525545156538145e-01,6.675179913765078021e-01,-1.718508894910330209e+00,-5.072122132319262233e-01,-1.077129088174749949e+00,9.997415090169553542e-01,-3.181871141884473619e-01,1.290793545308823287e+00,-3.070454543974294737e-01,-2.861436324153888044e+00,3.795913111695841113e-01,-1.250733475774132186e+00,-5.714972547698193850e+00,-3.037152556577150442e+00,2.718517054832454427e+00
4.976651100733822553e+00,1.390264770108936343e+00,-2.880394537811231670e-01,4.008288214133751137e-03,8.493028514397450435e-01,6.760611998602679140e-01,-1.720496645206320174e+00,-5.262198693873170185e-01,-1.074503888688850051e+00,9.912816570348877976e-01,-3.562541206283856843e-01,1.270424460570352299e+00,-2.888686120540556734e-01,-2.836900543742687741e+00,4.074482137040223995e-01,-1.285476904899633510e+00,-5.697211887911331374e+00,-3.069438565042407863e+00,2.730633958833942554e+00
4.983322214809873252e+00,1.386691358219994230e+00,-2.951983185415484323e-01,1.059238104191177407e-02,8.467996077515599351e-01,6.844678081512036716e-01,-1.722362877949349613e+00,-5.450606817185510433e-01,-1.071692766039119338e+00,9.825911031389485961e-01,-3.941965644937168722e-01,1.249841219326678576e+00,-2.706162708949037543e-01,-2.811417792743087674e+00,4.353298986178923968e-01,-1.319896430457066838e+00,-5.677629724196428640e+00,-3.101354176353900982e+00,2.741150954278450236e+00
4.989993328885923951e+00,1.382992831143425194e+00,-3.023378094176034647e-01,1.711773474577408735e-02,8.440436949068286232e-01,6.927363959402104143e-01,-1.724107125106609573e+00,-5.637283582820544758e-01,-1.068695578448851657e+00,9.736720376445033853e-01,-4.320023157736112562e-01,1.229046342615744081e+00,-2.522991162316223224e-01,-2.784995754593786899e+00,4.632293070295379067e-01,-1.353983215706213272e+00,-5.656232593308478940e+00,-3.132884372902175141e+00,2.750064518833103655e+00
4.996664442961974650e+00,1.379170364729372045e+00,-3.094566848067761278e-01,2.358283236799416441e-02,8.410360651317926317e-01,7.008655600706805711e-01,-1.725728990001391239e+00,-5.822166597281832612e-01,-1.065512231205258509e+00,9.645267095613185848e-01,-4.696592901868233416e-01,1.208042451746488499e+00,-2.339278545301593515e-01,-2.757642513065341028e+00,4.911393883961063800e-01,-1.387728501243560952e+00,-5.633027667885483147e+00,-3.164014112265539413e+00,2.757371833109272252e+00
5.003335557038025350e+00,1.375225176268558780e+00,-3.165537026315301539e-01,2.998617214857028299e-02,8.377777511040014335e-01,7.088539152079254002e-01,-1.727228147438553574e+00,-6.005194019626450830e-01,-1.062142676597102930e+00,9.551574260689056350e-01,-5.071554534167121986e-01,1.186832268440018545e+00,-2.155132087149542464e-01,-2.729366549458563274e+00,5.190531025298529277e-01,-1.421123607617394313e+00,-5.608022754297340207e+00,-3.194728334521392821e+00,2.763070782522319746e+00
5.010006671114076049e+00,1.371158524114850952e+00,-3.236276206526098598e-01,3.632626791148711731e-02,8.342698656049112316e-01,7.167000945093657815e-01,-1.728604343798627374e+00,-6.186304587886273243e-01,-1.058586913838937216e+00,9.455665519744778091e-01,-5.444788253310843817e-01,1.165418614921828411e+00,-1.970659134617643304e-01,-2.700176739629301270e+00,5.469634215977198233e-01,-1.454159937926792212e+00,-5.581226290257081502e+00,-3.225011969607535445e+00,2.767159958847235757e+00
5.016677785190126748e+00,1.366971707290258520e+00,-3.306771967818011859e-01,4.260164944729684378e-02,8.305136011443827737e-01,7.244027502951846387e-01,-1.729857397100475147e+00,-6.365437645285316748e-01,-1.054844988982068354e+00,9.357565091536182988e-01,-5.816174841853521960e-01,1.143804413964759181e+00,-1.785967104811074790e-01,-2.670082350840648377e+00,5.748633321036110688e-01,-1.486828980403650302e+00,-5.552647342195151658e+00,-3.254849944730102251e+00,2.769638661469207896e+00
5.023348899266177447e+00,1.362666065072518862e+00,-3.377011893940495280e-01,4.881086289191724492e-02,8.265102295572015478e-01,7.319605547190910499e-01,-1.730987197032474834e+00,-6.542533166241062403e-01,-1.050916994812348904e+00,9.257297759737888043e-01,-6.185595708073465815e-01,1.121992688882390121e+00,-1.601163437944050361e-01,-2.639093038443859118e+00,6.027458368527408572e-01,-1.519122310976836587e+00,-5.522295602397565339e+00,-3.284227191814558910e+00,2.770506898328312761e+00
5.030020013342228147e+00,1.358242976565411153e+00,-3.446983576388544246e-01,5.495247110152546438e-02,8.222611015717468108e-01,7.393722004388821878e-01,-1.731993704952158319e+00,-6.717531782138923546e-01,-1.046803070734927177e+00,9.154888867007907605e-01,-6.552932927622842074e-01,1.099986563472592493e+00,-1.416355550048168932e-01,-2.607218842389179336e+00,6.306039568974886045e-01,-1.551031595817596420e+00,-5.490181385908861955e+00,-3.313128654996309486e+00,2.769765386557641484e+00
5.036691127418278846e+00,1.353703860251955771e+00,-3.516674617508500633e-01,6.102505402343443713e-02,8.177676463509468974e-01,7.466364012864538102e-01,-1.732876953854299629e+00,-6.890374806868101443e-01,-1.042503402646080879e+00,9.050364308883164233e-01,-6.918069284962619081e-01,1.077789261910992114e+00,-1.231650785648717994e-01,-2.574470183568007720e+00,6.584307334641734677e-01,-1.582548593865306774e+00,-5.456315627200852170e+00,-3.341539298147324200e+00,2.767415552814292745e+00
5.043362241494329545e+00,1.349050173530656815e+00,-3.586072633594936665e-01,6.702720906284231894e-02,8.130313710056642496e-01,7.537518929369400045e-01,-1.733637048307420159e+00,-7.061004262108023788e-01,-1.038018222792264078e+00,8.943750527507070558e-01,-7.280888314567848241e-01,1.055404108594100165e+00,-1.047156370428993788e-01,-2.540857859987736056e+00,6.862192298602317608e-01,-1.613665159332726917e+00,-5.420709876608240663e+00,-3.369444112435228345e+00,2.763459533302814020e+00
5.050033355570380245e+00,1.344283412234966724e+00,-3.655165257977638360e-01,7.295755144534159242e-02,8.080538600806785876e-01,7.607174335766337947e-01,-1.734274164358721393e+00,-7.229362902353978493e-01,-1.033347809616493862e+00,8.835074505190811944e-01,-7.641274341887163146e-01,1.032834527931932866e+00,-8.629793639032670716e-02,-2.506393042780834080e+00,7.139625333611885338e-01,-1.644373244189839323e+00,-5.383376296532338401e+00,-3.396828123911312503e+00,2.757900173490817508e+00
5.056704469646430944e+00,1.339405110136143717e+00,-3.723940144097986349e-01,7.881471457507709111e-02,8.028367750134277614e-01,7.675318045693543256e-01,-1.734788549407453750e+00,-7.395394239670960435e-01,-1.028492487592221449e+00,8.724363757809588948e-01,-7.999112524041387395e-01,1.010084044089911259e+00,-6.792266121192575001e-02,-2.471087272049714123e+00,7.416537570769506926e-01,-1.674664900625418174e+00,-5.344327657414131849e+00,-3.423676401123736834e+00,2.750741027516595327e+00
5.063375583722481643e+00,1.334416838429690388e+00,-3.792384968573776494e-01,8.459735038844488908e-02,7.973818535656929107e-01,7.741938111209265561e-01,-1.735180522046747553e+00,-7.559042568165017517e-01,-1.023452627044818763e+00,8.611646328035490461e-01,-8.354288890245845645e-01,9.871562806799135670e-01,-4.960047004100009982e-02,-2.434952452549024038e+00,7.692860417968510056e-01,-1.704532283485461264e+00,-5.303577333478085798e+00,-3.449974062752456661e+00,2.741986357288737519e+00
5.070046697798532342e+00,1.329320205205563266e+00,-3.860487434251798633e-01,9.030412970322181099e-02,7.916909092284090121e-01,7.807022829414256293e-01,-1.735450471873944966e+00,-7.720252988161082630e-01,-1.018228643960836344e+00,8.496950778408377536e-01,-8.706690381941178947e-01,9.640549604003101347e-01,-3.134199062165063387e-02,-2.398000849207077234e+00,7.968525578129957987e-01,-1.733967652687611105e+00,-5.261139298248128426e+00,-3.475706285262015083e+00,2.731641131277835033e+00
5.076717811874583042e+00,1.324116854902354756e+00,-3.928235273247224768e-01,9.593374256302007741e-02,7.857658305998102000e-01,7.870560749048534088e-01,-1.735598859269490646e+00,-7.878971430076811000e-01,-1.012820999785162268e+00,8.380306184246621992e-01,-9.056204892617458757e-01,9.407839046249183435e-01,-1.315781520008663108e-02,-2.360245082488209967e+00,8.243465067213603392e-01,-1.762963375610707484e+00,-5.217028119837380906e+00,-3.500858310568740084e+00,2.719711023000551897e+00
5.083388925950633741e+00,1.318808467745652413e+00,-3.995616249969097811e-01,1.014848985769576939e-01,7.796085807371109233e-01,7.932540677058991241e-01,-1.735626215144447260e+00,-8.035144677981644890e-01,-1.007230201206249953e+00,8.261742126399259645e-01,-9.402721307316459498e-01,9.173470329407562573e-01,4.941504172891381108e-03,-2.321698123597931929e+00,8.517611232001968125e-01,-1.791511929458613928e+00,-5.171258956013287111e+00,-3.525415453718471426e+00,2.706202409196428071e+00
5.090060040026684440e+00,1.313396759170791128e+00,-4.062618164131086562e-01,1.069563272544437615e-01,7.732211964819473149e-01,7.992951685134470630e-01,-1.735533140656713158e+00,-8.188720392830999284e-01,-1.001456799929551389e+00,8.141288683841306772e-01,-9.746129541797489138e-01,8.937483626345594789e-01,2.294546032625133236e-02,-2.282373289532752203e+00,8.790896767652701671e-01,-1.819605903597476759e+00,-5.123847549039835414e+00,-3.549363110571271740e+00,2.691122367697931228e+00
5.096731154102735140e+00,1.307883479230214530e+00,-4.129228853746716998e-01,1.123467783349696436e-01,7.666057877598094761e-01,8.051783116204856983e-01,-1.735320306896039444e+00,-8.339647135364884889e-01,-9.955013924393250058e-01,8.018976426114129419e-01,-1.008632058135145115e+00,8.699920081280227979e-01,4.084359563783224178e-02,-2.242284237976738925e+00,9.063254735014645291e-01,-1.847238001865553203e+00,-5.074810220298744845e+00,-3.572686765489277771e+00,2.674478674994422267e+00
5.103402268178785839e+00,1.302270411985675613e+00,-4.195436198108403181e-01,1.176550221128103285e-01,7.597645368536957156e-01,8.109024590900829610e-01,-1.734988454537961466e+00,-8.487874388661218461e-01,-9.893646197489661676e-01,7.894836405612549735e-01,-1.042318651924915240e+00,8.460821803617352144e-01,5.862550668620142291e-02,-2.201444962046786191e+00,9.334618577703581721e-01,-1.874401044854806297e+00,-5.024163864691446157e+00,-3.595371999024071563e+00,2.656279803490792624e+00
5.110073382254836538e+00,1.296559374885511318e+00,-4.261228120749352977e-01,1.228798497565217196e-01,7.526996976522495331e-01,8.164666013970739433e-01,-1.734538393466751760e+00,-8.633352580333450987e-01,-9.830471671400383693e-01,7.768900149720826542e-01,-1.075662059480853694e+00,8.220231861278743946e-01,7.628084888318481527e-02,-2.159869784888805100e+00,9.604922138932815434e-01,-1.901087972163377771e+00,-4.971925944823940569e+00,-3.617404495599748415e+00,2.636534918461724608e+00
5.116744496330887237e+00,1.290752218127229511e+00,-4.326592592387752401e-01,1.280200736231507097e-01,7.454135948726300365e-01,8.218697580651315171e-01,-1.733971002367545200e+00,-8.776033104362860326e-01,-9.765497638901464716e-01,7.641199652799282038e-01,-1.108651723106701903e+00,7.978194273516447943e-01,9.379934108508394819e-02,-2.117573354126955465e+00,9.874099678095065169e-01,-1.927291844618178818e+00,-4.918114484976542577e+00,-3.638770051188024102e+00,2.615253874702604620e+00
5.123415610406937937e+00,1.284850824005656200e+00,-4.391517633852382585e-01,1.330745275670451866e-01,7.379086232583885741e-01,8.271109782988695924e-01,-1.733287228287778703e+00,-8.915868342555652859e-01,-9.698731829898387113e-01,7.511767368023761771e-01,-1.141277207204426603e+00,7.734754003215694729e-01,1.111707701805328963e-01,-2.074570636168231008e+00,1.014208588709120562e+00,-1.953005846466734141e+00,-4.862748064860728192e+00,-3.659454580971576387e+00,2.592447212878285612e+00
5.130086724482988636e+00,1.278857106246891862e+00,-4.455991318989061534e-01,1.380420672431726670e-01,7.301872467526209221e-01,8.321893416106445063e-01,-1.732488086168103125e+00,-9.052811685615497206e-01,-9.630182408487006906e-01,7.380636199079796400e-01,-1.173528201958171424e+00,7.489956948686935512e-01,1.283849956530090097e-01,-2.030876910364652677e+00,1.040881590640261090e+00,-1.978223287537497210e+00,-4.805845813165243285e+00,-3.679444126991912700e+00,2.568126155570988445e+00
5.136757838559039335e+00,1.272773009328350691e+00,-4.520001777547037469e-01,1.429215704048500124e-01,7.222519976466976743e-01,8.371039584417043766e-01,-1.731574658342954764e+00,-9.186817553821691185e-01,-9.559857969908152064e-01,7.247839491713836679e-01,-1.205394526974421288e+00,7.243849934948398683e-01,1.454319541159426743e-01,-1.986507763035554763e+00,1.067422534090280095e+00,-2.002937605367804963e+00,-4.747427400893958094e+00,-3.698724865777928805e+00,2.542302603028848473e+00
5.143428952635090035e+00,1.266600507785128560e+00,-4.583537198044787542e-01,1.477119371957901217e-01,7.141054757048542756e-01,8.418539707773606828e-01,-1.730548094010965654e+00,-9.317841417304157936e-01,-9.487767537397587825e-01,7.113411025143571154e-01,-1.236866134877064871e+00,6.996480704500448455e-01,1.623016638185120764e-01,-1.941479081352293079e+00,1.093825027540530570e+00,-2.027142367298713665e+00,-4.687513034497722941e+00,-3.717283115951548034e+00,2.514989128616622160e+00
5.150100066711140734e+00,1.260341605502992124e+00,-4.646585830614385348e-01,1.524120904363720219e-01,7.057503472649553355e-01,8.464385527558300204e-01,-1.729409608675417820e+00,-9.445839815905846537e-01,-9.413920558933150939e-01,6.977385003329674706e-01,-1.267933114855935406e+00,6.747897907593487510e-01,1.789842291200766655e-01,-1.895807047087980202e+00,1.120082728994401089e+00,-2.050831272535903249e+00,-4.626123448802843541e+00,-3.735105345806560617e+00,2.486198973970322967e+00
5.156771180787191433e+00,1.253998334998246866e+00,-4.709135989823924895e-01,1.570209759040424313e-01,6.971893443157416437e-01,8.508569112704231774e-01,-1.728160483554962212e+00,-9.570770378623874031e-01,-9.338326903880876939e-01,6.839796046111137340e-01,-1.298585696167536163e+00,6.498151091991146711e-01,1.954698449313210795e-01,-1.849508130234724046e+00,1.146189347478320020e+00,-2.073998154175884512e+00,-4.563279899738644119e+00,-3.752178180857008272e+00,2.455946043857557548e+00
5.163442294863242132e+00,1.247572756684788287e+00,-4.771176057477147792e-01,1.615375626077580618e-01,6.884252635508902873e-01,8.551082865647259279e-01,-1.726802064964823025e+00,-9.692591842620296161e-01,-9.260996859541887893e-01,6.700679180206676744e-01,-1.328814251586551087e+00,6.247290692231133313e-01,2.117488011201064113e-01,-1.802599082491106230e+00,1.172138644515367867e+00,-2.096636981196732918e+00,-4.499004156866913462e+00,-3.768488411351254008e+00,2.424244900745637032e+00
5.170113408939292832e+00,1.241066958128614228e+00,-4.832694485389769645e-01,1.659608430563822845e-01,6.794609654002161658e-01,8.591919528204583489e-01,-1.725335763668734312e+00,-9.811264071794391084e-01,-9.181941127601899177e-01,6.560069830084516163e-01,-1.358609300806892684e+00,5.995368018386025843e-01,2.278114868801465742e-01,-1.755096930622466189e+00,1.197924435571231960e+00,-2.118741860412610922e+00,-4.433318495715825591e+00,-3.784022999748169802e+00,2.391110759079447146e+00
5.176784523015343531e+00,1.234483053290091448e+00,-4.893679798141745141e-01,1.702898335209469538e-01,6.702993730383574045e-01,8.631072187376659377e-01,-1.723763054201863820e+00,-9.926748074907669750e-01,-9.101170820485172674e-01,6.418003808703063306e-01,-1.387961513790944235e+00,5.742435244326723476e-01,2.436483950605338178e-01,-1.707018969696820765e+00,1.223540591472206396e+00,-2.140307038391296768e+00,-4.366245689921282036e+00,-3.798769088151578543e+00,2.356559479271402857e+00
5.183455637091394230e+00,1.227823181754286397e+00,-4.954120595804971661e-01,1.745235742906944554e-01,6.609434713712878384e-01,8.668534281069200098e-01,-1.722085474164984031e+00,-1.003900602325375147e+00,-9.018697457614843760e-01,6.274517308124789583e-01,-1.416861714065769995e+00,5.488545395491334355e-01,2.592501264542311779e-01,-1.658382756199136221e+00,1.248981039794997194e+00,-2.161326903334019445e+00,-4.297809003178417520e+00,-3.812714005699307851e+00,2.320607561405751085e+00
5.190126751167444930e+00,1.221089507949663755e+00,-5.014005556645672046e-01,1.786611299228164085e-01,6.513963060010310446e-01,8.704299603731862067e-01,-1.720304623490186202e+00,-1.014800126786468804e+00,-8.934532961581493904e-01,6.129646890006131832e-01,-1.445300881964972195e+00,5.233752336162863505e-01,2.746073940435881933e-01,-1.609206101026907199e+00,1.274239766228047577e+00,-2.181795986916833741e+00,-4.228032181006422974e+00,-3.825845275903067666e+00,2.283272138659812711e+00
5.196797865243495629e+00,1.214284220355457800e+00,-5.073323439800938583e-01,1.827015894858108891e-01,6.416609821689240878e-01,8.738362311910512492e-01,-1.718422163678411607e+00,-1.025369835624629244e+00,-8.848689654221779666e-01,5.983429475965742483e-01,-1.473270157815023351e+00,4.978110756258888880e-01,2.897110272010685605e-01,-1.559507062369828834e+00,1.299310815904160421e+00,-2.201708966092858155e+00,-4.156939442329552925e+00,-3.838150623935598915e+00,2.244570970444653923e+00
5.203468979319546328e+00,1.207409530698043909e+00,-5.132063087928839806e-01,1.866440667963672473e-01,6.317406636778153395e-01,8.770716929709722054e-01,-1.716439817009119073e+00,-1.035606304863466054e+00,-8.761180252609257479e-01,5.835902337833920317e-01,-1.500760845064819327e+00,4.721676157637071380e-01,3.045519758432689850e-01,-1.509303938476591167e+00,1.324188294704204072e+00,-2.221060664854621614e+00,-4.084555470877541339e+00,-3.849617983861292281e+00,2.204522435267993075e+00
5.210140093395597027e+00,1.200467673136625502e+00,-5.190213429831449510e-01,1.904877006497145142e-01,6.216385717935822841e-01,8.801358354162278630e-01,-1.714359365722396777e+00,-1.045506233376638505e+00,-8.672017864959082889e-01,5.687103087785787547e-01,-1.527764413357262763e+00,4.464504839920250268e-01,3.191213145364106829e-01,-1.458615260311792339e+00,1.348866370531662806e+00,-2.239846055955868831e+00,-4.010905406408583396e+00,-3.860235505806691947e+00,2.163145523322178132e+00
5.216811207471647727e+00,1.193460903438559928e+00,-5.247763483050336131e-01,1.942316550433457745e-01,6.113579841263445669e-01,8.830281860502604552e-01,-1.712182651173858705e+00,-1.055066444415548865e+00,-8.581215986448723632e-01,5.537069668360926622e-01,-1.554272501541737572e+00,4.206653885845184071e-01,3.334102465514894309e-01,-1.407459784105966616e+00,1.373339274557890066e+00,-2.258060262592119116e+00,-3.936014835758090857e+00,-3.869991563067228579e+00,2.120459828800162150e+00
5.223482321547698426e+00,1.186391498144669265e+00,-5.304702356433843580e-01,1.978751193940478104e-01,6.009022334917919483e-01,8.857483107340754502e-01,-1.709911572962658388e+00,-1.064283887086968416e+00,-8.488788494956588382e-01,5.385840342372384404e-01,-1.580276920626260351e+00,3.948181146139597697e-01,3.474101078672336973e-01,-1.355856483801947121e+00,1.397601302437831094e+00,-2.275698560039295604e+00,-3.859909783716667597e+00,-3.878874759146513806e+00,2.076485541942682644e+00
5.230153435623749125e+00,1.179261753724851314e+00,-5.361019252675713886e-01,2.014173087481634927e-01,5.902747067530160763e-01,8.882958141734070834e-01,-1.707548088032976974e+00,-1.073155637779949156e+00,-8.394749646720509606e-01,5.233453682707716048e-01,-1.605769656668247558e+00,3.689145223931853401e-01,3.611123711191535079e-01,-1.303824543400579739e+00,1.421646815496081073e+00,-2.292756377249790312e+00,-3.782616703740572017e+00,-3.886873934724711432e+00,2.031243440819716195e+00
5.236824549699799825e+00,1.172073985724354728e+00,-5.416703470824423272e-01,2.048574639850155865e-01,5.794788436432698475e-01,8.906703404153221149e-01,-1.705094209749353329e+00,-1.081678901541339499e+00,-8.299114071918118896e-01,5.079948562025059511e-01,-1.630742873602740950e+00,3.429605458698312126e-01,3.745086494928704379e-01,-1.251383349209080453e+00,1.445470241883108464e+00,-2.309229298405305553e+00,-3.704162468498230609e+00,-3.893978174552328309e+00,1.984754882849663504e+00
5.243495663775850524e+00,1.164830527901037360e+00,-5.471744408762881928e-01,2.081948520134203062e-01,5.685181355700621442e-01,8.928715733339686045e-01,-1.702552006946227214e+00,-1.089851013399281587e+00,-8.201896770171069884e-01,4.925364142346964069e-01,-1.655188916007053201e+00,3.169621909753247979e-01,3.875907005600159883e-01,-1.198552481995193375e+00,1.469066077701546735e+00,-2.325113064425829101e+00,-3.624574360256223038e+00,-3.900176814265922332e+00,1.937041796059600696e+00
5.250166777851901223e+00,1.157533731353982409e+00,-5.526131565657794731e-01,2.114287659612279491e-01,5.573961244010368077e-01,8.948992371051486261e-01,-1.699923602952098989e+00,-1.097669439634046284e+00,-8.103113105975164876e-01,4.769739864555153641e-01,-1.679100311800726608e+00,2.909255339286951902e-01,4.003504300549475259e-01,-1.145351709050543398e+00,1.492428888102384388e+00,-2.340403574434133382e+00,-3.543880061108491741e+00,-3.905459447122138883e+00,1.888126670090299886e+00
5.256837891927951922e+00,1.150185963643806764e+00,-5.579854544378359815e-01,2.145585253578212448e-01,5.461164012320479655e-01,8.967530966694374772e-01,-1.697211174588686644e+00,-1.105131778995643632e+00,-8.002778804058318096e-01,4.613115437789009898e-01,-1.702469774879816100e+00,2.648567194957300308e-01,4.127798955906453182e-01,-1.091800976166376280e+00,1.515553308350979123e+00,-2.355096887175185838e+00,-3.462107643052251937e+00,-3.909815930646725057e+00,1.838032546949544876e+00
5.263509006004002622e+00,1.142789607905032145e+00,-5.632903053883694389e-01,2.175834763095124968e-01,5.346826051378917866e-01,8.984329581835367451e-01,-1.694416951145504946e+00,-1.112235763867611915e+00,-7.900909944668430551e-01,4.455530828750971506e-01,-1.725290207684452959e+00,2.387619592040770566e-01,4.248713103120844714e-01,-1.037920399525143367e+00,1.538434044862773131e+00,-2.369189222389882499e+00,-3.379285557914483373e+00,-3.913236393194955198e+00,1.786783011517638409e+00
5.270180120080053321e+00,1.135347061950866099e+00,-5.685266911578702453e-01,2.205029916677725965e-01,5.230984219061269869e-01,8.999386694595740144e-01,-1.691543213330286122e+00,-1.118979261376445100e+00,-7.797522958793189352e-01,4.297026250921690549e-01,-1.747554703698732448e+00,2.126475295148759770e-01,4.366170464854400857e-01,-9.837302575112826242e-01,1.561065876208693526e+00,-2.382676962142501687e+00,-3.295442627132627145e+00,-3.915711240420041150e+00,1.734402181808948340e+00
5.276851234156104020e+00,1.127860737370766753e+00,-5.736936045637724968e-01,2.233164711902386745e-01,5.113675827544521546e-01,9.012701203920683302e-01,-1.688592292195675526e+00,-1.125360274446133957e+00,-7.692634623313797659e-01,4.137642153688352864e-01,-1.769256549881945029e+00,1.865197699515639407e-01,4.480096390215512203e-01,-9.292509824446346656e-01,1.583443654090084252e+00,-2.395556652101344941e+00,-3.210608031393453743e+00,-3.917231161646267612e+00,1.680914698993499101e+00
5.283522348232154719e+00,1.120333058621163724e+00,-5.787900497295721536e-01,2.260233416944416041e-01,4.994938630320944206e-01,9.024272433722594355e-01,-1.685566568042641489e+00,-1.131376942797297502e+00,-7.586262056094673634e-01,3.977419211388991127e-01,-1.790389229030219465e+00,1.603850811864850900e-01,4.590417889319936551e-01,-8.745031522400321666e-01,1.605562304283201458e+00,-2.407825002771982081e+00,-3.124811300133945480e+00,-3.917787136143275895e+00,1.626345717182794415e+00
5.290193462308205419e+00,1.112766462109693100e+00,-5.838150423106420739e-01,2.286230572041946796e-01,4.874810809056811522e-01,9.034100136895486521e-01,-1.682468469301066527e+00,-1.137027543890454462e+00,-7.478422711011216695e-01,3.816398312276299554e-01,-1.810946422067681638e+00,1.342499230859975912e-01,4.697063667162681977e-01,-8.195074819964682789e-01,1.627416827553171963e+00,-2.419478890682579042e+00,-3.038082300908139466e+00,-3.917370439298453189e+00,1.570720892983978656e+00
5.296864576384256118e+00,1.105163395273325522e+00,-5.887676097167177103e-01,2.311150990885957879e-01,4.753330960300559682e-01,9.042184499197492009e-01,-1.679300471387968008e+00,-1.142310493812950467e+00,-7.369134372917542919e-01,3.654620547403790720e-01,-1.830922010266245126e+00,1.081208127147290643e-01,4.799964156785208047e-01,-7.642848155194497117e-01,1.649002300537458332e+00,-2.430515359520772911e+00,-2.950451228623901301e+00,-3.915972648683890611e+00,1.514066374826748440e+00
5.303535690460306817e+00,1.097526315650772188e+00,-5.936467913309989575e-01,2.334989761935915564e-01,4.630538082045332904e-01,9.048526142998992716e-01,-1.676065095543832317e+00,-1.147224348109122438e+00,-7.258415152556321193e-01,3.492127199437873308e-01,-1.850310077393175323e+00,8.200432229973608766e-02,4.899051551723422326e-01,-7.088561167800683238e-01,1.670313876598747971e+00,-2.440931621221612335e+00,-2.861948594653748401e+00,-3.913585650014906214e+00,1.456408792067377611e+00
5.310206804536357517e+00,1.089857689949544239e+00,-5.984516387258428383e-01,2.357742249660521039e-01,4.506471560150714928e-01,9.053126130893507373e-01,-1.672764907647557475e+00,-1.151767802553274933e+00,-7.146283481412795124e-01,3.328959731398962729e-01,-1.869104911785594458e+00,5.590707715528386856e-02,4.994259837721120032e-01,-6.532424613144709458e-01,1.691346786647340616e+00,-2.450725057006029939e+00,-2.772605215823830349e+00,-3.910201642996720572e+00,1.397775243874487483e+00
5.316877918612408216e+00,1.082159993108039231e+00,-6.031812158750017305e-01,2.379404095703125110e-01,4.381171154628458186e-01,9.055985969168938166e-01,-1.669402517010472042e+00,-1.155939693865104534e+00,-7.032758106514860330e-01,3.165159775334956960e-01,-1.887301008351143450e+00,2.983575356899637043e-02,5.085524823695131147e-01,-5.974650275672245270e-01,1.712096339933004474e+00,-2.459893218369404444e+00,-2.682452203285134118e+00,-3.905813147056321544e+00,1.338193287901031425e+00
5.323549032688458915e+00,1.074435707353056824e+00,-6.078345993623757160e-01,2.399971219971384906e-01,4.254676985797316013e-01,9.057107611136483438e-01,-1.665980575149964560e+00,-1.159739000367189465e+00,-6.917858085181427530e-01,3.000769120930500411e-01,-1.904893070494016349e+00,3.797076650169262102e-03,5.172784171937647724e-01,-5.415450881823569151e-01,1.732557924806348959e+00,-2.468433828019739984e+00,-2.591520951271244488e+00,-3.900413006956325201e+00,1.277690928747361898e+00
5.330220146764509614e+00,1.066687321253114717e+00,-6.124108785872481864e-01,2.419439821650698208e-01,4.127029520311770172e-01,9.056493460314816168e-01,-1.662501774543212241e+00,-1.163164842584222036e+00,-6.801602779720918868e-01,2.835829704055250478e-01,-1.921876011965642395e+00,-2.220218185898181762e-02,5.255977427542152247e-01,-4.855040012456305898e-01,1.752727009449783768e+00,-2.476344780765007414e+00,-2.499843125746746608e+00,-3.893994398287787373e+00,1.216296606220055754e+00
5.336891260840560314e+00,1.058917328767970290e+00,-6.169091559659640733e-01,2.437806380141061269e-01,3.998269557069983327e-01,9.054146373466950282e-01,-1.658968847361549814e+00,-1.166216483783660163e+00,-6.684011852082101246e-01,2.670383595254760545e-01,-1.938244958639264715e+00,-4.815520580828058783e-02,5.335046047039160300e-01,-4.293632014819135367e-01,1.772599142578084042e+00,-2.483624144349225293e+00,-2.407450652950775982e+00,-3.886550832838923775e+00,1.154039183391577073e+00
5.343562374916611013e+00,1.051128228294724520e+00,-6.213285471300282747e-01,2.455067655916974567e-01,3.868438213005807036e-01,9.050069663487585458e-01,-1.655384564185999663e+00,-1.168893330457517088e+00,-6.565105258459128512e-01,2.504472988187252946e-01,-1.953995250207776202e+00,-7.405513689996201521e-02,5.409933426229227571e-01,-3.731441914111882641e-01,1.792169954108657093e+00,-2.490270160236875974e+00,-2.314375707839837482e+00,-3.878076163836881030e+00,1.090947934465591684e+00
5.350233488992661712e+00,1.043322521710913442e+00,-6.256681811205846433e-01,2.471220691310030693e-01,3.737576908770189332e-01,9.044267102138452419e-01,-1.651751732704503262e+00,-1.171194932745028172e+00,-6.444903243852926344e-01,2.338140188009834586e-01,-1.969122441804117107e+00,-9.989507698357147358e-02,5.480584927199931844e-01,-3.168685324670810211e-01,1.811435155801579766e+00,-2.496281244345255779e+00,-2.220650702434441737e+00,-3.868564591059567626e+00,1.027052532453134770e+00
5.356904603068712412e+00,1.035502713414976572e+00,-6.299272005792611040e-01,2.486262811213855173e-01,3.605727354306992316e-01,9.036742922629430463e-01,-1.648073196391408590e+00,-1.173120984795947841e+00,-6.323426336590847185e-01,2.171427599717535850e-01,-1.983622305543632391e+00,-1.256680903845288633e-01,5.546947904514486494e-01,-2.605578360816020456e-01,1.830390541869546972e+00,-2.501655987724360042e+00,-2.126308274073835491e+00,-3.858010665814675555e+00,9.623830366647734280e-01
5.363575717144763111e+00,1.027671309364495800e+00,-6.341047619353381570e-01,2.500191623711127131e-01,3.472931534328603242e-01,9.027501822043282331e-01,-1.644351833169761079e+00,-1.174671325074277739e+00,-6.200695342806646915e-01,2.004377716438821566e-01,-1.997490831987780435e+00,-1.513672062654584094e-01,5.608971730560176061e-01,-2.042337547398818676e-01,1.849031989557769595e+00,-2.506393157183976150e+00,-2.031381273583373837e+00,-3.846409295783211668e+00,8.969698800239644942e-01
5.370246831220813810e+00,1.019830816112617944e+00,-6.382000355892263332e-01,2.513005020622365304e-01,3.339231693696536607e-01,9.016548963601700439e-01,-1.640590554056978512e+00,-1.175845936602220032e+00,-6.076731340882799426e-01,1.837033107691018186e-01,-2.010724231528616013e+00,-1.769854210193601007e-01,5.666607820044314847e-01,-1.479179730087698541e-01,1.867355459694023168e+00,-2.510491695867608453e+00,-1.935902753359026063e+00,-3.833755749724614859e+00,8.308438562070867839e-01
5.376917945296864509e+00,1.011983739843040464e+00,-6.422122060922195175e-01,2.524701177976280131e-01,3.204670322712330766e-01,9.003889978770743818e-01,-1.636792301794457671e+00,-1.176644947144211084e+00,-5.951555675857064243e-01,1.669436407599231009e-01,-2.023318935693530829e+00,-2.025157006937141624e-01,5.719809653627021540e-01,-9.163219854299076150e-02,1.885356997208905039e+00,-2.513950723772938822e+00,-1.839905955373474011e+00,-3.820045662040966850e+00,7.640361066153733560e-01
5.383589059372915209e+00,1.004132585403971323e+00,-6.461404723225137037e-01,2.535278556401341921e-01,3.069290142324028747e-01,8.989530969203525235e-01,-1.632960049461720686e+00,-1.177068629330894733e+00,-5.825189953795389952e-01,1.501630303082325257e-01,-2.035271598369728707e+00,-2.279509834445475613e-01,5.768532800679090355e-01,-3.539815307275401279e-02,1.903032731626539631e+00,-2.516769538218460056e+00,-1.743424299108376374e+00,-3.805275037197501042e+00,6.965781071843735184e-01
5.390260173448965908e+00,9.962798553414636826e-01,-6.499840476574514359e-01,2.544735901438520131e-01,2.933134089253709997e-01,8.973478508518241137e-01,-1.629096799075658630e+00,-1.177117400722915486e+00,-5.697656036133003088e-01,1.333657522009593088e-01,-2.046579096947962917e+00,-2.532841820195124161e-01,5.812734941154973356e-01,2.076243662339510854e-02,1.920378877525787065e+00,-2.518947614256060064e+00,-1.646491369417412587e+00,-3.789440253996984254e+00,6.285016550364173060e-01
5.396931287525016607e+00,9.884280489325284469e-01,-6.537421601419893813e-01,2.553072243774878181e-01,2.796245301051436538e-01,8.955739643909546022e-01,-1.625205580175497433e+00,-1.176791823814455462e+00,-5.568976033985760798e-01,1.165560821331701469e-01,-2.057238533385085333e+00,-2.785081862689702259e-01,5.852375886569904928e-01,7.682784775656076315e-02,1.937391734972221613e+00,-2.520484605029219338e+00,-1.549140904324740609e+00,-3.772538069705308139e+00,5.598388549818582582e-01
5.403602401601067307e+00,9.805796612184218830e-01,-6.574140526533531759e-01,2.560286899397937743e-01,2.658667101081036432e-01,8.936321897591564811e-01,-1.621289448394060528e+00,-1.176092605976449157e+00,-5.439172302433641359e-01,9.973829751896041984e-02,-2.067247235184995535e+00,-3.036158656841088099e-01,5.887417600071945811e-01,1.327763705725971133e-01,1.954067689920981898e+00,-2.521380342076610770e+00,-1.451406782763443815e+00,-3.754565624026017012e+00,4.906221058746127461e-01
5.410273515677118006e+00,9.727371820385101175e-01,-6.609989830618798745e-01,2.566379469670626023e-01,2.520442983443100804e-01,8.915233268070690276e-01,-1.617351484015949303e+00,-1.175020599339450467e+00,-5.308267434778292104e-01,8.291667630049294468e-02,-2.076602756297611041e+00,-3.286000719610601140e-01,5.917824215598825877e-01,1.885863174003888920e-01,1.970403214590770613e+00,-2.521634835580826461e+00,-1.353323012258636160e+00,-3.735520442921236750e+00,4.208840868279120073e-01
5.416944629753168705e+00,9.649030950651232841e-01,-6.644962243880132569e-01,2.571349841326746044e-01,2.381616597840868765e-01,8.892482231246481295e-01,-1.613394790523251743e+00,-1.173576800616132232e+00,-5.176284256776637616e-01,6.609549575557227552e-02,-2.085302877935489629e+00,-3.534536415899842687e-01,5.943562056110901493e-01,2.442360316994612313e-01,1.986394867809128106e+00,-2.521248274562042369e+00,-1.254923716560000901e+00,-3.715400442276783011e+00,3.506577432960655827e-01
5.423615743829219404e+00,9.570798768397873468e-01,-6.679050649554483243e-01,2.575198186386848942e-01,2.242231734394279363e-01,8.868077741339062126e-01,-1.609422493129394560e+00,-1.171762350863442048e+00,-5.043245820852354511e-01,4.927903130410257737e-02,-2.093345609307799116e+00,-3.781693984680886134e-01,5.964599650891274640e-01,2.997038971031245613e-01,2.002039295329245849e+00,-2.520221027016402271e+00,-1.156243123228340774e+00,-3.694203931409187902e+00,2.799762730280717093e-01
5.430286857905270104e+00,9.492699958112545966e-01,-6.712248085404054487e-01,2.577924961994465525e-01,2.102332308407967865e-01,8.842029231641386211e-01,-1.605437737301776080e+00,-1.169578535184457424e+00,-4.909175400287224544e-01,3.247155531381734628e-02,-2.100729188271325931e+00,-4.027401565354896684e-01,5.980907751904670500e-01,3.549683464531679378e-01,2.017333230118536491e+00,-2.518553639998947435e+00,-1.057315551181047697e+00,-3.671929616412397124e+00,2.088731118992164237e-01
5.436957971981320803e+00,9.414759113757104059e-01,-6.744547745170271780e-01,2.579530910172628255e-01,1.961962345098429150e-01,8.814346615094967863e-01,-1.601443687273794936e+00,-1.167026782370008675e+00,-4.774096483394074664e-01,1.567733590562761514e-02,-2.107452081898286256e+00,-4.271587224328826649e-01,5.992459349207264196e-01,4.100078708224180746e-01,2.032273492619205424e+00,-2.516246839650909894e+00,-9.581753982009968418e-01,-3.648576603342084113e+00,1.373819196264312037e-01
5.443629086057371502e+00,9.337000729195834570e-01,-6.775942979988793802e-01,2.580017057500727518e-01,1.821165964286233507e-01,8.785040284687610779e-01,-1.597443524546919180e+00,-1.164108664480158817e+00,-4.638032767673354595e-01,-1.099364241013950361e-03,-2.113512986960686568e+00,-4.514178981798907531e-01,5.999229685399888323e-01,4.648010285211595094e-01,2.046856990981052338e+00,-2.513301531171249881e+00,-8.588571284138630801e-01,-3.624144401235526836e+00,6.553656537368968138e-02
5.450300200133422202e+00,9.259449188653388063e-01,-6.806427299765467342e-01,2.579384714711659976e-01,1.679987365058606685e-01,8.754121113671814447e-01,-1.593440446383431075e+00,-1.160825896365670129e+00,-4.501008153955033952e-01,-1.785428908237923773e-02,-2.118910830331064865e+00,-4.755104838730220829e-01,6.001196269117481386e-01,5.193264540836812770e-01,2.061080721266768556e+00,-2.509718798732301970e+00,-7.593952597384568959e-01,-3.598632924965065705e+00,-6.628886746585571643e-03
5.456971314209472901e+00,9.182128757206718950e-01,-6.835994374513224558e-01,2.577635476209336751e-01,1.538470810408178735e-01,8.721600455602521729e-01,-1.589437664290508145e+00,-1.157180335129593285e+00,-4.363046740527770639e-01,-3.458319040397908606e-02,-2.123644769299420254e+00,-4.994292804020783461e-01,5.998338887547877141e-01,5.735628672309818210e-01,2.074941767630028799e+00,-2.505499905339399813e+00,-6.598243513150112705e-01,-3.572042497923178406e+00,-7.908019226974838389e-02
5.463642428285523600e+00,9.105063571314864213e-01,-6.864638035649692771e-01,2.574771219506610254e-01,1.396660611853323408e-01,8.687490144193144026e-01,-1.585438402496263333e+00,-1.153173979529158677e+00,-4.224172817257066392e-01,-5.128182901295040563e-02,-2.127714191806226562e+00,-5.231670921839304267e-01,5.990639617973990694e-01,6.274890818059386532e-01,2.088437302466597423e+00,-2.500646292634443490e+00,-5.601789909161059011e-01,-3.544373854537470780e+00,-1.517829410667825840e-01
5.470313542361574299e+00,9.028277629390661918e-01,-6.892352277255624493e-01,2.570794104583702389e-01,1.254601114045726662e-01,8.651802492988582838e-01,-1.581445896418423702e+00,-1.148808969318159789e+00,-4.084410859694197482e-01,-6.794597592895952609e-02,-2.131118716591415385e+00,-5.467167299124927604e-01,5.978082838333080851e-01,6.810840146770186232e-01,2.101564586538807511e+00,-2.495159580643275810e+00,-4.604937823450507839e-01,-3.515628142613655083e+00,-2.247025721173583346e-01
5.476984656437624999e+00,8.951794782418240892e-01,-6.919131257293932302e-01,2.565706573167223503e-01,1.112336679370876102e-01,8.614550294854390611e-01,-1.577463391126284531e+00,-1.144087584530055990e+00,-3.943785523177814056e-01,-8.457141357321353026e-02,-2.133858193259260183e+00,-5.700710133237518740e-01,5.960655236787969491e-01,7.343266946067799061e-01,2.114320969073641088e+00,-2.489041567466873328e+00,-3.608033328265821127e-01,-3.485806925505017251e+00,-2.978043883618985976e-01
5.483655770513675698e+00,8.875638724620413811e-01,-6.944969298789395173e-01,2.559511347929976921e-01,9.699116725470316447e-02,8.575746821280887389e-01,-1.573494139796622671e+00,-1.139012244702041876e+00,-3.802321636929785198e-01,-1.011539369552381801e-01,-2.135932702259133897e+00,-5.932227739746709361e-01,5.938345820304864464e-01,7.871962710812694386e-01,2.126703887834779927e+00,-2.482294228916289924e+00,-2.611422403946939141e-01,-3.454912184106565309e+00,-3.710535716261449402e-01
5.490326884589726397e+00,8.799832984179725148e-01,-6.969860890968920808e-01,2.552211431611679515e-01,8.273704452282742983e-02,8.535405821501560464e-01,-1.569541402164205124e+00,-1.133585508040351630e+00,-3.660044198147163752e-01,-1.176893548570246001e-01,-2.137342554782129866e+00,-6.161648580348266790e-01,5.911145922233496108e-01,8.396720230966516763e-01,2.138710869168873874e+00,-2.474919718091368459e+00,-1.615450812823587268e-01,-3.422946318672513311e+00,-4.444151976120571668e-01
5.496997998665777097e+00,8.724400914017133024e-01,-6.993800690362450556e-01,2.543810106060738763e-01,6.847573206171954363e-02,8.493541521424776697e-01,-1.565608442967587166e+00,-1.127810070527105024e+00,-3.516978366091821906e-01,-1.341734910141859638e-01,-2.138088292573585125e+00,-6.388901290895698803e-01,5.879049208884925548e-01,8.917333678992284129e-01,2.150339528026437019e+00,-2.466920364903190777e+00,-6.204639731796005031e-02,-3.389912150455480333e+00,-5.178542509484832523e-01
5.503669112741827796e+00,8.649365682632247365e-01,-7.016783521864374817e-01,2.534310931197391592e-01,5.421165780930053274e-02,8.450168622378180228e-01,-1.561698530390852158e+00,-1.121688764969009711e+00,-3.373149456179637684e-01,-1.506021852937330652e-01,-2.138170687661546054e+00,-6.613914709535164693e-01,5.842051685103664127e-01,9.433598696750846724e-01,2.161587567957614642e+00,-2.458298675540338429e+00,3.731931666666046810e-02,-3.355812923166149986e+00,-5.913356402951859270e-01
5.510340226817878495e+00,8.574750265008915795e-01,-7.038804379755537743e-01,2.523717743898375443e-01,3.994924378604425286e-02,8.405302299665063925e-01,-1.557814934501965398e+00,-1.115224559988271968e+00,-3.228582934070704513e-01,-1.669712948681079390e-01,-2.137590742001300725e+00,-6.836617904931938661e-01,5.800151698830563474e-01,9.945312481857067066e-01,2.172452781083217488e+00,-2.449057331878988109e+00,1.365176254118652399e-01,-3.320652304252025733e+00,-6.648242134938340264e-01
5.517011340893929194e+00,8.500577433590129628e-01,-7.059858428685835685e-01,2.512034656803426302e-01,2.569290456253434801e-02,8.358958200932182780e-01,-1.553960925688434802e+00,-1.108420558956094704e+00,-3.083304409762382403e-01,-1.832766953850872849e-01,-2.136349687036069867e+00,-7.056940204575785636e-01,5.753349944653510795e-01,1.045227387345720516e+00,2.182933048041355573e+00,-2.439199190836919051e+00,2.355141657846044068e-01,-3.284434385994066119e+00,-7.382847727592740661e-01
5.523682454969979894e+00,8.426869749325865966e-01,-7.079941004617417155e-01,2.499266057043847411e-01,1.144704573021285837e-02,8.311152444348480772e-01,-1.550139773090928985e+00,-1.101279998869147514e+00,-2.937339631686584629e-01,-1.995142821332000493e-01,-2.134448983174040748e+00,-7.274811223153692108e-01,5.701649466343562400e-01,1.095428343739238031e+00,2.193026337910039203e+00,-2.428727283671497705e+00,3.342746593069625960e-01,-3.247163686420053708e+00,-8.116820899048083904e-01
5.530353569046030593e+00,8.353649552797868250e-01,-7.099047615728528715e-01,2.485416604893528336e-01,-2.783937624088926588e-03,8.261901616594403697e-01,-1.546354743035549983e+00,-1.093806249169444911e+00,-2.790714480813151765e-01,-2.156799712022662574e-01,-2.131890319181917626e+00,-7.490160890977222152e-01,5.645055658374459329e-01,1.145114355070998569e+00,2.202730708106078072e+00,-2.417644815221794197e+00,4.327649246538436412e-01,-3.208845150033675431e+00,-8.849809215947406216e-01
5.537024683122081292e+00,8.280938955424950176e-01,-7.117173943278026771e-01,2.470491232342694743e-01,-1.699566243930749482e-02,8.211222770661363857e-01,-1.542609097465422963e+00,-1.086002810508067018e+00,-2.643454964760642012e-01,-2.317697006387003378e-01,-2.128675611495211673e+00,-7.702919482452464939e-01,5.583576266423876389e-01,1.194265848548773601e+00,2.212044304260678107e+00,-2.405955163094910976e+00,5.309508901152023563e-01,-3.169484148358296061e+00,-9.581460246177979645e-01
5.543695797198131991e+00,8.208759830752743181e-01,-7.134315842430648535e-01,2.454495141594796037e-01,-3.118375919641189209e-02,8.159133423461210066e-01,-1.538906092372303913e+00,-1.077873313453209470e+00,-2.495587211916304171e-01,-2.477794315951928894e-01,-2.124807003445533304e+00,-7.913017644579837251e-01,5.517221386855286624e-01,1.242863449193298164e+00,2.220965360072104211e+00,-2.393661876796703947e+00,6.287986060178663017e-01,-3.129086480294530848e+00,-1.031142171174642908e+00
5.550366911274182691e+00,8.137133805831336941e-01,-7.150469343043105441e-01,2.437433803486846740e-01,-4.534387342925365327e-02,8.105651553245483143e-01,-1.535248976228864137e+00,-1.069421517143037015e+00,-2.347137465566489223e-01,-2.637051494744178104e-01,-2.120286864405157345e+00,-8.120386425471723957e-01,5.446003465179587444e-01,1.290887988072307202e+00,2.229492197135802822e+00,-2.380768676807029305e+00,7.262742571024354277e-01,-3.087658372290800202e+00,-1.103934164173164367e+00
5.557038025350233390e+00,8.066082252684724230e-01,-7.165630650411037861e-01,2.419312955833726464e-01,-5.947166722942386075e-02,8.050795596834422474e-01,-1.531640988422343863e+00,-1.060651307883878403e+00,-2.198132078039261028e-01,-2.795428650663779879e-01,-2.115117788849186109e+00,-8.324957302875128917e-01,5.369937293496410691e-01,1.338320510454991119e+00,2.237623224752343987e+00,-2.367279453599748784e+00,8.233441748503105284e-01,-3.045206478326164312e+00,-1.176486852524763371e+00
5.563709139426284089e+00,7.995626279875536202e-01,-7.179796145976925503e-01,2.400138601696817919e-01,-7.356282074458408982e-02,7.994584446655679244e-01,-1.528085357690254886e+00,-1.051566697694294117e+00,-2.048597504860469320e-01,-2.952886156790368033e-01,-2.109302595335662112e+00,-8.526662212686924036e-01,5.289040006915087799e-01,1.385142283883399994e+00,2.245356939713607947e+00,-2.353198266607661182e+00,9.199748497562507676e-01,-3.001737879704739598e+00,-1.248765146435111051e+00
5.570380253502334789e+00,7.925786724168641939e-01,-7.192962387999108920e-01,2.379917007577424803e-01,-8.761303366972239548e-02,7.937037447592921735e-01,-1.524585300558803036e+00,-1.042171822795582070e+00,-1.898560298924859557e-01,-3.109384662618535078e-01,-2.102844325403991022e+00,-8.725433577449139833e-01,5.203331078955888422e-01,1.431334806157358530e+00,2.252691926067607930e+00,-2.338529343132594640e+00,1.016132943541773193e+00,-2.957260084661185395e+00,-1.320734032682843839e+00
5.577051367578385488e+00,7.856584142297334816e-01,-7.205126112181919895e-01,2.358654701535535803e-01,-1.016180267307808527e-01,7.878174393644388207e-01,-1.521144019784733459e+00,-1.032470942049322993e+00,-1.748047104683555786e-01,-3.264885105218687800e-01,-2.095746242392116265e+00,-8.921204334811456693e-01,5.112832315932719363e-01,1.476879813229304172e+00,2.259626854862349266e+00,-2.323277077200933238e+00,1.111785301304599294e+00,-2.911781027776730202e+00,-1.392358589879419517e+00
5.583722481654436187e+00,7.788038802835383079e-01,-7.216284232267154986e-01,2.336358471234330769e-01,-1.155735431601350310e-01,7.818015524391721538e-01,-1.517764702801248644e+00,-1.022468435342557935e+00,-1.597084652349252676e-01,-3.419348720319784762e-01,-2.088011830172850303e+00,-9.113907965948577772e-01,5.017567850318398470e-01,1.521759287005806760e+00,2.266160483869160913e+00,-2.307446028364792401e+00,1.206898963599714492e+00,-2.865309069205349335e+00,-1.463604003703789846e+00
5.590393595730486886e+00,7.720170678178612800e-01,-7.226433840586913293e-01,2.313035361911073562e-01,-1.294753501633665593e-01,7.756581521279433122e-01,-1.514450520168700187e+00,-1.012168801921248029e+00,-1.445699752120639670e-01,-3.572737053310232058e-01,-2.079644791809868387e+00,-9.303478523919558318e-01,4.917564133094869394e-01,1.565955463052257191e+00,2.272291657285877342e+00,-2.291040920449185503e+00,1.301441178447205749e+00,-2.817852993709824894e+00,-1.534435582105119877e+00
5.597064709806537586e+00,7.652999436639307262e-01,-7.235572208577978337e-01,2.288692674274873107e-01,-1.433192403768065448e-01,7.693893503705400150e-01,-1.511204624030711319e+00,-1.001576658672660880e+00,-1.293919288427213543e-01,-3.725011970153450647e-01,-2.070649048133840875e+00,-9.489850661956590328e-01,4.812849925090326719e-01,1.609450838197480360e+00,2.278019305420320606e+00,-2.274066640245441473e+00,1.395379413262454626e+00,-2.769422009507416238e+00,-1.604818770467111300e+00
5.603735823882588285e+00,7.586544434656986580e-01,-7.243696787257879466e-01,2.263337962331944397e-01,-1.571010333153088356e-01,7.629973024922900304e-01,-1.508030146576428976e+00,-9.906967383573797026e-01,-1.141770214195923228e-01,-3.876135668214444885e-01,-2.061028736239264081e+00,-9.672959661670175180e-01,4.703456287306265748e-01,1.652228178034866435e+00,2.283342444354504064e+00,-2.256528236151234434e+00,1.488681366703944242e+00,-2.720025746925018861e+00,-1.674719166727188124e+00
5.610406937958638984e+00,7.520824709128657304e-01,-7.250805207662804897e-01,2.236979031138906782e-01,-1.708165768097449355e-01,7.564842067754812271e-01,-1.504930198509558226e+00,-9.795338877916165421e-01,-9.892795451407307428e-02,-4.026070686993941106e-01,-2.050788207902523919e+00,-9.852741461158491809e-01,4.589416570237491166e-01,1.694270524316911386e+00,2.288260175589994727e+00,-2.238430916757528255e+00,1.581314980434378681e+00,-2.669674256863735273e+00,-1.744102536444233298e+00
5.617078052034689684e+00,7.455858969862054764e-01,-7.256895281247471852e-01,2.209623934484835628e-01,-1.844617484336714963e-01,7.498523040120661509e-01,-1.501907867524853613e+00,-9.680930659805633276e-01,-8.364743540765723351e-02,-4.174779918766448050e-01,-2.039932027921816715e+00,-1.002913268300781979e+00,4.470766402188949273e-01,1.735561202239829015e+00,2.292771685674844573e+00,-2.219780049382839238e+00,1.673248450790399744e+00,-2.618378009072933832e+00,-1.812934827808163396e+00
5.623749166110740383e+00,7.391665592154971209e-01,-7.261965000247151414e-01,2.181280972502658289e-01,-1.980324569186768247e-01,7.431038770377246250e-01,-1.498966216792740003e+00,-9.563793422035169467e-01,-6.833817652587206859e-02,-4.322226619118822999e-01,-2.028464972379520503e+00,-1.020207066217161840e+00,4.347543676593281781e-01,1.776083827615164035e+00,2.296876245812541573e+00,-2.200581158555181549e+00,1.764450240356603139e+00,-2.566147890233866580e+00,-1.881182186584962057e+00
5.630420280186791082e+00,7.328262609503974900e-01,-7.266012538002022403e-01,2.151958689210596853e-01,-2.115246435578618800e-01,7.362412502473744125e-01,-1.496108283452731502e+00,-9.443978940515618259e-01,-5.300289487489168172e-02,-4.468374417385789776e-01,-2.016392026827710016e+00,-1.037149347371518537e+00,4.219788538333851813e-01,1.815822313925185449e+00,2.300573211453432076e+00,-2.180839924442104394e+00,1.854889089439262673e+00,-2.512995201853087224e+00,-1.948810970990518143e+00
5.637091394262841781e+00,7.265667706445535501e-01,-7.269036249244055226e-01,2.121665869984321051e-01,-2.249342835969817822e-01,7.292667890922186480e-01,-1.493337077116296152e+00,-9.321540054185624147e-01,-3.764431148091837431e-02,-4.613187326979052427e-01,-2.003718384397449981e+00,-1.053733996041364751e+00,4.087543369077868416e-01,1.854760879259112372e+00,2.303862021869052867e+00,-2.160562181229212175e+00,1.944534027435594226e+00,-2.458931657965907736e+00,-2.015787766487027177e+00
5.643762508338892481e+00,7.203898211532724360e-01,-7.271034670346566697e-01,2.090411538960590676e-01,-2.382573876127072610e-01,7.221828995584389510e-01,-1.490655578379841195e+00,-9.196530644463034587e-01,-2.226515083247490590e-02,-4.756629755606497367e-01,-1.990449443832620346e+00,-1.069954976019034332e+00,3.950852771625357196e-01,1.892884053127059207e+00,2.306742199709798324e+00,-2.139753915447665022e+00,2.033354384094005152e+00,-2.403969382650335884e+00,-2.082079400495365107e+00
5.650433622414943180e+00,7.142971090450542793e-01,-7.272006519536656777e-01,2.058204956373086980e-01,-2.514900028775274299e-01,7.149920276276338083e-01,-1.488066737348461510e+00,-9.069005614245824187e-01,-6.868140325689303660e-03,-4.898666515378174990e-01,-1.976590807448992848e+00,-1.085806333338304563e+00,3.809763553279590376e-01,1.930176683148757455e+00,2.309213350546398758e+00,-2.118421264251066027e+00,2.121319800661151334e+00,-2.348120907351892050e+00,-2.147652957017092135e+00
5.657104736490993879e+00,7.082902939272751608e-01,-7.271950697070778125e-01,2.025055615821223232e-01,-2.646282147107847371e-01,7.076966587191383384e-01,-1.485573472171101139e+00,-8.939020866471067972e-01,8.543990287292912988e-03,-5.039262832795580183e-01,-1.962148279019333419e+00,-1.101282198982553417e+00,3.664324708245204620e-01,1.966623941614173976e+00,2.311275162395640237e+00,-2.096570513642250333e+00,2.208400240911504220e+00,-2.291399168019935928e+00,-2.212475791159786098e+00
5.663775850567044579e+00,7.023709977863247245e-01,-7.270866285373606130e-01,1.990973241472679955e-01,-2.776681478153622540e-01,7.002993171143329088e-01,-1.483178667587799815e+00,-8.806633282240672322e-01,2.396850944670189665e-02,-5.178384358621048733e-01,-1.947127861585332465e+00,-1.116376791573158611e+00,3.514587399060773443e-01,2.002211331913070325e+00,2.312927405230813971e+00,-2.074208096650429933e+00,2.294566002055209886e+00,-2.233817502056007598e+00,-2.276515543559185506e+00
5.670446964643095278e+00,6.965408043424743401e-01,-7.268752549140413688e-01,1.955967785200555253e-01,-2.906059675995288916e-01,6.928025653630924818e-01,-1.480885173489621343e+00,-8.671900698522542195e-01,3.940268433020588379e-02,-5.315997177623881242e-01,-1.931535755197178794e+00,-1.131084420036944094e+00,3.360604937072864118e-01,2.036924694830802185e+00,2.314169930477291359e+00,-2.051340591459261731e+00,2.379787725520092767e+00,-2.175389645075052503e+00,-2.339740154692125707e+00
5.677118078719145977e+00,6.908012584197624761e-01,-7.265608935403224944e-01,1.920049423655884324e-01,-3.034378814834662874e-01,6.852090036725126954e-01,-1.478695803491941962e+00,-8.534881885436350624e-01,5.484378139456516643e-02,-5.452067818199984872e-01,-1.915378354581643183e+00,-1.145399486251378995e+00,3.202432761959065344e-01,2.070750214707520076e+00,2.315002670493738979e+00,-2.027974719486332233e+00,2.464036407603670931e+00,-2.116129727480231093e+00,-2.402117879073814244e+00
5.683789192795196676e+00,6.851538653311670668e-01,-7.261435073560909004e-01,1.883228555276449667e-01,-3.161601401900034358e-01,6.775212692780661072e-01,-1.476613333521703542e+00,-8.395636523132957718e-01,7.028906691377306837e-02,-5.586563261861761109e-01,-1.898662246739541537e+00,-1.159316487666327777e+00,3.040128420307952606e-01,2.103674425458132546e+00,2.315425638039375400e+00,-2.004117343414638430e+00,2.547283409991133230e+00,-2.056052270852267938e+00,-2.463617299333400901e+00
5.690460306871247376e+00,6.796000902793377652e-01,-7.256230775373561093e-01,1.845515797232675503e-01,-3.287690390190921574e-01,6.697420357973521421e-01,-1.474640500419283295e+00,-8.254225178277120323e-01,8.573580751361237207e-02,-5.719450952595105386e-01,-1.881394208473491148e+00,-1.172830019901064169e+00,2.873751543264249086e-01,2.135684216450323802e+00,2.315438925727802300e+00,-1.979775465176593752e+00,2.629500470135240686e+00,-1.995172184154254236e+00,-2.524207340161494173e+00
5.697131420947298075e+00,6.741413577731423246e-01,-7.249996034921285526e-01,1.806921982311596175e-01,-3.412609191055581137e-01,6.618740125666071616e-01,-1.472780000555568680e+00,-8.110709280142706090e-01,1.011812707025075420e-01,-5.850698806080342207e-01,-1.863581203846895740e+00,-1.185934779315384935e+00,2.703363823248038367e-01,2.166766838238125548e+00,2.315042705467778461e+00,-1.954956223891203715e+00,2.710659711494227686e+00,-1.933504759753048141e+00,-2.583857282123789734e+00
5.703802535023348774e+00,6.687790510602906746e-01,-7.242731028527710224e-01,1.767458155739758674e-01,-3.536321686596747282e-01,6.539199439601510733e-01,-1.471034488464880940e+00,-7.965151096330398417e-01,1.166227253986140966e-01,-5.980275218774016022e-01,-1.845230381575112544e+00,-1.198625565553561589e+00,2.529028989756993973e-01,2.196909908148464652e+00,2.314237227891459803e+00,-1.929666893754971690e+00,2.790733653623759913e+00,-1.871065669258353603e+00,-2.642536775334555443e+00
5.710473649099399474e+00,6.635145115762794976e-01,-7.234436114648477023e-01,1.727135571945999926e-01,-3.658792241901089870e-01,6.458826086929581045e-01,-1.469406575494343059e+00,-7.817613708117665539e-01,1.320574424530518431e-01,-6.108149076848424786e-01,-1.826349072349794156e+00,-1.210897284059925250e+00,2.350812784261373523e-01,2.226101415718245491e+00,2.313022821770541082e+00,-1.903914881887170507e+00,2.869695222119137412e+00,-1.807870959180742698e+00,-2.700215852984086062e+00
5.717144763175450173e+00,6.583490384099001114e-01,-7.225111833724929822e-01,1.685965691265109700e-01,-3.779985717087977481e-01,6.377648191065448113e-01,-1.467898828470285855e+00,-7.668160985451015765e-01,1.474826951691950994e-01,-6.234289764985956328e-01,-1.806944786097412825e+00,-1.222744948564903567e+00,2.168782934201538559e-01,2.254329727979595521e+00,2.311399893420745144e+00,-1.877707726130144916e+00,2.947517758403933819e+00,-1.743937046409945069e+00,-2.756864944714223054e+00
5.723815877251500872e+00,6.532838877855471349e-01,-7.214758908003336968e-01,1.643960176583252886e-01,-3.899867479173201867e-01,6.295694204383717185e-01,-1.466513768382315064e+00,-7.516857561590932768e-01,1.628957598179712474e-01,-6.358667175025133345e-01,-1.787025209173013884e+00,-1.234163683540264511e+00,1.983009126098473907e-01,2.281583594590873787e+00,2.309368926095160646e+00,-1.851053092805243772e+00,3.024175029361340972e+00,-1.679280713514758494e+00,-2.812454889835921179e+00
5.730486991327551571e+00,6.483202725625545337e-01,-7.203378241319828845e-01,1.601130889926275780e-01,-4.018403413743343311e-01,6.212992900749758629e-01,-1.465253869085593852e+00,-7.363768807419583950e-01,1.782939161490588176e-01,-6.481251714455549262e-01,-1.766598201490241049e+00,-1.245148726622445912e+00,1.793562977787920287e-01,2.307852152811266322e+00,2.306930479366821274e+00,-1.823958774425129992e+00,3.099641236804570266e+00,-1.613919103866137572e+00,-2.866956950383282354e+00
5.737158105403602271e+00,6.434593617517803121e-01,-7.190970918851409266e-01,1.557489888991819282e-01,-4.135559936436594697e-01,6.129573367890456259e-01,-1.464121556021943604e+00,-7.208960805422026663e-01,1.936744478979401107e-01,-6.602014314758700708e-01,-1.745671793588737586e+00,-1.255695431002747053e+00,1.600518009789324569e-01,2.333124932316687161e+00,2.304085188501040271e+00,-1.796432687363097802e+00,3.173891026782688751e+00,-1.547869716584963529e+00,-2.920342823998145931e+00
5.743829219479652970e+00,6.387022800496559016e-01,-7.177538206833216083e-01,1.513049423626350032e-01,-4.251304004225868738e-01,6.045464999606584566e-01,-1.463119204960326325e+00,-7.052500323351397205e-01,2.090346432887270345e-01,-6.720926439592034285e-01,-1.724254183640026028e+00,-1.265799267783256132e+00,1.403949615820981878e-01,2.357391859854906624e+00,2.300833763817894173e+00,-1.768482869480157760e+00,3.246899498718372801e+00,-1.481150401316172704e+00,-2.972584656639707390e+00
5.750500333555703669e+00,6.340501073899038609e-01,-7.163081552242491767e-01,1.467821932248059014e-01,-4.365603126500179343e-01,5.960697487829322849e-01,-1.462249140757287957e+00,-6.894454787589159306e-01,2.243717955327168001e-01,-6.837960092813113455e-01,-1.702353734392995532e+00,-1.275455828297304084e+00,1.203935032473406608e-01,2.380643263737784565e+00,2.297176990045401102e+00,-1.740117477710550808e+00,3.318642214374065702e+00,-1.413779352830981439e+00,-3.023655055113365187e+00
5.757171447631754369e+00,6.295038785131276127e-01,-7.147602582449331665e-01,1.421820038216835003e-01,-4.478425375940241482e-01,5.875300814523037873e-01,-1.461513636137901528e+00,-6.734892256210949224e-01,2.396832033225864966e-01,-6.953087826341529665e-01,-1.679978970060159948e+00,-1.284660826393377864e+00,1.000553308052957169e-01,2.402869878168663931e+00,2.293115725663728899e+00,-1.711344785606499830e+00,3.389095206643188085e+00,-1.345775105458994148e+00,-3.073527099413546182e+00
5.763842561707805068e+00,6.250645825544651757e-01,-7.131103104834666251e-01,1.375056546152306769e-01,-4.589739399184425972e-01,5.789305243437068427e-01,-1.460914910497769226e+00,-6.573881391769438309e-01,2.549661713221940129e-01,-7.066282747855578972e-01,-1.657138573145860772e+00,-1.293410100681308350e+00,7.938852706085008926e-02,2.424062847402950638e+00,2.288650902240969121e+00,-1.682173180842908122e+00,3.458234988163011892e+00,-1.277156527352105275e+00,-3.122174354874853730e+00
5.770513675783855767e+00,6.207331626494885235e-01,-7.113585106375683864e-01,1.327544438201126720e-01,-4.699514427281177298e-01,5.702741311708863226e-01,-1.460455128726622309e+00,-6.411491433805110995e-01,2.702180106519120328e-01,-7.177518528321226166e-01,-1.633841381217614019e+00,-1.301699616739652399e+00,5.840134951539166508e-02,2.444213729740059016e+00,2.283783523760872125e+00,-1.652611162682804391e+00,3.526038559745970247e+00,-1.207942814582166458e+00,-3.169570884126318155e+00
5.777184789859906466e+00,6.165105155585319796e-01,-7.095050753199080296e-01,1.279296870254535423e-01,-4.807720285924249604e-01,5.615639821321267711e-01,-1.460136400054061312e+00,-6.247792171096604452e-01,2.854360393694673759e-01,-7.286769409350613014e-01,-1.610096383621830718e+00,-1.309525469283119747e+00,3.710222700999454837e-02,2.463314501344878504e+00,2.278514665943033979e+00,-1.622667339404288089e+00,3.592483418626176483e+00,-1.138153485074455240e+00,-3.215691258843287770e+00
5.783855903935957166e+00,6.123974913096134065e-01,-7.075502390102319517e-01,1.230327168117482384e-01,-4.914327405466965004e-01,5.528031830416528791e-01,-1.459960776917935688e+00,-6.082853913661679934e-01,3.006175829462045535e-01,-7.394010210387742532e-01,-1.585912718145144007e+00,-1.316883884289021589e+00,1.549975629088629070e-02,2.481357559897109599e+00,2.272845475555921535e+00,-1.592350425689819771e+00,3.657547566518049464e+00,-1.067808372379092763e+00,-3.260510571291991511e+00
5.790527018012007865e+00,6.083948928601152772e-01,-7.054942540043317445e-01,1.180648823630345845e-01,-5.019306830711995904e-01,5.439948644469858596e-01,-1.459930253855903137e+00,-5.916747464520588640e-01,3.157599747387543343e-01,-7.499216335718705828e-01,-1.561299667622612741e+00,-1.323771221081615046e+00,-6.397301501393615197e-03,2.498335728066777950e+00,2.266777169723212637e+00,-1.561669239978644708e+00,3.721209517483984097e+00,-9.969276192825990979e-01,-3.304004445661483658e+00
5.797198132088058564e+00,6.045034757773810608e-01,-7.033373903598797439e-01,1.130275490744516442e-01,-5.122630230473099733e-01,5.351421807325378310e-01,-1.460046766420651787e+00,-5.749544091233461662e-01,3.308605564560440637e-01,-7.602363781304108947e-01,-1.536266656494092553e+00,-1.330183974373308153e+00,-2.858002441769835755e-02,2.514242256814365195e+00,2.260311035223859122e+00,-1.530632701783200877e+00,3.783448305608081874e+00,-9.255316712618952835e-01,-3.346149049178011037e+00
5.803869246164109263e+00,6.007239479383654768e-01,-7.010799358391649472e-01,1.079220981552949932e-01,-5.224269906905525396e-01,5.262483092097349768e-01,-1.460312190119291920e+00,-5.581315497223312549e-01,3.459166786216321121e-01,-7.703429141431289429e-01,-1.510823247310044470e+00,-1.336118776261677965e+00,-5.103933335940757932e-02,2.529070828514087488e+00,2.253448427786329145e+00,-1.499249828970320220e+00,3.844243492473094825e+00,-8.536412697830464413e-01,-3.386921102996906185e+00
5.810540360240159963e+00,5.970569692484897217e-01,-6.987221958487617179e-01,1.027499262276999892e-01,-5.324198804601546486e-01,5.173164491939716836e-01,-1.460728339377404872e+00,-5.412133792896829387e-01,3.609257010313063896e-01,-7.802389615184004423e-01,-1.484979137188164877e+00,-1.341572398181262393e+00,-7.376599580943576928e-02,2.542815559898835787e+00,2.246190771377439610e+00,-1.467529735008145320e+00,3.903575174437662554e+00,-7.812774454472841690e-01,-3.426297892867033124e+00
5.817211474316210662e+00,5.935031513798237901e-01,-6.962644933761591437e-01,9.751244492106767026e-02,-5.422390519448108126e-01,5.083498210686947516e-01,-1.461296966528206509e+00,-5.242071466574487193e-01,3.758849932059219467e-01,-7.899223012727326632e-01,-1.458744154222111566e+00,-1.346541752809139236e+00,-9.675062963363545432e-02,2.555471004825505155e+00,2.238539557486186382e+00,-1.435481626179580861e+00,3.961423989711198690e+00,-7.084615109867127281e-01,-3.464257279563219605e+00
5.823882588392261361e+00,5.900630575287220125e-01,-6.937071689233880178e-01,9.221108046236101141e-02,-5.518819307243272299e-01,4.993516653369325931e-01,-1.462019760827310666e+00,-5.071201355242346276e-01,3.907919348394521264e-01,-7.993907761405587564e-01,-1.432128253843729659e+00,-1.351023895923273432e+00,-1.199837069509989140e-01,2.567032156859387904e+00,2.230496344403028353e+00,-1.403114798763192450e+00,4.017771125223706719e+00,-6.352150541123351424e-01,-3.500777709081877020e+00
5.830553702468312061e+00,5.867372021930268300e-01,-6.910505804376732009e-01,8.684727326239724543e-02,-5.613460092068507379e-01,4.903252416605887731e-01,-1.462898347493523543e+00,-4.899596615137369326e-01,4.056439162422024181e-01,-8.086422911651169887e-01,-1.405141515140134301e+00,-1.355016028212690182e+00,-1.434555580710871192e-01,2.577494451676465737e+00,2.222062756494989966e+00,-1.370438636182461423e+00,4.072598323287950350e+00,-5.615599302170288798e-01,-3.535838222595381275e+00
5.837224816544362760e+00,5.835260509689478292e-01,-6.882951032391444457e-01,8.142247749825901049e-02,-5.706288474413810929e-01,4.812738278878200826e-01,-1.463934286776143789e+00,-4.727330692178783877e-01,4.204383387792023363e-01,-8.176748142702119360e-01,-1.377794137127051011e+00,-1.358515497038449649e+00,-1.671563754970195603e-01,2.586853769282447146e+00,2.213240483477042275e+00,-1.337462606124271591e+00,4.125887888051489760e+00,-4.875182549362042650e-01,-3.569418466160588999e+00
5.843895930620413459e+00,5.804300203677127401e-01,-6.854411299456438789e-01,7.593816069195859220e-02,-5.797280739052784737e-01,4.722007190688396472e-01,-1.465129073049164621e+00,-4.554477292257381738e-01,4.351726153036956646e-01,-8.264863768126453625e-01,-1.350096434979821458e+00,-1.361519798144569249e+00,-1.910762179924336834e-01,2.595106436047562859e+00,2.204031279680128907e+00,-1.304196257627613154e+00,4.177622691736138094e+00,-4.131123965689389443e-01,-3.601498700177355516e+00
5.850567044696464158e+00,5.774494776520849859e-01,-6.824890703946517867e-01,7.039580328548011856e-02,-5.886413862664938712e-01,4.631092264604694808e-01,-1.466484133932822509e+00,-4.381110351395314240e-01,4.498441705857605943e-01,-8.350750741151381495e-01,-1.322058836223496847e+00,-1.364026577317904110e+00,-2.152050147106718825e-01,2.602249226556107242e+00,2.194436963316245937e+00,-1.270649218143384829e+00,4.227786180662541859e+00,-3.383649683624283533e-01,-3.632059808592654537e+00
5.857238158772514858e+00,5.745847406928279444e-01,-6.794393515623718960e-01,6.479689821233450275e-02,-5.973665521202441431e-01,4.540026765197955338e-01,-1.468000829442892341e+00,-4.207304005788723433e-01,4.644504417359983095e-01,-8.434390659795396594e-01,-1.293691876883476199e+00,-1.366033631996120601e+00,-2.395325693845172799e-01,2.608279365269861483e+00,2.184459415740969579e+00,-1.236831190566299199e+00,4.276362381057569273e+00,-2.632988206627147054e-01,-3.661083307846238810e+00
5.863909272848565557e+00,5.718360778451851978e-01,-6.762924174800085675e-01,5.914295046575201303e-02,-6.059014096998912580e-01,4.448844098872696273e-01,-1.469680451168133173e+00,-4.033132561745530476e-01,4.789888786243156615e-01,-8.515765771801460104e-01,-1.265006197598106397e+00,-1.367538912822863217e+00,-2.640485645747507881e-01,2.613194528004610273e+00,2.174100580713817621e+00,-1.202751950239785206e+00,4.323335904642435779e+00,-1.879370329346179425e-01,-3.688551355553796540e+00
5.870580386924616256e+00,5.692037078454532661e-01,-6.730487291472633249e-01,5.343547666365693061e-02,-6.142438685617521710e-01,4.357577803596183186e-01,-1.471524221476268490e+00,-3.858670465531172100e-01,4.934569442937523087e-01,-8.594858979369508489e-01,-1.236012539694775203e+00,-1.368540525149251508e+00,-2.887425659757107965e-01,2.616992843218978404e+00,2.163362463656843815e+00,-1.168421341934943403e+00,4.368691953999366717e+00,-1.123029056540538750e-01,-3.714446758923641845e+00
5.877251501000666956e+00,5.666877997276938972e-01,-6.697087644430895770e-01,4.767600461054721794e-02,-6.223919102436248352e-01,4.266261538529150799e-01,-1.473533292748869350e+00,-3.683992273134454321e-01,5.078521153693622558e-01,-8.671653843686576435e-01,-1.206721741230919465e+00,-1.369036730480884589e+00,-3.136040267761389666e-01,2.619672893115001067e+00,2.152247130911795203e+00,-1.133849276804469230e+00,4.412416327714909769e+00,-3.641995207571491200e-02,-3.738752982903234212e+00
5.883922615076717655e+00,5.642884727606412021e-01,-6.662730180337347319e-01,4.186607285642513637e-02,-6.303435888967819922e-01,4.174929073561807202e-01,-1.475708746645511216e+00,-3.509172619966388629e-01,5.221718824621308652e-01,-8.746134589252939628e-01,-1.177144733001493249e+00,-1.369025947869516591e+00,-3.386222920734348607e-01,2.621233714549807914e+00,2.140756708996256474e+00,-1.099045729312591924e+00,4.454495425297909428e+00,3.968811012058326426e-02,-3.761454158051749985e+00
5.890593729152768354e+00,5.620057964048386090e-01,-6.627420012781058967e-01,3.600723025290407386e-02,-6.380970318912320138e-01,4.083614278758893601e-01,-1.478051593397553098e+00,-3.334286190504394121e-01,5.364137505679380524e-01,-8.818286108002638679e-01,-1.147292534514354312e+00,-1.368506755248608098e+00,-3.637866033395351639e-01,2.621674799757974572e+00,2.128893383859105093e+00,-1.064020734141979174e+00,4.494916251870415103e+00,1.159973673017509199e-01,-3.782535088135180246e+00
5.897264843228819053e+00,5.598397902900452694e-01,-6.591162421304883612e-01,3.010103550664147698e-02,-6.456504403940203085e-01,3.992351113717545474e-01,-1.480562771131878730e+00,-3.159407687894850714e-01,5.505752394615446299e-01,-8.888093963216926463e-01,-1.117176249935156740e+00,-1.367477890711965127e+00,-3.890861029364850454e-01,2.620996096884101512e+00,2.116659400135653790e+00,-1.028784383078685583e+00,4.533666422629668347e+00,1.924837184680217028e-01,-3.801981257440426809e+00
5.903935957304869753e+00,5.577904242129287926e-01,-6.553962850406556129e-01,2.414905673022636756e-02,-6.530020899203838880e-01,3.901173616841767666e-01,-1.483243145224912851e+00,-2.984611803526273643e-01,5.646538840856126784e-01,-8.955544393229214473e-01,-1.086807064003216583e+00,-1.365938253734737984e+00,-4.145098386798921064e-01,2.619198010325320958e+00,2.104057060402819701e+00,-9.933468218761213331e-01,4.570734167079667287e+00,2.691228839510877435e-01,-3.819778837805169580e+00
5.910607071380920452e+00,5.558576181550645146e-01,-6.515826908513964177e-01,1.815287099066944382e-02,-6.601503308575673579e-01,3.810115894537387526e-01,-1.486093507687243687e+00,-2.809973186586081084e-01,5.786472349347500099e-01,-9.020624314920157039e-01,-1.056196237919941661e+00,-1.363886906336027938e+00,-4.400467684482960440e-01,2.616281400883478270e+00,2.091088724434664758e+00,-9.577182470991127961e-01,4.606108333030639379e+00,3.458904142202312570e-01,-3.835914695360188809e+00
5.917278185456971151e+00,5.540412423212413007e-01,-6.476760366935003788e-01,1.211406385562574517e-02,-6.670935889611265823e-01,3.719212110331401866e-01,-1.489114576579139815e+00,-2.635566413613438796e-01,5.925528584346071437e-01,-9.083321327001512291e-01,-1.025355105211328777e+00,-1.361323074182390958e+00,-4.656857648365775315e-01,2.612247585726812815e+00,2.077756808458647964e+00,-9.219089029490469267e-01,4.639778390365073335e+00,4.227616987930788994e-01,-3.850376396981102456e+00
5.923949299533021851e+00,5.523411171980817658e-01,-6.436769158782295053e-01,6.034228937503730017e-03,-6.738303658235416105e-01,3.628496473919772258e-01,-1.492306995457255869e+00,-2.461465958061268555e-01,6.063683373160027035e-01,-9.143623713087638549e-01,-9.942950675661602622e-01,-1.358246147631557488e+00,-4.914156198513908169e-01,2.607098338161074835e+00,2.064063784412921265e+00,-8.859290780712213431e-01,4.671734434568842076e+00,4.997119752473073717e-01,-3.863152216446467779e+00
5.930620413609072550e+00,5.507570136329598132e-01,-6.395859377873083229e-01,-8.503256440760276202e-05,-6.803592393149953121e-01,3.538003230147486189e-01,-1.495671332852785085e+00,-2.287746159879607000e-01,6.200912709841004400e-01,-9.201520444553479283e-01,-9.630275906513989792e-01,-1.354655682715711462e+00,-5.172250496467217795e-01,2.600835887210053432e+00,2.050012179204960816e+00,-8.497891023453985060e-01,4.701967190026210552e+00,5.767163383298850032e-01,-3.874231140299519982e+00
5.937291527685123249e+00,5.492886529331968415e-01,-6.354037277604729361e-01,-6.242112323644924410e-03,-6.866788639961605156e-01,3.447766647925195604e-01,-1.499208081781349122e+00,-2.114481195133469105e-01,6.337192758826514227e-01,-9.257001183177795411e-01,-9.315641999064048218e-01,-1.350551402063685735e+00,-5.431026992975444001e-01,2.593462917005623147e+00,2.035604573971902642e+00,-8.134993436606676731e-01,4.730468013077530287e+00,6.537497491600643418e-01,-3.883602873410701761e+00
5.943962641761173948e+00,5.479357069855136375e-01,-6.311309269806010258e-01,-1.243539534796710838e-02,-6.927879715028639751e-01,3.357821009086267017e-01,-1.502917659284838336e+00,-1.941745045667728764e-01,6.472499858532965167e-01,-9.310056283570891100e-01,-8.999164763175573345e-01,-1.345933195761462642e+00,-5.690371476095722469e-01,2.584982565987438363e+00,2.020843603342826089e+00,-7.770702046756841064e-01,4.757228894838509525e+00,7.307870445225306266e-01,-3.891257844238459551e+00
5.950633755837224648e+00,5.466977983956994303e-01,-6.267681923564647484e-01,-1.866326044230415260e-02,-6.986853709025050430e-01,3.268200597188558043e-01,-1.506800406005463167e+00,-1.769611468831595313e-01,6.606810524899721093e-01,-9.360676795385649562e-01,-8.680960521748357639e-01,-1.340801122150379054e+00,-5.950169119631175674e-01,2.575398425912535316e+00,2.005731954703326547e+00,-7.405121195653379118e-01,4.782242463780110420e+00,8.078029462469713540e-01,-3.897187209785811568e+00
5.957304869913275347e+00,5.455745006484526982e-01,-6.223161964031344029e-01,-2.492408067310158959e-02,-7.043699490221060344e-01,3.178939686265052633e-01,-1.510856585792226037e+00,-1.598153967275761089e-01,6.740101454884054322e-01,-9.408854465311159432e-01,-8.361146068120357544e-01,-1.335155408562488599e+00,-6.210304531889515589e-01,2.564714540675164578e+00,1.990272367462653902e+00,-7.038355507550000389e-01,4.805501988068108687e+00,8.847720706701851512e-01,-3.901382860250326878e+00
5.963975983989326046e+00,5.445653382873461013e-01,-6.177756271200668392e-01,-3.121622383392819167e-02,-7.098406707478964739e-01,3.090072529527513323e-01,-1.515086385340020492e+00,-1.427445758834338108e-01,6.872349529907334498e-01,-9.454581738848085726e-01,-8.039838623321426958e-01,-1.328996451992534134e+00,-6.470661804741988377e-01,2.552935404937240804e+00,1.974467632323690935e+00,-6.670509856433813889e-01,4.827001377661569670e+00,9.616689381770509026e-01,-3.903837423365351889e+00
5.970647098065376746e+00,5.436697871148502559e-01,-6.131471878669119135e-01,-3.753805291218960394e-02,-7.150965792963350776e-01,3.001633348027463177e-01,-1.519489913861547858e+00,-1.257559746504636755e-01,7.003531819252580837e-01,-9.497851761865097053e-01,-7.717155793195428215e-01,-1.322324819706026666e+00,-6.731124562961279256e-01,2.540065962569914237e+00,1.958320590556057894e+00,-6.301689333151552219e-01,4.846735186169482290e+00,1.038467982816368096e+00,-3.904544268430376164e+00
5.977318212141427445e+00,5.428872744123462990e-01,-6.084315972370676340e-01,-4.388792655681338778e-02,-7.201367964564910906e-01,2.913656319278696283e-01,-1.524067202792246167e+00,-1.088568488537000056e-01,7.133625583413736315e-01,-9.538658381935606334e-01,-7.393215525406193755e-01,-1.315141249782926902e+00,-6.991576013818192603e-01,2.526111604906802643e+00,1.941834133272598795e+00,-5.931999212443928027e-01,4.864698612464969152e+00,1.115143561987759879e+00,-3.903497510028581807e+00
5.983989326217478144e+00,5.422171791800554086e-01,-6.036295889290173022e-01,-5.026419954674660184e-02,-7.249605228037054871e-01,2.826175565845772120e-01,-1.528818205528377661e+00,-9.205441686477081054e-02,7.262608277396718215e-01,-9.576996149454392038e-01,-7.068136066344353763e-01,-1.307446651596475773e+00,-7.251898996915355777e-01,2.511078168809557809e+00,1.925011200709512593e+00,-5.561544919899955586e-01,4.880887502056513227e+00,1.191669966195545660e+00,-3.900692011429768957e+00
5.990660440293528843e+00,5.416588323967910235e-01,-5.987419116154809595e-01,-5.666522326012834315e-02,-7.295670378844781867e-01,2.739225143902659365e-01,-1.533742797198435426e+00,-7.535585663669297496e-02,7.390457553972586968e-01,-9.612860318533484882e-01,-6.742035917950440771e-01,-1.299242106226757176e+00,-7.511976034237870525e-01,2.494971934546462045e+00,1.907854781510377240e+00,-5.190431998841726902e-01,4.895298348215805895e+00,1.268021428865754974e+00,-3.896123387677003613e+00
5.997331554369579543e+00,5.412115172994492740e-01,-5.937693288104124445e-01,-6.308934614398287177e-02,-7.339557003725255546e-01,2.652839031765998890e-01,-1.538840774468003936e+00,-5.876830275345246157e-02,7.517151266883028704e-01,-9.646246847676998026e-01,-6.415033794471135531e-01,-1.290528866808565267e+00,-7.771689380399007252e-01,2.477799623484874925e+00,1.890367912014296436e+00,-4.818766077151410698e-01,4.907928292861852171e+00,1.344172136222141711e+00,-3.889788008355409943e+00
6.004002668445630242e+00,5.408744696821217168e-01,-5.887126187338722616e-01,-6.953491418429366688e-02,-7.381259481959767665e-01,2.567051118407393528e-01,-1.544111855378208498e+00,-4.229884349559451251e-02,7.642667473998669969e-01,-9.677152400234391161e-01,-6.087248579164443729e-01,-1.281308358813189496e+00,-8.030921073060061088e-01,2.459568395598410895e+00,1.872553675548414898e+00,-4.446652834051115777e-01,4.918775127201134190e+00,1.420096237217181923e+00,-3.881683000041691756e+00
6.010673782521680941e+00,5.406468782147342278e-01,-5.835725741748121198e-01,-7.600027137630233076e-02,-7.420772986356687362e-01,2.481895191949059498e-01,-1.549555679217836435e+00,-2.595451792305150662e-02,7.766984440430130254e-01,-9.705574344632091899e-01,-5.758799280970426926e-01,-1.271582180263801654e+00,-8.289552983503051253e-01,2.440285846789798985e+00,1.854415201725014839e+00,-4.074197966847524777e-01,4.927837292123641078e+00,1.495767853513973566e+00,-3.871806248433159237e+00
6.017344896597731640e+00,5.405278847810812692e-01,-5.783500023517953448e-01,-8.248376019488951050e-02,-7.458093483945337221e-01,2.397404928147385539e-01,-1.555171806429258785e+00,-9.742312976462330631e-03,7.890080641592527311e-01,-9.731510754383163597e-01,-5.429804991163725836e-01,-1.261352101884064325e+00,-8.547466867334362339e-01,2.419960006030485999e+00,1.835955665743396192e+00,-3.701507157652184077e-01,4.935113878354771444e+00,1.571161089514834908e+00,-3.860156400155049461e+00
6.024016010673782340e+00,5.405165848361356273e-01,-5.730457247716957969e-01,-8.898372206488554259e-02,-7.493217736380646254e-01,2.313613878868788776e-01,-1.560959718548191599e+00,6.330839401838345148e-03,8.011934766223375304e-01,-9.754960407874856410e-01,-5.100384840004028586e-01,-1.250620067179725847e+00,-8.804544415298598548e-01,2.398599332318086752e+00,1.817178287696788130e+00,-3.328686040089045006e-01,4.940604626363106711e+00,1.646250042432541028e+00,-3.846732864245224093e+00
6.030687124749833039e+00,5.406120277824907339e-01,-5.676605770863889511e-01,-9.549849783117046742e-02,-7.526143300058678598e-01,2.230555460562387293e-01,-1.566918818177418071e+00,2.225806512591946285e-02,8.132525719354676275e-01,-9.775922787934078206e-01,-4.770657953400727624e-01,-1.239388192452866466e+00,-9.060667304180449744e-01,2.376212711452876380e+00,1.798086331884415356e+00,-2.955840166000285874e-01,4.944309926024244461e+00,1.721008812399955179e+00,-3.831535813315294803e+00
6.037358238825883738e+00,5.408132173658020125e-01,-5.621954089474845428e-01,-1.020264282284056023e-01,-7.556868525943121195e-01,2.148262942733912273e-01,-1.573048428994457959e+00,3.803255080225842466e-02,8.251832625239052810e-01,-9.794398081170828663e-01,-4.440743409608233216e-01,-1.227658766748612296e+00,-9.315717247773451781e-01,2.352809452634600618e+00,1.778683106128972513e+00,-2.583074972162134886e-01,4.946230816040893430e+00,1.795411512613890315e+00,-3.814566184387537806e+00
6.044029352901934438e+00,5.411191120890670447e-01,-5.566510838591165466e-01,-1.085658543502551199e-01,-7.585392559103092402e-01,2.066769436425551221e-01,-1.579347795793280440e+00,5.364754654242687160e-02,8.369834830230693523e-01,-9.810387177099570977e-01,-4.110760195968158337e-01,-1.215434251734053950e+00,-9.569576047893332271e-01,2.328399284880979359e+00,1.758971961099645043e+00,-2.210495747021982149e-01,4.946368983119591611e+00,1.869432279508851158e+00,-3.795825679406940267e+00
6.050700466977985137e+00,5.415286256455913438e-01,-5.510284790288292323e-01,-1.151151181179451422e-01,-7.611715337962476902e-01,1.986107882706010241e-01,-1.585816084560040418e+00,6.909636875131341949e-02,8.486511905621195728e-01,-9.823891667038908704e-01,-3.780827165714465421e-01,-1.202717281509228631e+00,-9.822125645415076267e-01,2.302992353269284198e+00,1.738956289640857023e+00,-1.838207597468150822e-01,4.944726760904455176e+00,1.943045282956555653e+00,-3.775316765427992216e+00
6.057371581054035836e+00,5.420406273704641009e-01,-5.453284852165849461e-01,-1.216725627480191724e-01,-7.635837593261474154e-01,1.906311041175557941e-01,-1.592452382582879800e+00,8.437240288967778890e-02,8.601843650431006960e-01,-9.834913842789594352e-01,-3.451062994857756472e-01,-1.189510662349963832e+00,-1.007324817131136419e+00,2.276599215002532706e+00,1.718639526106896742e+00,-1.466315415643568154e-01,4.941307128668508852e+00,2.016224736486837532e+00,-3.753042674475858931e+00
6.064042695130086535e+00,5.426539427103824753e-01,-5.395520065819249256e-01,-1.282365332191342799e-01,-7.657760846730730098e-01,1.827411478490401087e-01,-1.599255698595752229e+00,9.946910620989041218e-02,8.715810094156463128e-01,-9.843456695091443720e-01,-3.121586139164985174e-01,-1.175817372382496728e+00,-1.032282599767110565e+00,2.249230835301845755e+00,1.698025145702574346e+00,-1.094923845815092833e-01,4.936113709763176871e+00,2.088944907525709827e+00,-3.729007403081818328e+00
6.070713809206137235e+00,5.433673537116258112e-01,-5.336999605293116788e-01,-1.348053767377547230e-01,-7.677487409478878089e-01,1.749441556911162932e-01,-1.606224962956291469e+00,1.143800104636754078e-01,8.828391499473221549e-01,-9.849523911859376923e-01,-2.792514791250792494e-01,-1.161640561189734244e+00,-1.057074178867573044e+00,2.220898583126664327e+00,1.677116663830054311e+00,-7.241372513097046881e-02,4.929150769826699197e+00,2.161180127646157523e+00,-3.703215711492903850e+00
6.077384923282187934e+00,5.441795995260023666e-01,-5.277732775516830177e-01,-1.413774432025964867e-01,-7.695020380094268475e-01,1.672433422879810172e-01,-1.613359027857651506e+00,1.290987245807536654e-01,8.939568364896245400e-01,-9.853119876199165628e-01,-2.463966837796158493e-01,-1.146983549349106291e+00,-1.081687855151226785e+00,2.191614226724493797e+00,1.655917635441975566e+00,-3.540596815288944710e-02,4.920423214752226215e+00,2.232904802827477830e+00,-3.675673122555875860e+00
6.084056037358238633e+00,5.450893769345648288e-01,-5.217729010722467198e-01,-1.479510856676727049e-01,-7.710363642461717237e-01,1.596418995629733661e-01,-1.620656667574283283e+00,1.436189373172229722e-01,9.049321427396801454e-01,-9.854249664203453829e-01,-2.136059816910795828e-01,-1.131849827901963312e+00,-1.106111968720093985e+00,2.161389929012017319e+00,1.634431654401002687e+00,1.520516094713056376e-03,4.909936588416533354e+00,2.304093423718714728e+00,-3.646385920275776016e+00
6.090727151434289333e+00,5.460953408888840066e-01,-5.156997872845400233e-01,-1.545246608037992297e-01,-7.723521863295383927e-01,1.521429955833530911e-01,-1.628116578741601206e+00,1.579344198725697035e-01,9.157631664977116115e-01,-9.852919042528568427e-01,-1.808910875654821671e-01,-1.116243057754492618e+00,-1.130334904131574891e+00,2.130238242789435521e+00,1.612662352845896541e+00,3.835539531543967484e-02,4.897697070170329958e+00,2.374720575901857700e+00,-3.615361148049430096e+00
6.097398265510340032e+00,5.471961050696820816e-01,-5.095549049907910355e-01,-1.610965293584072922e-01,-7.734500489388815847e-01,1.447497734292966243e-01,-1.635737380669424645e+00,1.720390284742118747e-01,9.264480299202767499e-01,-9.849134465753017764e-01,-1.482636727735884286e-01,-1.100167069010194565e+00,-1.154345095457658177e+00,2.098172105789956721e+00,1.590613400564221624e+00,7.508837844275817464e-02,4.883711472091238903e+00,2.444760950150488554e+00,-3.582606606574470831e+00
6.104069379586390731e+00,5.483902424625873850e-01,-5.033392354385990419e-01,-1.676650566135224063e-01,-7.743305744583444117e-01,1.374653500675865336e-01,-1.643517615689133793e+00,1.859267069284532559e-01,9.369848797693618447e-01,-9.842903073518294299e-01,-1.157353611397501925e-01,-1.083625860233937477e+00,-1.178131031329061829e+00,2.065204835566501362e+00,1.568288504371773140e+00,1.117092188958641874e-01,4.867987236000663742e+00,2.514189352679365275e+00,-3.548130851434514454e+00
6.110740493662441430e+00,5.496762859507999810e-01,-4.970537721559710187e-01,-1.742286128417639690e-01,-7.749944626456805041e-01,1.302928152304226317e-01,-1.651455749534408435e+00,1.995914891368084088e-01,9.473718876573390402e-01,-9.834232687453032806e-01,-8.331772475141724366e-02,-1.066623597647688992e+00,-1.201681259962225745e+00,2.031350124217633279e+00,1.545691407498811065e+00,1.482077178220524982e-01,4.850532430245775295e+00,2.582980715380756465e+00,-3.511943190361340950e+00
6.117411607738492130e+00,5.510527289244170346e-01,-4.906995207847359985e-01,-1.807855737602210022e-01,-7.754424902731946734e-01,1.232352302998432209e-01,-1.659550171755456605e+00,2.130275015766038837e-01,9.576072502878772985e-01,-9.823131807881145816e-01,-5.102227979088752585e-02,-1.049164614258008221e+00,-1.224984394166944046e+00,1.996622032954932902e+00,1.522825888983168507e+00,1.845737273244543175e-01,4.831355746247984584e+00,2.651110106042958048e+00,-3.474053680174944425e+00
6.124082721814542829e+00,5.525180259061932553e-01,-4.842774989123651563e-01,-1.873343209820595157e-01,-7.756755107409551986e-01,1.162956271981780559e-01,-1.667799196166558362e+00,2.262289657448229852e-01,9.676891896928021541e-01,-9.809609610315355166e-01,-1.886048239086707268e-02,-1.031253408915444592e+00,-1.248029116332534549e+00,1.961034986513968903e+00,1.499695763070304499e+00,2.207971536740200025e-01,4.810466494819371164e+00,2.718552738546764491e+00,-3.434473123402646433e+00
6.130753835890593528e+00,5.540705931934708506e-01,-4.777887359022265912e-01,-1.938732424657198805e-01,-7.756944536624434949e-01,1.094770072850176357e-01,-1.676201061326811015e+00,2.391902005641341478e-01,9.776159534649969673e-01,-9.793675941736887935e-01,1.315627548462117158e-02,-1.012894645305998376e+00,-1.270804183390346065e+00,1.924603767411238398e+00,1.476304878620340544e+00,2.568679605046240155e-01,4.787874602248610501e+00,2.785283983035331090e+00,-3.393213064578415761e+00
6.137424949966644228e+00,5.557088095160384045e-01,-4.712342727222983974e-01,-2.004007329615598576e-01,-7.755003244228113601e-01,1.027823402611231646e-01,-1.684753931053886822e+00,2.519056247501154089e-01,9.873858149873522283e-01,-9.775341316662707891e-01,4.501667013245902460e-02,-9.940931508748444001e-01,-1.293298431750556921e+00,1.887343510049334760e+00,1.452657118522154622e+00,2.927761719901819104e-01,4.763590606158009777e+00,2.851279376053228454e+00,-3.350285786223806461e+00
6.144096064042694927e+00,5.574310167096439006e-01,-4.646151617723672800e-01,-2.069151944558066392e-01,-7.750942037099339821e-01,9.621456307975240207e-02,-1.693455894970635978e+00,2.643697591386492962e-01,9.969970736578522841e-01,-9.754616913001290524e-01,7.670945017426811230e-02,-9.748539156825184460e-01,-1.315500782211082464e+00,1.849269694672826869e+00,1.428756399114522235e+00,3.285118760026826679e-01,4.737625651133380522e+00,2.916514630650175022e+00,-3.305704304511949854e+00
6.150767178118745626e+00,5.592355204049019868e-01,-4.579324667097394719e-01,-2.134150366116708830e-01,-7.744772470184508872e-01,8.977657886583542690e-02,-1.702304969084337927e+00,2.765772289725001998e-01,1.006448055110806372e+00,-9.731514567698535956e-01,1.082234405903197971e-01,-9.551820911938444514e-01,-1.337400244836505658e+00,1.810398141177306464e+00,1.404606669614377079e+00,3.640652272499940167e-01,4.709991484128586592e+00,2.980965646445114636e+00,-3.259482364616321792e+00
6.157438292194796325e+00,5.611205907313161489e-01,-4.511872622734868221e-01,-2.198986772074884022e-01,-7.736506841269982226e-01,8.347125584345171934e-02,-1.711299096398397612e+00,2.885227661461222670e-01,1.015737111434294793e+00,-9.706046772174956594e-01,1.395475467220624877e-01,-9.350829889998590883e-01,-1.358985923804949980e+00,1.770745002774129162e+00,1.380211911552176929e+00,3.994264503923903309e-01,4.680700449646593597e+00,3.044608519646320843e+00,-3.211634435745966520e+00
6.164109406270847025e+00,5.630844630361319103e-01,-4.443806341072577548e-01,-2.263645425717472903e-01,-7.726158185488531949e-01,7.730142627206079697e-02,-1.720436147556253292e+00,3.002012114077082794e-01,1.024862621383871852e+00,-9.678226667555794860e-01,1.706707582417298363e-01,-9.145620794730581204e-01,-1.380247022220754127e+00,1.730326759513528767e+00,1.355576138214394266e+00,4.345858431366573238e-01,4.649765484699104334e+00,3.107419553023024861e+00,-3.162175705869186615e+00
6.170780520346897724e+00,5.651253386177372828e-01,-4.375136785806704731e-01,-2.328110680148655354e-01,-7.713740269562078256e-01,7.126988539192384564e-02,-1.729713921517285424e+00,3.116075165175868356e-01,1.033822990592579094e+00,-9.648068039695381071e-01,2.015821530876316103e-01,-8.936249903562797359e-01,-1.401172846890949675e+00,1.689160211668662592e+00,1.330703394093114778e+00,4.695337793067417831e-01,4.617200113546738649e+00,3.169375265824406096e+00,-3.111122076127606384e+00
6.177451634422948423e+00,5.672413854733124872e-01,-4.305875026093215485e-01,-2.392366982575810097e-01,-7.699267585783071688e-01,6.537939037915781182e-02,-1.739130146264450394e+00,3.227367463620136601e-01,1.042616651777301451e+00,-9.615585313997565553e-01,2.322709013635970710e-01,-8.722775052856217570e-01,-1.421752813063429377e+00,1.647262472983413772e+00,1.305597754342755934e+00,5.042607118898216889e-01,4.583018442221987954e+00,3.230452403641467463e+00,-3.058490154942917538e+00
6.184122748498999123e+00,5.694307390604318453e-01,-4.236032234734277147e-01,-2.456398878558184173e-01,-7.682755345736984598e-01,5.963265931085925953e-02,-1.748682479543397283e+00,3.335840810214836250e-01,1.051242064941525500e+00,-9.580793550033759320e-01,2.627262692011836376e-01,-8.505255622477599919e-01,-1.441976449124801274e+00,1.604650963786659057e+00,1.280263324243867018e+00,5.387571760567562151e-01,4.547235152837135530e+00,3.290627948207574427e+00,-3.004297251818508485e+00
6.190793862575049822e+00,5.716915030723060953e-01,-4.165619686351269557e-01,-2.520191016218979452e-01,-7.664219473768463242e-01,5.403237014074785405e-02,-1.758368509632780796e+00,3.441448177926527685e-01,1.059697717574551445e+00,-9.543708435960327474e-01,2.929376225831837322e-01,-8.283752519721079288e-01,-1.461833401255844045e+00,1.561343403975931743e+00,1.254704238673977512e+00,5.730137921558210445e-01,4.509865497679516722e+00,3.349879127133219114e+00,-2.948561370838503670e+00
6.197464976651100521e+00,5.740217502263595950e-01,-4.094648755544648133e-01,-2.583728150419536407e-01,-7.643676600193693993e-01,4.858115968573982479e-02,-1.768185756145485232e+00,3.544143731630411409e-01,1.067982124847181913e+00,-9.504346282737266005e-01,3.228944311270459111e-01,-8.058328162582708565e-01,-1.481313438042633823e+00,1.517357805873286170e+00,1.228924661585479861e+00,6.070212686786993217e-01,4.470925293096440711e+00,3.408183423570919413e+00,-2.891301203866710079e+00
6.204136090727151220e+00,5.764195230658177849e-01,-4.023130915040805111e-01,-2.646995146894319251e-01,-7.621144054261781431e-01,4.328162262390083947e-02,-1.778131670860453317e+00,3.643882847376512246e-01,1.076093829803973501e+00,-9.462724018149890615e-01,3.525862718268177876e-01,-7.829046462392492689e-01,-1.500406455041275677e+00,1.472712466956377808e+00,1.202928785490451791e+00,6.407704051976812476e-01,4.430430913172321183e+00,3.465518585805813512e+00,-2.832536123448201160e+00
6.210807204803201920e+00,5.788828347739896074e-01,-3.951077733826313665e-01,-2.709976986345326022e-01,-7.596639856867880569e-01,3.813631050419594160e-02,-1.788203638584820787e+00,3.740622131166929099e-01,1.084031403552054407e+00,-9.418859180635571482e-01,3.820028327522080880e-01,-7.595972805809476647e-01,-1.519102479294328401e+00,1.427425962467733456e+00,1.176720830952429964e+00,6.742520952730050032e-01,4.388399283200543621e+00,3.521862636767839838e+00,-2.772286175416354581e+00
6.217478318879252619e+00,5.814096700009031560e-01,-3.878500875269597081e-01,-2.772658768494687953e-01,-7.570182713021080811e-01,3.314773076846408428e-02,-1.798398978045992358e+00,3.834319437235932937e-01,1.091793445446587851e+00,-9.372769912917612301e-01,4.111339167034222530e-01,-7.359174036184843448e-01,-1.537391673796892011e+00,1.381517137905333703e+00,1.150305046084994176e+00,7.074573293293309195e-01,4.344847872952748880e+00,3.577193883461150747e+00,-2.710572071208348088e+00
6.224149432955303318e+00,5.839979857019769183e-01,-3.805412095230411018e-01,-2.835025716094171089e-01,-7.541792004069953759e-01,2.831834578602936137e-02,-1.808714942813347548e+00,3.924933885825367397e-01,1.099378583272900167e+00,-9.324474955448260882e-01,4.399694448204292119e-01,-7.118718434298904052e-01,-1.555264341910507442e+00,1.335005101397523930e+00,1.123685706057155453e+00,7.403771975003337058e-01,4.299794689748197563e+00,3.631490926306735201e+00,-2.647415179892121717e+00
6.230820547031354018e+00,5.866457119883727866e-01,-3.731823240157213228e-01,-2.897063178890296742e-01,-7.511487779688862387e-01,2.365057190137689891e-02,-1.819148722249225525e+00,4.012425880447537674e-01,1.106785473425349275e+00,-9.273993639662981847e-01,4.684994601453483787e-01,-6.874675698477763497e-01,-1.572710931722894667e+00,1.287909215965490350e+00,1.096867112605405925e+00,7.730028924403963275e-01,4.253258271326039619e+00,3.684732668393960076e+00,-2.582837519908037560e+00
6.237491661107404717e+00,5.893507529886941043e-01,-3.657746245172773247e-01,-2.958756637543840662e-01,-7.479290749628280111e-01,1.914677849529389242e-02,-1.829697442488785075e+00,4.096757124628246372e-01,1.114012801082945092e+00,-9.221345881048385040e-01,4.967141311366137235e-01,-6.627116924096045913e-01,-1.589722040351654542e+00,1.240249091676489446e+00,1.069853593552390070e+00,8.053257121023962295e-01,4.205257678523381948e+00,3.736898324636945379e+00,-2.516861750528610386e+00
6.244162775183455416e+00,5.921109877216799156e-01,-3.583193132148135285e-01,-3.020091707502469691e-01,-7.445222275232217246e-01,1.480928705988558691e-02,-1.840358167448403970e+00,4.177890638122887523e-01,1.121059280381785594e+00,-9.166552172025913547e-01,5.246037551336770743e-01,-6.376114582472010017e-01,-1.606288418190086498e+00,1.192044577691056650e+00,1.042649502332070544e+00,8.373370624806186768e-01,4.155812487762029050e+00,3.787967430831720606e+00,-2.449511163039677086e+00
6.250833889259506115e+00,5.949242709795357076e-01,-3.508176007765209103e-01,-3.081054142825288555e-01,-7.409304360726338690e-01,1.064037028787845340e-02,-1.851127899862187176e+00,4.255790772598422311e-01,1.127923654584344959e+00,-9.109633574653852595e-01,5.521587617709299289e-01,-6.121742499161988427e-01,-1.622400973093219179e+00,1.143315754207583579e+00,1.015259217521288448e+00,8.690284603177889089e-01,4.104942783347034663e+00,3.837919852609977589e+00,-2.380809671646706427e+00
6.257505003335556815e+00,5.977884342215470381e-01,-3.432707061568129880e-01,-3.141629839958123283e-01,-7.371559644279922496e-01,6.642251176597280260e-03,-1.862003582346209996e+00,4.330423226774751111e-01,1.134604696245665956e+00,-9.050611713149813164e-01,5.793697163396627214e-01,-5.864075831660888749e-01,-1.638050774502306517e+00,1.094082924307494320e+00,9.876871423775874792e-01,9.003915357752989568e-01,4.052669149580000685e+00,3.886735794285534507e+00,-2.310781804109769855e+00
6.264176117411607514e+00,6.007012864776137828e-01,-3.356798564003674601e-01,-3.201804841458302242e-01,-7.332011388845409705e-01,2.817102147014319269e-03,-1.872982098490056480e+00,4.401755061018814419e-01,1.141101207376477911e+00,-8.989508766236479209e-01,6.062273230967769599e-01,-5.603191046516386997e-01,-1.653229057505926747e+00,1.044366605704506235e+00,9.599377043832147960e-01,9.314180350656365848e-01,3.999012662690424769e+00,3.934395807589420535e+00,-2.239452692111151944e+00
6.270847231487658213e+00,6.036606152613348542e-01,-3.280462864450882088e-01,-3.261565339667823471e-01,-7.290683472778961560e-01,-8.329558217423649324e-04,-1.884060273975241895e+00,4.469754711385182100e-01,1.147412019603300415e+00,-8.926347459312942156e-01,6.327224285190876651e-01,-5.339165895864104172e-01,-1.667927226835971943e+00,9.941875224013357881e-01,9.320153547951302020e-01,9.620998230461076384e-01,3.943994882588213180e+00,3.980880800289703370e+00,-2.166848061359381017e+00
6.277518345563708912e+00,6.066641874922721334e-01,-3.203712389240103708e-01,-3.320897680333684820e-01,-7.247600380245831087e-01,-4.305854042029794160e-03,-1.895234877720059385e+00,4.534392003096996970e-01,1.153535994325558978e+00,-8.861151056454417141e-01,6.588460245019995831e-01,-5.072079393391861757e-01,-1.682136860796713318e+00,9.435665962574184551e-01,9.039245682009096061e-01,9.924288857728890134e-01,3.887637844440781976e+00,4.026172044692043706e+00,-2.092994221433894353e+00
6.284189459639759612e+00,6.097097504270201362e-01,-3.126559639661632417e-01,-3.379788366174311665e-01,-7.202787191414193879e-01,-7.599576951113073964e-03,-1.906502623050419398e+00,4.595638163461616132e-01,1.159472022869767249e+00,-8.793943352242771239e-01,6.845892515014432300e-01,-4.802011789740711634e-01,-1.695849715125296253e+00,8.925249384710263190e-01,8.756698420803692429e-01,1.022397333014541276e+00,3.829964050077959037e+00,4.070251186017230793e+00,-2.017918055374278374e+00
6.290860573715810311e+00,6.127950325987026048e-01,-3.049017189964196572e-01,-3.438224060390902559e-01,-7.156269572441298354e-01,-1.071216292799125058e-02,-1.917860168896209583e+00,4.653465834215197994e-01,1.165219026640792910e+00,-8.724748663430892393e-01,7.099434016178867157e-01,-4.529044547351490646e-01,-1.709057726781932463e+00,8.410838409794325621e-01,8.472556963727950752e-01,1.051997400724037801e+00,3.770996459228249442e+00,4.113100250651802625e+00,-1.941647009018528713e+00
6.297531687791861010e+00,6.159177447645109993e-01,-2.971097685343409012e-01,-3.496191590122660342e-01,-7.108073765255878973e-01,-1.364170509326233238e-02,-1.929304121012692663e+00,4.707849083290955861e-01,1.170775957270258294e+00,-8.653591820443521376e-01,7.348999216213384367e-01,-4.253260314765203165e-01,-1.721753017668139929e+00,7.892647677806627904e-01,8.186866730495787614e-01,1.081221453468459437e+00,3.710758480589890773e+00,4.154701654268002642e+00,-1.864209080094636040e+00
6.304202801867911710e+00,6.190755808609028632e-01,-2.892813839920457819e-01,-3.553677949844721295e-01,-7.058226577140701563e-01,-1.638635209166110218e-02,-1.940831033226475100e+00,4.758763416006004943e-01,1.176141796762111946e+00,-8.580498158717337898e-01,7.594504159162480672e-01,-3.974742900386208366e-01,-1.733927898271414580e+00,7.370893461804319813e-01,7.899673356921264045e-01,1.110061986815443769e+00,3.649273962740237742e+00,4.195038209809334617e+00,-1.785632807069911454e+00
6.310873915943962409e+00,6.222662189660621568e-01,-2.814178434711157029e-01,-3.610670304707840894e-01,-7.006755370119441828e-01,-1.894430885691916755e-02,-1.952437408705525623e+00,4.806185785661808429e-01,1.181315557635391533e+00,-8.505493509883490511e-01,7.835866494452146114e-01,-3.693577245717336588e-01,-1.745574871234692793e+00,6.845793579680050644e-01,7.611022690748354691e-01,1.138511629675561965e+00,3.586567184887199389e+00,4.234093135338017788e+00,-1.705947257762841840e+00
6.317545030020013108e+00,6.254873222692400869e-01,-2.735204315585538226e-01,-3.667155993818725923e-01,-6.953688050151846101e-01,-2.131383735859430917e-02,-1.964119701252767580e+00,4.850094603553756767e-01,1.186296283064235180e+00,-8.428604192795154937e-01,8.073005505305067553e-01,-3.409849398076028049e-01,-1.756686634849089046e+00,6.317567305245267439e-01,7.320960787529642300e-01,1.166563146599770784e+00,3.522662847466238478e+00,4.271850061740767757e+00,-1.625182017721891636e+00
6.324216144096063807e+00,6.287365400465717569e-01,-2.655904391218239513e-01,-3.723122533459986561e-01,-6.899053056141457585e-01,-2.349325733053056475e-02,-1.975874316622697080e+00,4.890469748385386506e-01,1.191083047015147001e+00,-8.349857004403496985e-01,8.305842136523277075e-01,-3.123646482801406554e-01,-1.767256086468326437e+00,5.786435278676524963e-01,7.029533906552297706e-01,1.194209440031099412e+00,3.457586062586822440e+00,4.308293040289280285e+00,-1.543367178376284343e+00
6.330887258172114507e+00,6.320115086429767270e-01,-2.576291631029804519e-01,-3.778557620248746418e-01,-6.842879348760140257e-01,-2.548094698061059704e-02,-1.987697613860529122e+00,4.927292575083202508e-01,1.195674954381564126e+00,-8.269279210484900000e-01,8.534299021628708459e-01,-2.835056674961788925e-01,-1.777276325843392346e+00,5.252619416361195004e-01,6.736788506809128219e-01,1.221443552509776875e+00,3.391362344331996681e+00,4.343406550051953197e+00,-1.460533324963481316e+00
6.337558372248165206e+00,6.353098524597340369e-01,-2.496379063119113506e-01,-3.833449134232881916e-01,-6.785196399093750275e-01,-2.727534368146755650e-02,-1.999585906663295498e+00,4.960545923008085056e-01,1.200071141115749862e+00,-8.186898536222729783e-01,8.758300509351644170e-01,-2.544169170572992966e-01,-1.786740658375897572e+00,4.716342820181488871e-01,6.442771243012854754e-01,1.248258668830978690e+00,3.324017598915068206e+00,4.377175505153292789e+00,-1.376711524238543483e+00
6.344229486324215905e+00,6.386291849473366700e-01,-2.416179772187050934e-01,-3.887785141923975618e-01,-6.726034177113225931e-01,-2.887494464183520959e-02,-2.011535464762400860e+00,4.990214123559837400e-01,1.204270774358047413e+00,-8.102743156646634581e-01,8.977772689458101141e-01,-2.251074157337322745e-01,-1.795642598288750946e+00,4.177829686273095700e-01,6.147528961651265167e-01,1.274648118154441567e+00,3.255578114697106784e+00,4.409585261877695395e+00,-1.291933311970211218e+00
6.350900600400266605e+00,6.419671096032150137e-01,-2.335706897451703679e-01,-3.941553899266010408e-01,-6.665423139975678035e-01,-3.027830755822438769e-02,-2.023542515327025448e+00,5.016283007171356001e-01,1.208273052563507255e+00,-8.016841686932860700e-01,9.192643417906510850e-01,-1.955862784914091379e-01,-1.803975871712716561e+00,3.637305213297890027e-01,5.851108697081607302e-01,1.300605376065154806e+00,3.186070552069394601e+00,4.440621625614220136e+00,-1.206230680229120500e+00
6.357571714476317304e+00,6.453212209739228600e-01,-2.254973630555159869e-01,-3.994743854538908567e-01,-6.603394220159871653e-01,-3.148405124661227128e-02,-2.035603244387852673e+00,5.038739909689413654e-01,1.212077205625923249e+00,-7.929223172568666822e-01,9.402842341325244879e-01,-1.658627134732116315e-01,-1.811734419687496267e+00,3.094995510268035432e-01,5.553557667661642716e-01,1.326124066584400296e+00,3.115521933204691507e+00,4.470270857639083495e+00,-1.119636064473235049e+00
6.364242828552368003e+00,6.486891056613700579e-01,-2.173993213462140917e-01,-4.047343651196001479e-01,-6.539978813440752159e-01,-3.249085625384226517e-02,-2.047713798280514030e+00,5.057573678139046791e-01,1.215682494999301255e+00,-7.839917079384353116e-01,9.608300920801913225e-01,-1.359460189355468085e-01,-1.818912401075978069e+00,2.551127503961229670e-01,5.254923271915273864e-01,1.351197964130387952e+00,3.043959631681502742e+00,4.498519681732595643e+00,-1.032182330436064888e+00
6.370913942628418702e+00,6.520683433326995848e-01,-2.092778936350579433e-01,-4.099342130634590076e-01,-6.475208766707546415e-01,-3.329746544843953382e-02,-2.059870285108189147e+00,5.072774675869144989e-01,1.219088213816783117e+00,-7.748953283456048169e-01,9.808952454976693769e-01,-1.058455801413116237e-01,-1.825504195390389439e+00,2.005928845964325691e-01,4.955253084730296687e-01,1.375820995427806004e+00,2.971411361985271782e+00,4.525355290627475213e+00,-9.439027608228687249e-01
6.377585056704469402e+00,6.554565077333880385e-01,-2.011344135494384511e-01,-4.150728334898697858e-01,-6.409116365630171952e-01,-3.390268459056072770e-02,-2.072068776222768527e+00,5.084334787076721929e-01,1.222293687007038887e+00,-7.656362060882946352e-01,1.000473210243103317e+00,-7.557086621043307417e-02,-1.831504405529067014e+00,1.459627819385329872e-01,4.654594853586255798e-01,1.399987241365553858e+00,2.897905168890791305e+00,4.550765352285382370e+00,-8.548310418205766759e-01
6.384256170780520101e+00,6.588511677031566593e-01,-1.929702191138539247e-01,-4.201491509313234340e-01,-6.341734322178660399e-01,-3.430538288079587605e-02,-2.084305307723953504e+00,5.092247420707869399e-01,1.225298271408151285e+00,-7.562174077442387343e-01,1.019557690336422073e+00,-4.513142692911675802e-02,-1.836907860422630989e+00,9.124532452724709586e-02,4.352996494809896477e-01,1.423690938802004702e+00,2.823469416729964543e+00,4.574738015998683238e+00,-7.650012494269737839e-01
6.390927284856570800e+00,6.622498881942763260e-01,-1.847866525366578805e-01,-4.251621105048771221e-01,-6.273095762000328035e-01,-3.450449348754380807e-02,-2.096575881975727640e+00,5.096507513733570249e-01,1.228101355879020362e+00,-7.466420378126075175e-01,1.038142580055051667e+00,-1.453688951895126813e-02,-1.841709617588366710e+00,3.646343887789094129e-02,4.050506089855243630e-01,1.446926482317143492e+00,2.748132778549049693e+00,4.597261918314470286e+00,-6.744478356047394207e-01
6.397598398932621500e+00,6.656502312918485265e-01,-1.765850599960900047e-01,-4.301106781616051422e-01,-6.203234211659661712e-01,-3.449901405270977550e-02,-2.108876469139536081e+00,5.097111533798764915e-01,1.230702361408281265e+00,-7.369132376561502440e-01,1.056221965956900988e+00,1.620304463284949481e-02,-1.845904965591674607e+00,-1.835991348860974148e-02,3.747171881607043176e-01,1.469688425910893548e+00,2.671924225159891808e+00,4.618326188777940544e+00,-5.832056142663850640e-01
6.404269513008672199e+00,6.690497572356450817e-01,-1.683667914255733700e-01,-4.349938409289647590e-01,-6.132183585745589749e-01,-3.428800717546082177e-02,-2.121203008723586247e+00,5.094057481243399188e-01,1.233100741220769958e+00,-7.270341844321641656e-01,1.073790128829994694e+00,4.707860328096069580e-02,-1.849489426413475357e+00,-7.320174546821700545e-02,3.443042270703721708e-01,1.491971484647074853e+00,2.594873014089170482e+00,4.637920455492364979e+00,-4.913097470955987145e-01
6.410940627084722898e+00,6.724460254430831840e-01,-1.601332002983105740e-01,-4.398106071459873534e-01,-6.059978173851178207e-01,-3.387060087378920836e-02,-2.133551411147627253e+00,5.087344890494455152e-01,1.235295980881548683e+00,-7.170080900126812873e-01,1.090841545568053128e+00,7.807994666591222543e-02,-1.852458757722489802e+00,-1.280390538098008513e-01,3.138165811877864364e-01,1.513770536242340592e+00,2.517008678430154411e+00,4.656034850492831723e+00,-3.987957292111385943e-01
6.417611741160773597e+00,6.758365955329277419e-01,-1.518856434112090537e-01,-4.445600066912351878e-01,-5.986652627430745222e-01,-3.324598902366623920e-02,-2.145917559322554347e+00,5.076974830828084873e-01,1.237287598397472710e+00,-7.068381998942648847e-01,1.107370890971371313e+00,1.091971708932722995e-01,-1.854808955051399977e+00,-1.828488285608137753e-01,2.832591210312367380e-01,1.535080622599536149e+00,2.438361015601366422e+00,4.672660014931234507e+00,-3.056993746792011635e-01
6.424282855236824297e+00,6.792190283492780534e-01,-1.436254806681132312e-01,-4.492410912034485726e-01,-5.912241946539276150e-01,-3.241343177551297972e-02,-2.158297310244223777e+00,5.062949906501461594e-01,1.239075144316362787e+00,-6.965277920977257509e-01,1.123373039472431723e+00,1.404203113467884512e-01,-1.856536253875829878e+00,-2.376080625185743311e-01,2.526367318007763929e-01,1.555896951284888141e+00,2.358960076016458629e+00,4.687787104069670363e+00,-2.120568018803314914e-01
6.430953969312874996e+00,6.825908869854458993e-01,-1.353540748624074697e-01,-4.538529342948231515e-01,-5.836781466459319834e-01,-3.137225594781939408e-02,-2.170686496600791937e+00,5.045274256254003165e-01,1.240658201823724882e+00,-6.860801760582109221e-01,1.138843066785621305e+00,1.717393461341881755e-01,-1.857637131595278435e+00,-2.922937606833096447e-01,2.219543130160352984e-01,1.576214896948512578e+00,2.278836151669853649e+00,4.701407792080023462e+00,-1.179044187369748808e-01
6.437625083388925695e+00,6.859497378072817453e-01,-1.270727914589650509e-01,-4.583946317568495243e-01,-5.760306844220318689e-01,-3.012185539765194209e-02,-2.183080928392957087e+00,5.023953552178042070e-01,1.242036386837078954e+00,-6.754986915059808528e-01,1.153776251480556958e+00,2.031441995643537002e-01,-1.858108309415039461e+00,-3.468829497089177538e-01,1.912167781546531553e-01,1.596030002687689908e+00,2.198019764642519025e+00,4.713514276647073231e+00,-2.327890780785235592e-02
6.444296197464976395e+00,6.892931514755389344e-01,-1.187829983754768171e-01,-4.628653017586569773e-01,-5.682854045015541811e-01,-2.866169136786642091e-02,-2.195476394566414413e+00,4.998994997959241293e-01,1.243209348097872757e+00,-6.647867073382842662e-01,1.168168076478473871e+00,2.346247456545401677e-01,-1.857946754128244393e+00,-4.013526873475138923e-01,1.604290542911326334e-01,1.615337981352408470e+00,2.116541655532410804e+00,4.724099283372821922e+00,7.178278874459387282e-02
6.450967311541027094e+00,6.926187039668605383e-01,-1.104860657631912546e-01,-4.672640850378049215e-01,-5.604459328521822492e-01,-2.699129281084167165e-02,-2.207868664655864066e+00,4.970407326487188415e-01,1.244176767260974259e+00,-6.539476204827435746e-01,1.182014230471173377e+00,2.661708116663020207e-01,-1.857149679797254649e+00,-4.556800718838223130e-01,1.295960817359222972e-01,1.634134716792709385e+00,2.034432771814180363e+00,4.733156069979895797e+00,1.672434843073600241e-01
6.457638425617077793e+00,6.959239775929489946e-01,-1.021833657870389322e-01,-4.715901450834604214e-01,-5.525159235127188317e-01,-2.511025668850597192e-02,-2.220253490439898947e+00,4.938200796837166617e-01,1.244938358981777071e+00,-6.429848547525764957e-01,1.195310609262125290e+00,2.977721816687859402e-01,-1.855714549333525198e+00,-5.098422515553857615e-01,9.872281367424187715e-02,1.652416265047330191e+00,1.951724256132559621e+00,4.740678430311541902e+00,2.630657630843058481e-01
6.464309539693128492e+00,6.992065620175272889e-01,-9.387627240521068117e-02,-4.758426683119166833e-01,-5.444990572071660706e-01,-2.301824824853443419e-02,-2.232626607606090996e+00,4.902387190623973545e-01,1.245493871000874053e+00,-6.319018596941221588e-01,1.208053317029234019e+00,3.294186001280230980e-01,-1.853639075975311190e+00,-5.638164339547461212e-01,6.781421580462565490e-02,1.670178855473251733e+00,1.868447434534131757e+00,4.746660698126418332e+00,3.592119954714547703e-01
6.470980653769179192e+00,7.024640552706479246e-01,-8.556616114816167906e-02,-4.800208642343956611e-01,-5.363990399506433082e-01,-2.071500127649747447e-02,-2.244983737425588544e+00,4.862979807729304049e-01,1.245843084226332831e+00,-6.207021094270060990e-01,1.220238667508927843e+00,3.610997755208463778e-01,-1.850921224662420039e+00,-6.175798954095690352e-01,3.687526597669063544e-02,1.687418891815683164e+00,1.784633804641965416e+00,4.751097750685909560e+00,4.556443535337078021e-01
6.477651767845229891e+00,7.056940647599507788e-01,-7.725440889707493874e-02,-4.841239656170937544e-01,-5.282196016476615741e-01,-1.820031832382879022e-02,-2.257320588436556363e+00,4.819993461404143975e-01,1.245985812813546367e+00,-6.093891014773658021e-01,1.231863185101178315e+00,3.928053839720638263e-01,-1.847559213307413906e+00,-6.711099903368606956e-01,5.910953827937492910e-03,1.704132953218119084e+00,1.700315023777717149e+00,4.753985012132114107e+00,5.523248265765334786e-01
6.484322881921280590e+00,7.088942082784386312e-01,-6.894239366181446893e-02,-4.881512286334154793e-01,-5.199644946833075210e-01,-1.547407091146091318e-02,-2.269632858135724351e+00,4.773444472748191170e-01,1.245921904242653921e+00,-5.979663556045621275e-01,1.242923605895102757e+00,4.245250729134101286e-01,-1.843551513962638166e+00,-7.243841605672090012e-01,-2.507371958065177098e-02,1.720317795172049857e+00,1.615522897036037575e+00,4.755318456654637593e+00,6.492152368058613510e-01
6.490993995997331290e+00,7.120621150083682460e-01,-6.063149435835626239e-02,-4.921019330083659105e-01,-5.116374925078360780e-01,-1.253619970897693059e-02,-2.281916234677387134e+00,4.723350664568273238e-01,1.245651239393528842e+00,-5.864374126217367644e-01,1.253416878614877827e+00,4.562484647629689305e-01,-1.838896853882491689e+00,-7.773799446353227838e-01,-5.607374213061952495e-02,1.735970350406009555e+00,1.530289365315600447e+00,4.755094611444398822e+00,7.462772550699230401e-01
6.497665110073381989e+00,7.151954265208336770e-01,-5.232309058572619936e-02,-4.959753821550512143e-01,-5.032423882152243788e-01,-9.386714689145175816e-03,-2.294166398579142729e+00,4.669731354618278374e-01,1.245173732618323870e+00,-5.748058332106373847e-01,1.263340165485684174e+00,4.879651606235604899e-01,-1.833594216480426642e+00,-8.300749870328342217e-01,-8.708409101387649953e-02,1.751087729713586949e+00,1.444646493311616098e+00,4.753310559432714300e+00,8.434724166761994324e-01
6.504336224149432688e+00,7.182917977706414492e-01,-4.401856240247924851e-02,-4.997709033032575188e-01,-4.947829931162195383e-01,-6.025695257746793709e-03,-2.306379024433650393e+00,4.612607348223121684e-01,1.244489331811540200e+00,-5.630751967311534711e-01,1.272690843019399942e+00,5.196647439986868955e-01,-1.827642842180226213e+00,-8.824470474195575953e-01,-1.180997331025799707e-01,1.765667222720119778e+00,1.358626457474491067e+00,4.749963941814196566e+00,9.407621372768728563e-01
6.511007338225483387e+00,7.213488980860476296e-01,-3.571929010269424970e-02,-5.034878476200688180e-01,-4.862631353064059136e-01,-2.453290358524817805e-03,-2.318549782625726419e+00,4.552000930289794023e-01,1.243598018477641176e+00,-5.512491000259023277e-01,1.281466502719904366e+00,5.513367845245737975e-01,-1.821042229161051296e+00,-9.344740097892545450e-01,-1.491156253215539795e-01,1.779706298587732105e+00,1.272261533939192280e+00,4.745052960351711313e+00,1.038107728816078934e+00
6.517678452301534087e+00,7.243644121529766444e-01,-2.742665399155151673e-02,-5.071255903224979322e-01,-4.776866582298474606e-01,1.330281446781794719e-03,-2.330674341054041587e+00,4.487935856708507587e-01,1.242499807796155986e+00,-5.393311562203576548e-01,1.289664951707738982e+00,5.829708417168679713e-01,-1.813792133995963951e+00,-9.861338915861677101e-01,-1.801267150232715442e-01,1.793202606658500287e+00,1.185584086430141904e+00,4.738576379462245747e+00,1.135470415532282340e+00
6.524349566377584786e+00,7.273360409932907444e-01,-1.914203416046666301e-02,-5.106835307820967174e-01,-4.690574192388191621e-01,5.324731923460085392e-03,-2.342748366856731934e+00,4.420437345147441022e-01,1.241194748684280036e+00,-5.273249935188666360e-01,1.297284213264032093e+00,6.145564687305118401e-01,-1.805892572183497746e+00,-1.037404852768416541e+00,-2.111279403659102882e-01,1.806153977035449998e+00,1.098626554146182821e+00,4.730533528082126793e+00,1.232811350009016094e+00
6.531020680453635485e+00,7.302615029367185429e-01,-1.086681026181698408e-02,-5.141610926215214317e-01,-4.603792881501869161e-01,9.529703133973832507e-03,-2.354767528140199850e+00,4.349532065244753332e-01,1.239682923856946006e+00,-5.152342539970021784e-01,1.304322527293548140e+00,6.460832161313224686e-01,-1.797343818572014529e+00,-1.088265204814476306e+00,-2.421142306946763578e-01,1.818558421101173828e+00,1.011421439630380004e+00,4.720924301310424731e+00,1.330091629267205144e+00
6.537691794529686184e+00,7.331385345860496061e-01,-2.602361283289397233e-03,-5.175577238030347749e-01,-4.516561457989676232e-01,1.394476743328496027e-02,-2.366727495710378992e+00,4.275248128201700193e-01,1.237964449884326745e+00,-5.030625923906842933e-01,1.310778350706762296e+00,6.775406356777943229e-01,-1.788146407676610039e+00,-1.138693419668981299e+00,-2.730805069266156182e-01,1.830414131973891800e+00,9.240012966293980057e-01,4.709749161829480002e+00,1.427272310892302887e+00
6.544362908605736884e+00,7.359648917751739905e-01,5.649934678162422605e-03,-5.208728967089159001e-01,-4.428918825896124289e-01,1.856942748945794586e-02,-2.378623944805756008e+00,4.197615075781208072e-01,1.236039477246771101e+00,-4.908136748824478701e-01,1.316650357720939413e+00,7.089182841116152822e-01,-1.778301133888309238e+00,-1.188668138624015658e+00,-3.040216819393585790e-01,1.841719484900718573e+00,8.363987179470639965e-01,4.697009141101298191e+00,1.524314429189351561e+00
6.551034022681787583e+00,7.387383505195941336e-01,1.388870064271595373e-02,-5.241061082137652427e-01,-4.340903970455434191e-01,2.340311632957126076e-02,-2.390452556831436315e+00,4.116663868716107233e-01,1.233908190387129178e+00,-4.784911778852952713e-01,1.321937440080171555e+00,7.402057269554389585e-01,-1.767809051575418788e+00,-1.238168181132289547e+00,-3.349326609639765584e-01,1.852473037588017846e+00,7.486463232967680570e-01,4.682705840338984515e+00,1.621179011359341615e+00
6.557705136757838282e+00,7.414567079590089760e-01,2.211256097440486568e-02,-5.272568797486947290e-01,-4.252555943575068165e-01,2.844519741096832033e-02,-2.402209021093513197e+00,4.032426874531884753e-01,1.231570807760434150e+00,-4.660987868245799470e-01,1.326638707194375488e+00,7.713925423163610073e-01,-1.756671475076938549e+00,-1.287172553548378673e+00,-3.658083419821968052e-01,1.862673530468712091e+00,6.607767471575896057e-01,4.666841431252364281e+00,1.717827093689785478e+00
6.564376250833888982e+00,7.441177832915765178e-01,3.032014160818799486e-02,-5.303247573573778295e-01,-4.163913849312500526e-01,3.369496471792160497e-02,-2.413889036533049648e+00,3.944937854788724274e-01,1.229027581880934639e+00,-4.536401949182809479e-01,1.330753486197320479e+00,8.024683246936406000e-01,-1.744889978587897073e+00,-1.335660457794463074e+00,-3.966436161284151996e-01,1.872319886906385955e+00,5.728226266384954801e-01,4.649418656566840724e+00,1.814219737752948980e+00
6.571047364909939681e+00,7.467194186994742244e-01,3.851007027730211918e-02,-5.333093117439695607e-01,-4.075016829351043590e-01,3.915164288368366829e-02,-2.425488313458916689e+00,3.854231951748160467e-01,1.226278799366409267e+00,-4.411191019561651050e-01,1.334281321923722619e+00,8.334226887890947566e-01,-1.732466395936656856e+00,-1.383611299946793327e+00,-4.274333680966027060e-01,1.881411213336166233e+00,4.848165893556947159e-01,4.630440830315013301e+00,1.910318046604527975e+00
6.577718478985990380e+00,7.492594802653752550e-01,4.668097674091351706e-02,-5.362101383128673460e-01,-3.985904048479714801e-01,4.481438733798148721e-02,-2.437002575278791383e+00,3.760345674469583455e-01,1.223324780979768267e+00,-4.285392130781932041e-01,1.337221976805528900e+00,8.642452733186943847e-01,-1.719402820254152253e+00,-1.431004698739428704e+00,-4.581724765525226895e-01,1.889946799342219652e+00,3.967912413274261585e-01,4.609911837900296128e+00,2.006083180976318658e+00
6.584389593062041079e+00,7.517358588794591512e-01,5.483149301204181397e-02,-5.390268572003287240e-01,-3.896614680082757798e-01,5.068228447993244901e-02,-2.448427560227600885e+00,3.663316884342349700e-01,1.220165881667874430e+00,-4.159042375526232349e-01,1.339575430687522717e+00,8.949257448238305823e-01,-1.705701603535134669e+00,-1.477820493981573335e+00,-4.888558145515047859e-01,1.897926117671900226e+00,3.087791548910195916e-01,4.587836135932088055e+00,2.101476375455768597e+00
6.591060707138091779e+00,7.541464711365867268e-01,6.296025358571437358e-02,-5.417591132979392432e-01,-3.807187891644255862e-01,5.675435187636970746e-02,-2.459759023092659369e+00,3.563184780059335255e-01,1.216802490597559849e+00,-4.032178875542535845e-01,1.341341880562398003e+00,9.254538014806983348e-01,-1.691365356091585337e+00,-1.524038754884994518e+00,-5.194782499619505778e-01,1.905348824186495982e+00,2.208128566469556020e-01,4.564218751832198606e+00,2.196458954645583272e+00
6.597731821214142478e+00,7.564892602232647922e-01,7.106589566737653296e-02,-5.444065762679236586e-01,-3.717662830272898677e-01,6.302953848559114669e-02,-2.470992736934818357e+00,3.459989882038002063e-01,1.213235031188802493e+00,-3.904838769431689394e-01,1.342521740225521842e+00,9.558191769063155707e-01,-1.676396945898356083e+00,-1.569639788298080152e+00,-5.500346458950331474e-01,1.912214757748548433e+00,1.329248154342373978e-01,4.539065283211998647e+00,2.290992349296742336e+00
6.604402935290193177e+00,7.587621967940337830e-01,7.914705940149062424e-02,-5.469689405503219692e-01,-3.628078608252692794e-01,6.950672490645964929e-02,-2.482124494804872405e+00,3.353774016295497651e-01,1.209463961145009314e+00,-3.777059200444894405e-01,1.343115639849588705e+00,9.860116439595921767e-01,-1.660799497831342952e+00,-1.614604146842958832e+00,-5.805198611406527931e-01,1.918523940045820719e+00,4.514743034210189077e-02,4.512381897020338428e+00,2.385038112407740662e+00
6.611074049366243877e+00,7.609632798369212470e-01,8.720238810034180998e-02,-5.494459253620229688e-01,-3.538474288624537945e-01,7.618472365285727799e-02,-2.493150111454542017e+00,3.244580297784112055e-01,1.205489772480369925e+00,-3.648877304294770862e-01,1.343124425479435669e+00,1.016021018535972820e+00,-1.644576392798362763e+00,-1.658912636952409425e+00,-6.109287506100733456e-01,1.924276575351911767e+00,-4.248698123774119484e-02,4.484175328461914134e+00,2.478557935283611791e+00
6.617745163442294576e+00,7.630905375275945923e-01,9.523052847301693991e-02,-5.518372746876737400e-01,-3.448888870804173723e-01,8.306227945342575802e-02,-2.504065425041299697e+00,3.132453113194113570e-01,1.201312991544240649e+00,-3.520330196984531312e-01,1.342549158447304825e+00,1.045837163354089938e+00,-1.627731266763045914e+00,-1.702546326803072718e+00,-6.412561657854520814e-01,1.929473050223602382e+00,-1.299461955135673419e-01,4.454452879686146893e+00,2.571513663547689621e+00
6.624416277518345275e+00,7.651420280718764788e-01,1.032301308545216373e-01,-5.541427572624803011e-01,-3.359361276241880079e-01,9.013806957652542584e-02,-2.514866298826315738e+00,3.017438103230792867e-01,1.196934179042496105e+00,-3.391454962659633532e-01,1.341391114708856858e+00,1.075449991732913224e+00,-1.610268009662119360e+00,-1.745486554141707281e+00,-6.714969551764279343e-01,1.934113933135054531e+00,-2.171980941462307024e-01,4.423222418246730570e+00,2.663867313099396394e+00
6.631087391594395974e+00,7.671158405362499266e-01,1.111998494350439071e-01,-5.563621665469086208e-01,-3.269930334129039773e-01,9.741070418036834599e-02,-2.525548622864836279e+00,2.899582144373241688e-01,1.192353930055818800e+00,-3.262288641485775464e-01,1.339651784100304166e+00,1.104849471357833401e+00,-1.592190764216409260e+00,-1.787714934001111144e+00,-7.016459647841992719e-01,1.938199974048928187e+00,-3.042106760474609928e-01,4.390492375331858987e+00,2.755581086011206438e+00
6.637758505670446674e+00,7.690100956660326226e-01,1.191383424893307091e-01,-5.584953206933080949e-01,-3.180634767156829690e-01,1.048787266882360014e-01,-2.536108315688283543e+00,2.778933330121992062e-01,1.187572874054863226e+00,-3.132868217557559509e-01,1.337332869517025014e+00,1.134025628034208255e+00,-1.573503924636005635e+00,-1.829213366302587129e+00,-7.316980385732262393e-01,1.941732103924574737e+00,-3.909520691194021680e-01,4.356271743765499416e+00,2.846617386358224699e+00
6.644429619746497373e+00,7.708229466908719241e-01,1.270442726061365990e-01,-5.605420625044872374e-01,-3.091513177332452234e-01,1.125406141886738931e-01,-2.546541325977341952e+00,2.655540951743467493e-01,1.182591674912248259e+00,-3.003230606842325345e-01,1.334436286014070383e+00,1.162968549426784737e+00,-1.554212135220110813e+00,-1.869964043341653115e+00,-7.616480189507627285e-01,1.944711434163505226e+00,-4.773905419307281628e-01,4.320570075780153729e+00,2.936938835973417206e+00
6.651100733822548072e+00,7.725525801172266060e-01,1.349163069177670704e-01,-5.625022593842490259e-01,-3.002604031857795119e-01,1.203947778606062613e-01,-2.556843634225386186e+00,2.529455478518933265e-01,1.177411030911322820e+00,-2.873412645162659040e-01,1.330964159828996518e+00,1.191668388783530652e+00,-1.534320288851988900e+00,-1.909949457153943486e+00,-7.914907472546257594e-01,1.947139255992235141e+00,-5.634945153252246541e-01,4.283397480561367487e+00,3.026508290122080780e+00
6.657771847898598772e+00,7.741972165075098333e-01,1.427531173296463785e-01,-5.643758032799327529e-01,-2.913945649076034039e-01,1.284395634232104455e-01,-2.567011254391490471e+00,2.400728537506307547e-01,1.172031674751651487e+00,-2.743451076222598317e-01,1.326918827327507433e+00,1.220115368642286091e+00,-1.513833525389702839e+00,-1.949152406758088762e+00,-8.212210642492423496e-01,1.949017039782805494e+00,-6.492325739580337984e-01,4.244764621564795171e+00,3.115288853088530985e+00
6.664442961974649471e+00,7.757551112455722819e-01,1.505533807499253030e-01,-5.661626106169811434e-01,-2.825576184491001008e-01,1.366732516104759432e-01,-2.577040235542372493e+00,2.269412892822787742e-01,1.166454373551156554e+00,-2.613382539680911276e-01,1.322302833872378569e+00,1.248299784518802413e+00,-1.492757229953135534e+00,-1.987556005272673509e+00,-8.508338106303583448e-01,1.950346434311146737e+00,-7.345734777555654738e-01,4.204682713606276323e+00,3.203243893668774156e+00
6.671114076050700170e+00,7.772245552882035557e-01,1.583157793190922702e-01,-5.678626222255591660e-01,-2.737533616864574748e-01,1.450940586702984536e-01,-2.586926663482571165e+00,2.135562424457133346e-01,1.160679928844875475e+00,-2.483243559275981616e-01,1.317118932616196503e+00,1.276212008574581613e+00,-1.471097031107991171e+00,-2.025143686904181450e+00,-8.803238275385865119e-01,1.951129265953524206e+00,-8.194861732945438737e-01,4.163163519725765482e+00,3.290337060562326776e+00
6.677785190126750869e+00,7.786038759023504729e-01,1.660390006395493778e-01,-5.694758032592855956e-01,-2.649855734397232876e-01,1.537001368879559737e-01,-2.596666662372144163e+00,1.999232106620076332e-01,1.154709176580249741e+00,-2.353070531006554722e-01,1.311370083218481586e+00,1.303842493263057234e+00,-1.448858798947513016e+00,-2.061899213803018327e+00,-9.096859570819286755e-01,1.951367537821440346e+00,-9.039398050958171726e-01,4.120219347826045819e+00,3.376532297656658077e+00
6.684456304202801569e+00,7.798914373877345874e-01,1.737217380051679916e-01,-5.710021431060829933e-01,-2.562580120996512667e-01,1.624895751338564232e-01,-2.606256396331263936e+00,1.860477985641810217e-01,1.148542987108904789e+00,-2.222899711371900677e-01,1.305059450487746187e+00,1.331181774952610919e+00,-1.426048643072548305e+00,-2.097806682784777443e+00,-9.389150428676724669e-01,1.951063428835147162e+00,-9.879037268289601048e-01,4.075863047086958346e+00,3.461793859197921375e+00
6.691127418278852268e+00,7.810856417845810640e-01,1.813626906307554409e-01,-5.724416552912170442e-01,-2.475744142638759970e-01,1.714603994353488536e-01,-2.615692071030961241e+00,1.719357157425813187e-01,1.142182265174846112e+00,-2.092767205676193121e-01,1.298190402949134459e+00,1.358220477524895831e+00,-1.402672910470871059e+00,-2.132850531913827563e+00,-9.680059305436659045e-01,1.950219292736222521e+00,-1.071347512423041604e+00,4.030108004156467416e+00,3.546086324841212889e+00
6.697798532354902967e+00,7.821849295661589263e-01,1.889605638814450539e-01,-5.737943773725476815e-01,-2.389384933828743729e-01,1.806105735724702344e-01,-2.624969935269424237e+00,1.575927744467987557e-01,1.135627949899016720e+00,-1.962708956400505411e-01,1.290766511338251377e+00,1.384949315947035409e+00,-1.378738183296477571e+00,-2.167015546946575721e+00,-9.969534683493349592e-01,1.948837657039460547e+00,-1.154240967079757985e+00,3.982968139119457796e+00,3.629374614574287783e+00
6.704469646430953667e+00,7.831877803158465712e-01,1.965140695019727546e-01,-5.750603708280463966e-01,-2.303539384162199832e-01,1.899379996974290274e-01,-2.634086282533128376e+00,1.430248872450810005e-01,1.128881014760139578e+00,-1.832760731646806973e-01,1.282791547021865597e+00,1.411359099816174467e+00,-1.354251276549769623e+00,-2.200286867631614740e+00,-1.025752507676580327e+00,1.946921221924466483e+00,-1.236554138184599028e+00,3.934457901245616895e+00,3.711624003508147585e+00
6.711140760507004366e+00,7.840927133884515454e-01,2.040219258457955098e-01,-5.762397209356384664e-01,-2.218244124996263944e-01,1.994405189776276566e-01,-2.643037452542178034e+00,1.282380646421932280e-01,1.121942467571791724e+00,-1.702958113658024075e-01,1.274269480346167827e+00,1.437440736874951774e+00,-1.329219235659550691e+00,-2.232649993864161075e+00,-1.054397903640669876e+00,1.944472859067386317e+00,-1.318257326111919259e+00,3.884592264517771287e+00,3.792800136528300392e+00
6.717811874583055065e+00,7.848982885554927069e-01,2.114828581040633926e-01,-5.773325366454027385e-01,-2.133535516232377693e-01,2.091159122620480648e-01,-2.651819832779171549e+00,1.132384126567334004e-01,1.114813350455630792e+00,-1.573336487417898166e-01,1.265204478913326547e+00,1.463185236496379327e+00,-1.303649333967752177e+00,-2.264090791692138005e+00,-1.082884515661464153e+00,1.941495610413107809e+00,-1.399321094919980357e+00,3.833386722941990232e+00,3.872869042800332728e+00
6.724482988659105764e+00,7.856031066341924163e-01,2.188955985343953858e-01,-5.783389504441979190e-01,-2.049449633216564592e-01,2.189619007707792053e-01,-2.660429860000991020e+00,9.803213035886298998e-02,1.107494739810710005e+00,-1.443931029334697136e-01,1.255600905787056076e+00,1.488583713136740982e+00,-1.277549070117874663e+00,-2.294595499171468767e+00,-1.111207208055054130e+00,1.937992686888397431e+00,-1.479716282931971216e+00,3.780857285641011867e+00,3.951797150123806723e+00
6.731154102735156464e+00,7.862058100999177457e-01,2.262588866894245099e-01,-5.792591182127740934e-01,-1.966022253761829375e-01,2.289761468074529571e-01,-2.668864021732831215e+00,8.262550736949597630e-02,1.099987746278815237e+00,-1.314776696012924240e-01,1.245463317628001221e+00,1.513627389755033192e+00,-1.250926165348241081e+00,-2.324150732068048342e+00,-1.139360850635925404e+00,1.933967467056462830e+00,-1.559414013198877180e+00,3.727020471732716000e+00,4.029551299128144137e+00
6.737825216811207163e+00,7.867050836818034742e-01,2.335714696451200723e-01,-5.800932190754122253e-01,-1.883288845297145797e-01,2.391562544944011437e-01,-2.677118857743867153e+00,6.702492132196768981e-02,1.092293514705741320e+00,-1.185908213116449172e-01,1.234796462759724545e+00,1.538307601197511865e+00,-1.223788560691037475e+00,-2.352743489404041100e+00,-1.167340319329998710e+00,1.929423495713321390e+00,-1.638385703840582241e+00,3.671893304995121010e+00,4.106098757304588176e+00
6.744496330887257862e+00,7.870996549413304955e-01,2.408321022288145707e-01,-5.808414552421792276e-01,-1.801284552147865980e-01,2.494997705302456903e-01,-2.685190961503922669e+00,5.123683528721834080e-02,1.084413224098452755e+00,-1.057360064327469429e-01,1.223605279166117388e+00,1.562615797545974683e+00,-1.196144414078354812e+00,-2.380361158846176828e+00,-1.195140496798463348e+00,1.924364482426581535e+00,-1.716603078261080828e+00,3.615493308319949861e+00,4.181407232868205703e+00
6.751167444963308562e+00,7.873882948335972909e-01,2.480395472469478224e-01,-5.815040518438405748e-01,-1.720044182951953327e-01,2.600041849697153906e-01,-2.693076981620524002e+00,3.526779516358646838e-02,1.076348087578036683e+00,-9.291664804047079784e-02,1.211894892421110370e+00,1.586543547428297174e+00,-1.168002097356317215e+00,-2.406991521933739442e+00,-1.222756273072758582e+00,1.918794300017060639e+00,-1.794038175234178745e+00,3.557838497956472779e+00,4.255444888443924434e+00
6.757838559039359261e+00,7.875698182510708634e-01,2.551925757124817173e-01,-5.820812567595106124e-01,-1.639602198216502660e-01,2.706669320254214695e-01,-2.700773623255734002e+00,1.912442703224076501e-02,1.068099352328382601e+00,-8.013614283447412223e-02,1.199670613551524490e+00,1.610082541289918900e+00,-1.139370193208501192e+00,-2.432622759144131841e+00,-1.250182546200746092e+00,1.912716982983818426e+00,-1.870663358855958691e+00,3.498947377547649396e+00,4.328180354570939414e+00
6.764509673115409960e+00,7.876430845495820954e-01,2.622899670719446297e-01,-5.825733404371106205e-01,-1.559992698019143920e-01,2.814853908913042546e-01,-2.708277649522160324e+00,2.813434479388310372e-03,1.059668299540525105e+00,-6.739786006504898397e-02,1.186937936833999618e+00,1.633224594624823389e+00,-1.110257491989920631e+00,-2.457243454793825777e+00,-1.277414222904149410e+00,1.906136725873178728e+00,-1.946451328360148114e+00,3.438838931960743750e+00,4.399582743019523789e+00
6.771180787191460659e+00,7.876069980563502604e-01,2.693305094321024606e-01,-5.829805957067005773e-01,-1.481249409858508836e-01,2.924568865875160073e-01,-2.715585882857552757e+00,-1.365840411367813534e-02,1.051056244352552405e+00,-5.470514047101457389e-02,1.173702537526892797e+00,1.655961651164712389e+00,-1.080672988472782592e+00,-2.480842601772693889e+00,-1.304446219247508809e+00,1.899057881592281172e+00,-2.021375127793011650e+00,3.377532620914393657e+00,4.469621659914723821e+00
6.777851901267511359e+00,7.874605085598195275e-01,2.763129997862172615e-01,-5.833033375867623382e-01,-1.403405676658141810e-01,3.035786908264290762e-01,-2.722695206377392374e+00,-3.028423831153059798e-02,1.042264535785008883e+00,-4.206129522904952789e-02,1.159970269538131760e+00,1.678285786024955373e+00,-1.050625878505363264e+00,-2.503409606109681107e+00,-1.331273461318718931e+00,1.891484959667772525e+00,-2.095408155544050022e+00,3.315048372404505450e+00,4.538267218661122371e+00
6.784523015343562058e+00,7.872026117811193879e-01,2.832362442398398406e-01,-5.835419030835218290e-01,-1.326494444928200678e-01,3.148480228994699481e-01,-2.729602565204913400e+00,-4.705714839546726314e-02,1.033294556671736419e+00,-2.946960491483432282e-02,1.145747163029970483e+00,1.700189208806056618e+00,-1.020125555585365440e+00,-2.524934291367965322e+00,-1.357890885921153590e+00,1.883422624450309169e+00,-2.168524173728987314e+00,3.251406575931327758e+00,4.605490052663344436e+00
6.791194129419612757e+00,7.868323498269342853e-01,2.900990582361523407e-01,-5.836966509833666494e-01,-1.250548253088874795e-01,3.262620505845187369e-01,-2.736304967777979602e+00,-6.397014816310842011e-02,1.024147723586039449e+00,-1.693331847632949944e-02,1.131039421961645308e+00,1.721664266649252095e+00,-9.891816073490613537e-01,-2.545406902867726195e+00,-1.384293441277677505e+00,1.874875693265399601e+00,-2.240697317421790125e+00,3.186628075529970516e+00,4.671261327836717214e+00
6.797865243495663456e+00,7.863488116236128089e-01,2.969002667807768003e-01,-5.837679616384716663e-01,-1.175599219959906905e-01,3.378178910735075702e-01,-2.742799487132264513e+00,-8.101618775559604746e-02,1.014825486762130025e+00,-4.455652219586749008e-03,1.115853421570963011e+00,1.742703447244992265e+00,-9.578038119777380066e-01,-2.564818111734777251e+00,-1.410476087746403095e+00,1.865849134511382346e+00,-2.311902103732099256e+00,3.120734162607085693e+00,4.735552754902808914e+00
6.804536357571714156e+00,7.857511333323210501e-01,3.036387046660607436e-01,-5.837562367456897716e-01,-1.101679033420080167e-01,3.495126119199450931e-01,-2.749083262160187058e+00,-9.818815651119411347e-02,1.005329330011749178e+00,7.960211192587600404e-03,1.100195705795866008e+00,1.763299381792966969e+00,-9.260021345228350853e-01,-2.583159018773330207e+00,-1.436433798548472751e+00,1.856348065705109018e+00,-2.382113440724944020e+00,3.053746568586150900e+00,4.798336601464459505e+00
6.811207471647764855e+00,7.850384987450748087e-01,3.103132166947896176e-01,-5.836618991188087247e-01,-1.028818939240637442e-01,3.613432320060250835e-01,-2.755153498845060334e+00,-1.154788858441575805e-01,9.956607706358912013e-01,2.031112372876223843e-02,1.084072984637005632e+00,1.783444847912454279e+00,-8.937867231512534039e-01,-2.600421158161326574e+00,-1.462161560507833302e+00,1.846377751476063311e+00,-2.451306636179486631e+00,2.985687457364048392e+00,4.859585703855294092e+00
6.817878585723815554e+00,7.842101396614920006e-01,3.169226579032783375e-01,-5.834853924542687809e-01,-9.570497300967029108e-02,3.733067225289614099e-01,-2.761007471469936636e+00,-1.328811521476428170e-01,9.858213593315653389e-01,3.259397296344338640e-02,1.067492131462455696e+00,1.803132772501728098e+00,-8.611679053124308147e-01,-2.616596500966741345e+00,-1.487654374803019541e+00,1.835943601509699707e+00,-2.519457406183452264e+00,2.916579417581832256e+00,4.919273478758474205e+00
6.824549699799866254e+00,7.832653362460919588e-01,3.234658937838468251e-01,-5.832271810904126053e-01,-8.864017347602770602e-02,3.854000080062535694e-01,-2.766642523800622033e+00,-1.503876797194770021e-01,9.758126800934820988e-01,4.480568303777240913e-02,1.050460180255627041e+00,1.822356234545271514e+00,-8.281561838286360944e-01,-2.631677458483419052e+00,-1.512907257731164190e+00,1.825051168440603666e+00,-2.586541883560414146e+00,2.846445454712304812e+00,4.977373934589798488e+00
6.831220813875916953e+00,7.822034173660175060e-01,3.299418005066001025e-01,-5.828877497603858204e-01,-8.169048074787865765e-02,3.976199672994739087e-01,-2.772056070242360892e+00,-1.679911437095860383e-01,9.656363501106262071e-01,5.694321560598095133e-02,1.032984322807540600e+00,1.841108467867633935e+00,-7.947622329101660110e-01,-2.645656885385044177e+00,-1.537915241484056672e+00,1.813706145696382332e+00,-2.652536626126617669e+00,2.775308982967542804e+00,5.033861682640246471e+00
6.837891927951967652e+00,7.810237609090110444e-01,3.363492651405163292e-01,-5.824676033387624630e-01,-7.485883175427432423e-02,4.099634346562617271e-01,-2.777245596969682317e+00,-1.856841730878288355e-01,9.552940196575904208e-01,6.900357076731232497e-02,1.015071905854600498e+00,1.859382863832671262e+00,-7.609968940970167628e-01,-2.658528082695903016e+00,-1.562673374936484505e+00,1.801914365292935472e+00,-2.717418624774565306e+00,2.703193817029256429e+00,5.088711947973085792e+00
6.844563042028018351e+00,7.797257940815356392e-01,3.426871858737922105e-01,-5.819672665820083690e-01,-6.814811390460553953e-02,4.224272007701419529e-01,-2.782208663028944429e+00,-2.034593536310614348e-01,9.447873719806141324e-01,8.098378798308064619e-02,9.967304281630045004e-01,1.877172973987066174e+00,-7.268711721286617022e-01,-2.670284800577246820e+00,-1.587176724446776266e+00,1.789681795581952839e+00,-2.781165311380451755e+00,2.630124163605029430e+00,5.141900580071024685e+00
6.851234156104069051e+00,7.783089936869087566e-01,3.489544722333958737e-01,-5.813872838628748596e-01,-6.156116408427309006e-02,4.350080138577696043e-01,-2.786942901413082208e+00,-2.213092309281518288e-01,9.341181231782565986e-01,9.288094697852575243e-02,9.779675375610279442e-01,1.894472512646933504e+00,-6.923962307436983821e-01,-2.680921240928049620e+00,-1.611420374669520594e+00,1.777014538951469991e+00,-2.843754566532478822e+00,2.556124612813765573e+00,5.193404063228664214e+00
6.857905270180119750e+00,7.767728863833299746e-01,3.551500453038199945e-01,-5.807282188988296401e-01,-5.510076767031324430e-02,4.477025807532602486e-01,-2.791446020108109938e+00,-2.392263134017410808e-01,9.232880220765886659e-01,1.046921686291952119e-01,9.587910279203263331e-01,1.911275359426410247e+00,-6.575833884109784089e-01,-2.690432059799111375e+00,-1.635399429380571146e+00,1.763918829480253248e+00,-2.905164727077522713e+00,2.481220129403367558e+00,5.243199526685907941e+00
6.864576384256170449e+00,7.751170489216954174e-01,3.612728379449841043e-01,-5.799906544746217252e-01,-4.876965756733347979e-02,4.605075680191812459e-01,-2.795715803110914610e+00,-2.572030753454592755e-01,9.122988500988429283e-01,1.164146158315176038e-01,9.392088360875296971e-01,1.927575561707075114e+00,-6.224441139940388723e-01,-2.698812369619465024e+00,-1.659109012314293530e+00,1.750401030546881564e+00,-2.965374593483340426e+00,2.405436043804103807e+00,5.291264754497821521e+00
6.871247498332221149e+00,7.733411083631105409e-01,3.673217950092322881e-01,-5.791751921591028474e-01,-4.257051326408439751e-02,4.734196030738091476e-01,-2.799750111417916631e+00,-2.752319599753874635e-01,9.011524211294503761e-01,1.280454943572714721e-01,9.192290387673400787e-01,1.943367337047188670e+00,-5.869900223505939429e-01,-2.706057741234213498e+00,-1.682544268012930999e+00,1.736467632394439464e+00,-3.024363437013705802e+00,2.328798043021038655e+00,5.337578195136823744e+00
6.877918612408271848e+00,7.714447422759922457e-01,3.732958735574287701e-01,-5.782824520163882820e-01,-3.650595991097241311e-02,4.864352753342759961e-01,-2.803546883984159521e+00,-2.933053824944731880e-01,8.898505813723526225e-01,1.395820536916775600e-01,8.988598493583784821e-01,1.958645075529610757e+00,-5.512328698688284678e-01,-2.712164205752903623e+00,-1.705700362688263194e+00,1.722125249651575984e+00,-3.082111006714120194e+00,2.251332161368850393e+00,5.382118970822991066e+00
6.884589726484322547e+00,7.694276789126979210e-01,3.791940430740657342e-01,-5.773130723114983098e-01,-3.057856741884745766e-02,4.995511373751480577e-01,-2.807104138652415148e+00,-3.114157331686406294e-01,8.783952092035418602e-01,1.510215878547925550e-01,8.781096147430962340e-01,1.973403342047419073e+00,-5.151845499424241304e-01,-2.717128256207697046e+00,-1.728572485095301037e+00,1.707380618810978135e+00,-3.138597536205425698e+00,2.173064771052778177e+00,5.424866886578444181e+00
6.891260840560373246e+00,7.672896973655908281e-01,3.850152856813827684e-01,-5.762677092105643606e-01,-2.479084957934599154e-02,5.127637061020589027e-01,-2.810419973051904385e+00,-3.295553804133394826e-01,8.667882150177234069e-01,1.623614362059566107e-01,8.569868120329804384e-01,1.987636878526181761e+00,-4.788570883860605032e-01,-2.720946849020660974e+00,-1.751155847418132572e+00,1.692240595666029357e+00,-3.193803750283182641e+00,2.094022572599071985e+00,5.465802439001965496e+00
6.897931954636423946e+00,7.650306277024846446e-01,3.907585963524442541e-01,-5.751470364757274023e-01,-1.914526320709397655e-02,5.260694639399490224e-01,-2.813492565466240158e+00,-3.477166738892201181e-01,8.550315410690203510e-01,1.735989842309983988e-01,8.355000452704135494e-01,2.001340606081878359e+00,-4.422626387933548675e-01,-2.723617405279541881e+00,-1.773445686167814062e+00,1.676712152706649750e+00,-3.247710871320416359e+00,2.014232585138766574e+00,5.504906824759922657e+00
6.904603068712474645e+00,7.626503510814143239e-01,3.964229831231199652e-01,-5.739517451548520333e-01,-1.364420730405954685e-02,5.394648600354748913e-01,-2.816320175670214976e+00,-3.658919476057020947e-01,8.431271613056705583e-01,1.847316643119291668e-01,8.136580420884753639e-01,2.014509627113559631e+00,-4.054134778391186300e-01,-2.725137811821540801e+00,-1.795437263092152236e+00,1.660802376475286835e+00,-3.300300625471495053e+00,1.933722136548479575e+00,5.542161948789987136e+00
6.911274182788525344e+00,7.601487998446744276e-01,4.020074673029563339e-01,-5.726825432661553084e-01,-8.290022246317807486e-03,5.529463114731705264e-01,-2.818901145735070113e+00,-3.840735230311170811e-01,8.310770811985938034e-01,1.957569564788742833e-01,7.914696503300228114e-01,2.027139227329740390e+00,-3.683220005278345921e-01,-2.725506422124612804e+00,-1.817125866097425435e+00,1.644518464883932163e+00,-3.351555248675149201e+00,1.852518853451966097e+00,5.577550432213959297e+00
6.917945296864576044e+00,7.575259575920915145e-01,4.075110836848830909e-01,-5.713401554778793079e-01,-3.084988993501541765e-03,5.665102045049013046e-01,-2.821233900801897843e+00,-4.022537122081700778e-01,8.188833375637775136e-01,2.066723891439822824e-01,7.689438346273849145e-01,2.039224877707652706e+00,-3.310007153903107291e-01,-2.724722057005958042e+00,-1.838506810181899098e+00,1.627867724493163637e+00,-3.401457492454546205e+00,1.770650651086300709e+00,5.611055619956359486e+00
6.924616410940626743e+00,7.547818592335042709e-01,4.129328807537002155e-01,-5.699253227831403423e-01,1.968671678792943691e-03,5.801528957921500140e-01,-2.823316949822819666e+00,-4.204248208733905035e-01,8.065479983784041851e-01,2.174755398170425957e-01,7.460896729440926745e-01,2.050762236384448656e+00,-2.934622396305719971e-01,-2.722784005127402818e+00,-1.859575438380963064e+00,1.610857567754283570e+00,-3.449990629512342810e+00,1.688145723036779566e+00,5.642661588065361222e+00
6.931287525016677442e+00,7.519165910204147485e-01,4.182719208933377564e-01,-5.684388021700464977e-01,6.868799923420709774e-03,5.938707136607088710e-01,-2.825148886269639448e+00,-4.385791515793360240e-01,7.940731625906168878e-01,2.281640358026056359e-01,7.229163530799145310e-01,2.061747150479491530e+00,-2.557192942248195933e-01,-2.719692023307489492e+00,-1.880327122723931321e+00,1.593495510215376498e+00,-3.497138459119107701e+00,1.605032530844206384e+00,5.672353150733023597e+00
6.937958639092728141e+00,7.489302905568152591e-01,4.235272805928045892e-01,-5.668813662872500547e-01,1.161329754265730263e-02,6.076599593672784572e-01,-2.826728388809647274e+00,-4.567090068182189100e-01,7.814609599228827808e-01,2.387355548783307024e-01,6.994331691406888707e-01,2.072175657846920593e+00,-2.177846989746544670e-01,-2.715446336640148228e+00,-1.900757265202202451e+00,1.575789167692502879e+00,-3.542885312293050148e+00,1.521339793488933001e+00,5.700115867011657400e+00
6.944629753168778841e+00,7.458231467891680566e-01,4.286980506508178412e-01,-5.652538031050159395e-01,1.620012868551060081e-02,6.215169083775350378e-01,-2.828054221948268498e+00,-4.748066921456889355e-01,7.687135506688532738e-01,2.491878259543550134e-01,6.756495179742660895e-01,2.082043988757646513e+00,-1.796713675164475776e-01,-2.710047638419926130e+00,-1.920861298748794521e+00,1.557746253406868231e+00,-3.587216056769572337e+00,1.437096476755500785e+00,5.725936047223452618e+00
6.951300867244829540e+00,7.425953999755519064e-01,4.337833363790552510e-01,-5.635569155719675205e-01,2.062732052114868431e-02,6.354378116551779865e-01,-2.829125236638284413e+00,-4.928645193034557614e-01,7.558331254836377910e-01,2.595186297134566833e-01,6.515748955740243709e-01,2.091348567510000755e+00,-1.413923022890273273e-01,-2.703497089873811987e+00,-1.940634688229049054e+00,1.539374575089118347e+00,-3.630116101758940950e+00,1.352331782482190548e+00,5.749800759060510913e+00
6.957971981320880239e+00,7.392473416339871983e-01,4.387822578039717314e-01,-5.617915212676283243e-01,2.489296388822251349e-02,6.494188969614752560e-01,-2.829940370855347886e+00,-5.108748093394940293e-01,7.428219051674623818e-01,2.697257992317864672e-01,6.272188934513617253e-01,2.100086013968327947e+00,-1.029605894617084405e-01,-2.695796319699795163e+00,-1.960072931442289113e+00,1.520682032051819288e+00,-3.671571402490494851e+00,1.267075137699651632e+00,5.771697833372693154e+00
6.964643095396930939e+00,7.357793144699522614e-01,4.436939498671719218e-01,-5.599584520508766872e-01,2.899521391990064756e-02,6.634563701648454881e-01,-2.830498650139532835e+00,-5.288298957245203269e-01,7.296821404425732904e-01,2.798072205799742029e-01,6.025911949785600630e-01,2.108253145028728515e+00,-6.438939382472186335e-02,-2.686947423412355374e+00,-1.979171560134401986e+00,1.501676612231065633e+00,-3.711568464542117418e+00,1.181356183662782389e+00,5.791615869640668990e+00
6.971314209472981638e+00,7.321917122831312907e-01,4.485175626242511870e-01,-5.580585537044711053e-01,3.293229064440184040e-02,6.775464165599554001e-01,-2.830799188102686159e+00,-5.467221274634556094e-01,7.164161117233845966e-01,2.897608334043921263e-01,5.777015717035297593e-01,2.115846976011312108e+00,-2.569195364424747829e-02,-2.676952962495199539e+00,-1.997926141021014734e+00,1.482366389198460865e+00,-3.750094347953413454e+00,1.095204764780348006e+00,5.809544241131801456e+00
6.977985323549032337e+00,7.284849798534206444e-01,4.532522614420929075e-01,-5.560926855757530873e-01,3.670247956085986862e-02,6.916852021958711516e-01,-2.830841186901335682e+00,-5.645438722006085319e-01,7.030261288797432506e-01,2.995846314883945372e-01,5.525598796377972910e-01,2.122864721978264146e+00,1.311842451594319447e-02,-2.665815963361586771e+00,-2.016332276821187985e+00,1.462759519144401388e+00,-3.787136671121501319e+00,1.008650917446491491e+00,5.825473099736607097e+00
6.984656437625083036e+00,7.246596128062454678e-01,4.578972271945649930e-01,-5.540617202136747244e-01,4.030413219033976424e-02,7.058688752127522115e-01,-2.830623937674952462e+00,-5.822875193172577513e-01,6.895145309932603217e-01,3.092766632933394710e-01,5.271760555192578357e-01,2.129303798977066453e+00,5.202837100399915204e-02,-2.653539916122727327e+00,-2.034385607301399723e+00,1.442864237833837437e+00,-3.822683614478167957e+00,9.217248587787132408e-01,5.839393380483588025e+00
6.991327551701133736e+00,7.207161574572453766e-01,4.624516564565538390e-01,-5.519665430022939745e-01,4.373566660183550447e-02,7.200935671865771326e-01,-2.830146820949360542e+00,-5.999454830204031808e-01,6.758836861066687129e-01,3.188350324792076362e-01,5.015601130511297967e-01,2.135161825208334641e+00,9.102445831854316660e-02,-2.640128773164776010e+00,-2.052081810329533518e+00,1.422688857535642448e+00,-3.856723923947245503e+00,8.344569752666950446e-01,5.851296805730536121e+00
6.997998665777184435e+00,7.166552106363819341e-01,4.669147616963169600e-01,-5.498080517908552345e-01,4.699556791310971482e-02,7.343553944814175116e-01,-2.829409307005108509e+00,-6.175102054213723601e-01,6.621359909660933241e-01,3.282578984046580772e-01,4.757221391185716963e-01,2.140436622117606547e+00,1.300932063741174760e-01,-2.625586947535036408e+00,-2.069416602938768612e+00,1.402241763926628915e+00,-3.889246914181324399e+00,7.468778113364500371e-01,5.861175889030356245e+00
7.004669779853235134e+00,7.124774194915468595e-01,4.712857714660895203e-01,-5.475871565206038571e-01,5.008238876622192470e-02,7.486504596087445451e-01,-2.828410956210632765e+00,-6.349741596030424873e-01,6.482738707561943592e-01,3.375434766063485359e-01,4.496722899844267096e-01,2.145126215410585679e+00,1.692210877913490896e-01,-2.609919311138065190e+00,-2.086385742401067223e+00,1.381531412971369166e+00,-3.920242471576831811e+00,6.590180578343063367e-01,5.869023938669736040e+00
7.011340893929285834e+00,7.081834812717558991e-01,4.755639305908895276e-01,-5.453047788484830516e-01,5.299474977760773586e-02,7.629748525932307235e-01,-2.827151419320050429e+00,-6.523298526743709358e-01,6.342997788281369287e-01,3.466900392573565859e-01,4.234207874656526482e-01,2.149228835991309428e+00,2.083945332095484826e-01,-2.593131192742492264e+00,-2.102985027309991040e+00,1.360566327779031859e+00,-3.949701057066592469e+00,5.709085404354941051e-01,5.874835060879039617e+00
7.018012008005336533e+00,7.037741430900011919e-01,4.797485003555021499e-01,-5.429618517678267420e-01,5.573133996259763134e-02,7.773246523445762612e-01,-2.825630437735443756e+00,-6.695698288110254470e-01,6.202161964202750344e-01,3.556959156045677584e-01,3.969779150917944754e-01,2.152742920822734884e+00,2.475999366197191021e-01,-2.575228375799354374e+00,-2.119210298672693060e+00,1.339355095438216736e+00,-3.977613708689303973e+00,4.825802079816270407e-01,5.878604162711996040e+00
7.024683122081387232e+00,6.992502016658793673e-01,4.838387586895576131e-01,-5.405593192262203583e-01,5.829091713424669474e-02,7.916959280347992678e-01,-2.823847843733506391e+00,-6.866866722808206980e-01,6.060256323715562665e-01,3.645594923848708979e-01,3.703540142471206109e-01,2.155667113709323512e+00,2.868236607155946194e-01,-2.556217096072933792e+00,-2.135057441010689061e+00,1.317906363831122363e+00,-4.003972043935072556e+00,3.940641207520310108e-01,5.880326954593885880e+00
7.031354236157437931e+00,6.946125030480835294e-01,4.878340003506850264e-01,-5.380981357406483534e-01,6.067230827638062096e-02,8.060847404804921679e-01,-2.821803560656440446e+00,-7.036730104527293417e-01,5.917306228275253099e-01,3.732792142200407337e-01,3.435594802978307327e-01,2.158000266001155687e+00,3.260520422606045798e-01,-2.536104039085077755e+00,-2.150522383469245291e+00,1.296228838428072017e+00,-4.028768261866646050e+00,3.053914386734083442e-01,5.879999952537009023e+00
7.038025350233488631e+00,6.898619423168815823e-01,4.917335371056805737e-01,-5.355792660100735514e-01,6.287440989076065190e-02,8.204871435295186810e-01,-2.819497603066991598e+00,-7.205215167882325078e-01,5.773337309389110494e-01,3.818535839901694984e-01,3.166047587058464785e-01,2.159741437219192761e+00,3.652713974685287690e-01,-2.514896337374112445e+00,-2.165601100935048429e+00,1.274331279063585010e+00,-4.051995145015784949e+00,2.165934094725927572e-01,5.877620480022454963e+00
7.044696464309539330e+00,6.849994632667060213e-01,4.955366979096274549e-01,-5.330036845256131972e-01,6.489618831828025680e-02,8.348991854515976918e-01,-2.816930076867569355e+00,-7.372249138137507707e-01,5.628375465527402088e-01,3.902811631855337415e-01,2.895003411307626173e-01,2.160889895601355359e+00,4.044680273955069683e-01,-2.492601567569540322e+00,-2.180289615161824290e+00,1.252222496695289067e+00,-4.073646061054365219e+00,1.277013567772824487e-01,5.873186669547258987e+00
7.051367578385590029e+00,6.800260580689730938e-01,4.992428290829478144e-01,-5.303723751784213958e-01,6.673668003412527860e-02,8.493169103322932845e-01,-2.814101179383342810e+00,-7.537759760729689784e-01,5.482446858958875957e-01,3.985605722367893122e-01,2.622567615213259318e-01,2.161445118569024437e+00,4.436282233413547105e-01,-2.469227747283720298e+00,-2.194583995903691243e+00,1.229911350146649651e+00,-4.093714964240063203e+00,3.874666816924776658e-02,5.866697463836206161e+00
7.058038692461640728e+00,6.749427669152832099e-01,5.028512944863012812e-01,-5.276863308654577978e-01,6.839499191682585355e-02,8.637363594698216351e-01,-2.811011199409300332e+00,-7.701675330578048317e-01,5.335577912510782728e-01,4.066904908233809346e-01,2.348845921980876328e-01,2.161406793113734182e+00,4.827382722577573393e-01,-2.444783331821917649e+00,-2.208480362055819768e+00,1.207406742834912450e+00,-4.112196396636256246e+00,-5.023921680490250896e-02,5.858152616717685390e+00
7.064709806537691428e+00,6.697506776411408236e-01,5.063614756933082495e-01,-5.249465530932607704e-01,6.987030149115239230e-02,8.781535727741960340e-01,-2.807660517221195917e+00,-7.863924721168422671e-01,5.187795306252308558e-01,4.146696581600817222e-01,2.073944399286261620e-01,2.160774816103735230e+00,5.217844621612476308e-01,-2.419277210712071025e+00,-2.221974882802167262e+00,1.184717619485291751e+00,-4.129085489106175899e+00,-1.392248186608077143e-01,5.847552693663120138e+00
7.071380920613742127e+00,6.644509253303486629e-01,5.097727721610342266e-01,-5.221540515798815951e-01,7.116185714480777191e-02,8.925645901681321659e-01,-2.804049604550384434e+00,-8.024437413399947427e-01,5.039125974101164029e-01,4.224968732615667077e-01,1.797969419969066562e-01,2.159549294510198170e+00,5.607530875486219646e-01,-2.392718704055813994e+00,-2.235063778769898146e+00,1.161852962832676806e+00,-4.144377962081264855e+00,-2.281786300362628195e-01,5.834899071989653407e+00
7.078052034689792826e+00,6.590446919002452830e-01,5.130846013981751330e-01,-5.193098438551400076e-01,7.226897831888168255e-02,9.069654529891998385e-01,-2.800179024522526205e+00,-8.183143524182561190e-01,4.889597100353256787e-01,4.301709951849473912e-01,1.521027622682862290e-01,2.157730545552904999e+00,5.996304548125868106e-01,-2.365117558702257927e+00,-2.247743323190126929e+00,1.138821790312093851e+00,-4.158070126103729613e+00,-3.170691277792031526e-01,5.820193940725935988e+00
7.084723148765843526e+00,6.535332056679467039e-01,5.162963991309119649e-01,-5.164149548593215400e-01,7.319105567204400864e-02,9.213522053926752609e-01,-2.796049431560175158e+00,-8.339973834773273254e-01,4.739236116134446508e-01,4.376909432501924768e-01,1.243225872516212360e-01,2.155319096765190956e+00,6.384028876554019849e-01,-2.336483944246187328e+00,-2.260009843064676893e+00,1.115633150739036239e+00,-4.170158882143581103e+00,-4.058647850588539274e-01,5.803440300140962016e+00
7.091394262841894225e+00,6.479177408977754293e-01,5.194076194663718171e-01,-5.134704165404802012e-01,7.392755121846492083e-02,9.357208957545642969e-01,-2.791661571249244300e+00,-8.494859818839682886e-01,4.588070695774281171e-01,4.450556972383726828e-01,9.646712216002031881e-02,2.152315685978025694e+00,6.770567324982588175e-01,-2.306828448852371594e+00,-2.271859720338459177e+00,1.092296120980930541e+00,-4.180641721690355084e+00,-4.945340834951340581e-01,5.784641960936034444e+00
7.098065376917944924e+00,6.421996173300666966e-01,5.224177350536325370e-01,-5.104772674505050345e-01,7.447799843945029918e-02,9.500675780742388055e-01,-2.787016280169435589e+00,-8.647733670239262649e-01,4.436128753101636901e-01,4.522642975676740007e-01,6.854708697175607157e-02,2.148721261223164980e+00,7.155783638841224370e-01,-2.276162074907753130e+00,-2.283289393077057028e+00,1.068819802620995407e+00,-4.189516726619806342e+00,-5.830455253014097394e-01,5.763803543100195270e+00
7.104736490993995623e+00,6.363801996915335879e-01,5.253262372422471405e-01,-5.074365523400682365e-01,7.484200236880966806e-02,9.643883133761642634e-01,-2.782114485688627070e+00,-8.798528330502702888e-01,4.283438437661186149e-01,4.593158454471333862e-01,4.057321249278320052e-02,2.144536980555212136e+00,7.539541898718387092e-01,-2.244496234503399634e+00,-2.294295356649220352e+00,1.045213318615597853e+00,-4.196782568836152194e+00,-6.713676454356481971e-01,5.740930474429402963e+00
7.111407605070046323e+00,6.304608971874073875e-01,5.281326362382008366e-01,-5.043493217526393568e-01,7.501923965196222177e-02,9.786791711101652247e-01,-2.776957205721325650e+00,-8.947177516010451637e-01,4.130028130851267076e-01,4.662095030080579683e-01,1.255623642242531535e-02,2.139764211792659410e+00,7.921706574192215466e-01,-2.211842744748093281e+00,-2.304874164913756296e+00,1.021485809946459433e+00,-4.202438509690218815e+00,-7.594690237550941747e-01,5.716028988710101899e+00
7.118078719146097022e+00,6.244431629755486934e-01,5.308364612572761265e-01,-5.012166316176862590e-01,7.500945857881238799e-02,9.929362305496933772e-01,-2.771545548451252117e+00,-9.093615744850900295e-01,3.975926441982175485e-01,4.729444934130944134e-01,-1.549310057633485060e-02,2.134404532177807567e+00,8.302142577529223466e-01,-2.178213822915582742e+00,-2.315022431410510784e+00,9.976464322688275432e-01,-4.206484399174224009e+00,-8.473182971694707133e-01,5.689106123567778006e+00
7.124749833222147721e+00,6.183284936227468886e-01,5.334372606757610269e-01,-4.980395428432244920e-01,7.481247909043037270e-02,1.007155582187569065e+00,-2.765880712018142340e+00,-9.237778363349514743e-01,3.821162204254841543e-01,4.795201009429320149e-01,-4.356405880046493317e-02,2.128459727955635650e+00,8.680715317228508976e-01,-2.143622081427519532e+00,-2.324736830554980038e+00,9.737043525568738200e-01,-4.208920674893852798e+00,-9.348841717878549895e-01,5.660169717981347048e+00
7.131420947298198421e+00,6.121184285434460026e-01,5.359346021784406888e-01,-4.948191209078687813e-01,7.442819275958104108e-02,1.021333329128616407e+00,-2.759963984168899653e+00,-9.379601572257589837e-01,3.665764470659997332e-01,4.859356710606157481e-01,-7.164590342283805313e-02,2.121931793871691063e+00,9.057290751388362704e-01,-2.108080522674291579e+00,-2.334014098836098672e+00,9.496687457476014060e-01,-4.209748360818387880e+00,-1.022135435054056796e+00,5.629228409464388960e+00
7.138092061374249120e+00,6.058145494211060189e-01,5.383280729038343315e-01,-4.915564354525258084e-01,7.385656274515919884e-02,1.035465588478702736e+00,-2.753796741873201892e+00,-9.519022452590398808e-01,3.509762509797056396e-01,4.921906104534726767e-01,-9.972790839916700900e-02,2.114822932589055515e+00,9.431735440874398080e-01,-2.071602533675843016e+00,-2.342851036016838417e+00,9.255487913843902792e-01,-4.208969065809808008e+00,-1.109040967865844829e+00,5.596291630914252302e+00
7.144763175450299819e+00,5.994184796124494286e-01,5.406172795866148739e-01,-4.882525598718769899e-01,7.309762372059597224e-02,1.049548492729613480e+00,-2.747380450903714522e+00,-9.655978991103755238e-01,3.353185801612830752e-01,4.982843870526477148e-01,-1.277993603643794440e-01,2.107135554024528012e+00,9.803916602266263824e-01,-2.034201880584830313e+00,-2.351244506337125895e+00,9.013536702614503016e-01,-4.206584981931804634e+00,-1.195569756672857364e+00,5.561369607130302484e+00
7.151434289526350518e+00,5.929318835348378336e-01,5.428018486971529777e-01,-4.849085709058201799e-01,7.215148177630834048e-02,1.063578191139220142e+00,-2.740716665381066175e+00,-9.790410105398774654e-01,3.196064033060248555e-01,5.042165300302627884e-01,-1.558495625169554755e-01,2.098872274604214994e+00,1.017370216056093790e+00,-1.995892703034389148e+00,-2.359191439718624217e+00,8.770925610704656261e-01,-4.202598882539702707e+00,-1.281690905548328097e+00,5.524473351002734844e+00
7.158105403602401218e+00,5.863564660370260695e-01,5.448814265781484201e-01,-4.815255482309859225e-01,7.101831429628563397e-02,1.077550851106428453e+00,-2.733807027283741142e+00,-9.922255668644289761e-01,3.038427093676153712e-01,5.099866297742114973e-01,-1.838678384898299045e-01,2.090035916438642172e+00,1.054096080161095905e+00,-1.956689508332980054e+00,-2.366688832970962331e+00,8.527746370505324691e-01,-4.197014120152555705e+00,-1.367373648229639693e+00,5.485614659373423407e+00
7.164776517678451917e+00,5.796939717535560810e-01,5.468556795782728575e-01,-4.781045740525146637e-01,6.969836980889684841e-02,1.091462659540339608e+00,-2.726653265923103753e+00,-1.005145653390713489e+00,2.880305071079101720e-01,5.155943378406250277e-01,-2.118435362063423311e-01,2.080629506417713603e+00,1.090556202427551469e+00,-1.916607165508689370e+00,-2.373733750998892500e+00,8.284090626427543791e-01,-4.189834624108450534e+00,-1.452587360122830074e+00,5.444806108570505288e+00
7.171447631754502616e+00,5.729461844430505657e-01,5.487242941827921161e-01,-4.746467326962138245e-01,6.819196781202965796e-02,1.105309824223122739e+00,-2.719257197383712299e+00,-1.017795455808008231e+00,2.721728246386278527e-01,5.210393668840358483e-01,-2.397660317198507252e-01,2.070656275225682297e+00,1.126737619226295450e+00,-1.875660899205566778e+00,-2.380323328009931405e+00,8.040049901506028940e-01,-4.181064898004465569e+00,-1.537301570266075945e+00,5.402061049618491317e+00
7.178118745830553316e+00,5.661149263106814988e-01,5.504869771411005086e-01,-4.711531102012538330e-01,6.649949857267409281e-02,1.119088575166038879e+00,-2.711620723929171195e+00,-1.030169262539773145e+00,2.562727089549859949e-01,5.263214905652839892e-01,-2.676247330355557286e-01,2.060119656276464095e+00,1.162627458564299943e+00,-1.833866283434568478e+00,-2.386454768722006126e+00,7.795715564073099069e-01,-4.170710016922627439e+00,-1.621485973247260848e+00,5.357393603125806258e+00
7.184789859906604015e+00,5.592020573150924267e-01,5.521434555911135522e-01,-4.676247939135654841e-01,6.462142290107306120e-02,1.132795165958105699e+00,-2.703745833373729646e+00,-1.042261467053082535e+00,2.403332254613148866e-01,5.314405434372236892e-01,-2.954090839130756874e-01,2.049023284569650105e+00,1.198212945200702872e+00,-1.791239235181740330e+00,-2.392125349570573434e+00,7.551178794515633896e-01,-4.158775624443249441e+00,-1.705110441070712968e+00,5.310818653851928417e+00
7.191460973982654714e+00,5.522094744600570815e-01,5.536934771804769007e-01,-4.640628720800566431e-01,6.255827189957405277e-02,1.146425875106859449e+00,-2.695634598419875516e+00,-1.054066570124930546e+00,2.243574574885690287e-01,5.363964208082757645e-01,-3.231085676484362068e-01,2.037370995467483681e+00,1.233481405725543656e+00,-1.747796007876391222e+00,-2.397332419914763868e+00,7.306530552126013767e-01,-4.145267929447369326e+00,-1.788145034968192437e+00,5.262351844956229208e+00
7.198132088058705413e+00,5.451391110711657495e-01,5.551368101845205461e-01,-4.604684334438287618e-01,6.031064668632318826e-02,1.159977007370699642e+00,-2.687289175962181087e+00,-1.065579182064519959e+00,2.083485058038509474e-01,5.411890785839098550e-01,-3.507127108339872512e-01,2.025166823393299342e+00,1.268420273599065062e+00,-1.703553184721964930e+00,-2.402073403241999472e+00,7.061861542060564600e-01,-4.130193702709738623e+00,-1.870560017149328624e+00,5.212009571930955154e+00
7.204803202134756113e+00,5.379929360578367126e-01,5.564732436209218758e-01,-4.568425668405129980e-01,5.787921809395327188e-02,1.173444895082289330e+00,-2.678711806357663150e+00,-1.076794024890599166e+00,1.923094881118693755e-01,5.458185330861150542e-01,-3.782110870949273451e-01,2.012415000451749592e+00,1.303017094149507171e+00,-1.658527671892473743e+00,-2.406345798370606026e+00,6.817262182416394811e-01,-4.113560273284203817e+00,-1.952325862486587127e+00,5.159808976220771726e+00
7.211474316210806812e+00,5.307729531609474138e-01,5.577025873610139683e-01,-4.531863607958865336e-01,5.526472634342749490e-02,1.186825899462496725e+00,-2.669904812662945659e+00,-1.087705934462983359e+00,1.762435385483853700e-01,5.502848608509571804e-01,-4.055933208010328306e-01,1.999119954971318780e+00,1.337259529527315749e+00,-1.612736691597324690e+00,-2.410147180649881538e+00,6.572822571439198569e-01,-4.095375524683189106e+00,-2.033413270130031592e+00,5.105767938531466044e+00
7.218145430286857511e+00,5.234812001864160846e-01,5.588246722376845055e-01,-4.495009031249179166e-01,5.246798069320857127e-02,1.200116411924341486e+00,-2.660870599838532691e+00,-1.098309862567360851e+00,1.601538071656886386e-01,5.545881984043004032e-01,-4.328490907521745368e-01,1.985286309969624075e+00,1.371135363613622538e+00,-1.566197775017582172e+00,-2.413475203157089854e+00,6.328632454874471014e-01,-4.075647890853226762e+00,-2.113793175046867479e+00,5.049905071830695036e+00
7.224816544362908211e+00,5.161197482250200474e-01,5.598393501498192260e-01,-4.457872805323748189e-01,4.948985906393271739e-02,1.213312855366459386e+00,-2.651611653920488809e+00,-1.108600878952572755e+00,1.440434594100745425e-01,5.587287420158055795e-01,-4.599681338363547645e-01,1.970918881541974033e+00,1.404632506881074328e+00,-1.518928755116502938e+00,-2.416327597890858048e+00,6.084781193473101091e-01,-4.054386351948406464e+00,-2.193436759481257603e+00,4.992239714043460452e+00
7.231487658438958910e+00,5.086907008587886470e-01,5.607464941632342992e-01,-4.420465782151432599e-01,4.633130763877404967e-02,1.226411685455562672e+00,-2.642130541159849244e+00,-1.118574173319513143e+00,1.279156755913709587e-01,5.627067474312996698e-01,-4.869402486588779722e-01,1.956022677173753888e+00,1.437739001204907829e+00,-1.470947759327490889e+00,-2.418702176960436212e+00,5.841357730663745418e-01,-4.031600429903825500e+00,-2.272315464329467183e+00,4.932791920445430023e+00
7.238158772515009609e+00,5.011961933542952163e-01,5.615459986080373334e-01,-4.382798794664157227e-01,4.299334043970165498e-02,1.239409391897378088e+00,-2.632429907130124924e+00,-1.128225057260849429e+00,1.117736503445785762e-01,5.665225295836471275e-01,-5.137552991412885905e-01,1.940602893977257937e+00,1.470443024622247075e+00,-1.422273202122547042e+00,-2.420596833770256584e+00,5.598450560404371057e-01,-4.007300183811121741e+00,-2.350401000425643705e+00,4.871582455757288876e+00
7.244829886591060308e+00,4.936383918431651585e-01,5.622377791723788265e-01,-4.344882652818624069e-01,3.947703887982650928e-02,1.252302499695589377e+00,-2.622512475803210563e+00,-1.137548966150779162e+00,9.562059208358286710e-02,5.701764622822255157e-01,-5.404032180888707071e-01,1.924664916853487284e+00,1.502732896037738186e+00,-1.372923777464284179e+00,-2.422009544199274611e+00,5.356147695223268945e-01,-3.981496205098244978e+00,-2.427665359733639505e+00,4.808632785943190768e+00
7.251501000667111008e+00,4.860194924901607427e-01,5.628217729925248936e-01,-4.306728139679627532e-01,3.578355129206647889e-02,1.265087570398248040e+00,-2.612381048594116351e+00,-1.146541460984047855e+00,7.945972244705661047e-02,5.736689778811602247e-01,-5.668740107252709937e-01,1.908214316579672776e+00,1.534597079873411651e+00,-1.322918451144838858e+00,-2.422938367774491120e+00,5.114536634463027198e-01,-3.954199612515796769e+00,-2.504080826440020502e+00,4.743965069716980842e+00
7.258172114743161707e+00,4.783417206491565876e-01,5.632979387392127446e-01,-4.268346007526078179e-01,3.191409243433657172e-02,1.277761203331199802e+00,-2.602038503374842104e+00,-1.155198230163496431e+00,6.329427573653129135e-02,5.770005669264365311e-01,-5.931577581930923548e-01,1.891256847823095555e+00,1.566024190660982640e+00,-1.272276453014747899e+00,-2.423381448838132002e+00,4.873704332737548439e-01,-3.925422046932159237e+00,-2.579619987943864157e+00,4.677602149759414907e+00
7.264843228819212406e+00,4.706073300073674304e-01,5.636662567002318491e-01,-4.229746973981281521e-01,2.786994297150613420e-02,1.290320036818002558e+00,-2.591487793457830424e+00,-1.163515091235404419e+00,4.712749834669976989e-02,5.801717777820426525e-01,-6.192446210191218103e-01,1.873798447081953977e+00,1.597002997574584970e+00,-1.221017269105193259e+00,-2.423337017707899221e+00,4.633737168614351920e-01,-3.895175665939890841e+00,-2.654255745738595795e+00,4.609567543650195276e+00
7.271514342895263106e+00,4.628186017181767919e-01,5.639267288591750527e-01,-4.190941718168952890e-01,2.365244893436128926e-02,1.302760749385876382e+00,-2.580731946549378986e+00,-1.171487992571941472e+00,3.096264818803623475e-02,5.831832162353074445e-01,-6.451248425429296773e-01,1.855845230554035608e+00,1.627522428902062890e+00,-1.169160633646876502e+00,-2.422803391829725594e+00,4.394720913533893825e-01,-3.863473138275805852e+00,-2.727961326181406854e+00,4.539885434518516227e+00
7.278185456971313805e+00,4.549778435229213103e-01,5.640793789703140160e-01,-4.151940876896138000e-01,1.926302115582179120e-02,1.315080060957186658e+00,-2.569774063673440523e+00,-1.179113015000025744e+00,1.480299410171748153e-02,5.860355450815787348e-01,-6.707887523076513370e-01,1.837403491933912836e+00,1.657571576452960382e+00,-1.116726520988961635e+00,-2.421778976922448479e+00,4.156740700976610525e-01,-3.830327638057349660e+00,-2.800710291145652064e+00,4.468580661416031496e+00
7.284856571047364504e+00,4.470873888619846803e-01,5.641242526295489057e-01,-4.112755040864542466e-01,1.470313468466231954e-02,1.327274734026006264e+00,-2.558617318066219060e+00,-1.186386373375962755e+00,-1.348184733055840523e-03,5.887294836884156002e-01,-6.962267694117273420e-01,1.818479700139462807e+00,1.687139699901402334e+00,-1.063735137421393251e+00,-2.420262268113837045e+00,3.919880995889145070e-01,-3.795752838837778143e+00,-2.872476548551891273e+00,4.395678709416136698e+00
7.291527685123415203e+00,4.391495959755754019e-01,5.640614173413741606e-01,-4.073394750911708551e-01,9.974328177013935814e-03,1.339341574819267411e+00,-2.547264954042038454e+00,-1.193304418105209930e+00,-1.748759939926064488e-02,5.912658075394870982e-01,-7.214294058203402082e-01,1.799080496968600507e+00,1.716216231061977737e+00,-1.010206912904148435e+00,-2.418251851067381164e+00,3.684225564381634066e-01,-3.759762907482913974e+00,-2.943234362773050172e+00,4.321205699443847692e+00
7.298198799199465903e+00,4.311668469945421633e-01,5.638909625818200322e-01,-4.033870494283123831e-01,5.078203265903052932e-03,1.351277434442062608e+00,-2.535720285830885157e+00,-1.199863636606669282e+00,-3.361195184977847084e-02,5.936453477583299998e-01,-7.463872696354814096e-01,1.779212694686960416e+00,1.744790778096953154e+00,-9.561624927067988722e-01,-2.415746403099255257e+00,3.449857443705717230e-01,-3.722372497872129760e+00,-3.012958364909417153e+00,4.245188377840268146e+00
7.304869913275516602e+00,4.231415470216201014e-01,5.636129998573100597e-01,-3.994192700936958218e-01,1.642390912975910666e-05,1.363079210006612696e+00,-2.523986696388154538e+00,-1.206060654720913394e+00,-4.971793552250156067e-02,5.958689906121998892e-01,-7.710910683233469509e-01,1.758883273547552584e+00,1.772853129652919080e+00,-9.016227289620564189e-01,-2.412744694284844726e+00,3.216858912526042724e-01,-3.683596744426485436e+00,-3.081623562929035387e+00,4.167654105666281694e+00
7.311541027351567301e+00,4.150761232034598791e-01,5.632276627593947316e-01,-3.954371739882410752e-01,-5.209284284250409458e-03,1.374743845744470505e+00,-2.512067636177007568e+00,-1.211892238061788918e+00,-6.580223596280457277e-02,5.979376769961652904e-01,-7.955316118980435558e-01,1.738099379243176035e+00,1.800393258925288231e+00,-8.466086721367078738e-01,-2.409245588554295381e+00,2.985311461494441487e-01,-3.643451255466769734e+00,-3.149205351669360109e+00,4.088630847749611164e+00
7.318212141427618000e+00,4.069730237938341544e-01,5.627351070153088219e-01,-3.914417915553151106e-01,-1.059713474853046788e-02,1.386268334101507849e+00,-2.499966621923872534e+00,-1.217355293310856901e+00,-8.186153145329472247e-02,5.998524018976885142e-01,-8.196998160604160866e-01,1.716868320292597172e+00,1.827401327648857876e+00,-7.911415624236188826e-01,-2.405248044776416627e+00,2.755295764138457337e-01,-3.601952106404449072e+00,-3.215679522695875203e+00,4.008147161479980625e+00
7.324883255503668700e+00,3.988347172084050207e-01,5.621355105342974445e-01,-3.874341464217230802e-01,-1.614528067673987044e-02,1.397649716815245746e+00,-2.487687235347588288e+00,-1.222446869454153484e+00,-9.789249365071750475e-02,6.016142138419008356e-01,-8.435867052908662123e-01,1.695197565361481029e+00,1.853867690012777514e+00,-7.352428210584499579e-01,-2.400751117830398851e+00,2.526891648075108021e-01,-3.559115832768529941e+00,-3.281022274013512874e+00,3.926232185357068083e+00
7.331554369579719399e+00,3.906636910714242905e-01,5.614290734496782953e-01,-3.834152550424463346e-01,-2.185181575651629071e-02,1.408885085974098450e+00,-2.475233121862655317e+00,-1.227164158960785567e+00,-1.138917882300168327e-01,6.032242143177650728e-01,-8.671834158951774452e-01,1.673094740518981105e+00,1.879782896498356060e+00,-6.789340415646429872e-01,-2.395753959664711275e+00,2.300178066559195877e-01,-3.514959423071318145e+00,-3.345210219626840509e+00,3.842915627295812264e+00
7.338225483655770098e+00,3.824624512547806776e-01,5.606160181565749134e-01,-3.793861263492896985e-01,-2.771477492612423044e-02,1.419971585058098729e+00,-2.462607989257186603e+00,-1.231504498902885381e+00,-1.298560755353691809e-01,6.046835571853952374e-01,-8.904811990021468393e-01,1.650567626431131529e+00,1.905137697637989902e+00,-6.222369809305348110e-01,-2.390255820342576776e+00,2.075233070378205702e-01,-3.469500311516329205e+00,-3.408220398944818541e+00,3.758227752694281776e+00
7.344896597731820798e+00,3.742335209097612525e-01,5.596965893452902074e-01,-3.753477614035324872e-01,-3.373213515031958654e-02,1.430906409960701842e+00,-2.449815606346016583e+00,-1.235465372016499419e+00,-1.457820112381762179e-01,6.059934480647293231e-01,-9.134714235121050852e-01,1.627624155491983471e+00,1.929923047693768101e+00,-5.651735507221213872e-01,-2.384256049073434358e+00,1.852133780102562521e-01,-3.422756370551360394e+00,-3.470030286026326571e+00,3.672199372268717621e+00
7.351567711807871497e+00,3.659794394919362315e-01,5.586710540302656236e-01,-3.713011530527203785e-01,-3.990181621571332882e-02,1.441686809991236551e+00,-2.436859801599551734e+00,-1.239044407702974304e+00,-1.616662470018885300e-01,6.071551437058122502e-01,-9.361455789952400908e-01,1.604272408893611113e+00,1.954130108254144460e+00,-5.077658081353477737e-01,-2.377754095229767550e+00,1.630956358702125297e-01,-3.374745903270064407e+00,-3.530617798662371687e+00,3.584861829661057264e+00
7.358238825883922196e+00,3.577027617795654479e-01,5.575397015745811036e-01,-3.672472855917276457e-01,-4.622168154529683604e-02,1.452310088857618808e+00,-2.423744461748917445e+00,-1.242239382970474093e+00,-1.775054311535360085e-01,6.081699513409480895e-01,-9.584952785387088614e-01,1.580520613636107630e+00,1.977750251747182553e+00,-4.500359469916204724e-01,-2.370749509348704542e+00,1.411775984539073159e-01,-3.325487635665275388e+00,-3.589961307291256176e+00,3.496246988824037949e+00
7.364909939959972895e+00,3.494060568859256866e-01,5.563028437099547530e-01,-3.631871344281915048e-01,-5.268953903178988374e-02,1.462773605628909568e+00,-2.410473530367935435e+00,-1.245048223315234681e+00,-1.932962093619165767e-01,6.090392280189523833e-01,-9.805122615416086429e-01,1.556377139478659188e+00,2.000775064868919983e+00,-3.920062886804084323e-01,-2.363241944117758120e+00,1.194666824746571099e-01,-3.275000708737455746e+00,-3.648039643742728710e+00,3.406387221189175918e+00
7.371581054036023595e+00,3.410919072659536200e-01,5.549608145521967018e-01,-3.591216657524481937e-01,-5.930314188946068932e-02,1.473074775677351678e+00,-2.397051006432515674e+00,-1.247469003542237997e+00,-2.090352253223027035e-01,6.097643799217741245e-01,-1.002188396456837660e+00,1.531850495832852266e+00,2.023196351925442560e+00,-3.336992730526203155e-01,-2.355231155344118310e+00,9.797020090029184836e-02,-3.223304670461573984e+00,-3.704832109807577822e+00,3.315315392622863122e+00
7.378252168112074294e+00,3.327629077176278427e-01,5.535139706120713043e-01,-3.550518362120937965e-01,-6.606018952404825451e-02,1.483211071599483732e+00,-2.383480942858062335e+00,-1.249499948524979809e+00,-2.247191214475302568e-01,6.103468616637739430e-01,-1.023515683478861238e+00,1.506949328599445526e+00,2.045006138087210878e+00,-2.751374492687120310e-01,-2.346717002906888450e+00,7.669536037115076699e-02,-3.170419467615969378e+00,-3.760318485628887153e+00,3.223064850176215579e+00
7.384923282188124993e+00,3.244216643784754162e-01,5.519626908015315969e-01,-3.509785925912640159e-01,-7.295832842044411293e-02,1.493180024115969839e+00,-2.369767445015443119e+00,-1.251139433904041365e+00,-2.403445395654253136e-01,6.107881755738910901e-01,-1.044486257176574284e+00,1.481682416949715142e+00,2.066196672554359459e+00,-2.163434666052845290e-01,-2.337699451691630514e+00,5.564925865947562000e-02,-3.116365437476582123e+00,-3.814479037911366444e+00,3.129669408634008221e+00
7.391594396264175693e+00,3.160707937176300275e-01,5.503073764352782726e-01,-3.469028714947718917e-01,-7.999515304774457158e-02,1.502979222949779148e+00,-2.355914669226159663e+00,-1.252385986724207756e+00,-2.559081216223583199e-01,6.110898709610242951e-01,-1.065092389070262380e+00,1.456058670052697845e+00,2.086760431631585089e+00,-1.573400652240631303e-01,-2.328178572506650834e+00,3.483888217126168696e-02,-3.061163299380155856e+00,-3.867294527945318805e+00,3.035163336868452078e+00
7.398265510340226392e+00,3.077129215238446625e-01,5.485484512276022073e-01,-3.428255990371936734e-01,-8.716820678130313138e-02,1.512606317682347434e+00,-2.341926821237310996e+00,-1.253238286009884739e+00,-2.714065103928836598e-01,6.112535433628839554e-01,-1.085326490151882872e+00,1.430087123749511635e+00,2.106690121711359609e+00,-9.815006690718997007e-02,-2.318154542980372934e+00,1.427110349137217238e-02,-3.004834146160012764e+00,-3.918746219441657352e+00,2.939581344003513230e+00
7.404936624416277091e+00,2.993506818898692412e-01,5.466863612844805598e-01,-3.387476905370184199e-01,-9.447498284141631064e-02,1.522059018587385015e+00,-2.327808154676945129e+00,-1.253695163278611080e+00,-2.868363501952922445e-01,6.112808337785988755e-01,-1.105181113347804667e+00,1.403776937176034245e+00,2.125978682164257449e+00,-3.879636576260386827e-02,-2.307627648439225077e+00,-6.047321027152330331e-03,-2.947399435457924710e+00,-3.968815886174711594e+00,2.842958565395409032e+00
7.411607738492327790e+00,2.909867161936130486e-01,5.447215750908724896e-01,-3.346700502159798973e-01,-1.019129252482284115e-01,1.531335097441985038e+00,-2.313562969490472465e+00,-1.253755602992478568e+00,-3.021942876129324329e-01,6.111734278854216162e-01,-1.124648955923146953e+00,1.377137389335288065e+00,2.144619288135117152e+00,2.069808109646437133e-02,-2.296598282765435872e+00,-2.610975362866962968e-02,-2.888880980915890184e+00,-4.017485819429501781e+00,2.745330548435375828e+00
7.418278852568378490e+00,2.826236720764973565e-01,5.426545834931882917e-01,-3.305935709036531556e-01,-1.094794297924975429e-01,1.540432388314703749e+00,-2.299195610358706343e+00,-1.253418742947292275e+00,-3.174769722212232859e-01,6.109330552397738145e-01,-1.143722861827021875e+00,1.350177875620743428e+00,2.162605353243965745e+00,8.031026289410048147e-02,-2.285066949234104694e+00,-4.590967747463836623e-02,-2.829300943251376932e+00,-4.064738835250228277e+00,2.646733238180349890e+00
7.424949966644429189e+00,2.742642024194298367e-01,5.404858996768870938e-01,-3.265191337474455113e-01,-1.171718450217872354e-01,1.549348788330281890e+00,-2.284710465098250154e+00,-1.252683874599350489e+00,-3.326810573201410270e-01,6.105614884629988470e-01,-1.162395823977803833e+00,1.322907904292007775e+00,2.179930532190474501e+00,1.400171245523197938e-01,-2.273034261328980232e+00,-6.544069891647186221e-02,-2.768681821219976857e+00,-4.110558281486829557e+00,2.547202962817950223e+00
7.431621080720479888e+00,2.659109643167980597e-01,5.382160591391735860e-01,-3.224476079280604868e-01,-1.249874732417168288e-01,1.558082258410701693e+00,-2.270111963044793679e+00,-1.251550443329723539e+00,-3.478032006721019642e-01,6.100605424120932874e-01,-1.180660986487784836e+00,1.295337092904138121e+00,2.196588723260948672e+00,1.997955760659608782e-01,-2.260500943536333018e+00,-8.469654972084050826e-02,-2.707046442469048131e+00,-4.154928044636602813e+00,2.446776418971444045e+00
7.438292194796530588e+00,2.575666180489125656e-01,5.358456196567508156e-01,-3.183798503805433944e-01,-1.329235715318449196e-01,1.566630823992277488e+00,-2.255404573420035419e+00,-1.250018048645954449e+00,-3.628400652450676223e-01,6.094320733357543318e-01,-1.198511646826455612e+00,1.267475164692009715e+00,2.212574070736765819e+00,2.596225018877885704e-01,-2.247467832116306408e+00,-1.036710892465469436e-01,-2.644417954286309769e+00,-4.197832556477836263e+00,2.345490656851097810e+00
7.444963308872581287e+00,2.492338260533120409e-01,5.333751612486028471e-01,-3.143167055210127625e-01,-1.409773527757734457e-01,1.574992575718475507e+00,-2.240592803682861955e+00,-1.248086444321134580e+00,-3.777883199606917319e-01,6.086779780160822551e-01,-1.215941257921705487e+00,1.239331944911157724e+00,2.227880967203247131e+00,3.194747703199391498e-01,-2.233935875851218000e+00,-1.223583065721772778e-01,-2.580819814247217625e+00,-4.239256800492642974e+00,2.243383065258051090e+00
7.451634422948631986e+00,2.409152518953535660e-01,5.308052861337657635e-01,-3.102590049791565940e-01,-1.491459867050617394e-01,1.583165670108178436e+00,-2.225681197865472694e+00,-1.245755538470310064e+00,-3.926446404474083773e-01,6.078001928962439848e-01,-1.232943430198325085e+00,1.210917357136469086e+00,2.242504055758018477e+00,3.793292429076983163e-01,-2.219906136770123162e+00,-1.407523225737941641e-01,-2.516275780765031111e+00,-4.279186318076050988e+00,2.140491356447036253e+00
7.458305537024682685e+00,2.326135592384955264e-01,5.281366186840613652e-01,-3.062075673365945438e-01,-1.574266009565351565e-01,1.591148330199130712e+00,-2.210674334895080140e+00,-1.243025393564226144e+00,-4.074057097982716202e-01,6.068006931944407434e-01,-1.249511933553161036e+00,1.182241419520151604e+00,2.256438232117947251e+00,4.391627838317987420e-01,-2.205379790849137045e+00,-1.588473919519156063e-01,-2.450809903547411572e+00,-4.317607214528762505e+00,2.036853550854129224e+00
7.464976651100733385e+00,2.243314108147050068e-01,5.253698053717598127e-01,-3.021631978712037703e-01,-1.658162821425444855e-01,1.598938846166280126e+00,-2.195576826901935785e+00,-1.239896226380435174e+00,-4.220682193333563648e-01,6.056814920045445749e-01,-1.265640699266265878e+00,1.153314241010503061e+00,2.269678646623744633e+00,4.989522692951775529e-01,-2.190358128686914707e+00,-1.766379052069848576e-01,-2.384446513963657477e+00,-4.354506164830864279e+00,1.932507961696153576e+00
7.471647765176784084e+00,2.160714673953930132e-01,5.225055147121402399e-01,-2.981266883074754626e-01,-1.743120769337750953e-01,1.606535575914772362e+00,-2.180393317514287332e+00,-1.236368407891806243e+00,-4.366288693666236509e-01,6.044446393837027420e-01,-1.281323821847556221e+00,1.124146017532843711e+00,2.282220706141441013e+00,5.586745969003540369e-01,-2.174842556154663153e+00,-1.941183905627191231e-01,-2.317210215326397371e+00,-4.389870419193920625e+00,1.827493179447958305e+00
7.478318879252834783e+00,2.078363867633068462e-01,5.195444372009223599e-01,-2.940988165730120674e-01,-1.829109931541458012e-01,1.613936945647344468e+00,-2.165128480141023992e+00,-1.232442463092525253e+00,-4.510843699769932491e-01,6.030922214273131132e-01,-1.296555560818307251e+00,1.094747028134200439e+00,2.294060075859894354e+00,6.183066950134705753e-01,-2.158834595020199920e+00,-2.112835158365365951e-01,-2.249125873091878169e+00,-4.423687808389078491e+00,1.721848056204216881e+00
7.484989993328885483e+00,1.996288226857929893e-01,5.164872852465396402e-01,-2.900803465612309395e-01,-1.916100008873776184e-01,1.621141450405882312e+00,-2.149787016242674209e+00,-1.228119070761680920e+00,-4.654314417835198059e-01,6.016263593316835134e-01,-1.311330342427051265e+00,1.065127631093186977e+00,2.305192680983623621e+00,6.778255321110354670e-01,-2.142335883545397390e+00,-2.281280902564603585e-01,-2.180218604982844255e+00,-4.455946748848657712e+00,1.615611689932300976e+00
7.491661107404936182e+00,1.914514238898369913e-01,5.133347930972267381e-01,-2.860720279003584610e-01,-2.004060335947959459e-01,1.628147654586915127e+00,-2.134373653591446818e+00,-1.223399063164561706e+00,-4.796668167244639291e-01,6.000492084447536234e-01,-1.325642761299333117e+00,1.035298259996591419e+00,2.315614708320245185e+00,7.372081261055760670e-01,-2.125348177056499921e+00,-2.446470662238187099e-01,-2.110513771037997088e+00,-4.486636247539101063e+00,1.508823408622647744e+00
7.498332221480986881e+00,1.833068330393143319e-01,5.100877167629017661e-01,-2.820745957288043337e-01,-2.092959892439026359e-01,1.634954192430827735e+00,-2.118893144521057703e+00,-1.218283425691828903e+00,-4.937872388400501578e-01,5.983629573052466899e-01,-1.339487582020826739e+00,1.005269419784266649e+00,2.325322607761842075e+00,7.964315536461650247e-01,-2.107873348486784426e+00,-2.608355410210838610e-01,-2.040036963592258168e+00,-4.515745906602985471e+00,1.401522754343528465e+00
7.505003335557037580e+00,1.751976857148442590e-01,5.067468339318107473e-01,-2.780887704769761659e-01,-2.182767314473004761e-01,1.641559768484592619e+00,-2.103350264167011208e+00,-1.212773296436731929e+00,-5.077894650587769787e-01,5.965698266706060959e-01,-1.352859740653412635e+00,9.750516827637871753e-01,2.334313093659668326e+00,8.554729593900730622e-01,-2.089913388890948909e+00,-2.766887584642775400e-01,-1.968813997191772192e+00,-4.543265927768076473e+00,1.293749467206605885e+00
7.511674449633088280e+00,1.671266093966781718e-01,5.033129438819148316e-01,-2.741152576556143972e-01,-2.273450906114985459e-01,1.647963158037807574e+00,-2.087749808698073917e+00,-1.206869965710582804e+00,-5.216702659870638970e-01,5.946720685340924906e-01,-1.365754346183775336e+00,9.446556845964986238e-01,2.342583146091607116e+00,9.143095652415320629e-01,-2.071470407930694257e+00,-2.922021104993237084e-01,-1.896870898447904352e+00,-4.569187116521293390e+00,1.185543469250265769e+00
7.518345563709138979e+00,1.590962224510236167e-01,4.997868673870026757e-01,-2.701547476507282219e-01,-2.364978650951510553e-01,1.654163207531879287e+00,-2.072096593539667353e+00,-1.200574875496720928e+00,-5.354264267020090173e-01,5.926719651314367177e-01,-1.378166681904091639e+00,9.140921202565188697e-01,2.350130012021848014e+00,9.729186795538790067e-01,-2.052546634331043673e+00,-3.073711387417581431e-01,-1.824233895834316277e+00,-4.593500886045875475e+00,1.076944848247309405e+00
7.525016677785189678e+00,1.511091331202111254e-01,4.961694466175013973e-01,-2.662079155251801388e-01,-2.457318223762948728e-01,1.660158834942147887e+00,-2.056395451589851042e+00,-1.193889618843211098e+00,-5.490547475471372341e-01,5.905718279373849411e-01,-1.390092206724518942e+00,8.833717399642357915e-01,2.356951206352325023e+00,1.031277706291182650e+00,-2.033144416306730928e+00,-3.221915359592985584e-01,-1.750929409431188910e+00,-4.616199260919719549e+00,9.679938414437653238e-01
7.531687791861240378e+00,1.431679385171232277e-01,4.924615450359701163e-01,-2.622754208270080545e-01,-2.550437002280945831e-01,1.665949030132815700e+00,-2.040651231428691315e+00,-1.186815939194584502e+00,-5.625520449308474280e-01,5.883739966525741716e-01,-1.401526556417061364e+00,8.525053450959780843e-01,2.363044512865445590e+00,1.089364154145511465e+00,-2.013266221958275537e+00,-3.366591474966741937e-01,-1.676984040620942640e+00,-4.637274880573355240e+00,8.587308192358309444e-01
7.538358905937291077e+00,1.352752236242772965e-01,4.886640472872610941e-01,-2.583579074045303514e-01,-2.644302079026710217e-01,1.671532855184507449e+00,-2.024868795521680198e+00,-1.179355729662901808e+00,-5.759151521274287200e-01,5.860808381810751477e-01,-1.412465544790566963e+00,8.215037840713834694e-01,2.368407985057757958e+00,1.147155645606127372e+00,-1.992914639637124674e+00,-3.507699726422685571e-01,-1.602424561739401954e+00,-4.656721002505832097e+00,7.491962687914948127e-01
7.545030020013341776e+00,1.274335602979765891e-01,4.847778590833236589e-01,-2.544560032283020856e-01,-2.738880273225343664e-01,1.676909444694322904e+00,-2.009053018417961578e+00,-1.171511032238493843e+00,-5.891409200804054169e-01,5.836947455990171285e-01,-1.422905164796559152e+00,7.903779482201482853e-01,2.373039946864177629e+00,1.204629925976698379e+00,-1.972092378279368452e+00,-3.645201659360499113e-01,-1.527277905686767578e+00,-4.674531505256981134e+00,6.394307776239890329e-01
7.551701134089392475e+00,1.196455062779275130e-01,4.808039070826486405e-01,-2.505703202199873192e-01,-2.834138142791530757e-01,1.682078006048258745e+00,-1.993208784944107359e+00,-1.163284036940730459e+00,-6.022262182079786141e-01,5.812181371147020492e-01,-1.432841589565600149e+00,7.591387676297715048e-01,2.376938993272490475e+00,1.261764872336899712e+00,-1.950802267707615112e+00,-3.779060384183267618e-01,-1.451571155502524135e+00,-4.690700891134778061e+00,5.294750171237776470e-01
7.558372248165443175e+00,1.119136042027165240e-01,4.767431387643263352e-01,-2.467014540881849460e-01,-2.930041996382212743e-01,1.687037819665863525e+00,-1.977340988394132637e+00,-1.154677080909197517e+00,-6.151679352104107990e-01,5.786534550205566507e-01,-1.442271173374051640e+00,7.277972069758945617e-01,2.380103990827886484e+00,1.318538502444610794e+00,-1.929047258900391082e+00,-3.909240588189176191e-01,-1.375331533908402015e+00,-4.705224288696279622e+00,4.193697260559756113e-01
7.565043362241493874e+00,1.042403806315511244e-01,4.725965222967198898e-01,-2.428499841712831175e-01,-3.026557905511279012e-01,1.691788239217030476e+00,-1.961454528716540358e+00,-1.145692647435696543e+00,-6.279629798790604678e-01,5.760031646373815484e-01,-1.451190452540927378e+00,6.963642613369436241e-01,2.382534078027293667e+00,1.374928983575024910e+00,-1.906830424228731280e+00,-4.035708546862657453e-01,-1.298586392823732227e+00,-4.718097454981108996e+00,3.091556940302111478e-01
7.571714476317544573e+00,9.662834507265675998e-02,4.683650464007296232e-01,-2.390164732873740483e-01,-3.123651716721802529e-01,1.696328691810815581e+00,-1.945554310699091571e+00,-1.136333364937502921e+00,-6.406082819069093270e-01,5.732697532512501803e-01,-1.459596146254760640e+00,6.648509519947011226e-01,2.384228665603371766e+00,1.430914641292945211e+00,-1.884154957659359253e+00,-4.158432134561373394e-01,-1.221363202857323138e+00,-4.729316777496206825e+00,1.988737449498537702e-01
7.578385590393595272e+00,8.907998901871019837e-02,4.640497202076472871e-01,-2.352014675912850461e-01,-3.221289063811172970e-01,1.700658678156202530e+00,-1.929645242152039364e+00,-1.126602005872326728e+00,-6.531007927003332769e-01,5.704557290434839611e-01,-1.467485157330294943e+00,6.332683222224380071e-01,2.385187436698048558e+00,1.486473968154734759e+00,-1.861024174924050811e+00,-4.277380834595255754e-01,-1.143689542779998458e+00,-4.738879275950942827e+00,8.856472044737190297e-02
7.585056704469645972e+00,8.159778498971512195e-02,4.596515731115982106e-01,-2.314054964387751157e-01,-3.319435380104203137e-01,1.704777772694727744e+00,-1.913732232090596952e+00,-1.116501485595477572e+00,-6.654374861918643802e-01,5.675636200141150889e-01,-1.474854572894872096e+00,6.016274330623528899e-01,2.385410346925512570e+00,1.541585632336172074e+00,-1.837441513654775038e+00,-4.392525748693726362e-01,-1.065593088982178749e+00,-4.746782603741621642e+00,-2.173053668696722784e-02
7.591727818545696671e+00,7.418418558368194970e-02,4.551716546165500699e-01,-2.276290722579276116e-01,-3.418055910769839389e-01,1.708685623704914613e+00,-1.897820188917331619e+00,-1.106034861159717941e+00,-6.776153596537642931e-01,5.645959728992312465e-01,-1.481701665004475199e+00,5.699393590939002552e-01,2.384897624324664456e+00,1.596228486182764472e+00,-1.813410533484060005e+00,-4.503839605858297457e-01,-9.871016049204812681e-01,-4.753025049184591566e+00,-1.319711990764022014e-01
7.598398932621747370e+00,6.684162253551234611e-02,4.506110341778940542e-01,-2.238726904277860141e-01,-3.517115725176550578e-01,1.712381953378437904e+00,-1.881914018605255201e+00,-1.095205330058352855e+00,-6.896314345121468126e-01,5.615553520826166434e-01,-1.488023891189342418e+00,5.382151841947623305e-01,2.383649769201036328e+00,1.650381574678839725e+00,-1.788934916110199502e+00,-4.611296770597145267e-01,-9.082429305577147671e-01,-4.757605536497181653e+00,-2.421164713217791586e-01
7.605070046697798070e+00,5.957250578445322242e-02,4.459708010385996513e-01,-2.201368291642727126e-01,-3.616579729281710343e-01,1.715866557868006126e+00,-1.866018622882346545e+00,-1.084016228912102697e+00,-7.014827571613957424e-01,5.584443385021270467e-01,-1.493818894929103358e+00,5.064659972961201850e-01,2.381667553858249242e+00,1.704024143832017835e+00,-1.764018465326939511e+00,-4.714873250538823002e-01,-8.290449718004099244e-01,-4.760523626525997365e+00,-3.521256065516699119e-01
7.611741160773848769e+00,5.237922255049459741e-02,4.412520640599270072e-01,-2.164219494134123623e-01,-3.716412678050466933e-01,1.719139307306897235e+00,-1.850138897418208028e+00,-1.072471032100324351e+00,-7.131663997786943376e-01,5.552655285511612915e-01,-1.499084506057482891e+00,4.747028881338813955e-01,2.378952022219134044e+00,1.757135648969543773e+00,-1.738665107017092204e+00,-4.814546703422789564e-01,-7.495356899379437277e-01,-4.761779517221881974e+00,-4.619579229515990981e-01
7.618412274849899468e+00,4.526413642008765559e-02,4.364559515467138495e-01,-2.127284947519064440e-01,-3.816579187899096226e-01,1.722200145800151461e+00,-1.834279730013648191e+00,-1.060573350337204568e+00,-7.246794611383582385e-01,5.520215329757117706e-01,-1.503818741096544009e+00,4.429369429976302008e-01,2.375504489336667469e+00,1.809695762943021702e+00,-1.712878889109826996e+00,-4.910296443463981197e-01,-6.697430910876724930e-01,-4.761374043861342997e+00,-5.715728202652625711e-01
7.625083388925950167e+00,3.822958644153717778e-02,4.315836110672271464e-01,-2.090568912950740710e-01,-3.917043749158439225e-01,1.725049091387399258e+00,-1.818445998793867924e+00,-1.048326929193517998e+00,-7.360190674257824917e-01,5.487149757673532857e-01,-1.508019803520562530e+00,4.111792404788989219e-01,2.371326540794943316e+00,1.861684384238234902e+00,-1.686663981501136833e+00,-5.002103447089641941e-01,-5.896952156499652986e-01,-4.759308679013982690e+00,-6.809297962611013944e-01
7.631754503002000867e+00,3.127788623044022720e-02,4.266362092675848872e-01,-2.054075476121904054e-01,-4.017770738552549625e-01,1.727686235977322404e+00,-1.802642570406021605e+00,-1.035735647564621775e+00,-7.471823730507323180e-01,5.453484930526213414e-01,-1.511686083949608683e+00,3.794408472205412219e-01,2.366420032000430496e+00,1.913081644986590391e+00,-1.660024675937116223e+00,-5.089950358046337886e-01,-5.094201277774816905e-01,-4.755585532255811820e+00,-7.899884631570568416e-01
7.638425617078051566e+00,2.441132308552065866e-02,4.216149316807613623e-01,-2.017808546492499966e-01,-4.118724431687862397e-01,1.730111745253779310e+00,-1.786874298221875490e+00,-1.022803516085339481e+00,-7.581665614597157266e-01,5.419247319792055428e-01,-1.514816160272911993e+00,3.477328136688542237e-01,2.360787087363808823e+00,1.963867918874983243e+00,-1.632965385859775242e+00,-5.173821491875429945e-01,-4.289459048627723980e-01,-4.750207349628405851e+00,-8.987085639968035444e-01
7.645096731154102265e+00,1.763215711521309847e-02,4.165209825301713353e-01,-1.981771856591641456e-01,-4.219869015548310398e-01,1.732325858553593001e+00,-1.771146020546279232e+00,-1.009534675492423039e+00,-7.689688459472151516e-01,5.384463495993556670e-01,-1.517408797702187062e+00,3.160661698301537315e-01,2.354430099372750718e+00,2.014023828950756823e+00,-1.605490646214907002e+00,-5.253702839755770571e-01,-3.483006270482659206e-01,-4.743177512843821830e+00,-1.007049988970554866e+00
7.651767845230152965e+00,1.094262037534149412e-02,4.113555845278477618e-01,-1.945968961394167196e-01,-4.321168600991741604e-01,1.734328888716057726e+00,-1.755462558832178832e+00,-9.959333949352968673e-01,-7.795864704655135480e-01,5.349160117509297319e-01,-1.519462948755063714e+00,2.844519210334828796e-01,2.347351727556013401e+00,2.063530255318589468e+00,-1.577605113221735245e+00,-5.329582071712277713e-01,-2.675123667627294921e-01,-4.734500038235449182e+00,-1.114972791673678465e+00
7.658438959306203664e+00,4.344916018244798783e-03,4.061199786672264889e-01,-1.910403237771950424e-01,-4.422587235242671500e-01,1.736121221904204148e+00,-1.739828715902929757e+00,-9.820040702358510121e-01,-7.900167104328329470e-01,5.313363919365410304e-01,-1.520977753168806679e+00,2.529010437012202406e-01,2.339554897339311879e+00,2.112368342726035575e+00,-1.549313564104035423e+00,-5.401448539189459552e-01,-1.866091782885006545e-01,-4.724179575455069724e+00,-1.222437205296023954e+00
7.665110073382254363e+00,-2.158782546328480434e-03,4.008154240105393229e-01,-1.875077884019973051e-01,-4.524088914377256687e-01,1.737703317397872205e+00,-1.724249274182567682e+00,-9.677512220979793689e-01,-8.002568735395810817e-01,5.277101702011620654e-01,-1.521952537744559741e+00,2.214244811291626869e-01,2.331042798793427018e+00,2.160519508034749681e+00,-1.520620896782324705e+00,-5.469293276989182218e-01,-1.056190873631637217e-01,-4.712221405916324102e+00,-1.329403658735652360e+00
7.671781187458305062e+00,-8.566332478212534962e-03,3.954431974708417230e-01,-1.839995919457367013e-01,-4.625637595795298873e-01,1.739075707358683331e+00,-1.708728993934814921e+00,-9.531794942676884430e-01,-8.103043005523840048e-01,5.240400320086886499e-01,-1.522386816122336839e+00,1.900331392778800144e-01,2.321818885275093614e+00,2.207965447574193441e+00,-1.491532129526927708e+00,-5.533109004572278611e-01,-2.457008082009703998e-02,-4.698631440985209906e+00,-1.435832792629774257e+00
7.678452301534355762e+00,-1.487562232137651375e-02,3.900045935886827797e-01,-1.805160184103406507e-01,-4.727197210675106454e-01,1.740238996566966012e+00,-1.693272611511499548e+00,-9.382936516445401498e-01,-8.201563661156908713e-01,5.203286671178140033e-01,-1.522280288487051880e+00,1.587378825769707458e-01,2.311886871961243095e+00,2.254688144374862091e+00,-1.462052400571543398e+00,-5.592890126723562005e-01,5.650990372837072506e-02,-4.683416219917949874e+00,-1.541685475296463714e+00
7.685123415610406461e+00,-2.108457280572628711e-02,3.845009243034337443e-01,-1.770573338428473309e-01,-4.828731676406464168e-01,1.741193862130737235e+00,-1.677884837611093971e+00,-9.230985783452418936e-01,-8.298104795506731080e-01,5.165787684576809147e-01,-1.521632841205879938e+00,1.275495297438906106e-01,2.301250734277199506e+00,2.300669875278091414e+00,-1.432186967687049117e+00,-5.648632733580474241e-01,1.375929881611528405e-01,-4.666582907547016212e+00,-1.646922818580445425e+00
7.691794529686457160e+00,-2.719113763582062249e-02,3.789335187193019205e-01,-1.736237863180090102e-01,-4.930204908996929092e-01,1.741941053166860875e+00,-1.662570355548125045e+00,-9.075992757202542283e-01,-8.392640856511206504e-01,5.127930310037490669e-01,-1.520444546397262453e+00,9.647884961911368240e-02,2.289914706219524643e+00,2.345893217919418738e+00,-1.401941207715349913e+00,-5.700334600025418474e-01,2.186513640677949510e-01,-4.648139291716050892e+00,-1.751506193596061189e+00
7.698465643762507860e+00,-3.319330426620981100e-02,3.733037228660397444e-01,-1.702156059283852774e-01,-5.031580835447388989e-01,1.742481390454460044e+00,-1.647333819534081867e+00,-8.918008603242073562e-01,-8.485146654761281937e-01,5.089741506542417859e-01,-1.518715661431927266e+00,6.553655701917654453e-02,2.277883278574186043e+00,2.390341057582794804e+00,-1.371320616062900122e+00,-5.747995184442366012e-01,2.996573029135003452e-01,-4.628093780464418217e+00,-1.855397246361275343e+00
7.705136757838558559e+00,-3.908909466307802782e-02,3.676128994543834683e-01,-1.668330047819348572e-01,-5.132823406091802099e-01,1.742815766060746174e+00,-1.632179852970592426e+00,-8.757085618410590522e-01,-8.575597371392387203e-01,5.051248231076703732e-01,-1.516446628366281413e+00,3.473330860938567133e-02,2.265161197030816531e+00,2.433996593922707063e+00,-1.340330806153811283e+00,-5.791615626838375608e-01,3.805831661455132409e-01,-4.606455398962529202e+00,-1.958557913315739807e+00
7.711807871914609258e+00,-4.487656605189958847e-02,3.618624276262365491e-01,-1.634761770070865816e-01,-5.233896606897097126e-01,1.742945142939374747e+00,-1.617113046755497052e+00,-8.593277209648333415e-01,-8.663968565938211519e-01,5.012477427417991738e-01,-1.513638073308588128e+00,4.079698797762987272e-03,2.251753460193850032e+00,2.476843347551570762e+00,-1.308977508842203097e+00,-5.831198746331001104e-01,4.614014152372988287e-01,-4.583233786198825044e+00,-2.060950436716769474e+00
7.718478985990659957e+00,-5.055381165080857775e-02,3.560537026996235532e-01,-1.601452987652839388e-01,-5.334764471718496104e-01,1.742870554501482649e+00,-1.602137957602548068e+00,-8.426637872368908377e-01,-8.750236184143886931e-01,4.973456014945014658e-01,-1.510290805718373264e+00,-2.641374434805665583e-02,2.237665317491386308e+00,2.518865166489610452e+00,-1.277266571783626681e+00,-5.866749038002785355e-01,5.420846216665222705e-01,-4.558439191419664027e+00,-2.162537379906521728e+00
7.725150100066710657e+00,-5.611896138939846679e-02,3.501881359084554335e-01,-1.568405282709901816e-01,-5.435391094505803711e-01,1.742593104159581241e+00,-1.587259106375396245e+00,-8.257223168406273572e-01,-8.834376565735748699e-01,4.934210877469407119e-01,-1.506405817639472788e+00,-5.673656315936659311e-02,2.222902266982642594e+00,2.560046232474684658e+00,-1.245203958765453978e+00,-5.898272669124273726e-01,6.226054768230312453e-01,-4.532082470323443246e+00,-2.263281642444155750e+00
7.731821214142761356e+00,-6.157018261267226122e-02,3.442671541371182808e-01,-1.535620058191320969e-01,-5.535740641456422528e-01,1.742113964844446139e+00,-1.572480976436538613e+00,-8.085089703545551565e-01,-8.916366452145190191e-01,4.894768852094635858e-01,-1.501984282867247833e+00,-8.687837439872364564e-02,2.207470053064930937e+00,2.600371067129432667e+00,-1.212795748995931788e+00,-5.925777474747112583e-01,7.029368018431916276e-01,-4.504175081010165727e+00,-2.363146475096599808e+00
7.738492328218812055e+00,-6.690568076986824764e-02,3.382921996499276274e-01,-1.503098538199670597e-01,-5.635777363110694438e-01,1.741434378495202218e+00,-1.557808012011878240e+00,-7.910295104647133702e-01,-8.996182994183707926e-01,4.855156718106410918e-01,-1.497027556050437136e+00,-1.168288732644689465e-01,2.191374664081108481e+00,2.639824537983300079e+00,-1.180048136351810273e+00,-5.949272952669246717e-01,7.830515573668385132e-01,-4.474729079688028577e+00,-2.462095494681729058e+00
7.745163442294862755e+00,-7.212370008788626663e-02,3.322647298154833839e-01,-1.470841768413506112e-01,-5.735465606384924087e-01,1.740555655522801448e+00,-1.543244616571616490e+00,-7.732897996374272775e-01,-9.073803759666192459e-01,4.815401185899022551e-01,-1.491537171728197331e+00,-1.465778373657547484e-01,2.174622329828539868e+00,2.678391864346887807e+00,-1.146967428584439119e+00,-5.968770257774307364e-01,8.629228532129533669e-01,-4.443757116138650431e+00,-2.560092698757484797e+00
7.751834556370913454e+00,-7.722252422906487890e-02,3.261862168259505035e-01,-1.438850616583761122e-01,-5.834769826538312998e-01,1.739479174247069881e+00,-1.528795151228038662e+00,-7.552957977533407696e-01,-9.149206740980120323e-01,4.775528885941161539e-01,-1.485514843302871313e+00,-1.761151306665703631e-01,2.157219518970572736e+00,2.716058623036399222e+00,-1.113560046484089350e+00,-5.984282195747483435e-01,9.425239579708203363e-01,-4.411272428942433876e+00,-2.657102480151221968e+00
7.758505670446964153e+00,-8.220047693304682879e-02,3.200581474113177727e-01,-1.407125773103644895e-01,-5.933654599068978186e-01,1.738206380307565802e+00,-1.514463933150929087e+00,-7.370535597037934927e-01,-9.222370362597382965e-01,4.735566357786060721e-01,-1.478962461949064666e+00,-2.054307073970858544e-01,2.139172936351649845e+00,2.752810753945742039e+00,-1.079832523002546507e+00,-5.995823216170568237e-01,1.021828308502658045e+00,-4.377288840466047048e+00,-2.753089641322807868e+00
7.765176784523014852e+00,-8.705592264248608603e-02,3.138820225486554927e-01,-1.375667751651646897e-01,-6.032084631535233887e-01,1.736738786048450223e+00,-1.500255234001199867e+00,-7.185692329505306564e-01,-9.293273488526299086e-01,4.695540039129613152e-01,-1.471882095459638329e+00,-2.345146159307833766e-01,2.120489520217176072e+00,2.788634565464118253e+00,-1.045791502333725642e+00,-6.003409404999013876e-01,1.100809519354474464e+00,-4.341820751613742146e+00,-2.848019408555727772e+00
7.771847898599065552e+00,-9.178726711235751790e-02,3.076593571664296700e-01,-1.344476889907414430e-01,-6.130024775297845396e-01,1.735077969877606430e+00,-1.486173278383365437e+00,-6.998490550497811213e-01,-9.361895429700937132e-01,4.655476254920591916e-01,-1.464275987029227455e+00,-2.633570026257993635e-01,2.101176439339287771e+00,2.823516739736896319e+00,-1.011443738952326976e+00,-6.007058476423803306e-01,1.179441392071558958e+00,-4.304883136344476391e+00,-2.941857445970247564e+00
7.778519012675116251e+00,-9.639295800263024405e-02,3.013916798439079114e-01,-1.313553350340065096e-01,-6.227440037178836318e-01,1.733225575600275237e+00,-1.472222242317543506e+00,-6.808993511418012234e-01,-9.428215951304721454e-01,4.615401206527565137e-01,-1.456146553975957270e+00,-2.919481156288822321e-01,2.081241090049779086e+00,2.857444337767615750e+00,-9.767960966104749509e-01,-6.006789764121939212e-01,1.257697924414969304e+00,-4.266491535957099401e+00,-3.034569869352528482e+00
7.785190126751166950e+00,-1.008714854540853079e-01,2.950805325056954920e-01,-1.282897121068561352e-01,-6.324295591033268771e-01,1.731183311727419794e+00,-1.458406251731506176e+00,-6.617265314068780935e-01,-9.492215280025924073e-01,4.575340960965807446e-01,-1.447496386402002955e+00,-3.202783086404991097e-01,2.060691093181369116e+00,2.890404804359173241e+00,-9.418555472921941174e-01,-6.002624211898461848e-01,1.335553319475979661e+00,-4.226662053145453513e+00,-3.126123259794363118e+00
7.791861240827217649e+00,-1.052213826470513036e-01,2.887274701114654896e-01,-1.252508016793765222e-01,-6.420556789229394656e-01,1.728952950759125473e+00,-1.444729380973483579e+00,-6.423370884889454402e-01,-9.553874111241821288e-01,4.535321440188992415e-01,-1.438328245793699445e+00,-3.483380446394886976e-01,2.039534290918654680e+00,2.922385972892111106e+00,-9.066291701258527569e-01,-5.994584363724261289e-01,1.412981994684712639e+00,-4.185411345825973406e+00,-3.216484677137394499e+00
7.798532354903268349e+00,-1.094412263428476417e-01,2.823340603409127958e-01,-1.222385679801685915e-01,-6.516189174033594211e-01,1.726536328443280865e+00,-1.431195651346237163e+00,-6.227375948878433043e-01,-9.613173616128990462e-01,4.495368410449135377e-01,-1.428645063561910344e+00,-3.761178995658141511e-01,2.017778743560011190e+00,2.953376069938193460e+00,-8.711241502544166959e-01,-5.982694353173281243e-01,1.489958590709994146e+00,-4.142756620739881157e+00,-3.305621673216572631e+00
7.805203468979319048e+00,-1.135296374077287562e-01,2.759018832739899563e-01,-1.192529581037468367e-01,-6.611158488895918506e-01,1.723935343009834975e+00,-1.417809029663045006e+00,-6.029347003213788581e-01,-9.670095448696847118e-01,4.455507471729012181e-01,-1.418449939523411807e+00,-4.036085659598626085e-01,1.995432726191862294e+00,2.983363719707367245e+00,-8.353477776635696017e-01,-5.966979892263454266e-01,1.566457980246981352e+00,-4.098715626832555969e+00,-3.393502304897052291e+00
7.811874583055369747e+00,-1.174852813191349932e-01,2.694325310664843487e-01,-1.162939021249637661e-01,-6.705430689632292385e-01,1.721151954380933491e+00,-1.404573426826167593e+00,-5.829351290582678313e-01,-9.724621752741496872e-01,4.415764047251167779e-01,-1.407746140324021011e+00,-4.308008565568586246e-01,1.972504725276662318e+00,3.012337948326390347e+00,-7.993074459677995680e-01,-5.947468259705931404e-01,1.642455276689354760e+00,-4.053306648412652535e+00,-3.480095146899250036e+00
7.818545697131420447e+00,-1.213068686540553082e-01,2.629276076209773882e-01,-1.133613132204058238e-01,-6.798971955499728548e-01,1.718188183357221011e+00,-1.391492696428345610e+00,-5.627456772231029802e-01,-9.776735168717299862e-01,4.376163373067083473e-01,-1.396537097804270822e+00,-4.576857078349094721e-01,1.949003435156048791e+00,3.040288187947429499e+00,-7.630106511543648384e-01,-5.924188288566926142e-01,1.717925842683053261e+00,-4.006548498093481570e+00,-3.565369304406690532e+00
7.825216811207471146e+00,-1.249931555593220556e-01,2.563887282532469891e-01,-1.104550877967059586e-01,-6.891748700160581498e-01,1.715046110780634070e+00,-1.378570633377906640e+00,-5.423732100744811380e-01,-9.826418840523252207e-01,4.336730487730634520e-01,-1.384826407308427099e+00,-4.842541835152449625e-01,1.924937754470623874e+00,3.067204280685007944e+00,-7.264649902852522434e-01,-5.897170353347199745e-01,1.792845298558396028e+00,-3.958460509519447612e+00,-3.649294425451391710e+00
7.831887925283521845e+00,-1.285429442036614134e-01,2.498175193541803951e-01,-1.075751056257174959e-01,-6.983727582532045508e-01,1.711727876674012716e+00,-1.365810972548042290e+00,-5.218246592574474763e-01,-9.873656422201264604e-01,4.297490222059810461e-01,-1.372617825937661795e+00,-5.104974780132252032e-01,1.900316782497867507e+00,3.093076482379761849e+00,-6.896781601572863352e-01,-5.866446356484427138e-01,1.867189530637443973e+00,-3.909062529880418246e+00,-3.731840713071568061e+00
7.838559039359572544e+00,-1.319550832113309813e-01,2.432156180472365148e-01,-1.047212299864861973e-01,-7.074875517517421608e-01,1.708235679357851922e+00,-1.353217387450764919e+00,-5.011070200314147183e-01,-9.918432084543787886e-01,4.258467188990164853e-01,-1.359915270748243588e+00,-5.364069198387031445e-01,1.875149815409724141e+00,3.117895466187535103e+00,-6.526579559202898562e-01,-5.832049714283296105e-01,1.940934699413866760e+00,-3.858374912216790964e+00,-3.812978937236684907e+00
7.845230153435623244e+00,-1.352284680771868308e-01,2.365846718415430261e-01,-1.018933078139597631e-01,-7.165159686615215628e-01,1.704571774544545892e+00,-1.340793488936116828e+00,-4.802273484747247023e-01,-9.960730521607757959e-01,4.219685773524266548e-01,-1.346722816895580710e+00,-5.619739749443745103e-01,1.849446342451426251e+00,3.141652325992433603e+00,-6.154122696536353798e-01,-5.794015342279381642e-01,2.014057247602117684e+00,-3.806418507518414707e+00,-3.892680446534821925e+00
7.851901267511673943e+00,-1.383620415630284484e-01,2.299263382806727429e-01,-9.909116985437052549e-02,-7.254547548402769941e-01,1.700738474410470324e+00,-1.328542823917110205e+00,-4.591927586670291883e-01,-1.000053695713226443e+00,4.181170122780470955e-01,-1.333044695725019491e+00,-5.871902500207304421e-01,1.823216042043148022e+00,3.164338579642512972e+00,-5.779490889011309473e-01,-5.752379640042006859e-01,2.086533908053293640e+00,-3.753214656620305512e+00,-3.970917179617554638e+00
7.858572381587724642e+00,-1.413547940750740639e-01,2.232422845871695483e-01,-9.631463082721922198e-02,-7.343006848890770710e-01,1.696738146646262546e+00,-1.316468874120926280e+00,-4.380104198506687974e-01,-1.003783715085708295e+00,4.142944136144972034e-01,-1.318885292810271004e+00,-6.120474957362984636e-01,1.796468777806120798e+00,3.185946172006877575e+00,-5.402764951644578595e-01,-5.707180475422272137e-01,2.158341711534810248e+00,-3.698785181898351482e+00,-4.047661676397610542e+00
7.865243495663775342e+00,-1.442057640224333470e-01,2.165341873029042741e-01,-9.356348959379788555e-02,-7.430505631745042416e-01,1.692573213485679684e+00,-1.304575054866894845e+00,-4.166875535722918134e-01,-1.007261740473927247e+00,4.105031455530859796e-01,-1.304249145940433285e+00,-6.365376099217843198e-01,1.769214594514930461e+00,3.206467477852977588e+00,-5.024026623553925486e-01,-5.658457168252459812e-01,2.229457994370997120e+00,-3.643152378768404365e+00,-4.122887088994463767e+00
7.871914609739826041e+00,-1.469140381564494335e-01,2.098037319253060473e-01,-9.083752933216976411e-02,-7.517012248372504368e-01,1.688246150713400340e+00,-1.292864713871689997e+00,-3.952314308058438863e-01,-1.010486456906521724e+00,4.067455455747656101e-01,-1.289140943056478861e+00,-6.606526406968975529e-01,1.741463713977595917e+00,3.225895304543088926e+00,-4.643358552068634348e-01,-5.606250473502881748e-01,2.299860405942222741e+00,-3.586339006991861034e+00,-4.196567192423602322e+00
7.878585723815876740e+00,-1.494787518907892965e-01,2.030526125395553383e-01,-8.813651771853847627e-02,-7.602495367867824205e-01,1.683759486652157022e+00,-1.281341130082259472e+00,-3.736493690581902394e-01,-1.013456604845526687e+00,4.030239234984941965e-01,-1.273565520138214113e+00,-6.843847895385202218e-01,1.713226530845234796e+00,3.244222894548924430e+00,-4.260844276431073885e-01,-5.550602563902817810e-01,2.369526916039788045e+00,-3.528368281791284922e+00,-4.268676395024865400e+00
7.885256837891927439e+00,-1.518990896021701897e-01,1.962825314468145677e-01,-8.546020711492587074e-02,-7.686923986817302268e-01,1.679115801129613006e+00,-1.270007512536943217e+00,-3.519487294585725845e-01,-1.016170980775829458e+00,3.993405605413892223e-01,-1.257527859042651297e+00,-7.077264142889904130e-01,1.684513608353030545e+00,3.261443927783444607e+00,-3.876568211092247807e-01,-5.491557012032521889e-01,2.438435822073952153e+00,-3.469263864779589479e+00,-4.339189748625500442e+00
7.891927951967978139e+00,-1.541742849116189140e-01,1.894951987885513944e-01,-8.280833476307949970e-02,-7.770267438957207951e-01,1.674317724425359311e+00,-1.258866999255213726e+00,-3.301369138331227138e-01,-1.018628437783347662e+00,3.956977083909768433e-01,-1.241033085294802829e+00,-7.306700321032497669e-01,1.655335673994311696e+00,3.277552523749037938e+00,-3.490615628601738130e-01,-5.429158771892647062e-01,2.506565756132896450e+00,-3.409049854706245331e+00,-4.408082958433857002e+00
7.898599066044028838e+00,-1.563036209461693971e-01,1.826923321670567701e-01,-8.018062298452753589e-02,-7.852495404682926505e-01,1.669367936198469460e+00,-1.247922656156512211e+00,-3.082213617656587301e-01,-1.020827886121654426e+00,3.920975882899327969e-01,-1.224086465831879078e+00,-7.532083223336698552e-01,1.625703615129527657e+00,3.292543243501276251e+00,-3.103072642096937339e-01,-5.363454159958940259e-01,2.573895691889882098e+00,-3.347750778024292551e+00,-4.475332392659485237e+00
7.905270180120079537e+00,-1.582864305809101035e-01,1.758756562622127428e-01,-7.757677938669749196e-02,-7.933577920406286177e-01,1.664269164396014355e+00,-1.237177476008573418e+00,-2.862095476459968202e-01,-1.022768293766795900e+00,3.885423901336160779e-01,-1.206693406701924376e+00,-7.753341293513583699e-01,1.595628474531973762e+00,3.306411091427574611e+00,-2.714026187392374334e-01,-5.294490835728874467e-01,2.640404951356553287e+00,-3.285391579281761842e+00,-4.540915091855770136e+00
7.911941294196130237e+00,-1.601220966613001728e-01,1.690469024445997170e-01,-7.499649707501217233e-02,-8.013485387757820488e-01,1.659024184142968039e+00,-1.226634377405674936e+00,-2.641089777070140254e-01,-1.024448686960023336e+00,3.850342715807453797e-01,-1.188859450717916655e+00,-7.970404653027887143e-01,1.565121445872121431e+00,3.319151516840114891e+00,-2.323564004672821204e-01,-5.222317781767980005e-01,2.706073211479989915e+00,-3.221997611341368639e+00,-4.604808777981203249e+00
7.918612408272180936e+00,-1.618100522056883372e-01,1.622078083850326535e-01,-7.243945487087187496e-02,-8.092188582630956972e-01,1.653635816613953091e+00,-1.216296203777220697e+00,-2.419271870517101519e-01,-1.025868150738181939e+00,3.815753571775705733e-01,-1.170590275068387864e+00,-8.183205128006284523e-01,1.534193869142458810e+00,3.330760415382516548e+00,-1.931774619794002779e-01,-5.146985283263822986e-01,2.770880510581203104e+00,-3.157594625432404989e+00,-4.666991863175482536e+00
7.925283522348231635e+00,-1.633497805879670361e-01,1.553601176605878265e-01,-6.990531753543542670e-02,-8.169658664065606590e-01,1.648106927887246886e+00,-1.206165722427023024e+00,-2.196717366715087161e-01,-1.027025829451492678e+00,3.781677374958211102e-01,-1.151891688885630982e+00,-8.391676275476409597e-01,1.502857226024740811e+00,3.341234130249791434e+00,-1.538747325192317827e-01,-5.068544907094895136e-01,2.834807254633224805e+00,-3.092208761038648834e+00,-4.727443458246924912e+00
7.931954636424282334e+00,-1.647408157003099616e-01,1.485055793572307159e-01,-6.739373599910357393e-02,-8.245867182967894227e-01,1.642440427781517664e+00,-1.196245623603693797e+00,-1.973502104570422633e-01,-1.027920927268475504e+00,3.748134682847997223e-01,-1.132769630772560543e+00,-8.595753408926043448e-01,1.471123135201596543e+00,3.350569453221204697e+00,-1.144572160409293993e-01,-4.987049480423138559e-01,2.897834223376396956e+00,-3.025866535626457132e+00,-4.786143380867611263e+00
7.938625750500333034e+00,-1.659827420959477662e-01,1.416459476691117325e-01,-6.490434759661195541e-02,-8.320786090663739865e-01,1.636639268675736503e+00,-1.186538519602482022e+00,-1.749702122026717821e-01,-1.028552708667746174e+00,3.715145696379012485e-01,-1.113230166289330469e+00,-8.795373623171792721e-01,1.439003347614446593e+00,3.358763625505755801e+00,-7.493398922325511524e-02,-4.902553068817784854e-01,2.959942576269154912e+00,-2.958594834216995650e+00,-4.843072163472944780e+00
7.945296864576383733e+00,-1.670751951119405776e-01,1.347829814946249760e-01,-6.243677630763644348e-02,-8.394387747283433843e-01,1.630706444312722381e+00,-1.177046943898910403e+00,-1.525393626059769470e-01,-1.028920498916444659e+00,3.682730251738732252e-01,-1.093279485400786566e+00,-8.990475818527069451e-01,1.406509741669692115e+00,3.365814338400050509e+00,-3.531419944578695347e-02,-4.815110953919021219e-01,3.021113858272285846e+00,-2.890420898806766559e+00,-4.898211060862392330e+00
7.951967978652434432e+00,-1.680178609719248095e-01,1.279184440293257286e-01,-5.999063300280459143e-02,-8.466644929974522782e-01,1.624644988586827932e+00,-1.167773350314590619e+00,-1.300652962635200083e-01,-1.029023684535027128e+00,3.650907812331536384e-01,-1.072923899885939836e+00,-9.181000724259293921e-01,1.373654318395265861e+00,3.371719733758441251e+00,4.392937272317487540e-03,-4.724779610650636230e-01,3.081330005464691268e+00,-2.821372317640852057e+00,-4.951542057498118155e+00
7.958639092728485132e+00,-1.688104768688037938e-01,1.210541023557917956e-01,-5.756551569502630500e-02,-8.537530840940776855e-01,1.618457974316184877e+00,-1.158720112215476217e+00,-1.075556586640653844e-01,-1.028861713748196571e+00,3.619697460895294761e-01,-1.052169840710493132e+00,-9.366890921326724850e-01,1.340449196549446054e+00,3.376478404275363498e+00,4.417813837067419147e-02,-4.631616683989310812e-01,3.140573350489132665e+00,-2.751477014342829985e+00,-5.003047874498790293e+00
7.965310206804535831e+00,-1.694528310273791250e-01,1.141917270305178173e-01,-5.516100979602520105e-02,-8.607019115304678225e-01,1.612148512000040723e+00,-1.149889521742913701e+00,-8.501810318055073867e-02,-1.028434096921702068e+00,3.589117891774508684e-01,-1.031023855363631059e+00,-9.548090864385535559e-01,1.306906607684064081e+00,3.380089393579914336e+00,8.403205688268089446e-02,-4.535680965300268319e-01,3.198826627826139468e+00,-2.680763236905912006e+00,-5.052711976325490184e+00
7.971981320880586530e+00,-1.699447627469138911e-01,1.073330916679541280e-01,-5.277668837797203083e-02,-8.675083828790937091e-01,1.605719748561666105e+00,-1.141283789077777833e+00,-6.246028806206933848e-02,-1.027740406984778199e+00,3.559187403352840895e-01,-1.009492605160220213e+00,-9.724546903057886826e-01,1.273038891164161024e+00,3.382552196142757595e+00,1.239452836066360364e-01,-4.437032368248362557e-01,3.256072978894344772e+00,-2.609259546549741682e+00,-5.100518577157016509e+00
7.978652434956637229e+00,-1.702861624236294835e-01,1.004799725217640632e-01,-5.041211244011644527e-02,-8.741699505229132416e-01,1.599174866077301971e+00,-1.132905041737958030e+00,-3.988987342706622197e-02,-1.026780279837983256e+00,3.529923890647493900e-01,-9.875828625095260938e-01,-9.896207302452378896e-01,1.238858489146107189e+00,3.383866756995549174e+00,1.639083493126703983e-01,-4.335731904292974837e-01,3.312295956976017308e+00,-2.536994806447055328e+00,-5.146452646952126564e+00
7.985323549032687929e+00,-1.704769715531562202e-01,9.363414806342126862e-02,-4.806683118029925206e-02,-8.806841123872826138e-01,1.592517080491695713e+00,-1.124755323909493177e+00,-1.731451825907376341e-02,-1.025553414746191327e+00,3.501344838068691789e-01,-9.653015081517136720e-01,-1.006302226292806301e+00,1.204377941516403094e+00,3.384033471263153903e+00,2.039117269848056413e-01,-4.231841657777354326e-01,3.367479531965946293e+00,-2.463998170325095494e+00,-5.190499917196009783e+00
7.991994663108738628e+00,-1.705171827129494666e-01,8.679739855822768413e-02,-4.574038227124323230e-02,-8.870484126533458857e-01,1.585749640320685216e+00,-1.116836595811588673e+00,5.258122593844394288e-03,-1.024059574716517984e+00,3.473467312346499858e-01,-9.426555283632149784e-01,-1.022494393909414434e+00,1.169609880793141432e+00,3.383053183508977657e+00,2.439458340977889161e-01,-4.125424760620722275e-01,3.421608094942607092e+00,-2.390299070945970605e+00,-5.232646886328891078e+00
7.998665777184789327e+00,-1.704068395247072265e-01,7.997150563886119834e-02,-4.343229214150427786e-02,-8.932604424526769948e-01,1.578875825341372163e+00,-1.109150733095757957e+00,2.782040141464750538e-02,-1.022298586860935776e+00,3.446307955627762598e-01,-9.196520121322145913e-01,-1.038192645803719172e+00,1.134567026992346239e+00,3.380927186893866399e+00,2.840010349281252289e-01,-4.016545366623403002e-01,3.474666462560171531e+00,-2.315927208470798693e+00,-5.272880824854451198e+00
8.005336891260840915e+00,-1.701460365968225641e-01,7.315825187656292694e-02,-4.114207626096936382e-02,-8.993178405429727018e-01,1.571898945270401304e+00,-1.101699526279338315e+00,5.036468060664234248e-02,-1.020270342743368364e+00,3.419882978745882318e-01,-8.962981483054361931e-01,-1.053392593676848676e+00,1.099262182461299364e+00,3.377657222149033966e+00,3.240676428986937196e-01,-3.905268625394951454e-01,3.526639881260001275e+00,-2.240912538712275470e+00,-5.311189780125973314e+00
8.012008005336891614e+00,-1.697349194469204292e-01,6.635942035005550077e-02,-3.886923943078886279e-02,-9.052182939646320481e-01,1.564822338430858162e+00,-1.094484680213564820e+00,7.288333567531690704e-02,-1.017974798711024365e+00,3.394208154665566135e-01,-8.726012227074564365e-01,-1.068090049888382520e+00,1.063708226681055358e+00,3.373245476363659900e+00,3.641359229565175326e-01,-3.791660655914677602e-01,3.577514031300728092e+00,-2.165285261280378570e+00,-5.347562580808359556e+00
8.018679119412942313e+00,-1.691736844045285681e-01,5.957679421230416966e-02,-3.661327607761822450e-02,-9.109595386780202642e-01,1.557649370408313860e+00,-1.087507813586424232e+00,9.536875820150716998e-02,-1.015411976209763312e+00,3.369298812105296914e-01,-8.485686152337086341e-01,-1.082281029042943876e+00,1.027918111040213134e+00,3.367694581587754143e+00,4.041960939830181454e-01,-3.675788519735115889e-01,3.627275030605615846e+00,-2.089075807625886849e+00,-5.381988841014218039e+00
8.025350233488993013e+00,-1.684625784939455806e-01,5.281215625522816398e-02,-3.437367055206006633e-02,-9.165393601812675817e-01,1.550383432696552877e+00,-1.080770458460445393e+00,1.178133588046115510e-01,-1.012581962083279663e+00,3.345169829339589840e-01,-8.242077969184393726e-01,-1.095961749496674020e+00,9.919048535822104773e-01,3.361007613251064896e+00,4.442383312362107040e-01,-3.557720193838129763e-01,3.675909438426362197e+00,-2.012314828986591309e+00,-5.414458964112355055e+00
8.032021347565043712e+00,-1.676018992973822286e-01,4.606728847247629904e-02,-3.214989743117528664e-02,-9.219555941084108808e-01,1.543027941333532604e+00,-1.074274059845643947e+00,1.402095700946255352e-01,-1.009484908855883045e+00,3.321835628183622546e-01,-7.995263269788777105e-01,-1.109128634782990286e+00,9.556815337283570688e-01,3.353188088398852518e+00,4.842527688241529127e-01,-3.437524543154867329e-01,3.723404258822232915e+00,-1.935033184241184756e+00,-5.444964146207107447e+00
8.038692461641094411e+00,-1.665919947984453864e-01,3.934397162036348816e-02,-2.994142182494587481e-02,-9.272061268077530505e-01,1.535586335528086321e+00,-1.068019975307716640e+00,1.625498496118311376e-01,-1.006121034998678221e+00,3.299310168162175039e-01,-7.745318498367662619e-01,-1.121778314957032618e+00,9.192612869786889185e-01,3.344239963745392785e+00,5.242295022091336687e-01,-3.315271292759053301e-01,3.769746943953894647e+00,-1.857261927675438518e+00,-5.473496379287266400e+00
8.045363575717145110e+00,-1.654332632060563912e-01,3.264398477709018476e-02,-2.774769968657261540e-02,-9.322888959002826326e-01,1.528062076277932224e+00,-1.062009474611661730e+00,1.848266827528830814e-01,-1.002490625178940942e+00,3.277606940865082641e-01,-7.492320921185473548e-01,-1.133907627858193656e+00,8.826572995929501397e-01,3.334167633546205600e+00,5.641585907418837920e-01,-3.191030999744445262e-01,3.814925397191076151e+00,-1.779032296665776336e+00,-5.500048454043279023e+00
8.052034689793195810e+00,-1.641261527589008007e-01,2.596910490036048735e-02,-2.556817812646447127e-02,-9.372018908179997609e-01,1.520458644979548968e+00,-1.056243739400959614e+00,2.070325856820868782e-01,-9.985940304924874056e-01,3.256738964491501243e-01,-7.236348596354740259e-01,-1.145513620290252721e+00,8.458828032539134067e-01,3.322975927290054976e+00,6.040300602251147399e-01,-3.064875024797960590e-01,3.858927976033265317e+00,-1.700375699285278985e+00,-5.524613962351602403e+00
8.058705803869246509e+00,-1.626711615105044806e-01,1.932110638349553849e-02,-2.340229572981436523e-02,-9.419431533220498087e-01,1.512779542030431301e+00,-1.050723862912380735e+00,2.291601082267120393e-01,-9.944316686788453596e-01,3.236718778584569689e-01,-6.977480343448047018e-01,-1.156593549118560382e+00,8.089510697151780505e-01,3.310670107211825641e+00,6.438339055058411864e-01,-2.936875503477766047e-01,3.901743494843106674e+00,-1.621323701836851372e+00,-5.547187299425393903e+00
8.065376917945297208e+00,-1.610688370950567050e-01,1.270176061018239710e-02,-2.124948287761513691e-02,-9.465107780005094229e-01,1.505028285424330425e+00,-1.045450849726569986e+00,2.512018367550774012e-01,-9.900040243190372236e-01,3.217558438958846301e-01,-6.715795712934551354e-01,-1.167144882283836838e+00,7.718754054358205607e-01,3.297255865627524152e+00,6.835600930956151622e-01,-2.807105317208919426e-01,3.943361227391652513e+00,-1.541908016318968677e+00,-5.567763665630561576e+00
8.072048032021347908e+00,-1.593197764740906797e-01,6.112835507953641445e-03,-1.910916207100042674e-02,-9.509029127457380159e-01,1.497208409339991775e+00,-1.040425615554444017e+00,2.731503970363037825e-01,-9.853116490157955987e-01,3.199269512822024986e-01,-6.451374955452499060e-01,-1.177165299732140014e+00,7.346691462039763865e-01,3.282739322092616430e+00,7.231985638181217535e-01,-2.675638064006132244e-01,3.983770909215264666e+00,-1.462160487828691124e+00,-5.586339067966649807e+00
8.078719146097398607e+00,-1.574246256641503861e-01,-4.439048994769045908e-04,-1.698074825877277788e-02,-9.551177592111826931e-01,1.489323462723970648e+00,-1.035648987059492265e+00,2.949984570805107564e-01,-9.803551615560200938e-01,3.181863074092808885e-01,-6.184298990930896522e-01,-1.186652694260598384e+00,6.973456517516900544e-01,3.267127020385107716e+00,7.627392354833432142e-01,-2.542548028935455173e-01,4.022962739783722874e+00,-1.382113081907252905e+00,-5.602910321211977518e+00
8.085390260173449306e+00,-1.553840794455799978e-01,-6.966700940894306193e-03,-1.486364916798823405e-02,-9.591535732475205966e-01,1.481377007868099227e+00,-1.031121701716027683e+00,3.167387299583069860e-01,-9.751352480553201474e-01,3.165349698916825050e-01,-5.914649377573045763e-01,-1.195605172278558559e+00,6.599183003632443922e-01,3.250425925314743392e+00,8.021720055875005695e-01,-2.407910154326313723e-01,4.060927384479104063e+00,-1.301797871833319409e+00,-5.617475048732616827e+00
8.092061374249500005e+00,-1.531988810525775069e-01,-1.345379774717442301e-02,-1.275726563746642887e-02,-9.630086653180849332e-01,1.473372618982152327e+00,-1.026844407703421336e+00,3.383639765984094439e-01,-9.696526620844478916e-01,3.149739461381926287e-01,-5.642508280714274571e-01,-1.204021054483792152e+00,6.224004834792339347e-01,3.232643419359888082e+00,8.414867540381257838e-01,-2.271800009744570636e-01,4.097655976385482290e+00,-1.221247025869045544e+00,-5.630031682955024763e+00
8.098732488325550705e+00,-1.508698218446577477e-01,-1.990344570165787641e-02,-1.066099195409430170e-02,-9.666814008934719871e-01,1.465313880762279197e+00,-1.022817663836330659e+00,3.598670085622792669e-01,-9.639082247774781731e-01,3.135041929434597141e-01,-5.367958441566395011e-01,-1.211898876453479268e+00,5.848056002985619894e-01,3.213787299133584519e+00,8.806733459034374878e-01,-2.134293761738172424e-01,4.133140117889146481e+00,-1.140492794463996429e+00,-5.640579465502248979e+00
8.105403602401601404e+00,-1.483977409596896335e-01,-2.631390089117774389e-02,-8.574216191781745822e-03,-9.701702008252535148e-01,1.457204386955793129e+00,-1.019041939530961116e+00,3.812406907945898871e-01,-9.579028249215705282e-01,3.121266160999001116e-01,-5.091083145862165260e-01,-1.219237389149713247e+00,5.471470523807058228e-01,3.193865771680485466e+00,9.197216341851777166e-01,-1.995468143367428171e-01,4.167371882089216939e+00,-1.059567497422329252e+00,-5.649118446993634635e+00
8.112074716477652103e+00,-1.457835249486635065e-01,-3.268342555763416313e-02,-6.496320552944308269e-03,-9.734735416987585488e-01,1.449047738922860873e+00,-1.015517614807305513e+00,4.024779443484549635e-01,-9.516374190281479128e-01,3.108420700299835415e-01,-4.811966192411452625e-01,-1.226035559339266001e+00,5.094382382503899187e-01,3.172887450606352466e+00,9.586214626142579576e-01,-1.855400423530301213e-01,4.200343814018945743e+00,-9.785035110381913315e-01,-5.655649486508405488e+00
8.118745830553702802e+00,-1.430281073923704294e-01,-3.901028854997073275e-02,-4.426681712365683821e-03,-9.765899561648345717e-01,1.440847544195683838e+00,-1.012244980327380528e+00,4.235717490842708655e-01,-9.451130313853659537e-01,3.096513574390616919e-01,-4.530691861582670232e-01,-1.232292569927466275e+00,4.716925480069898979e-01,3.150861352041894659e+00,9.973626684682175281e-01,-1.714168376095572266e-01,4.232048931677475423e+00,-8.973332552047467159e-01,-5.660174250713245314e+00
8.125416944629753502e+00,-1.401324685001662518e-01,-4.529276577644717611e-02,-2.364671163306972593e-03,-9.795180332505748488e-01,1.432607415035743514e+00,-1.009224237469394492e+00,4.445151463410813575e-01,-9.383307540916976386e-01,3.085552289888424671e-01,-4.247344883721542175e-01,-1.238007820205992315e+00,4.339233579408788288e-01,3.127796890442853694e+00,1.035935085409825263e+00,-1.571850248854748944e-01,4.262480726872516890e+00,-8.160891805020002998e-01,-5.662695212654533350e+00
8.132088058705804201e+00,-1.370976346910063870e-01,-5.152914065706856728e-02,-3.096555657330878064e-04,-9.822564186489568527e-01,1.424330966989668878e+00,-1.006455498437793583e+00,4.653012415794001710e-01,-9.312917470705281975e-01,3.075543829916286276e-01,-3.962010407519736543e-01,-1.243180926014459731e+00,3.961440251589114503e-01,3.103703874228171955e+00,1.074328546345903135e+00,-1.428524732304266021e-01,4.291633165874076283e+00,-7.348037552685500184e-01,-5.663215650215750685e+00
8.138759172781854900e+00,-1.339246781569544686e-01,-5.771770457604626786e-02,1.739002903502231273e-03,-9.848038149873590275e-01,1.416021817444329089e+00,-1.003938786409143358e+00,4.859232069943790200e-01,-9.239972380656085171e-01,3.066494651254481063e-01,-3.674773968346664033e-01,-1.247811719815752785e+00,3.583678822213645643e-01,3.078592501258319292e+00,1.112532886305483526e+00,-1.284270928270928314e-01,4.319500689879504307e+00,-6.535094526627480693e-01,-5.661739644240802782e+00
8.145430286857905600e+00,-1.306147164093534319e-01,-6.385675733416798505e-02,3.781946198632377479e-03,-9.871589820749488986e-01,1.407683584181697700e+00,-1.001674035713730149e+00,5.063742840983056492e-01,-9.164485226172479626e-01,3.058410681701537182e-01,-3.385721456556035625e-01,-1.251900250684996330e+00,3.206082317924593417e-01,3.052473354155765151e+00,1.150537945336528756e+00,-1.139168318391046431e-01,4.346078215290426705e+00,-5.722387377182683865e-01,-5.658272076324204036e+00
8.152101400933956299e+00,-1.271689118078787040e-01,-6.994460760094553531e-02,5.819820051266407640e-03,-9.893207371289267638e-01,1.399319883934085684e+00,-9.996610920527958521e-01,5.266477862713477842e-01,-9.086469640191119357e-01,3.051297317645976781e-01,-3.094939085780447630e-01,-1.255446784212171041e+00,2.828783413067667007e-01,3.025357395469796096e+00,1.188333571420264967e+00,-9.932967324559380251e-02,4.371361133802015075e+00,-4.910240543995549878e-01,-5.652818626269191071e+00
8.158772515010006998e+00,-1.235884710726827262e-01,-7.597957336640170922e-02,7.853273615130270530e-03,-9.912879549796053125e-01,1.390934330940315045e+00,-9.978997127513085097e-01,5.467371012795282370e-01,-9.005939932555419025e-01,3.045159421849709114e-01,-2.802513361226429689e-01,-1.258451802318404589e+00,2.451914376536767914e-01,2.997255962687789932e+00,1.225909623402202664e+00,-8.467363166359703763e-02,4.395345312305005692e+00,-4.098978126623191720e-01,-5.645385769214801286e+00
8.165443629086057697e+00,-1.198746447798509640e-01,-8.195998239238461158e-02,9.882959109395083458e-03,-9.930595682543571501e-01,1.382530535503396774e+00,-9.963895670461087040e-01,5.666356937589278608e-01,-8.922911089192471223e-01,3.040001321443674964e-01,-2.508531047981759632e-01,-1.260916002985950524e+00,2.075607018821006289e-01,2.968180763095248587e+00,1.263255973939052312e+00,-6.995675015940649999e-02,4.418027092601387373e+00,-3.288923755243020608e-01,-5.635980772433435426e+00
8.172114743162108397e+00,-1.160287268404039673e-01,-8.788417266325709853e-02,1.190953146074466562e-02,-9.946345675404131281e-01,1.374112102550302916e+00,-9.951302364093270736e-01,5.863371076650877312e-01,-8.837398771093082361e-01,3.035826806136640021e-01,-2.213079139348466118e-01,-1.262840299901984098e+00,1.699992639276605710e-01,2.938143868486880361e+00,1.300362512460471187e+00,-5.518709705020580225e-02,4.439403290934177626e+00,-2.480400461516731880e-01,-5.624611691800172508e+00
8.178785857238159096e+00,-1.120520539630795315e-01,-9.375049283584543924e-02,1.393364794431646569e-02,-9.960120015265582216e-01,1.365682630194408276e+00,-9.941212149068823223e-01,6.058349686866359995e-01,-8.749419313093567130e-01,3.032639126637591276e-01,-1.916244825213142544e-01,-1.264225822016307177e+00,1.325201973645329656e-01,2.907157709731156281e+00,1.337219148144822345e+00,-4.037276269708983678e-02,4.459471197332350201e+00,-1.673730549662937328e-01,-5.611287367935578807e+00
8.185456971314209795e+00,-1.079460051011287558e-01,-9.955730268851047116e-02,1.595596782366019706e-02,-9.971909771237390530e-01,1.357245708301152876e+00,-9.933619095919027364e-01,6.251229866221911236e-01,-8.658989722458666494e-01,3.030440993292324858e-01,-1.618115460466908462e-01,-1.265073913013119888e+00,9.513651418406110505e-02,2.875235071190703096e+00,1.373815812907970724e+00,-2.552185629070158335e-02,4.478228574771638826e+00,-8.692354677898284088e-02,-5.596017422023670917e+00
8.192128085390260495e+00,-1.037120008833895407e-01,-1.053029735691991681e-01,1.797715198986342758e-02,-9.981706595646203661e-01,1.348804917057535580e+00,-9.928516409328975723e-01,6.441949577195416055e-01,-8.566127677264742113e-01,3.029234574934728808e-01,-1.318778533488004778e-01,-1.265386130697083278e+00,5.786115960240600931e-02,2.842389085001106430e+00,1.410142464404095186e+00,-1.064250263076493841e-02,4.495673658152101737e+00,-6.723567954241227440e-03,-5.578812251306895398e+00
8.198799199466311194e+00,-9.935150302987548476e-02,-1.109858888423610745e-01,1.999786259997591090e-02,-9.989502724821472945e-01,1.340363825545968002e+00,-9.925896432764436117e-01,6.630447669762217222e-01,-8.470851524582235781e-01,3.029021497953009456e-01,-1.018321634698003963e-01,-1.265164246293843275e+00,2.070700689926530114e-02,2.808633225210638518e+00,1.446189089037683839e+00,4.257161099405909477e-03,4.511805153093703780e+00,7.319494638857138025e-02,-5.559683024260203332e+00
8.205470313542361893e+00,-9.486601375215308884e-02,-1.166044443345746889e-01,2.201876271488908965e-02,-9.995290979671497267e-01,1.331925990323093334e+00,-9.925750653442193538e-01,6.816663904005155761e-01,-8.373180278457068582e-01,3.029802845571291092e-01,-7.168324252050223278e-02,-1.264410243665338829e+00,-1.631314771011060927e-02,2.773981301783525311e+00,1.481945704985588197e+00,1.916898856206408763e-02,4.526622234550683466e+00,1.528001851321918458e-01,-5.538641675446252854e+00
8.212141427618412592e+00,-9.025707513877057053e-02,-1.221570487787675269e-01,2.404051593680382043e-02,-9.999064766050705932e-01,1.323494954004122093e+00,-9.928069707641055119e-01,7.000538972320133890e-01,-8.273133617689947261e-01,3.031579157346693254e-01,-4.143986055450632477e-02,-1.263126318440140894e+00,-5.318659016752769197e-02,2.738447454469491227e+00,1.517402365228264216e+00,3.408482749674862644e-02,4.540124545246181142e+00,2.320604738714155957e-01,-5.515700900054163469e+00
8.218812541694463292e+00,-8.552626852600717089e-02,-1.276421242568868131e-01,2.606378604643733859e-02,-1.000081807491872032e+00,1.315074243853241676e+00,-9.932843386351531967e-01,7.182014521208448521e-01,-8.170731883413168140e-01,3.034350428882036654e-01,-1.111078845336266330e-02,-1.261314877059179107e+00,-8.990069362700525701e-02,2.702046146542198102e+00,1.552549160589170141e+00,4.899652295330989005e-02,4.552312193928177209e+00,3.109442875709471643e-01,-5.490874148124092358e+00
8.225483655770513991e+00,-8.067521385422861402e-02,-1.330581066408784152e-01,2.808923664010792853e-02,-1.000054548229200257e+00,1.306667370380687032e+00,-9.940060641261367902e-01,7.361033172646873624e-01,-8.065996076464636566e-01,3.038116111754276538e-01,1.929520517599642160e-02,-1.258978535737218518e+00,-1.264429234703169369e-01,2.664792158409468037e+00,1.587376222781252455e+00,6.389592052500037145e-02,4.563185753448038007e+00,3.894202631658036928e-01,-5.464175618460254569e+00
8.232154769846564690e+00,-7.570556901012498452e-02,-1.384034460318553372e-01,3.011753076684588193e-02,-9.998242148988996103e-01,1.298277825947008246e+00,-9.949709591074338277e-01,7.537538545027538950e-01,-7.958947854558218182e-01,3.042875113658560782e-01,4.976935709046093059e-02,-1.256120119340477626e+00,-1.628008422809419375e-01,2.626700581098035947e+00,1.621873727459615111e+00,7.877486958047177912e-02,4.572746258663149987e+00,4.674572120993293334e-01,-5.435620252235025873e+00
8.238825883922615390e+00,-7.061902915512949241e-02,-1.436766071973071823e-01,3.214933056567078479e-02,-9.993903820169698360e-01,1.289909083375110344e+00,-9.961777528159327932e-01,7.711475273658874308e-01,-7.849609529250269890e-01,3.048625798767825579e-01,8.030291248536236548e-02,-1.252742660180824696e+00,-1.989621147742923202e-01,2.587786809615816530e+00,1.656031897279273357e+00,9.362522649343771319e-02,4.580995204165084544e+00,5.450241327935031466e-01,-5.405223726287011310e+00
8.245496997998666089e+00,-6.541732604030892073e-02,-1.488760700062134457e-01,3.418529690318371228e-02,-9.987526824670546199e-01,1.281564594570614224e+00,-9.976250925526901625e-01,7.882789030819780107e-01,-7.738004062702257269e-01,3.055365988307762182e-01,1.108871280533283432e-01,-1.248849396727039984e+00,-2.349145126822159146e-01,2.548066536194529164e+00,1.689841004956949666e+00,1.084388578687499466e-01,4.587934541834632007e+00,6.220902230465610305e-01,-5.373002446115868302e+00
8.252168112074716788e+00,-6.010222730802272650e-02,-1.540003298619383454e-01,3.622608901160930678e-02,-9.979108074135905060e-01,1.273247789151084053e+00,-9.993115444130084013e-01,8.051426545359205988e-01,-7.624155064238714585e-01,3.063092961346804977e-01,1.415132750263126127e-01,-1.244443772233598366e+00,-2.706459195898024972e-01,2.507555743415713856e+00,1.723291376335956970e+00,1.232076437637906474e-01,4.593566678225565525e+00,6.986248923528824983e-01,-5.338973538577100442e+00
8.258839226150767487e+00,-5.467553578066720876e-02,-1.590478981327504981e-01,3.827236412744290661e-02,-9.968645061947130070e-01,1.264962073084685779e+00,-1.001235594048615063e+00,8.217335621833157244e-01,-7.508086786700940429e-01,3.071803455800869442e-01,1.721726421995404266e-01,-1.239529433287571925e+00,-3.061443357224088446e-01,2.466270697223188701e+00,1.756373393452999032e+00,1.379234809038233367e-01,4.597894471778516845e+00,7.745977741399667771e-01,-5.303154844279900360e+00
8.265510340226818187e+00,-4.913908873680319922e-02,-1.640173025798502271e-01,4.032477713083429394e-02,-9.956135861950548005e-01,1.256710827338798797e+00,-1.003395647461614582e+00,8.380465159172059142e-01,-7.389824122595924916e-01,3.081493669652343170e-01,2.028565389363518601e-01,-1.234110228274162724e+00,-3.413978826810410983e-01,2.424227939824963318e+00,1.789077497605946698e+00,1.525782858902365868e-01,4.600921229866852258e+00,8.499787379176850788e-01,-5.265564909691393680e+00
8.272181454302868886e+00,-4.349475717499344529e-02,-1.689070877827568706e-01,4.238398018585734506e-02,-9.941579126985733428e-01,1.248497406539145649e+00,-1.005790031829835174e+00,8.540765168870864121e-01,-7.269392600040540664e-01,3.092159262382805363e-01,2.335562981527768978e-01,-1.228190205761499509e+00,-3.763948081240590660e-01,2.381444282487841235e+00,1.821394192421461833e+00,1.671639984004069379e-01,4.602650705676333942e+00,9.247379013346472831e-01,-5.226222978950767484e+00
8.278852568378919585e+00,-3.774444506566690394e-02,-1.737158155619188682e-01,4.445062238180991221e-02,-9.924974087215250318e-01,1.240325137639959330e+00,-1.008416996363243001e+00,8.698186792694981850e-01,-7.146818378501395008e-01,3.103795356618948564e-01,2.642632792807045883e-01,-1.221773612805344911e+00,-4.111234903933134177e-01,2.337936798227772339e+00,1.853314046921394009e+00,1.816725843779549709e-01,4.603087094920225830e+00,9.988456421368619997e-01,-5.185148985396728527e+00
8.285523682454970285e+00,-3.189008859132980156e-02,-1.784420653984193084e-01,4.652534937567630313e-02,-9.906320548257582237e-01,1.232197318605720460e+00,-1.011274713191011365e+00,8.852682319895318619e-01,-7.022128244329846058e-01,3.116396539990931025e-01,2.949688712086629971e-01,-1.214864893174334437e+00,-4.455724430828478244e-01,2.293722814399230980e+00,1.884827698586939881e+00,1.960960392123164697e-01,4.602235032392039571e+00,1.072272610023799366e+00,-5.142363542812091737e+00
8.292194796531020984e+00,-2.593365537546174493e-02,-1.830844348506304731e-01,4.860880303590670026e-02,-9.885618889124556663e-01,1.224117217105006983e+00,-1.014361278278887335e+00,9.004205203925517154e-01,-6.895349606093046368e-01,3.129956867202474680e-01,3.256644951989978720e-01,-1.207468685496506877e+00,-4.797303195482246485e-01,2.248819905186839385e+00,1.915925856419397721e+00,2.104263909062921434e-01,4.600099588357583258e+00,1.144989738396929857e+00,-5.097887936389168928e+00
8.298865910607071683e+00,-1.987714370042907575e-02,-1.876415399676862328e-01,5.070162108764415809e-02,-9.862870059965075376e-01,1.216088069216963774e+00,-1.017674712376418045e+00,9.152710078655184045e-01,-6.766510489700690023e-01,3.144469862311834452e-01,3.563416077804901771e-01,-1.199589821327818662e+00,-5.135859173546674095e-01,2.203245884002597688e+00,1.946599303996494612e+00,2.246557032305074586e-01,4.596686264788648835e+00,1.216968255995936943e+00,-5.051744113420042481e+00
8.305537024683122382e+00,-1.372258171474542710e-02,-1.921120156996385386e-01,5.280443675954157173e-02,-9.838075579616650801e-01,1.208113078150911956e+00,-1.021212961993656521e+00,9.298152774072956372e-01,-6.635639533328117068e-01,3.159928521222728492e-01,3.869917036153380785e-01,-1.191233323143404466e+00,-5.471281826622157451e-01,2.157018795791937560e+00,1.976838902523185615e+00,2.387760788635784892e-01,4.592000991440208679e+00,1.288179698417936780e+00,-5.003954673715566237e+00
8.312208138759173082e+00,-7.472026630036932016e-03,-1.964945163041547094e-01,5.491787843231882987e-02,-9.811237532966599062e-01,1.200195412979625287e+00,-1.024973900406904281e+00,9.440490331473194718e-01,-6.502765982136199385e-01,3.176325314384253473e-01,4.176063183393993183e-01,-1.182404402252437148e+00,-5.803462145460260846e-01,2.110156909252082436e+00,2.006635593875785606e+00,2.527796625167282873e-01,4.586050121773349808e+00,1.358595919514804296e+00,-4.954542859757365747e+00
8.318879252835223781e+00,-1.127563908041917529e-03,-2.007877157496272824e-01,5.704256928917796760e-02,-9.782358568124652765e-01,1.192338207386754112e+00,-1.028955328693050841e+00,9.579681018120862479e-01,-6.367919682788347746e-01,3.193652189698700239e-01,4.481770313747812651e-01,-1.173108456637323549e+00,-6.132292692501418729e-01,2.062678708966011243e+00,2.035980403638391500e+00,2.666586440418360349e-01,4.578840428726172362e+00,1.428189102664130017e+00,-4.903532546587010543e+00
8.325550366911274480e+00,5.308693561991817411e-03,-2.049903081145592887e-01,5.917912696823617036e-02,-9.751441893408938633e-01,1.184544558428927363e+00,-1.033154976792058699e+00,9.715684341388863832e-01,-6.231131077765112991e-01,3.211900575636099653e-01,4.786954687137070508e-01,-1.163351068718175840e+00,-6.457667643729237961e-01,2.014602887455581026e+00,2.064864444130466659e+00,2.804052615216425792e-01,4.570379100334976741e+00,1.496931771908996067e+00,-4.850948231436847280e+00
8.332221480987325180e+00,1.183460629516277368e-02,-2.091010079830859514e-01,6.132816321710441582e-02,-9.718491274147172954e-01,1.176817525313011981e+00,-1.037570504597150833e+00,9.848461062362611207e-01,-6.092431199477420511e-01,3.231061384554328453e-01,5.091533056726311735e-01,-1.153138003043423065e+00,-6.779482829824458046e-01,1.965948337157168435e+00,2.093278917424444607e+00,2.940118043409700732e-01,4.560673735207876334e+00,1.564796802962122424e+00,-4.796815023106789866e+00
8.338892595063375879e+00,1.844800905167415239e-02,-2.131185508365073811e-01,6.349028354974392552e-02,-9.683511029295187589e-01,1.169160128189013381e+00,-1.042199503072201328e+00,9.977973208906895097e-01,-5.951851664178533508e-01,3.251125016223394004e-01,5.395422696157518017e-01,-1.142475203907446613e+00,-7.097635776602314595e-01,1.916734142323371692e+00,2.121215118352336226e+00,3.074706162379090557e-01,4.549732337853464870e+00,1.631757434069856627e+00,-4.741158631091791698e+00
8.345563709139426578e+00,2.514671168612013508e-02,-2.170416934406871334e-01,6.566608690574832208e-02,-9.646506027874794942e-01,1.161575346959123678e+00,-1.047039495395864828e+00,1.010418408819000469e+00,-5.809424665676140576e-01,3.272081361552621193e-01,5.698541426468032300e-01,-1.131368792896261022e+00,-7.412025744715814435e-01,1.866979570854340187e+00,2.148664437500102498e+00,3.207740983336907492e-01,4.537563313866761483e+00,1.697787276731455020e+00,-4.684005354464625626e+00
8.352234823215477277e+00,3.192850000495398022e-02,-2.208692142291945049e-01,6.785616531217406044e-02,-9.607481685233143498e-01,1.154066120103367066e+00,-1.052087938131945899e+00,1.022705829866077609e+00,-5.665182968844947320e-01,3.293919806519154392e-01,6.000807642683190224e-01,-1.119825066362144739e+00,-7.722553768609863312e-01,1.816704066062187373e+00,2.175618364188801834e+00,3.339147121402497032e-01,4.524175464975035865e+00,1.762860326269397149e+00,-4.625382070518718969e+00
8.358905937291527977e+00,3.879113663175497162e-02,-2.245999136820508724e-01,7.006110354806015239e-02,-9.566443959125845442e-01,1.146635343522337536e+00,-1.057342222425488476e+00,1.034656174147404517e+00,-5.519159902940807827e-01,3.316629236296399497e-01,6.302140340073805191e-01,-1.107850492828279521e+00,-8.029122694709612817e-01,1.765927238372207997e+00,2.202068489441306287e+00,3.468849825442932300e-01,4.509577983946085666e+00,1.826950972246230931e+00,-4.565316223176069776e+00
8.365577051367578676e+00,4.573236187993490187e-02,-2.282326146999481831e-01,7.228147881177013345e-02,-9.523399345626017976e-01,1.139285869397472784e+00,-1.062799675224097573e+00,1.046266163136044813e+00,-5.371389354717708287e-01,3.340198039580646872e-01,6.602459140069014687e-01,-1.095451710324433225e+00,-8.331637218827718794e-01,1.714668856964376653e+00,2.228006508933510155e+00,3.596775007667408763e-01,4.493780449361392648e+00,1.890034008723787462e+00,-4.503835811165028957e+00
8.372248165443629375e+00,5.274989463250961963e-02,-2.317661629738128615e-01,7.451786039128371897e-02,-9.478354874861671941e-01,1.132020505069336824e+00,-1.068457560523938588e+00,1.057532650693677745e+00,-5.221905761348177855e-01,3.364614113114314242e-01,6.901684315816486448e-01,-1.082635523654720933e+00,-8.630003922775535408e-01,1.662948841358832919e+00,2.253424225928907010e+00,3.722849272965124134e-01,4.476792820256979333e+00,1.952084644360492449e+00,-4.440969375973194744e+00
8.378919279519680074e+00,5.984143322856627645e-02,-2.351994273495816856e-01,7.677080933756984249e-02,-9.431318106583721494e-01,1.124842011934339414e+00,-1.074313080639900164e+00,1.068452624045324484e+00,-5.070744103148565607e-01,3.389864866404043720e-01,7.199736817380797405e-01,-1.069408901598547956e+00,-8.924131310163483377e-01,1.610787252948936876e+00,2.278313554195437352e+00,3.846999947975410228e-01,4.458625430634538311e+00,2.013078512342683979e+00,-4.376745989580463458e+00
8.385590393595730774e+00,6.700465635603082559e-02,-2.385313001880561279e-01,7.904087814117721766e-02,-9.382297125567244933e-01,1.117753104360370342e+00,-1.080363377499353961e+00,1.079023204697414196e+00,-4.917939896110513631e-01,3.415937226631717838e-01,7.496538296570757209e-01,-1.055778974045914254e+00,-9.213929841375223528e-01,1.558204286485709522e+00,2.302666520903422498e+00,3.969155109878654275e-01,4.439288983845615988e+00,2.072991680145685578e+00,-4.311195241977669568e+00
8.392261507671781473e+00,7.423722395038567790e-02,-2.417606977197152562e-01,8.132861041215737330e-02,-9.331300536848246008e-01,1.110756448621737613e+00,-1.086605533958977743e+00,1.089241649298905878e+00,-4.763529184239489456e-01,3.442817643756679313e-01,7.792011131388862921e-01,-1.041753029068114511e+00,-9.499311967703003567e-01,1.505220261517130842e+00,2.326475269503568644e+00,4.089243614898803725e-01,4.418794546851630756e+00,2.131800659120868247e+00,-4.244347228475960243e+00
8.398932621747832172e+00,8.153677809893040973e-02,-2.448865603943493063e-01,8.363454056346097953e-02,-9.278337460798682379e-01,1.103854661853872265e+00,-1.093036575144063383e+00,1.099105350445146456e+00,-4.607548531702330141e-01,3.470492095807042321e-01,8.086078450092897274e-01,-1.027338509925127319e+00,-9.780192164628884743e-01,1.451855613786194876e+00,2.349732062583825165e+00,4.207195126505277050e-01,4.397153544362484290e+00,2.189482413904521696e+00,-4.176232536812499951e+00
8.405603735823882872e+00,8.890094395021641560e-02,-2.479078532253936040e-01,8.595919349792593978e-02,-9.223417528042270330e-01,1.097050311028204383e+00,-1.099653469809733108e+00,1.108611837424226643e+00,-4.450035014784678999e-01,3.498946094358114656e-01,8.378664154863061375e-01,-1.012543012010822086e+00,-1.005648696423952826e+00,1.398130886591336886e+00,2.372429284704060226e+00,4.322940143304950800e-01,4.374377752856739576e+00,2.246014371644810659e+00,-4.106882234057978920e+00
8.412274849899933571e+00,9.632733062827605885e-02,-2.508235661288353846e-01,8.830308429897397449e-02,-9.166550874213684752e-01,1.090345911947614876e+00,-1.106453131723497796e+00,1.117758776905583229e+00,-4.291026213660191768e-01,3.528164690195903508e-01,8.669692945066408418e-01,-9.973742797371984992e-01,-1.032811498676116546e+00,1.344066722112950307e+00,2.394559445207411930e+00,4.436410026613884505e-01,4.350479294486166992e+00,2.301374431042976454e+00,-4.036327853331480142e+00
8.418945963975984270e+00,1.038135321512338449e-01,-2.536327142565631410e-01,9.066671792515977601e-02,-9.107748134564050968e-01,1.083743928262883571e+00,-1.113432421068543121e+00,1.126543973570630630e+00,-4.130560203973111522e-01,3.558132479163306217e-01,8.959090340110186235e-01,-9.818402033590124534e-01,-1.059499697120152240e+00,1.289683852709884171e+00,2.416115181007165269e+00,4.547537027697381440e-01,4.325470630867680022e+00,2.355540971204969303e+00,-3.964601380328547808e+00
8.425617078052034969e+00,1.113571283539522006e-01,-2.563343383240436202e-01,9.305058890866819976e-02,-9.047020438415221966e-01,1.077246770510503548e+00,-1.120588145867165597e+00,1.134965370685255381e+00,-3.968675548235501838e-01,3.588833608187064761e-01,9.246782701878302202e-01,-9.659488157399160890e-01,-1.085705580508766754e+00,1.235003092189454144e+00,2.437089259348143688e+00,4.656254314670190686e-01,4.299364556765617351e+00,2.408492860300043059e+00,-3.891735239668005608e+00
8.432288192128085669e+00,1.189556858142839929e-01,-2.589275049321954625e-01,9.545518105790132268e-02,-8.984379403465921898e-01,1.070856795172273168e+00,-1.127917063423740096e+00,1.143021050613975520e+00,-3.805411287041465807e-01,3.620251781482860531e-01,9.532697256741849978e-01,-9.497082890615523576e-01,-1.111421655328649116e+00,1.180045327054929594e+00,2.457474580541409992e+00,4.762495999045071038e-01,4.272174193667360065e+00,2.460209464022558912e+00,-3.817762281063547647e+00
8.438959306204136368e+00,1.266067587825741303e-01,-2.614113068833425202e-01,9.788096716425696842e-02,-8.919837129952382648e-01,1.064576303757015729e+00,-1.135415881786605130e+00,1.150709235275660491e+00,-3.640806930099639294e-01,3.652370266936426635e-01,9.816762117138189137e-01,-9.331269314768207979e-01,-1.136640648589744229e+00,1.124831507734118441e+00,2.477264180671252092e+00,4.866197161921347880e-01,4.243912983255386351e+00,2.510670653853657619e+00,-3.742715765325855148e+00
8.445630420280187067e+00,1.343078901139967141e-01,-2.637848634911245105e-01,1.003284087132247926e-01,-8.853406194666556539e-01,1.058407541904819782e+00,-1.143081261228234613e+00,1.158028286540681240e+00,-3.474902447086026802e-01,3.685171902658097576e-01,1.009890630271113476e+00,-9.162131837087266195e-01,-1.161355510520585499e+00,1.069382639792955558e+00,2.496451234273319830e+00,4.967293879803139633e-01,4.214594680778892766e+00,2.559856815119263107e+00,-3.666629350201431770e+00
8.452301534356237767e+00,1.420566122033486145e-01,-2.660473208842451531e-01,1.027979555999136985e-01,-8.785099644834780674e-01,1.052352698514140483e+00,-1.150909815743086373e+00,1.164976706569396114e+00,-3.307738258319397051e-01,3.718639103708298865e-01,1.037905976100521155e+00,-8.989756155961714512e-01,-1.185559417168607688e+00,1.013719775137764012e+00,2.515029056982821309e+00,5.065723250037460490e-01,4.184233348327983215e+00,2.607748854841189790e+00,-3.589537076053946230e+00
8.458972648432288466e+00,1.498504479219056607e-01,-2.681978523039422191e-01,1.052900458491200786e-01,-8.714930991859858311e-01,1.046413904892116609e+00,-1.158898114562474380e+00,1.171553138091930180e+00,-3.139355225260824223e-01,3.752753868991494102e-01,1.065715338770853782e+00,-8.814229225880504393e-01,-1.209245772904454785e+00,9.578640032100282919e-01,2.532991108151728898e+00,5.161423415863657382e-01,4.152843348013709246e+00,2.654328209378066461e+00,-3.511473351394400311e+00
8.465643762508339165e+00,1.576869115559555445e-01,-2.702356583950628610e-01,1.078051053400488901e-01,-8.642914204929589284e-01,1.040593233928446271e+00,-1.167042683685820093e+00,1.177756364629194419e+00,-2.969794640839709121e-01,3.787497788315946634e-01,1.093311904643775812e+00,-8.635639221870721194e-01,-1.232408212829278815e+00,9.018364421774023310e-01,2.550330993433882920e+00,5.254333591064523912e-01,4.120439335057056951e+00,2.699576851852960147e+00,-3.432472938266135642e+00
8.472314876584389864e+00,1.655635097465927852e-01,-2.721599674906239330e-01,1.103435475358051088e-01,-8.569063704494993550e-01,1.034892699293151530e+00,-1.175340007427637223e+00,1.183585310655136613e+00,-2.799098219608653348e-01,3.822852049616448644e-01,1.120688958805833302e+00,-8.454075503448038598e-01,-1.255040605084025263e+00,8.456582301248735112e-01,2.567042467336911216e+00,5.344394084209496132e-01,4.087036250790193392e+00,2.743477299364528665e+00,-3.352570937491127001e+00
8.478985990660440564e+00,1.734777424304195237e-01,-2.739700358897530497e-01,1.129057732177492640e-01,-8.493394355621034508e-01,1.029314254658550087e+00,-1.183786529979600211e+00,1.189039041700240329e+00,-2.627308087728909558e-01,3.858797446337552950e-01,1.147839886953600175e+00,-8.269628578092693694e-01,-1.277137053059915983e+00,7.893505162496419203e-01,2.583119435739947178e+00,5.431546322482381228e-01,4.052649315573103372e+00,2.786012619978881499e+00,-3.271802773783576868e+00
8.485657104736491263e+00,1.814271037807259346e-01,-2.756651481288889260e-01,1.154921702248375981e-01,-8.415921461213313748e-01,1.023859792945742475e+00,-1.192378656987018060e+00,1.194116764396303765e+00,-2.454466772789376250e-01,3.895314384974224997e-01,1.174758177231211675e+00,-8.082390064267006569e-01,-1.298691897509136162e+00,7.329344520636816851e-01,2.598555958376027597e+00,5.515732875083309006e-01,4.017294021628956990e+00,2.827166439499110062e+00,-3.190204180737372219e+00
8.492328218812541962e+00,1.894090831487808546e-01,-2.772446172461373037e-01,1.181031131980429527e-01,-8.336660755123697086e-01,1.018531145595925835e+00,-1.201112757139057408e+00,1.198817826462570846e+00,-2.280617193460927616e-01,3.932382892767232185e-01,1.201437422019894896e+00,-7.892452653988539790e-01,-1.319699718555007006e+00,6.764311826076400136e-01,2.613346251278165333e+00,5.596897476197493226e-01,3.980986125801502240e+00,2.866922948009783312e+00,-3.107811185693704736e+00
8.498999332888592662e+00,1.974211660048382222e-01,-2.787077850386710520e-01,1.207389633299547904e-01,-8.255628395138148168e-01,1.013330081866812948e+00,-1.209985163772044681e+00,1.203141716633293390e+00,-2.105802648988895909e-01,3.969982625550322330e-01,1.227871319678935258e+00,-7.699910074974001262e-01,-1.340155337600829721e+00,6.198618376798257223e-01,2.627484689188032796e+00,5.674985047522201898e-01,3.943741642237736489e+00,2.905266906193673559e+00,-3.024660094495255080e+00
8.505670446964643361e+00,2.054608348784515148e-01,-2.800540223130649209e-01,1.234000681196699561e-01,-8.172840955850189104e-01,1.008258308154454497e+00,-1.218992176485144796e+00,1.207088064526840698e+00,-1.930066808526299527e-01,4.008092875746088191e-01,1.254053676237532944e+00,-7.504857052370010884e-01,-1.360053819136623598e+00,5.632475230841647029e-01,2.640965807926203723e+00,5.749941720342932605e-01,3.905576834999293201e+00,2.942183651418032841e+00,-2.940787476133604805e+00
8.512341561040694060e+00,2.135255702977341963e-01,-2.812827291284643039e-01,1.260867611330701299e-01,-8.088315421423019069e-01,1.003317467340710589e+00,-1.228130062767768926e+00,1.210656640456504451e+00,-1.753453700309952901e-01,4.046692580507620374e-01,1.279978407037192678e+00,-7.307389270085238309e-01,-1.379390472443140503e+00,5.066093119006652712e-01,2.653784306722961617e+00,5.821714857151505385e-01,3.866508210605790641e+00,2.977659103588037759e+00,-2.856230147296158428e+00
8.519012675116744759e+00,2.216128517271597764e-01,-2.823933350324812630e-01,1.287993617685616876e-01,-8.002069178243744751e-01,9.985091381666616472e-01,-1.237395059637997008e+00,1.213847355183143240e+00,-1.576007700682669488e-01,4.085760330002945473e-01,1.305639538324160798e+00,-7.107603331739624775e-01,-1.398160853192482067e+00,4.499682357822567536e-01,2.665935050508642323e+00,5.890253072798535827e-01,3.826552510513611782e+00,3.011679770764834618e+00,-2.771025156819345803e+00
8.525683789192795459e+00,2.297201585035139604e-01,-2.833852992897155643e-01,1.315381750284135842e-01,-7.914120007473126606e-01,9.938348346321781435e-01,-1.246783375291335316e+00,1.216660259609872341e+00,-1.397773522963992321e-01,4.125274375838738905e-01,1.331031208791404463e+00,-6.905596721247446723e-01,-1.416360764944660788e+00,3.933452762816546100e-01,2.677413072162492025e+00,5.955506255170852636e-01,3.785726703533405679e+00,3.044232754545968866e+00,-2.685209770054568068e+00
8.532354903268846158e+00,2.378449707696240201e-01,-2.842581111028025798e-01,1.343034912957332128e-01,-7.824486077494055003e-01,9.892960054219210875e-01,-1.256291190759096787e+00,1.219095544419001698e+00,-1.218796206172255703e-01,4.165212639620697321e-01,1.356147671069922289e+00,-6.701467763048623016e-01,-1.433986260539654944e+00,3.367613562119795567e-01,2.688213574719051646e+00,6.017425585388858078e-01,3.744047978189860792e+00,3.075305755205854918e+00,-2.598821453153711492e+00
8.539026017344896857e+00,2.459847704054667905e-01,-2.850112898258873040e-01,1.370955861172234447e-01,-7.733185936262362281e-01,9.848940333579702111e-01,-1.265914661575737954e+00,1.221153539651465003e+00,-1.039121103600971763e-01,4.205552721646706460e-01,1.380983293168795978e+00,-6.495315582005922739e-01,-1.451033643384316285e+00,2.802373310447612287e-01,2.698331933531088467e+00,6.075963557513834878e-01,3.701533735027012106e+00,3.104887076594273321e+00,-2.511897857280671609e+00
8.545697131420947557e+00,2.541370419562865579e-01,-2.856443851704316694e-01,1.399147199917653017e-01,-7.640238503563168138e-01,9.806302348793196622e-01,-1.275649919454411307e+00,1.222834714228995256e+00,-8.587938712523651708e-02,4.246271909730044425e-01,1.405532559863807540e+00,-6.287240062982988320e-01,-1.467499468633770121e+00,2.237939803490083257e-01,2.707763698388090390e+00,6.131073997760205785e-01,3.658201578862623649e+00,3.132965630790774281e+00,-2.424476802755767935e+00
8.552368245496998256e+00,2.622992735573337342e-01,-2.861569774032577951e-01,1.427611381649292188e-01,-7.545663063176345497e-01,9.765058595484422677e-01,-1.285493073970057631e+00,1.224139675419337880e+00,-6.778604561310760945e-02,4.287347188149084887e-01,1.429790074034225533e+00,-6.077341810120034937e-01,-1.483380544266831302e+00,1.674519992749717856e-01,2.716504595589358750e+00,6.182712083204922049e-01,3.614069310995042805e+00,3.159530942513065099e+00,-2.336596263139697705e+00
8.559039359573048955e+00,2.704689578548420403e-01,-2.865486775367361294e-01,1.456350704295142073e-01,-7.449479254954609608e-01,9.725220895851117708e-01,-1.295440214249312438e+00,1.225069168244810713e+00,-4.963670844011591754e-02,4.328755246719896421e-01,1.453750557947380173e+00,-5.865722105824253685e-01,-1.498673932055019087e+00,1.112319900862207556e-01,2.724550529970756862e+00,6.230834359986314741e-01,3.569154921365979227e+00,3.184573153277615809e+00,-2.248294349263755265e+00
8.565710473649099654e+00,2.786435929228799346e-01,-2.868191275110279492e-01,1.485367309321556639e-01,-7.351707066817559921e-01,9.686800394276822157e-01,-1.305487410666517523e+00,1.225624074834545718e+00,-3.143602494093819533e-02,4.370472489988840303e-01,1.477408854490927848e+00,-5.652482869490261796e-01,-1.513376948424939084e+00,5.515445374363181497e-02,2.731897586884151519e+00,6.275398760988004643e-01,3.523476580682715742e+00,3.208083025310622727e+00,-2.159609293213224035e+00
8.572381587725150354e+00,2.868206831756838215e-01,-2.869680003682951730e-01,1.514663179861298614e-01,-7.252366826665389565e-01,9.649807553219813538e-01,-1.315630716545138190e+00,1.225805413720768122e+00,-1.318866995781126095e-02,4.412475046541085577e-01,1.500759928352327854e+00,-5.437726615968736521e-01,-1.527487165213609721e+00,-7.602184551762647402e-04,2.738542034128649938e+00,6.316364622998914546e-01,3.477052632503141893e+00,3.230051945207850217e+00,-2.070579432270524656e+00
8.579052701801201053e+00,2.949977402751199351e-01,-2.869950004187907799e-01,1.544240138903820170e-01,-7.151479194215564217e-01,9.614252149379990398e-01,-1.325866169863853194e+00,1.225614339079492909e+00,5.100657382890255720e-03,4.454738778422100420e-01,1.523798867145477409e+00,-5.221556413798676965e-01,-1.541002410316615334e+00,-5.649175317740295910e-02,2.744480323832702240e+00,6.353692703345568127e-01,3.429901585287141064e+00,3.250471927341689771e+00,-1.981243192825085320e+00
8.585723815877251752e+00,3.031722840328975321e-01,-2.868998633987443481e-01,1.574099847548967590e-01,-7.049065152766110787e-01,9.580143270145020651e-01,-1.336189794966620159e+00,1.225052139916055882e+00,2.342723490649922802e-02,4.497239290668190170e-01,1.546520882484204717e+00,-5.004075843221147402e-01,-1.553920768228801652e+00,-1.120200032941620627e-01,2.749709094286166611e+00,6.387345195988938240e-01,3.382042104417740447e+00,3.269335617014129447e+00,-1.891639074256596942e+00
8.592394929953302452e+00,3.113418433071529767e-01,-2.866823566199659390e-01,1.604243803324452156e-01,-6.945146000889221849e-01,9.547489310317425204e-01,-1.346597604275973747e+00,1.224120239195886306e+00,4.178631863789825096e-02,4.539951940942621444e-01,1.568921311002402952e+00,-4.785388953991308592e-01,-1.566240580477376687e+00,-1.673249560534940672e-01,2.754225171721459198e+00,6.417285747081078462e-01,3.333493004195626330e+00,3.286636293354193050e+00,-1.801805632798720413e+00
8.599066044029353151e+00,3.195039568930675422e-01,-2.863422791110825094e-01,1.634673338568106149e-01,-6.839743344058433205e-01,9.516297969123517220e-01,-1.357085600008869353e+00,1.222820192921003191e+00,6.017314406112730940e-02,4.582851849273694711e-01,1.590995615320721868e+00,-4.565600223005585878e-01,-1.577960445947330870e+00,-2.223867411840523278e-01,2.758025572042910767e+00,6.443479469975308405e-01,3.284273239810328704e+00,3.302367871958774792e+00,-1.711781465389748291e+00
8.605737158105403850e+00,3.276561744071407323e-01,-2.858794617503363500e-01,1.665389618875245392e-01,-6.732879086213088282e-01,9.486576247505821291e-01,-1.367649775894331343e+00,1.221153689152673749e+00,7.858292739031932927e-02,4.625913907891277543e-01,1.612739384959638755e+00,-4.344814511761002085e-01,-1.589079221099112926e+00,-2.771856389259000908e-01,2.761107502503477917e+00,6.465892959685595187e-01,3.234401899291669658e+00,3.316524907275610445e+00,-1.621605193517295040e+00
8.612408272181454549e+00,3.357960571647610193e-01,-2.852937673898668924e-01,1.696393641612192749e-01,-6.624575421263859676e-01,9.458330445699578704e-01,-1.378286118892195988e+00,1.219122546980759836e+00,9.701086685165355439e-02,4.669112791157625231e-01,1.634148337198710665e+00,-4.123137023664724676e-01,-1.599596020078486447e+00,-3.317020879850933746e-01,2.763468363327975297e+00,6.484494306788297635e-01,3.183898195444903934e+00,3.329102594727542996e+00,-1.531315447063697155e+00
8.619079386257505249e+00,3.439211790507301636e-01,-2.845850909714038313e-01,1.727686234496111917e-01,-6.514854824542515299e-01,9.431566161094676604e-01,-1.388990610912222534e+00,1.216728715440264175e+00,1.154521439759582935e-01,4.712422965589467272e-01,1.655218317882082735e+00,-3.900673261209957055e-01,-1.609510214718697263e+00,-3.859166934086857292e-01,2.765105749281971281e+00,6.499253110763478780e-01,3.132781457773043066e+00,3.340096772577016537e+00,-1.440950848159107123e+00
8.625750500333555948e+00,3.520291273823804579e-01,-2.837533596333038921e-01,1.759268054242230928e-01,-6.403740044199955905e-01,9.406288286383519548e-01,-1.399759230532865661e+00,1.213974272375610397e+00,1.339019249015923063e-01,4.755818699966813945e-01,1.675945302169976170e+00,-3.677528983036720267e-01,-1.618821434434910334e+00,-4.398102343768770517e-01,2.766017451185581510e+00,6.510140492768830001e-01,3.081071124389781701e+00,3.349503923530168681e+00,-1.350549995048899277e+00
8.632421614409606647e+00,3.601175037649462785e-01,-2.827985328088625239e-01,1.791139585278615498e-01,-6.291254092555794708e-01,9.382501007995753817e-01,-1.410587954718984571e+00,1.210861423253228653e+00,1.523553616872431737e-01,4.799274075525339911e-01,1.696325395236268019e+00,-3.453810160893873715e-01,-1.627529566011127971e+00,-4.933636719090257472e-01,2.766201457371336936e+00,6.517129107843536717e-01,3.028786733926509989e+00,3.357321176079734126e+00,-1.260151445982336860e+00
8.639092728485657346e+00,3.681839249388433322e-01,-2.817206023158350114e-01,1.823301138529225263e-01,-6.177420237403166148e-01,9.360207804820463995e-01,-1.421472760537767499e+00,1.207392499923027440e+00,1.708075936342599022e-01,4.842762996228298089e-01,1.716354832912073913e+00,-3.229622936520297194e-01,-1.635634753279721743e+00,-5.465581564802964865e-01,2.765655955085351003e+00,6.520193156536981949e-01,2.975947917436832846e+00,3.363546305586187390e+00,-1.169793703129248907e+00
8.645763842561708046e+00,3.762260236185133166e-01,-2.805195924371066130e-01,1.855752850265873222e-01,-6.062261993272571869e-01,9.339411447216007245e-01,-1.432409626872168440e+00,1.203569959329364725e+00,1.892537486181421202e-01,4.886259199113753837e-01,1.736029982275258732e+00,-3.005073578463121065e-01,-1.643137396693735486e+00,-5.993750355457563295e-01,2.764379331831056330e+00,6.519308395957581492e-01,2.922574390302057346e+00,3.368177735096769432e+00,-1.079515196531472210e+00
8.652434956637758745e+00,3.842414493225069783e-01,-2.791955599924486608e-01,1.888494681029260214e-01,-5.945803112657999101e-01,9.320113996308385662e-01,-1.443394536131122896e+00,1.199396382172140063e+00,2.076889444288005371e-01,4.929736264714043026e-01,1.755347342186064141e+00,-2.780268438849486934e-01,-1.650038152792331125e+00,-6.517958609687707350e-01,2.762370176654714182e+00,6.514452150239631312e-01,2.868685944141056154e+00,3.371214535901848386e+00,-9.893542680959244162e-01
8.659106070713809444e+00,3.922278691944656726e-01,-2.777485944013078911e-01,1.921526414619950385e-01,-5.828067577209291583e-01,9.302316803577828086e-01,-1.454423475955852307e+00,1.194874471518663217e+00,2.261082901191976136e-01,4.973167627542636193e-01,1.774303543768684044e+00,-2.555313910130578847e-01,-1.656337933559539621e+00,-7.038023963506165881e-01,2.759627281372038610e+00,6.505603320422328473e-01,2.814302438727911415e+00,3.372656427828574000e+00,-8.993491556358985672e-01
8.665777184789860144e+00,4.001829688146835706e-01,-2.761788177365711583e-01,1.954847657159329843e-01,-5.709079588894074853e-01,9.286020510734167566e-01,-1.465492440921527528e+00,1.190007051366953617e+00,2.445068873619621330e-01,5.016526586645329022e-01,1.792895350839030399e+00,-2.330316381814256654e-01,-1.662037905676776672e+00,-7.553766242582512502e-01,2.756149641735179845e+00,6.492742393739674434e-01,2.759443793920720367e+00,3.372503779271497137e+00,-8.095379769674206916e-01
8.672448298865910843e+00,4.081044530019301564e-01,-2.744863847692519676e-01,1.988457836221333708e-01,-5.588863561132869640e-01,9.271225049880752467e-01,-1.476597434233605677e+00,1.184797065161180774e+00,2.628798318136206236e-01,5.059786316211213331e-01,1.811119660278688981e+00,-2.105382197204672678e-01,-1.667139489669450469e+00,-8.065007533472712264e-01,2.751936458539397279e+00,6.475851452316379042e-01,2.704129981604928457e+00,3.370757606960248509e+00,-7.199587140672312202e-01
8.679119412941961542e+00,4.159900466051970613e-01,-2.726714830040574133e-01,2.022356200034978457e-01,-5.467444109911320238e-01,9.257929643966944511e-01,-1.487734469418100280e+00,1.179247574259940423e+00,2.812222144859553019e-01,5.102919876239713215e-01,1.828973502355147440e+00,-1.880617610166318010e-01,-1.671644358948099374e+00,-8.571572253769704774e-01,2.746987138668768313e+00,6.454914181267891182e-01,2.648381017654653391e+00,3.367419575464277059e+00,-6.306491972992960271e-01
8.685790527018012241e+00,4.238374952850860189e-01,-2.707343327057778470e-01,2.056541816758403751e-01,-5.344846044872579860e-01,9.246132807528832931e-01,-1.498899572005122582e+00,1.173361756358104913e+00,2.995291231241860030e-01,5.145900223259625150e-01,1.846454040988507295e+00,-1.656128741929691062e-01,-1.675554438744562225e+00,-9.073287221147789960e-01,2.741301296080258521e+00,6.429915876201011127e-01,2.592216953915174926e+00,3.362491996434884278e+00,-5.416470897161582698e-01
8.692461641094062941e+00,4.316445662845100895e-01,-2.686751869164646367e-01,2.091013573824404836e-01,-5.221094360393727651e-01,9.235832347718034852e-01,-1.510088781204974140e+00,1.167142903862978365e+00,3.177956435914772726e-01,5.188700221096413934e-01,1.863558573964793075e+00,-1.432021537956066348e-01,-1.678871904943698645e+00,-9.569981721270934827e-01,2.734878752725539375e+00,6.400843450113561373e-01,2.535657870210003217e+00,3.355977827584751605e+00,-4.529898714419440253e-01
8.699132755170113640e+00,4.394090491884085625e-01,-2.664943314633509419e-01,2.125770177358130841e-01,-5.096214226649943280e-01,9.227025365617863573e-01,-1.521298151576087720e+00,1.160594422225553757e+00,3.360168612593952830e-01,5.231292651683077111e-01,1.880284533095975208e+00,-1.208401724879745176e-01,-1.681599182811178927e+00,-1.006148757453702913e+00,2.727719539409959815e+00,6.367685439689346749e-01,2.478723866375871943e+00,3.347880671405514263e+00,-3.647148241435453908e-01
8.705803869246164339e+00,4.471287566721906526e-01,-2.641920849574783126e-01,2.160810151666846812e-01,-4.970230980669416709e-01,9.219708257846620514e-01,-1.532523754684155914e+00,1.153719828227616873e+00,3.541878624038861112e-01,5.273650225911561407e-01,1.896629484327040593e+00,-9.853747675436258513e-02,-1.683738945618045157e+00,-1.054763920163150015e+00,2.719823896588046797e+00,6.330432010988142899e-01,2.421435054328751502e+00,3.338204773623675514e+00,-2.768590155963677191e-01
8.712474983322215039e+00,4.548015252385959606e-01,-2.617687987829913077e-01,2.196131838802405090e-01,-4.843170117383277518e-01,9.213876718446907255e-01,-1.543761680751718934e+00,1.146522748225554000e+00,3.723037356063438330e-01,5.315745594519505346e-01,1.912591127790170820e+00,-7.630458261476064097e-02,-1.685294113162590701e+00,-1.102827368786171158e+00,2.711192275094998827e+00,6.289074964527001654e-01,2.363811550164394593e+00,3.326955021395719303e+00,-1.894592843513684954e-01
8.719146097398265738e+00,4.624252159427046371e-01,-2.592248570770739335e-01,2.231733398196256712e-01,-4.715057280673363715e-01,9.209525741060630155e-01,-1.555008040297564564e+00,1.139006916351624099e+00,3.903595731593371143e-01,5.357551359009371517e-01,1.928167297806394176e+00,-5.415197135250837679e-02,-1.686267850190344753e+00,-1.150323084624736092e+00,2.701825336813624023e+00,6.243607739752961017e-01,2.305873466296365581e+00,3.314136941242900036e+00,-1.025522245095107365e-01
8.725817211474316437e+00,4.699977151048105872e-01,-2.565606767004867117e-01,2.267612806367577394e-01,-4.585918254421693652e-01,9.206649621388371951e-01,-1.566258965765253253e+00,1.131176172673589830e+00,4.083504724765938954e-01,5.399040082595061296e-01,1.943355962834928619e+00,-3.209008525664541756e-02,-1.686663564712851837e+00,-1.197235327934005777e+00,2.691723955276156044e+00,6.194025418904467450e-01,2.247640903634914977e+00,3.299756696726719341e+00,-1.617417061022563551e-02
8.732488325550367136e+00,4.775169350108725563e-01,-2.537767071986937184e-01,2.303767856704387607e-01,-4.455778953565195932e-01,9.205241959932288776e-01,-1.577510613140082896e+00,1.123034461313516585e+00,4.262715375067479551e-01,5.440184301172319437e-01,1.958155225370434183e+00,-1.012932338061350857e-02,-1.686484906226012104e+00,-1.243548643974688339e+00,2.680889216200530001e+00,6.140324730260980912e-01,2.189133943809831173e+00,3.283821085865937572e+00,6.963881735990473665e-02
8.739159439626417836e+00,4.849808146002854148e-01,-2.508734307535409602e-01,2.340196159317925739e-01,-4.324665415158873705e-01,9.205295665021451246e-01,-1.588759163553834064e+00,1.114585828526657441e+00,4.441178801504577223e-01,5.480956534308873973e-01,1.972563321788609381e+00,1.171996268094654958e-02,-1.685735763828877909e+00,-1.289247868933319774e+00,2.669322417960543703e+00,6.082504050780003224e-01,2.130372641440408721e+00,3.266337538296169463e+00,1.548509688318442379e-01
8.745830553702468535e+00,4.923873201407119593e-01,-2.478513621254688770e-01,2.376895140970494147e-01,-4.192603789450951579e-01,9.206802956118126380e-01,-1.600000824876647965e+00,1.105834420741274693e+00,4.618846216804606275e-01,5.521329296249984919e-01,1.986578622140362738e+00,3.344747299560185683e-02,-1.684420264243692955e+00,-1.334318135708123965e+00,2.657025071989477460e+00,6.020563408120104265e-01,2.071377016455554276e+00,3.247314112173234513e+00,2.394268173861759941e-01
8.752501667778519234e+00,4.997344458896942343e-01,-2.447110485862536988e-01,2.413862045076625717e-01,-4.059620330973697788e-01,9.209755367403884563e-01,-1.611231833295354576e+00,1.096784482560323237e+00,4.795668941640501837e-01,5.561275106935531509e-01,2.000199629894886755e+00,5.504296347500897690e-02,-1.682542769738116117e+00,-1.378744879557970204e+00,2.643998903116802079e+00,5.954504482050309022e-01,2.012167046467281839e+00,3.226759490821495380e+00,3.233312153461649352e-01
8.759172781854569934e+00,5.070202147428300998e-01,-2.414530698422368560e-01,2.451093931777902912e-01,-3.925741389652722679e-01,9.214143751643834035e-01,-1.622448454877632340e+00,1.087440354725909053e+00,4.971598418876314041e-01,5.600766503024408038e-01,2.013424981632109034e+00,7.649625003361715248e-02,-1.680107875950579865e+00,-1.422513843612311257e+00,2.630245849837419936e+00,5.884330605244872947e-01,1.952762659200390827e+00,3.204682979128535614e+00,4.065293482259491054e-01
8.765843895930620633e+00,5.142426788682272765e-01,-2.380780379480613163e-01,2.488587678091219446e-01,-3.790993401938845264e-01,9.219958284327551823e-01,-1.633646987121318617e+00,1.077806472047467601e+00,5.146586227827889548e-01,5.639776048922209295e-01,2.026253446684776804e+00,9.779721272244157326e-02,-1.677120409619766050e+00,-1.465611084239670348e+00,2.615768064513205537e+00,5.810046763464156161e-01,1.893183724981610805e+00,3.181094499687675548e+00,4.889867490275596751e-01
8.772515010006671332e+00,5.213999203270336391e-01,-2.345865972108776565e-01,2.526339978130721642e-01,-3.655402881965257311e-01,9.227188468084766004e-01,-1.644823760488275388e+00,1.067887361294602266e+00,5.320584098535214856e-01,5.678276347807963420e-01,2.038683926730674223e+00,1.189357998362860491e-01,-1.673585426219209582e+00,-1.508022976272713533e+00,2.600567913506345086e+00,5.731659595120940365e-01,1.833450049290928030e+00,3.156004588689866441e+00,5.706693123811026336e-01
8.779186124082722031e+00,5.284900516797901293e-01,-2.309794240850341907e-01,2.564347343403169943e-01,-3.518996412733528256e-01,9.235823137374343794e-01,-1.655975139922156947e+00,1.057687639055542306e+00,5.493543926041078995e-01,5.716240052656209603e-01,2.050715455335375914e+00,1.399020319927514744e-01,-1.669508207498143104e+00,-1.549736218087686579e+00,2.584647977244211248e+00,5.649177390233729446e-01,1.773581365378129160e+00,3.129424391566570041e+00,6.515433085220221354e-01
8.785857238158772731e+00,5.355112165783807443e-01,-2.272572270572376096e-01,2.602606103176948182e-01,-3.381800637332021964e-01,9.245850463444085232e-01,-1.667097526349452519e+00,1.047212009562225266e+00,5.665417784671864521e-01,5.753639877249576706e-01,2.062347197445916436e+00,1.606860061812873663e-01,-1.664894258929610071e+00,-1.590737836536188610e+00,2.568011050215425417e+00,5.562610088766377636e-01,1.713597326947544408e+00,3.101365658385585533e+00,7.315753970996485833e-01
8.792528352234823430e+00,5.424615903433743780e-01,-2.234207465221886013e-01,2.641112404924348400e-01,-3.243842250189306053e-01,9.257257959559934690e-01,-1.678187358163217180e+00,1.036465262482947791e+00,5.836157942315794989e-01,5.790448607178830809e-01,2.073578448835963428e+00,1.812778997807994452e-01,-1.659749307067083457e+00,-1.631015191727400726e+00,2.550660140896808592e+00,5.471969278356390021e-01,1.653517500913594063e+00,3.071840739001403975e+00,8.107326408114303717e-01
8.799199466310874129e+00,5.493393805265246455e-01,-2.194707546486924232e-01,2.679862214837313017e-01,-3.105147988366617207e-01,9.270032486501775804e-01,-1.689241112688844915e+00,1.025452270683657074e+00,6.005716874693944884e-01,5.826639110825109213e-01,2.084408635502848384e+00,2.016679745439928229e-01,-1.654079296810696542e+00,-1.670555981658732314e+00,2.532598471610941537e+00,5.377268191431624489e-01,1.593361360230261869e+00,3.040862577962419877e+00,8.889825188569173697e-01
8.805870580386924829e+00,5.561428274582405074e-01,-2.154080552362575007e-01,2.718851318416255491e-01,-2.965744622891815507e-01,9.284160258324199999e-01,-1.700255307631321822e+00,1.014177987958822857e+00,6.174047279619390149e-01,5.862184350321423265e-01,2.094837313017047009e+00,2.218465805470158925e-01,-1.647890388584353216e+00,-1.709348246693186191e+00,2.513829478314115740e+00,5.278521701718003056e-01,1.533148276796978404e+00,3.008444709176718135e+00,9.662929402062205853e-01
8.812541694462975528e+00,5.628702047798227470e-01,-2.112334835621776374e-01,2.758075321132046342e-01,-2.825658950138372205e-01,9.299626848379279886e-01,-1.711226502503354840e+00,1.002647446732984893e+00,6.341102091240099492e-01,5.897057392488507244e-01,2.104864165824608335e+00,2.418041601026791332e-01,-1.641188955424958351e+00,-1.747380373881614268e+00,2.494356810314382056e+00,5.175746320138747691e-01,1.472897514443775924e+00,2.974601250338887226e+00,1.042632256677230362e+00
8.819212808539026227e+00,5.695198199602637956e-01,-2.069479062191310337e-01,2.797529649160755416e-01,-2.684917783252626089e-01,9.316417195599315804e-01,-1.722151300033778476e+00,9.908657557339661803e-01,6.506834494260385071e-01,5.931231419741356259e-01,2.114489006503003310e+00,2.615312516357131134e-01,-1.633981579985030352e+00,-1.784641101128143559e+00,2.474184329919607350e+00,5.068960190107633101e-01,1.412628221998424971e+00,2.939346897119984980e+00,1.117969275816267594e+00
8.825883922615076926e+00,5.760900147974385987e-01,-2.025522209432939758e-01,2.837209550191063800e-01,-2.543547943632026298e-01,9.334515611036737770e-01,-1.733026347555691737e+00,9.788380976388462162e-01,6.671197938136658179e-01,5.964679740962470778e-01,2.123711774971066557e+00,2.810184935184807387e-01,-1.626275051450108977e+00,-1.821119521197189783e+00,2.453316112015254902e+00,4.958183082218224902e-01,1.352359426438096035e+00,2.902696917123074094e+00,1.192273273576758719e+00
8.832555036691127626e+00,5.825791659035091108e-01,-1.980473564329890690e-01,2.877110094304166643e-01,-2.401576252457587046e-01,9.353905784658507194e-01,-1.743848338373753748e+00,9.665697266937228749e-01,6.834146151242848077e-01,5.997375802337490125e-01,2.132532537653521132e+00,3.002566278655997012e-01,-1.618076362372230292e+00,-1.856805085560525370e+00,2.431756443571764681e+00,4.843436388330787379e-01,1.292110026128133971e+00,2.864667143606787647e+00,1.265514006790836588e+00
8.839226150767178325e+00,5.889856851743511257e-01,-1.934342721579105362e-01,2.917226174925701687e-01,-2.259029522283822755e-01,9.374570792392301621e-01,-1.754614013110062043e+00,9.540659663083490560e-01,6.995633155000210435e-01,6.029293198149502375e-01,2.140951486600663145e+00,3.192365042859149904e-01,-1.609392705420912950e+00,-1.891687608082814887e+00,2.409509823081505964e+00,4.724743115060169307e-01,1.231898784150621928e+00,2.825273968979496786e+00,1.337661725428537673e+00
8.845897264843229024e+00,5.953080202428707723e-01,-1.887139581589163118e-01,2.957552509849667444e-01,-2.115934548688515604e-01,9.396493103421466042e-01,-1.765320161028106405e+00,9.413322066267323374e-01,7.155613277967689534e-01,6.060405681527840649e-01,2.148968938563907916e+00,3.379490835903223300e-01,-1.600231470053106175e+00,-1.925757268544353362e+00,2.386580959925014067e+00,4.602127876666569639e-01,1.171744321724990989e+00,2.784534338066719350e+00,1.408687184639696000e+00
8.852568378919279724e+00,6.015446549160231582e-01,-1.838874348384557655e-01,2.998083642333757015e-01,-1.972318101985980066e-01,9.419654587725895256e-01,-1.775963621334226694e+00,9.283739020747641124e-01,7.314041169887203209e-01,6.090687175147562193e-01,2.156585334027690593e+00,3.563854414539323057e-01,-1.590600239103504565e+00,-1.959004615999519583e+00,2.362974773666656869e+00,4.475616887352796835e-01,1.111665111723365351e+00,2.742465741154525460e+00,1.478561656573472494e+00
8.859239492995330423e+00,6.076941095954049299e-01,-1.789557527416252292e-01,3.038813942266020973e-01,-1.828206919006126474e-01,9.444036523865509958e-01,-1.786541284456064638e+00,9.151965688860261849e-01,7.470871815679914762e-01,6.120111781875371415e-01,2.163801236198482858e+00,3.745367720310600612e-01,-1.580506785296811323e+00,-1.991420571969783282e+00,2.338696393279477093e+00,4.345237952970449902e-01,1.051679472282863737e+00,2.699086206811846633e+00,1.547256941970650335e+00
8.865910607071381122e+00,6.137549416812717595e-01,-1.739199923279166893e-01,3.079737607402242006e-01,-1.683627694942315400e-01,9.469619607003509909e-01,-1.797050093297501316e+00,9.018057826068149874e-01,7.626060549388250509e-01,6.148653795358648422e-01,2.170617329951517238e+00,3.923943915216511202e-01,-1.569959067683422527e+00,-2.022996433470044320e+00,2.313751156299329814e+00,4.211020462139144493e-01,9.918055605171947064e-01,2.654414294494442217e+00,1.614745381524054224e+00
8.872581721147431821e+00,6.197257459598396467e-01,-1.687812637336790766e-01,3.120848664673857020e-01,-1.538607075271193059e-01,9.496383957165581702e-01,-1.807487044469550774e+00,8.882071755815684755e-01,7.779563068059202058e-01,6.176287710552716970e-01,2.177034420735864284e+00,4.099497416875889089e-01,-1.558965228000092296e+00,-2.053723875867136783e+00,2.288144607908262795e+00,4.072995376781481935e-01,9.320613663300125751e-01,2.608469086933840941e+00,1.680999867002241688e+00
8.879252835223482521e+00,6.256051549737531303e-01,-1.635407065253440262e-01,3.162140971565789993e-01,-1.393171647746608011e-01,9.524309127732314417e-01,-1.817849189496747009e+00,8.744064344197538530e-01,7.931335445564049458e-01,6.202988234183605121e-01,2.183053433438609581e+00,4.271943933175775809e-01,-1.547533586957211327e+00,-2.083594955569524121e+00,2.261882499947180936e+00,3.931195222078429641e-01,8.724647063320185580e-01,2.561270182314031807e+00,1.745993852132103896e+00
8.885923949299533220e+00,6.313918393756002834e-01,-1.581994894434435306e-01,3.203608217563959082e-01,-1.247347934470721120e-01,9.553374114160696484e-01,-1.828133635998507422e+00,8.604092974454145004e-01,8.081334146350034331e-01,6.228730295141460260e-01,2.188675411208830912e+00,4.441200496390881325e-01,-1.535672640454320614e+00,-2.112602112547184774e+00,2.234970789857786855e+00,3.785654075848251532e-01,8.130332178641377361e-01,2.512837686239399737e+00,1.809701363235747262e+00
8.892595063375583919e+00,6.370845082643458168e-01,-1.527588101374958429e-01,3.245243925671770224e-01,-1.101162384045124010e-01,9.583557362931628409e-01,-1.838337548845021541e+00,8.462215521304445875e-01,8.229516039118783821e-01,6.253489054801421032e-01,2.193901514241990647e+00,4.607185496760609622e-01,-1.523391055725452414e+00,-2.140738172680746398e+00,2.207415639554035192e+00,3.636407557353986686e-01,7.537843531289400989e-01,2.463192203497011512e+00,1.872097009617417651e+00
8.899266177451634618e+00,6.426819095046062413e-01,-1.472198948917713412e-01,3.287041453995316886e-01,-9.546413638039366600e-02,9.614836780719504539e-01,-1.848458151287198925e+00,8.318490325127811946e-01,8.375838410427469682e-01,6.277239917267839475e-01,2.198733018525628857e+00,4.769818715509697160e-01,-1.510697667416072809e+00,-2.167996349939155465e+00,2.179223414222986488e+00,3.483492815543143273e-01,6.947353734321559671e-01,2.412354829616682128e+00,1.933155993696221930e+00
8.905937291527685318e+00,6.481828300286414102e-01,-1.415839983420295600e-01,3.328993997396577087e-01,-8.078111521322939304e-02,9.647189743780166804e-01,-1.858492726060211098e+00,8.172976166006309384e-01,8.520258978207345679e-01,6.299958539538145219e-01,2.203171314546932713e+00,4.929021357299183670e-01,-1.497601473593230814e+00,-2.194370248385013600e+00,2.150400681055413710e+00,3.326948516724752003e-01,6.359033435365879505e-01,2.360347142232287698e+00,1.992854120880469759e+00
8.912608405603736017e+00,6.535860961209900566e-01,-1.358524031832591128e-01,3.371094589214139181e-01,-6.606979308719995725e-02,9.680593107553496779e-01,-1.868438616460212698e+00,8.025732237639122690e-01,8.662735905195287911e-01,6.321620841582773487e-01,2.207217905963086313e+00,5.084716082094494771e-01,-1.484111631690775646e+00,-2.219853864007001576e+00,2.120954207906163624e+00,3.166814831688525289e-01,5.773051261301351822e-01,2.307191192247842082e+00,2.051167809179630375e+00
8.919279519679786716e+00,6.588905736856716100e-01,-1.300264198684809303e-01,3.413336103050963466e-01,-5.133277778171105310e-02,9.715023216476493806e-01,-1.878293227393793563e+00,7.876818121140344298e-01,8.803227812273873853e-01,6.342203016337143451e-01,2.210874408235079080e+00,5.236827036437883276e-01,-1.470237454391285503e+00,-2.244441586378788323e+00,2.090890961884491084e+00,3.003133422270710118e-01,5.189573764099064679e-01,2.252909494811950797e+00,2.108074098550088316e+00
8.925950633755837416e+00,6.640951684958562584e-01,-1.241073862987020771e-01,3.455711254628365259e-01,-3.657266593021415990e-02,9.750455914003082203e-01,-1.888054026399745400e+00,7.726293758732005745e-01,8.941693791714695472e-01,6.361681539602315194e-01,2.214142547225748991e+00,5.385279884112394999e-01,-1.455988405446561496e+00,-2.268128200143824991e+00,2.060218107874685067e+00,2.835947427372547680e-01,4.608765367843814520e-01,2.197525020104366789e+00,2.163550659970765455e+00
8.932621747831888115e+00,6.691988264259733921e-01,-1.180966675040452385e-01,3.498212603705880830e-01,-2.179204228845468827e-02,9.786866552826305465e-01,-1.897718544642768901e+00,7.574219427343860112e-01,9.078093420321078355e-01,6.380033179850467251e-01,2.217024157762936376e+00,5.530001836185075570e-01,-1.441374095438506142e+00,-2.290908886325735416e+00,2.028943006987019793e+00,2.665301448436065979e-01,4.030788316951336991e-01,2.141061183938385959e+00,2.217575804245106141e+00
8.939292861907938814e+00,6.742005336661593962e-01,-1.119956553161692708e-01,3.540832556066071946e-01,-6.993479012460529498e-03,9.824230005298956181e-01,-1.907284377878679882e+00,7.420655712131452031e-01,9.212386772464785656e-01,6.397235007931810769e-01,2.219521182168434859e+00,5.670921680417269073e-01,-1.426404277482167693e+00,-2.312779223463767408e+00,1.997073214939534491e+00,2.491241534383453193e-01,3.455802625601409606e-01,2.083541838182925154e+00,2.270128490525746834e+00
8.945963975983989513e+00,6.790993169190334688e-01,-1.058057680320087374e-01,3.583563365563875447e-01,7.820465053569231051e-03,9.862520674048069758e-01,-1.916749187390780040e+00,7.265663479924581170e-01,9.344534433012731123e-01,6.413264406679016760e-01,2.221635668753673354e+00,5.807969810029833813e-01,-1.411088842872896265e+00,-2.333735188573172081e+00,1.964616480370706242e+00,2.313815166025268155e-01,2.883966028401097059e-01,2.024991261008328713e+00,2.321188334558486055e+00
8.952635090060040213e+00,6.838942435787306318e-01,-9.952845006894085744e-02,3.626397136239576935e-01,2.264724507923640551e-02,9.901712502779451697e-01,-1.926110700897008865e+00,7.109303852617167019e-01,9.474497510138664147e-01,6.428099080406317611e-01,2.223369770282877411e+00,5.941078251812257349e-01,-1.395437816679423015e+00,-2.353773157930209692e+00,1.931580743083487484e+00,2.133071239943935826e-01,2.315433932294608255e-01,1.965434146959616379e+00,2.370735616642325905e+00
8.959306204136090912e+00,6.885844218921672866e-01,-9.316517161143950121e-02,3.669325824494864552e-01,3.748433093952543982e-02,9.941778987267066992e-01,-1.935366713427505436e+00,6.951638180510945064e-01,9.602237648015561344e-01,6.441717064298753126e-01,2.224725742404553230e+00,6.070180693563459462e-01,-1.379461353284785474e+00,-2.372889907681666077e+00,1.897974132220999088e+00,1.949060051858391152e-01,1.750359369736762538e-01,1.904895596861646556e+00,2.418751289302241592e+00
8.965977318212141611e+00,6.931690011025131160e-01,-8.671742824930915583e-02,3.712341241331073571e-01,5.232920789584957766e-02,9.982693186523692308e-01,-1.944515088172274142e+00,6.792728015624012183e-01,9.727717039383901865e-01,6.454096733689329568e-01,2.225705942052175867e+00,6.195212510854094523e-01,-1.363169731877040602e+00,-2.391082614278844165e+00,1.863804964374244921e+00,1.761833279476488490e-01,1.188892953142239861e-01,1.843401107559889507e+00,2.465216984671801725e+00
8.972648432288192311e+00,6.976471715748535640e-01,-8.018674060756331157e-02,3.755435054649035043e-01,6.717937726632361439e-02,1.002442773414743415e+00,-1.953553757298596816e+00,6.632635084976636897e-01,9.850898437991645329e-01,6.465216813219654135e-01,2.226312825814938723e+00,6.316110793098733689e-01,-1.346573351891732884e+00,-2.408348854736070077e+00,1.829081741622193169e+00,1.571443964841501284e-01,6.311828306263000954e-02,1.780976561501396160e+00,2.510115021582565831e+00
8.979319546364243010e+00,7.020181649040128091e-01,-7.357465396806961433e-02,3.798598791609495984e-01,8.203235708504330592e-02,1.006695484984007738e+00,-1.962480722737877770e+00,6.471421263865403395e-01,9.971745170900959687e-01,6.475056385881385879e-01,2.226548948279362783e+00,6.432814368927960436e-01,-1.329682728408002612e+00,-2.424686606713722270e+00,1.793813149504809079e+00,1.377946496179851543e-01,7.737464305101138251e-03,1.717648216159986863e+00,2.553428412357518162e+00
8.985990660440293709e+00,7.062812540045653176e-01,-6.688273788300580502e-02,3.841823841053624289e-01,9.688568275024955767e-02,1.011024635109220471e+00,-1.971294056941648387e+00,6.309148549137770789e-01,1.009022115065779879e+00,6.483594901934797150e-01,2.226416960342739948e+00,6.545263830849902265e-01,-1.312508487500407828e+00,-2.440094248426102563e+00,1.758008054929232067e+00,1.181396589256323570e-01,-4.723885176124653640e-02,1.653442693310077427e+00,2.595140869305888387e+00
8.992661774516344408e+00,7.104357531830047812e-01,-6.011258578026863753e-02,3.885101455982408192e-01,1.117369076611059997e-01,1.015427366503053763e+00,-1.979991903606395764e+00,6.145879032478626103e-01,1.020629088731928702e+00,6.490812187701471281e-01,2.225919607499206254e+00,6.653401559191237657e-01,-1.295061361548408563e+00,-2.454570558374244538e+00,1.721675504009855251e+00,9.818512682447466666e-02,-1.017966148590350173e-01,1.588386968153566947e+00,2.635236810916721240e+00
8.999332888592395108e+00,7.144810181921098513e-01,-5.326581456088861494e-02,3.928422756094443469e-01,1.265836038429830057e-01,1.019900784042243824e+00,-1.988572478366981811e+00,5.981674873720412844e-01,1.031991950033507743e+00,6.496688454227594889e-01,2.225059728099382461e+00,6.757171745308119259e-01,-1.277352184505528010e+00,-2.468114714904114493e+00,1.684824719842551666e+00,7.793688461204786866e-02,-1.559220375272323267e-01,1.522508358304175635e+00,2.673701367748885005e+00
9.006004002668445807e+00,7.184164462675171059e-01,-4.634406418857505566e-02,3.971778730380979838e-01,1.414233625610484268e-01,1.024441955983293573e+00,-1.997034069458372363e+00,5.816598274188663487e-01,1.043107273027790605e+00,6.501204305815100337e-01,2.223840251584498162e+00,6.856520414057551971e-01,-1.259391887130286491e+00,-2.480726295590568675e+00,1.647465100213716394e+00,5.740089045828861147e-02,-2.096015988825619125e-01,1.455834512633799260e+00,2.710520388015162929e+00
9.012675116744496506e+00,7.222414761465152377e-01,-3.934899727149618331e-02,4.015160239777438300e-01,1.562537949219646172e-01,1.029047915192905283e+00,-2.005375038345418304e+00,5.650711450094335619e-01,1.053971695041909795e+00,6.504340748417198892e-01,2.222264196695828531e+00,6.951395445520253125e-01,-1.241191492180858891e+00,-2.492405276447478002e+00,1.609606215244696825e+00,3.658322735151184335e-02,-2.628220482445335904e-01,1.388393399985440979e+00,2.745680442858267511e+00
9.019346230820547206e+00,7.259555880691230811e-01,-3.228229863637305241e-02,4.058558019870516231e-01,1.710725324635896105e-01,1.033715660392651836e+00,-2.013593820320472183e+00,5.484076605984695707e-01,1.064581917814499512e+00,6.506079197895233701e-01,2.220334669660441129e+00,7.041746595966190680e-01,-1.222762109575595169e+00,-2.503152030964711727e+00,1.571257804972041150e+00,1.549010099887682124e-02,-3.155704086233710459e-01,1.320213297757359960e+00,2.779168831316820132e+00
9.026017344896597905e+00,7.295583037614692401e-01,-2.514567489502467224e-02,4.101962683659876041e-01,1.858772277325012323e-01,1.038442157417403866e+00,-2.021688925068621856e+00,5.316755908264010344e-01,1.074934708620963963e+00,6.506401488134397892e-01,2.218054862354122303e+00,7.127525518054501630e-01,-1.204114931521441667e+00,-2.512967328972493419e+00,1.532429776864307591e+00,-5.872162317836632228e-03,-3.678339800698353645e-01,1.251322780362962739e+00,2.810973584979379325e+00
9.032688458972648604e+00,7.330491864015368231e-01,-1.794085400345706710e-02,4.145364724373485910e-01,2.006655548491546037e-01,1.043224340486927693e+00,-2.029658937200298663e+00,5.148811458796133111e-01,1.085026901381979769e+00,6.505289879014312104e-01,2.215428050442418861e+00,7.208685780259296294e-01,-1.185261227612371293e+00,-2.521852335333901074e+00,1.493132203276015035e+00,-2.749711793032383333e-02,-4.196003428859644835e-01,1.181750707571565195e+00,2.841083472324687165e+00
9.039359573048699303e+00,7.364278405673284622e-01,-1.066958481361515720e-02,4.188754518335675581e-01,2.154352100606246601e-01,1.048059113490235950e+00,-2.037502516751122261e+00,4.980305268599555801e-01,1.094855397754802562e+00,6.502727064232896037e-01,2.212457591500735177e+00,7.285182885514137618e-01,-1.166212339899908024e+00,-2.529808608466276532e+00,1.453375318839340569e+00,-4.937820501495110426e-02,-4.708573606963053493e-01,1.111526212734228469e+00,2.869488002746690469e+00
9.046030687124750003e+00,7.396939121675177864e-01,-3.333636617912145994e-03,4.232122327886847502e-01,2.301839122806821347e-01,1.052943351282065176e+00,-2.045218399648744523e+00,4.811299231647196417e-01,1.104417168206970334e+00,6.498696178979290750e-01,2.209146923114393424e+00,7.356974289067048645e-01,-1.146979677937838504e+00,-2.536838098692392407e+00,1.413169517794322871e+00,-7.150874886614705384e-02,-5.215931833785250049e-01,1.040678690900081360e+00,2.896177430262652841e+00
9.052701801200800702e+00,7.428470883546548498e-01,4.065201313338595579e-03,4.275458304353889072e-01,2.449094036171712285e-01,1.057873900991042504e+00,-2.052805398146579030e+00,4.641855098781454414e-01,1.113709253071987870e+00,6.493180807454341785e-01,2.205499560959619298e+00,7.424019415539501177e-01,-1.127574713803260575e+00,-2.542943146422302902e+00,1.372525351258215842e+00,-9.388196321118452703e-02,-5.717962498531161675e-01,9.692377868274880681e-01,2.921142756903186921e+00
9.059372915276851401e+00,7.458870974210257687e-01,1.152512020148745847e-02,4.318752491070254607e-01,2.596094498865205158e-01,1.062847583338926150e+00,-2.060262401224231876e+00,4.472034451756527473e-01,1.122728763586602563e+00,6.486164990234853933e-01,2.201519096866414227e+00,7.486279675182025972e-01,-1.108008977096099246e+00,-2.548126480166953201e+00,1.331453524434682123e+00,-1.164909525654645450e-01,-6.214552907314827568e-01,8.972333828953920065e-01,2.944375735782895909e+00
9.066044029352902101e+00,7.488137086772207462e-01,1.904429223594658604e-02,4.361994826444582363e-01,2.742818411152396219e-01,1.067861193970449429e+00,-2.067588374954505426e+00,4.301898677418618533e-01,1.131472882909249078e+00,6.477633231479686948e-01,2.197209196864188030e+00,7.543718479320309367e-01,-1.088294049919168449e+00,-2.552391214384478246e+00,1.289964893763738019e+00,-1.393287146274002630e-01,-6.705593308217774329e-01,8.246955869195156108e-01,2.965868873850562082e+00
9.072715143428952800e+00,7.516267323135471523e-01,2.662087105734563947e-02,4.405175147076949016e-01,2.889243920283760536e-01,1.072911504793183202e+00,-2.074782362836862237e+00,4.131508942035375664e-01,1.139938867119306476e+00,6.467570505974579165e-01,2.192573599211196544e+00,7.596301254985411422e-01,-1.068441561840986820e+00,-2.555740847160516971e+00,1.248070464012966063e+00,-1.623881427120660303e-01,-7.190976914923776775e-01,7.516547198785025197e-01,2.985615434318024786e+00
9.079386257505003499e+00,7.543260192443537182e-01,3.425299224726106179e-02,4.448283190921460406e-01,3.035349425247216848e-01,1.077995265326887164e+00,-2.081843486097227469e+00,3.960926165785688680e-01,1.148124046196733694e+00,6.455962266013565154e-01,2.187616112408655056e+00,7.643995458722344649e-01,-1.048463184843454910e+00,-2.558179257723603328e+00,1.205781385311087028e+00,-1.856620282226091323e-01,-7.670599928922530175e-01,6.781413035550717394e-01,3.003609438766835282e+00
9.086057371581054198e+00,7.569114609354026246e-01,4.193877382443648993e-02,4.491308600494297032e-01,3.181113581387572387e-01,1.083109204061797337e+00,-2.088770943954041392e+00,3.790210997420563332e-01,1.156025824981746108e+00,6.442794448114028683e-01,2.182340613200532520e+00,7.686770589571445544e-01,-1.028370628256535246e+00,-2.559710703797042797e+00,1.163108950124449592e+00,-2.091430631585988464e-01,-8.144361560282118440e-01,6.041860480971663616e-01,3.019845668932138238e+00
9.092728485657104898e+00,7.593829892143986182e-01,4.967631674732867625e-02,4.534240926125954751e-01,3.326515304892094793e-01,1.088250029825298615e+00,-2.095564013850496732e+00,3.619423789106208100e-01,1.163641684114120389e+00,6.428053479563480277e-01,2.176751044559975590e+00,7.724598201217460769e-01,-1.008175633682162342e+00,-2.560339818788606614e+00,1.120064590177434427e+00,-2.328238426603093103e-01,-8.612164046987171862e-01,5.298198395042527098e-01,3.034319668163224293e+00
9.099399599733155597e+00,7.617405760647892876e-01,5.746370542284223726e-02,4.577069629256553807e-01,3.471533777141022625e-01,1.093414433156422838e+00,-2.102222051652860024e+00,3.448624571459885102e-01,1.170969180951772159e+00,6.411726284795303821e-01,2.170851413663287932e+00,7.757451913301429691e-01,-9.878899699094321196e-01,-2.560071608819410649e+00,1.076659873317660221e+00,-2.566968675879992556e-01,-9.073912672839213878e-01,4.550737270438837134e-01,3.047027742560330488e+00
9.106070713809206296e+00,7.639842334029908200e-01,6.529900822113993142e-02,4.619784085773173676e-01,3.616148448922810732e-01,1.098599087687600617e+00,-2.108744491814865007e+00,3.277873028789357601e-01,1.178005950468248741e+00,6.393800291591158480e-01,2.164645789852464475e+00,7.785307421890935720e-01,-9.675254278233195171e-01,-2.558911449593604726e+00,1.032906500326736587e+00,-2.807545471352631550e-01,-9.529515783920841088e-01,3.799789106037025910e-01,3.057966961787517590e+00
9.112741827885256996e+00,7.661140128391582538e-01,7.318027799635454245e-02,4.662373589387956985e-01,3.760339044513151263e-01,1.103800651533148214e+00,-2.115130847508129630e+00,3.107228474546214203e-01,1.184749706128753965e+00,6.374263437108335095e-01,2.158138302587213619e+00,7.808142509104644136e-01,-9.470938153090411316e-01,-2.556865083110323233e+00,9.888163016776227998e-01,-3.049892014754583824e-01,-9.978884803622098953e-01,3.045667279838986108e-01,3.067135159561510171e+00
9.119412941961307695e+00,7.681300054216595452e-01,8.110555261307872410e-02,4.704827355055782867e-01,3.904085565616646214e-01,1.109015768683842884e+00,-2.121380710718548723e+00,2.936749827004188074e-01,1.191198240744376857e+00,6.353104173728908455e-01,2.151333139387443083e+00,7.825937051887160711e-01,-9.266069521542490417e-01,-2.553938614219636527e+00,9.444012342394824122e-01,-3.293930644401903418e-01,-1.042193424622802844e+00,2.288686421357480905e-01,3.074530933816463474e+00
9.126084056037358394e+00,7.700323413653988869e-01,8.907285547847751395e-02,4.747134522430444536e-01,4.047368295171509534e-01,1.114241070407120615e+00,-2.127493752308708075e+00,2.766495585171905303e-01,1.197349427304155611e+00,6.330311474729818366e-01,2.144234543767152612e+00,7.838673029931001457e-01,-9.060766649512036475e-01,-2.550138507024143131e+00,8.996733779309469270e-01,-3.539582862289502585e-01,-1.085858172907148589e+00,1.529162283508580522e-01,3.080153646544965707e+00
9.132755170113409093e+00,7.718211897641549246e-01,9.708019607987905530e-02,4.789284159357978798e-01,4.190167801015577398e-01,1.119473176652226787e+00,-2.133469722046263950e+00,2.596523804951164083e-01,1.203201219784653997e+00,6.305874839770523321e-01,2.136846813160701686e+00,7.846334532742386125e-01,-8.855147820010683679e-01,-2.545471581127996430e+00,8.546449323228467732e-01,-3.786769361488031560e-01,-1.128874798324887685e+00,7.674116140696896071e-02,3.084003423315435644e+00
9.139426284189459793e+00,7.734967582870939662e-01,1.051255705276837038e-01,4.831265265406015086e-01,4.332464939414193417e-01,1.124708697459829043e+00,-2.139308448598367995e+00,2.426892075550266537e-01,1.208751653936702475e+00,6.279784300197495117e-01,2.129174296842403891e+00,7.848907765848240903e-01,-8.649331282225332096e-01,-2.539945007735224358e+00,8.093282131913678290e-01,-4.035410053831847699e-01,-1.171235686290447831e+00,3.752026751091541712e-04,3.086081152466516819e+00
9.146097398265510492e+00,7.750592928596449216e-01,1.132069621034599849e-01,4.873066775427943309e-01,4.474240858449013425e-01,1.129944234375466205e+00,-2.145009839492137971e+00,2.257657496162598365e-01,1.213998848048989387e+00,6.252030424162617894e-01,2.121221393840406755e+00,7.846381056141924493e-01,-8.443435200668493179e-01,-2.533566305599221025e+00,7.637356490226046013e-01,-4.285424097887680084e-01,-1.212933535308447386e+00,-7.614981280637411754e-02,3.086388483978951491e+00
9.152768512341561191e+00,7.765090773288955139e-01,1.213223418130315173e-01,4.914677563160486096e-01,4.615477001267215273e-01,1.135176381866276785e+00,-2.150573881041222268e+00,2.088876652920584887e-01,1.218941003688164049e+00,6.222604321554406903e-01,2.112992550845814499e+00,7.838744856365760239e-01,-8.237577604415080579e-01,-2.526343336825388697e+00,7.178797774697333045e-01,-4.536729927193076106e-01,-1.253961357616359518e+00,-1.528019892855840833e-01,3.084927828025708418e+00
9.159439626417611890e+00,7.778464331137229237e-01,1.294696689444513327e-01,4.956086444853675110e-01,4.756155109191556596e-01,1.140401728740432885e+00,-2.156000638238559475e+00,1.920605596134166149e-01,1.223576406415160411e+00,6.191497648739719972e-01,2.104492260117986735e+00,7.825991748728529096e-01,-8.031876336446305276e-01,-2.518284302528981389e+00,6.717732417636008702e-01,-4.789245278755341895e-01,-1.294312479685096884e+00,-2.295493832735570061e-01,3.081702353201247746e+00
9.166110740493662590e+00,7.790717188398216253e-01,1.376468916306460566e-01,4.997282182931703787e-01,4.896257224690098719e-01,1.145616859568700407e+00,-2.161290254615360062e+00,1.752899817823977413e-01,1.227903426477415572e+00,6.158702613114771518e-01,2.095725057386976342e+00,7.808116447656786585e-01,-7.826449003122478709e-01,-2.509397738350174656e+00,6.254287870781101155e-01,-5.042887221799261521e-01,-1.333980542577668960e+00,-3.063600165379141149e-01,3.076715984430868467e+00
9.172781854569713289e+00,7.801853299598573432e-01,1.458519474166211083e-01,5.038253489683579556e-01,5.035765694206246756e-01,1.150818356107534690e+00,-2.166442952066441219e+00,1.585814229558242250e-01,1.231920519476702891e+00,6.124211977463249745e-01,2.086695519754043104e+00,7.785115801678837988e-01,-7.621412923805784834e-01,-2.499692509828602027e+00,5.788592568512419545e-01,-5.297572186753998214e-01,-1.372959502166720247e+00,-3.832018891085129941e-01,3.069973400561322840e+00
9.179452968645763988e+00,7.811876983589353118e-01,1.540827638310222070e-01,5.078989030982187236e-01,5.174663170848756710e-01,1.156002798723166247e+00,-2.171459030642023613e+00,1.419403140602958358e-01,1.235626227012261547e+00,6.088019064120719914e-01,2.077408263591197457e+00,7.756988794440891066e-01,-7.416885080654802564e-01,-2.489177807639543882e+00,5.320775890630207172e-01,-5.553215994467961547e-01,-1.411243629211512030e+00,-4.600429922897363300e-01,3.061480031634016719e+00
9.186124082721814688e+00,7.820792919455956671e-01,1.623372589619125894e-01,5.119477430030435761e-01,5.312932616941219433e-01,1.161166767816041556e+00,-2.176338868306070040e+00,1.253720236394476606e-01,1.239019177298973817e+00,6.050117758942896717e-01,2.067867942440678952e+00,7.723736544855068775e-01,-7.212982068610945818e-01,-2.477863142693986998e+00,4.850968124714985508e-01,-5.809733885640926410e-01,-1.448827509294772220e+00,-5.368513216739849714e-01,3.051242055842052991e+00
9.192795196797865387e+00,7.828606142285643443e-01,1.706133420365868181e-01,5.159707271133264772e-01,5.450557306431810245e-01,1.166306845245099755e+00,-2.181082920661351121e+00,1.088818557343346205e-01,1.242098085760283910e+00,6.010502515077238428e-01,2.058079244915338002e+00,7.685362306379365238e-01,-7.009820045598790239e-01,-2.465758341104970608e+00,4.379300428079136998e-01,-6.067040550462938775e-01,-1.485706042620495326e+00,-6.135948901512459086e-01,3.039266396172854101e+00
9.199466310873916086e+00,7.835322038794689803e-01,1.789089140052561588e-01,5.199667103494178821e-01,5.587520827162998360e-01,1.171419615751282617e+00,-2.185691720641366853e+00,9.247504779782622641e-02,1.244861755595601860e+00,5.969168356536180831e-01,2.048046892600809965e+00,7.641871465429996846e-01,-6.807514682960558172e-01,-2.452873539022531357e+00,3.905904789322106607e-01,-6.325050158449081472e-01,-1.521874443673273847e+00,-6.902417409093652978e-01,3.025560716737913936e+00
9.206137424949966785e+00,7.840946342817658454e-01,1.872218681284333330e-01,5.239345445034852000e-01,5.723807083001055673e-01,1.176501668379659860e+00,-2.190165878169263447e+00,7.615676864392539880e-02,1.247309078321938491e+00,5.926110881570302302e-01,2.037775637960448361e+00,7.593271538927000019e-01,-6.606181116146102594e-01,-2.439219177339772671e+00,3.430913989501647166e-01,-6.583676388458507001e-01,-1.557328240739952241e+00,-7.667599604194006435e-01,3.010133418791513638e+00
9.212808539026017485e+00,7.845485130660988515e-01,1.955500905678428936e-01,5.278730786236698336e-01,5.859400295826462379e-01,1.181549597899679505e+00,-2.194506079783982599e+00,5.993211643278029133e-02,1.249439034289502759e+00,5.881326265841249068e-01,2.027270262243876520e+00,7.539572170974098153e-01,-6.405933895678619372e-01,-2.424805996272467734e+00,2.954461562932455543e-01,-6.842832458888062908e-01,-1.592063275294784530e+00,-8.431176914013319701e-01,2.992993636440423266e+00
9.219479653102068184e+00,7.848944816323402129e-01,2.038914609806867784e-01,5.317811594002811448e-01,5.994285007384348996e-01,1.186560006222866726e+00,-2.198713088233755997e+00,4.380611669231038174e-02,1.251250693171036987e+00,5.834811265392058077e-01,2.016535573400112913e+00,7.480785128674549700e-01,-6.206886938416791288e-01,-2.409645029814814432e+00,2.476681757625383007e-01,-7.102431158028025271e-01,-1.626075701248692607e+00,-9.192831457641952309e-01,2.974151232046513549e+00
9.226150767178118883e+00,7.851332146585575655e-01,2.122438531170773857e-01,5.356576315539119948e-01,6.128446080996327039e-01,1.191529503817480018e+00,-2.202787742037222607e+00,2.778372037720178156e-02,1.252743214424635765e+00,5.786563219415030712e-01,2.005576403996152113e+00,7.416924297084661610e-01,-6.009153479134012876e-01,-2.393747600073915294e+00,1.997709495379341171e-01,-7.362384874570024884e-01,-1.659361984064002371e+00,-9.952246175158436792e-01,2.953616791324654045e+00
9.232821881254169583e+00,7.852654195971587869e-01,2.206051354204871251e-01,5.395013382253338596e-01,6.261868703133599556e-01,1.196454711119494974e+00,-2.206730955012345063e+00,1.186980196609122018e-02,1.253915847729834443e+00,5.736580052815144493e-01,1.994397609141882022e+00,7.348005673307186347e-01,-5.812846022434433602e-01,-2.377125311485647874e+00,1.517680331537967220e-01,-7.622605628255632038e-01,-1.691918899735559201e+00,-1.070910495636803184e+00,2.931401618138099074e+00
9.239492995330220282e+00,7.852918361584722007e-01,2.289731716309915122e-01,5.433111213670257511e-01,6.394538384851635726e-01,1.201332259939365876e+00,-2.210543715773360951e+00,-3.930842402246170764e-03,1.254767933396739643e+00,5.684860278568939496e-01,1.983004064422268176e+00,7.274047359727391360e-01,-5.618076295026631639e-01,-2.359790044914641616e+00,1.036730414425751645e-01,-7.883005100653945885e-01,-1.723743533639332526e+00,-1.146309276912938380e+00,2.907517728993909589e+00
9.246164109406270981e+00,7.852132357820279518e-01,2.373458213911766590e-01,5.470858221362139284e-01,6.526440963087405400e-01,1.206158794863984030e+00,-2.214227087196020349e+00,-1.961349675299983719e-02,1.255298902747998824e+00,5.631402999877316295e-01,1.971400663837636014e+00,7.195069556394444454e-01,-5.424955198374036280e-01,-2.341753951641095455e+00,5.549964444741378733e-02,-8.143494666057896625e-01,-1.754833279249849998e+00,-1.221389578721841174e+00,2.881977847240940971e+00
9.252835223482321680e+00,7.850304210958010120e-01,2.457209408544860363e-01,5.508242812892830687e-01,6.657562601819573267e-01,1.210930974653290804e+00,-2.217782205851388078e+00,-3.517352705893572740e-02,1.255508278473396411e+00,5.576207912112306486e-01,1.959592317752946178e+00,7.111094552551480152e-01,-5.233592761742584809e-01,-2.323029447237252576e+00,7.261563305266893753e-03,-8.403985422487665335e-01,-1.785185836727687825e+00,-1.296120151767678585e+00,2.854795396973179855e+00
9.259506337558372380e+00,7.847442253636938148e-01,2.540963832958504920e-01,5.545253395774041305e-01,6.787889793091771429e-01,1.215645473630922124e+00,-2.221210281408422471e+00,-5.060638298278552494e-02,1.255395674956902852e+00,5.519275304556140460e-01,1.947583950856933255e+00,7.022146717318094034e-01,-5.044098095664445447e-01,-2.303629205336348296e+00,-4.102743389822932629e-02,-8.664388222789433103e-01,-1.814799211378104848e+00,-1.370469892759118569e+00,2.825984496641144261e+00
9.266177451634423079e+00,7.843555119215379623e-01,2.624699997244022698e-01,5.581878381432693326e-01,6.917409357900730082e-01,1.220298983068395682e+00,-2.224512596005695286e+00,-6.590759957773295596e-02,1.254960798575965875e+00,5.460606061933168665e-01,1.935380500131940629e+00,6.928252489528938796e-01,-4.856579345838170081e-01,-2.283566151297019786e+00,-8.935353630079506670e-02,-8.924613705819326448e-01,-1.843671711982654227e+00,-1.444407857025447495e+00,2.795559952374532031e+00
9.272848565710473778e+00,7.838651736018890093e-01,2.708396394980960298e-01,5.618106189187641597e-01,7.046108446948692317e-01,1.224888212562197820e+00,-2.227690503592477889e+00,-8.107279894527752440e-02,1.254203447972895846e+00,5.400201665732924372e-01,1.922986912835315865e+00,6.829440366733137147e-01,-4.671143647483253503e-01,-2.262853455765981181e+00,-1.377028944610548811e-01,-9.184572327699976890e-01,-1.871801949004635368e+00,-1.517903271065422777e+00,2.763537251018929553e+00
9.279519679786524478e+00,7.832741321479089747e-01,2.792031509400456080e-01,5.653925250234625999e-01,7.173974541262009286e-01,1.229409891403287380e+00,-2.230745429239543665e+00,-9.609769184983701917e-02,1.253123514298161156e+00,5.338064195324846439e-01,1.910408144493187521e+00,6.725740893358693739e-01,-4.487897080169014341e-01,-2.241504528142041153e+00,-1.860616245802714230e-01,-9.444174393139534995e-01,-1.899188832670315019e+00,-1.590925545024005627e+00,2.729932552890015796e+00
9.286190793862575177e+00,7.825833376166208000e-01,2.875583819563877208e-01,5.689324011637966194e-01,7.300995452676334319e-01,1.233860769938415647e+00,-2.233678868420017505e+00,-1.109780792894282664e-01,1.251720981425440415e+00,5.274196328863867134e-01,1.897649156907451840e+00,6.617186648047190811e-01,-4.306944623136186312e-01,-2.219533009944459678e+00,-2.344158127468521924e-01,-9.703330086801363885e-01,-1.925831570927267311e+00,-1.663444285091759678e+00,2.694762684248478202e+00
9.292861907938625876e+00,7.817937677718339584e-01,2.959031806554908717e-01,5.724290940327498856e-01,7.427159324188888911e-01,1.238237620922705950e+00,-2.236492386260546805e+00,-1.257098540217775895e-01,1.249995926138301794e+00,5.208601343986253296e-01,1.884714916176790434e+00,6.503812230164145447e-01,-4.128390111129387474e-01,-2.196952768088658026e+00,-2.827515192022376778e-01,-9.961949504712541703e-01,-1.951729667281237646e+00,-1.735429305821747814e+00,2.658045129499037706e+00
9.299533022014676575e+00,7.809064274670411976e-01,3.042353959683074538e-01,5.758814527099599401e-01,7.552454630179866735e-01,1.242537240862990888e+00,-2.239187616763235855e+00,-1.402890020452990938e-01,1.247948518288331865e+00,5.141283118296349208e-01,1.871610390732513896e+00,6.385654245490375303e-01,-3.952336190759699885e-01,-2.173777888072490505e+00,-3.310547826267761229e-01,-1.021994268570119990e+00,-1.976882918513608756e+00,-1.806850642359165704e+00,2.619798023117332342e+00
9.306204136090727275e+00,7.799223480185873969e-01,3.125528782696926355e-01,5.792883290620597370e-01,7.676870176502648135e-01,1.246756451351298534e+00,-2.241766261998604737e+00,-1.547116040343013976e-01,1.245579020924636904e+00,5.072246129642966617e-01,1.858340549390033125e+00,6.262751291100808748e-01,-3.778884277414205073e-01,-2.150022667076082250e+00,-3.793116244441541163e-01,-1.047721964284979101e+00,-2.001291412280594706e+00,-1.877678562578413368e+00,2.580040141308076684e+00
9.312875250166777974e+00,7.788425865694135197e-01,3.208534800004819165e-01,5.826485781431480770e-01,7.800395100445036700e-01,1.250892100388015571e+00,-2.244230091270019489e+00,-1.689738367279024489e-01,1.242887790394551883e+00,5.001495456186461075e-01,1.844910359416731982e+00,6.135143939436610294e-01,-3.608134512731279164e-01,-2.125701606978486868e+00,-4.275080531429428232e-01,-1.073369039495442046e+00,-2.024955524596353307e+00,-1.947883579122961617e+00,2.538790893398496618e+00
9.319546364242828673e+00,7.776682254436984021e-01,3.291350562901604881e-01,5.859610585952260697e-01,7.923018870562075211e-01,1.254941063694130499e+00,-2.246580940249935932e+00,-1.830719742720907650e-01,1.239875276415471905e+00,4.929036776255465435e-01,1.831324784616998436e+00,6.002874721577550199e-01,-3.440185722658438694e-01,-2.100829407294346751e+00,-4.756300686139058875e-01,-1.098926499797816536e+00,-2.047875917201549711e+00,-2.017436461342905218e+00,2.496070312970791072e+00
9.326217478318879373e+00,7.764003714926981381e-01,3.373954655798907520e-01,5.892246330484693928e-01,8.044731286381491264e-01,1.258900246012070623e+00,-2.248820710088359487e+00,-1.970023895143840909e-01,1.236542022117708584e+00,4.854876367994288566e-01,1.817588783435223343e+00,5.865988109721719246e-01,-3.275135376110709373e-01,-2.075420958033808994e+00,-5.236636665014253733e-01,-1.124385357648696626e+00,-2.070053534819205510e+00,-2.086308247125330251e+00,2.451899048737763209e+00
9.332888592394930072e+00,7.750401554321157960e-01,3.456325702457546667e-01,5.924381685211947968e-01,8.165522477983425675e-01,1.262766582394571735e+00,-2.250951366493937122e+00,-2.107615552506353351e-01,1.232888664058261918e+00,4.779021108800259876e-01,1.803707307077440980e+00,5.724530498879571994e-01,-3.113079544245804797e-01,-2.049491332488932116e+00,-5.715948425678372136e-01,-1.149736635505745230e+00,-2.091489602299785311e+00,-2.154470254612800950e+00,2.406298355165581881e+00
9.339559706470980771e+00,7.735887311713057768e-01,3.538442372219716137e-01,5.956005368193894034e-01,8.285382905455579428e-01,1.266537039481100413e+00,-2.252974938788095738e+00,-2.243460454234729173e-01,1.228915932205443040e+00,4.701478474552127640e-01,1.789685297652392926e+00,5.578550187790004555e-01,-2.954112860373449001e-01,-2.023055779949918254e+00,-6.194095970690134401e-01,-1.174971368964537355e+00,-2.112185621657435952e+00,-2.221894093805181214e+00,2.359290082848040537e+00
9.346230820547031470e+00,7.720472751346521001e-01,3.620283386239275814e-01,5.987106149356394846e-01,8.404303358224579634e-01,1.270208616761258513e+00,-2.254893518932627572e+00,-2.377525362719116742e-01,1.224624649894283213e+00,4.622256538628864986e-01,1.775527686332729171e+00,5.428097359066754724e-01,-2.798328480514701289e-01,-1.996129718354444638e+00,-6.670939391398023055e-01,-1.200080609890250560e+00,-2.132143368999109612e+00,-2.288551678039874915e+00,2.310896668636466700e+00
9.352901934623082170e+00,7.704169855754391394e-01,3.701827523708013934e-01,6.017672854473540278e-01,8.522274954266004787e-01,1.273778347824716217e+00,-2.256709260531227113e+00,-2.509778074317354224e-01,1.220015733752637166e+00,4.541363970720272980e-01,1.761239391537025023e+00,5.273224058582831608e-01,-2.645818044628205357e-01,-1.968728726873555379e+00,-7.146338911878298283e-01,-1.225055429543257191e+00,-2.151364891349015096e+00,-2.354415235346110080e+00,2.261141125529961826e+00
9.359573048699132869e+00,7.686990818825499838e-01,3.783053628076069597e-01,6.047694369141066728e-01,8.639289139193218059e-01,1.277243301597115632e+00,-2.258424377805344552e+00,-2.640187429861931556e-01,1.215090193597975210e+00,4.458810035428835139e-01,1.746825317133357647e+00,5.113984174102104152e-01,-2.496671638518298542e-01,-1.940868538437356072e+00,-7.620154932941651804e-01,-1.249886921697312969e+00,-2.169852503369894769e+00,-2.419457319668346429e+00,2.210047032330189509e+00
9.366244162775183568e+00,7.668948038803170553e-01,3.863940613264445489e-01,6.077159642739897727e-01,8.755337685227484457e-01,1.280600583561486872e+00,-2.260041144544884251e+00,-2.768723324666589880e-01,1.209849132304781527e+00,4.374604590664133985e-01,1.732290350665067757e+00,4.950433413166441809e-01,-2.350977756441228195e-01,-1.912565032204008642e+00,-8.092248076193613304e-01,-1.274566205749394054e+00,-2.187608783983655325e+00,-2.483650821954491494e+00,2.157638523065574354e+00
9.372915276851234267e+00,7.650054111218679287e-01,3.944467469867694587e-01,6.106057692388263680e-01,8.870412690050522020e-01,1.283847336964671237e+00,-2.261561893034204296e+00,-2.895356718028737619e-01,1.204293745642549762e+00,4.288758085830115530e-01,1.717639361599394121e+00,4.782629280247743253e-01,-2.208823264424447652e-01,-1.883834225975423271e+00,-8.562479228133654807e-01,-1.299084429820014819e+00,-2.204636572893291291e+00,-2.546968981104326346e+00,2.103940276189548708e+00
9.379586390927284967e+00,7.630321821763025314e-01,4.024613271344869569e-01,6.134377606880917488e-01,8.984506575540596174e-01,1.286980744008235700e+00,-2.262989012953848356e+00,-3.020059642224036667e-01,1.198425322084359035e+00,4.201281559805580823e-01,1.702877199599659663e+00,4.610631053174638616e-01,-2.070293364313711137e-01,-1.854692268563064683e+00,-9.030709584277899493e-01,-1.323432773842863952e+00,-2.220938967008108555e+00,-2.609385394773565459e+00,2.048977503557560365e+00
9.386257505003335666e+00,7.609764139100377855e-01,4.104357180196612220e-01,6.162108550614360247e-01,9.097612086394575304e-01,1.289998027023447680e+00,-2.264324950258584046e+00,-3.142805210990295417e-01,1.192245242586003062e+00,4.112186638719392828e-01,1.688008692821600043e+00,4.434499758843168937e-01,-1.935471558563122141e-01,-1.825155432107420594e+00,-9.496800693290008422e-01,-1.347602452642792992e+00,-2.236519316774799204e+00,-2.670874030029376289e+00,1.992775939187990453e+00
9.392928619079386365e+00,7.588394207626669719e-01,4.183678454126698587e-01,6.189239767496429456e-01,9.209722288637064436e-01,1.292896449629794997e+00,-2.265572206032181679e+00,-3.263567627497600543e-01,1.185754980335675501e+00,4.021485533520319233e-01,1.673038646234470406e+00,4.254298148221676845e-01,-1.804439615781671113e-01,-1.795240104354512756e+00,-9.960614501106127561e-01,-1.371584719000987551e+00,-2.251381222416307004e+00,-2.731409233852915452e+00,1.935361827811703739e+00
9.399599733155437065e+00,7.566225340176685465e-01,4.262556452185670697e-01,6.215760584839022940e-01,9.320830568018088069e-01,1.295673317876605557e+00,-2.266733335319460085e+00,-3.382322191801576672e-01,1.178956100474246593e+00,3.929191037343258142e-01,1.657971839967577576e+00,4.070090670660467813e-01,-1.677277537050799738e-01,-1.764962780892999961e+00,-1.042201339503672441e+00,-1.395370866706221902e+00,-2.265528530080779923e+00,-2.790965743484589812e+00,1.876761913215486022e+00
9.406270847231487764e+00,7.543271010683219036e-01,4.340970640895100985e-01,6.241660417232594016e-01,9.430930628301796848e-01,1.298325981367296045e+00,-2.267810945936139966e+00,-3.499045307777960412e-01,1.171850259786101356e+00,3.835316522672015394e-01,1.642813027682747951e+00,3.881943447516407186e-01,-1.554063523026089078e-01,-1.734340057355385101e+00,-1.088086024783266881e+00,-1.418952233591213474e+00,-2.278965327903097915e+00,-2.849518696607982182e+00,1.817003426384435016e+00
9.412941961307538463e+00,7.519544846791664794e-01,4.418900600349962571e-01,6.266928770401022364e-01,9.540016489447064041e-01,1.300851834365803317e+00,-2.268807697257002154e+00,-3.613714489535406194e-01,1.164439206360624812e+00,3.739875938300450953e-01,1.627566934973404322e+00,3.689924245103988198e-01,-1.434873941836847244e-01,-1.703388621586869878e+00,-1.133701846169737903e+00,-1.442320204552895779e+00,-2.291695941981079621e+00,-2.907043641368109999e+00,1.756114073448693746e+00
9.419613075383589162e+00,7.495060622433628028e-01,4.496326030297699283e-01,6.291555245035522770e-01,9.648082485682413223e-01,1.303248316884741076e+00,-2.269726298982906343e+00,-3.726308367305176672e-01,1.156724779224331812e+00,3.642883806092293564e-01,1.612238257790730600e+00,3.494102446983454735e-01,-1.319783297795871224e-01,-1.672125245785345715e+00,-1.179035201223244567e+00,-1.465466214555627422e+00,-2.303724932268873982e+00,-2.963516546220141823e+00,1.694122023439657676e+00
9.426284189459639862e+00,7.469832250362898884e-01,4.573226756191585141e-01,6.315529540606366066e-01,9.755123263476942475e-01,1.305512915754871051e+00,-2.270569509887218285e+00,-3.836806692805558305e-01,1.148708907943704727e+00,3.544355217541620973e-01,1.596831660897503724e+00,3.294549025597581782e-01,-1.208864200932406874e-01,-1.640566778616093346e+00,-1.224072549229953788e+00,-1.488381751616298265e+00,-2.315057088389936624e+00,-3.018913809604558018e+00,1.631055895861232896e+00
9.432955303535690561e+00,7.443873774657521203e-01,4.649582735216738483e-01,6.338841459150824642e-01,9.861133779408689515e-01,1.307643165675407948e+00,-2.271340136542164156e+00,-3.945190344079317901e-01,1.140393612198820739e+00,3.444305830134423152e-01,1.581351776350146121e+00,3.091336513269390407e-01,-1.102187337360118757e-01,-1.608730137304775321e+00,-1.268800415578402951e+00,-1.511058359770157011e+00,-2.325697425371834548e+00,-3.073212269444635325e+00,1.566944748081525285e+00
9.439626417611741260e+00,7.417199363191209205e-01,4.725374062286629706e-01,6.361480909036399956e-01,9.966109297933156697e-01,1.309636650244806688e+00,-2.272041032025730711e+00,-4.051441329803346370e-01,1.131781001327796687e+00,3.342751863513369615e-01,1.565803202009443229e+00,2.884538972571561999e-01,-9.998214404921301757e-02,-1.576632299712193985e+00,-1.313205396124510038e+00,-1.533487642016540198e+00,-2.335651179305620495e+00,-3.126389212462800771e+00,1.501818062550543509e+00
9.446297531687791960e+00,7.389823300077938972e-01,4.800580976008310130e-01,6.383437908697574548e-01,1.007004538905302393e+00,1.311491002971531428e+00,-2.272675094609625024e+00,-4.155542793068806584e-01,1.122873273842178499e+00,3.239710095446411975e-01,1.550190500080510736e+00,2.674231966081362377e-01,-9.018332631143510802e-02,-1.544290296394537965e+00,-1.357274161543653879e+00,-1.555661263243221626e+00,-2.344923802931972556e+00,-3.178422383311606758e+00,1.435705733849613974e+00
9.452968645763842659e+00,7.361759978092929924e-01,4.875183864614236473e-01,6.404702590345235924e-01,1.017293792589171630e+00,1.313203908264487074e+00,-2.273245266428904454e+00,-4.257479014631373460e-01,1.113672716913332472e+00,3.135197857601376148e-01,1.534518195682404773e+00,2.460492525531970953e-01,-8.082875503282727081e-02,-1.511721202652495322e+00,-1.400993461668322615e+00,-1.577570953128597520e+00,-2.353520961156791991e+00,-3.229289993516105906e+00,1.368638055578063062e+00
9.459639759839893358e+00,7.333023891073852107e-01,4.949163271859023383e-01,6.425265203647138046e-01,1.027478308217258274e+00,1.314773102402647442e+00,-2.273754532133851480e+00,-4.357235415630880127e-01,1.104181705829947235e+00,3.029233031127394615e-01,1.518790775447886876e+00,2.243399120374010014e-01,-7.192470133737915994e-02,-1.478942130572971525e+00,-1.444350129809835348e+00,-1.599208509020552116e+00,-2.361448526498738154e+00,-3.278970730223694563e+00,1.300645707083049940e+00
9.466310873915944057e+00,7.303629626305540024e-01,5.022499902878897471e-01,6.445116119378269115e-01,1.037557732960535661e+00,1.316196374483525666e+00,-2.274205917524664056e+00,-4.454798559779622469e-01,1.094402703426781587e+00,2.921834042045302615e-01,1.503012686153801125e+00,2.023031625759881269e-01,-6.347723043423081357e-02,-1.445970221066847694e+00,-1.487331087062509827e+00,-1.620565798791024692e+00,-2.368712574471099508e+00,-3.327443764758019284e+00,1.231759740038253614e+00
9.472981987991994757e+00,7.273591856891976626e-01,5.095174630012113681e-01,6.464245833039886646e-01,1.047531743518263170e+00,1.317471567350103179e+00,-2.274602488169601422e+00,-4.550156155019727811e-01,1.084338259484745493e+00,2.813019856448464862e-01,1.487188333382440941e+00,1.799471289963981424e-01,-5.549219917902581400e-02,-1.412822635906497259e+00,-1.529923346588825783e+00,-1.641634763665356989e+00,-2.375319378900875300e+00,-3.374688760973494350e+00,1.162011564877504899e+00
9.479653102068045456e+00,7.242925334118952563e-01,5.167168498578535996e-01,6.482644968445846478e-01,1.057400045838802871e+00,1.318596578495827565e+00,-2.274947348007152037e+00,-4.643297054649402344e-01,1.073991010102456567e+00,2.702809975515464980e-01,1.471322080214354511e+00,1.572800701252340394e-01,-4.797525372621103124e-02,-1.379516549766492961e+00,-1.572114017884095549e+00,-1.662407421025371645e+00,-2.381275407187394055e+00,-3.420685883407061922e+00,1.091432937089032551e+00
9.486324216144096155e+00,7.211644879810963360e-01,5.238462732616101514e-01,6.500304281275065543e-01,1.067162374831791327e+00,1.319569360947341563e+00,-2.275243637932838681e+00,-4.734211257918177207e-01,1.063363677039447008e+00,2.591224430337072948e-01,1.455418245952994294e+00,1.343103754215446699e-01,-4.093182727323396719e-02,-1.346069142271133279e+00,-1.613890311018966184e+00,-1.682875867185230856e+00,-2.386587315503132967e+00,-3.465415805223875267e+00,1.020055943376543039e+00
9.492995330220146855e+00,7.179765378685940558e-01,5.309038740572807891e-01,6.517214662588874940e-01,1.076818494071955845e+00,1.320387924124566625e+00,-2.275494534371298894e+00,-4.822889910092305610e-01,1.052459067031108475e+00,2.478283776558559970e-01,1.439481104881529028e+00,1.110465615577634346e-01,-3.436713789747591896e-02,-1.312497590052334129e+00,-1.655239540858471026e+00,-1.703032280139159527e+00,-2.391261943939485768e+00,-3.508859715953800418e+00,9.479129876930207921e-01
9.499666444296197554e+00,7.147301770711285140e-01,5.378878120951782194e-01,6.533367142311987674e-01,1.086368195494705535e+00,1.321050334677817073e+00,-2.275703247834231835e+00,-4.909325301990455914e-01,1.041280071075610048e+00,2.364009088840095529e-01,1.423514885052259871e+00,8.749726894978832048e-02,-2.828618648677627689e-02,-1.278819058821471177e+00,-1.696149131255852760e+00,-1.722868922280020643e+00,-2.395306311599977089e+00,-3.550999329015498418e+00,8.750367771535568773e-01
9.506337558372248253e+00,7.114269043464808151e-01,5.447962667908095025e-01,6.548752892675910875e-01,1.095811299083780277e+00,1.321554717301586246e+00,-2.275873021464865253e+00,-4.993510868991289375e-01,1.029829663692901409e+00,2.248421955136377381e-01,1.407523767108908697e+00,6.367125823755620528e-02,-2.269375476430912641e-02,-1.245050695458645329e+00,-1.736606619219905445e+00,-1.742378143087861542e+00,-2.398727611643659330e+00,-3.591816889025182480e+00,8.014603078330945207e-01
9.513008672448298952e+00,7.080682224503958011e-01,5.516274376795039514e-01,6.563363231623687843e-01,1.105147652551154769e+00,1.321899255524713546e+00,-2.276007129569566523e+00,-5.075441189513952844e-01,1.018110902156013964e+00,2.131544470798290569e-01,1.391511883142122485e+00,3.957740671756554418e-02,-1.759440340857620910e-02,-1.211209620122939867e+00,-1.776599659054152180e+00,-1.761552381787540478e+00,-2.401533206281393440e+00,-3.631295178887138153e+00,7.272168504554982205e-01
9.519679786524349652e+00,7.046556373747067115e-01,5.583795449658311982e-01,6.577189626174516635e-01,1.114377131009391286e+00,1.322082192476570217e+00,-2.276108876137207027e+00,-5.155111982972873097e-01,1.006126925694858620e+00,2.013399232498024882e-01,1.375483315578556631e+00,1.522470472890297133e-02,-1.299247026921479531e-02,-1.177312918387213303e+00,-1.816116026466459532e+00,-1.780384169974374986e+00,-2.403730621727533379e+00,-3.669417526662964502e+00,6.523399359800663433e-01
9.526350900600400351e+00,7.011906575869831793e-01,5.650508300676112539e-01,6.590223695747504662e-01,1.123499636636736909e+00,1.322101831629014512e+00,-2.276181593346978893e+00,-5.232520107209015503e-01,9.938809546726923294e-01,1.894009331980382460e-01,1.359442096103708586e+00,-9.377748005909514184e-03,-8.892068679283493537e-03,-1.143377633400843196e+00,-1.855143622647574597e+00,-1.798866134207171008e+00,-2.405327543109964772e+00,-3.706167812217140423e+00,5.768633410917747284e-01
9.533022014676451050e+00,6.976747932720863687e-01,5.716395561543443637e-01,6.602457215442906202e-01,1.132515098335104220e+00,1.321956537513759189e+00,-2.276228640065244502e+00,-5.307663555399130262e-01,9.813762897355009507e-01,1.773398349641992500e-01,1.343392204618904850e+00,-3.422074608353725678e-02,-5.297085864647499420e-03,-1.109420758084063596e+00,-1.893670478317097894e+00,-1.816990998567454607e+00,-2.406331809340961581e+00,-3.741530473635843013e+00,5.008210736016637243e-01
9.539693128752501750e+00,6.941095555759396740e-01,5.781440086798692590e-01,6.613882119280181104e-01,1.141423471381241450e+00,1.321644736414923971e+00,-2.276253400332128418e+00,-5.380541452445509742e-01,9.686163109344956279e-01,1.651590347941171988e-01,1.327337568232584974e+00,-5.929498216460254989e-02,-2.211181451044375024e-03,-1.075459227357176584e+00,-1.931684757735433244e+00,-1.834751587184311861e+00,-2.406751407951732702e+00,-3.775490513416864147e+00,4.242473577635464399e-01
9.546364242828552449e+00,6.904964558518958961e-01,5.845624959090900408e-01,6.624490503391397000e-01,1.150224737071281700e+00,1.321164917036452557e+00,-2.276259281838460602e+00,-5.451154050848728838e-01,9.556044768219515984e-01,1.528609864640264049e-01,1.311282060286161455e+00,-8.459105075893635917e-02,3.622139306396210401e-04,-1.041509910408257245e+00,-1.969174762680286239e+00,-1.852140826723806644e+00,-2.406594469893340360e+00,-3.808033504427879912e+00,3.471766195135477240e-01
9.553035356904603148e+00,6.868370049100195329e-01,5.908933494385731899e-01,6.634274629169019111e-01,1.158918902358886616e+00,1.320515631144152824e+00,-2.276249714393737911e+00,-5.519502726065618203e-01,9.423443235206683255e-01,1.404481905883321058e-01,1.295229499414702223e+00,-1.100994520497985962e-01,2.419899940381275982e-03,-1.007589603002657430e+00,-2.006128936386176065e+00,-1.869151748842174499e+00,-2.405869264306589539e+00,-3.839145595630811592e+00,2.696434716387675623e-01
9.559706470980653847e+00,6.831327122696422283e-01,5.971349247108486136e-01,6.643226926367042928e-01,1.167505999487269852e+00,1.319695494182106410e+00,-2.276228148385791794e+00,-5.585589971355999772e-01,9.288394637672569010e-01,1.279231939111355465e-01,1.279183648642558957e+00,-1.358105957555099663e-01,3.958907725873261896e-03,-9.737150198378441424e-01,-2.042535867445579356e+00,-1.885777492602036753e+00,-2.404584193263883396e+00,-3.868813517570031557e+00,1.916826988816928701e-01
9.566377585056704547e+00,6.793850854155243368e-01,6.032856015222549662e-01,6.651339996154245204e-01,1.175986085615300381e+00,1.318703185863180138e+00,-2.276198053232791452e+00,-5.649419392120937911e-01,9.150935859295251662e-01,1.152885885817421519e-01,1.263148214514170142e+00,-1.617148050269039961e-01,4.976501019809287385e-03,-9.399027869468488117e-01,-2.078384293670311411e+00,-1.902011306850738492e+00,-2.402747786485543102e+00,-3.897024587622183844e+00,1.133292429865382367e-01
9.573048699132755246e+00,6.755956290579610002e-01,6.093437845241254092e-01,6.658606614118628420e-01,1.184359242437895476e+00,1.317537450733441196e+00,-2.276162915828249922e+00,-5.710995699735705866e-01,9.011104529982757461e-01,1.025470114144694661e-01,1.247126846260219413e+00,-1.878023203789843387e-01,5.470177137237852705e-03,-9.061694341537434028e-01,-2.113663105911590456e+00,-1.917846552560045659e+00,-2.400368696033368110e+00,-3.923766715005581496e+00,3.461818769420943465e-02
9.579719813208805945e+00,6.717658443971709081e-01,6.153079037171815813e-01,6.665019733221945186e-01,1.192625575801016691e+00,1.316197098710217395e+00,-2.276126238979737426e+00,-5.770324704881687472e-01,8.868939015537142811e-01,8.970114313293700570e-02,1.231123134999203561e+00,-2.140633036552156976e-01,5.437667872660201240e-03,-8.725313875845071010e-01,-2.148361351837551503e+00,-1.933276705126451889e+00,-2.397455690984338084e+00,-3.949028405547206688e+00,-4.441525630771525623e-02
9.586390927284856645e+00,6.678972283922969266e-01,6.211764149389316092e-01,6.670572486703325588e-01,1.200785215311410470e+00,1.314681005593619778e+00,-2.276091539841909483e+00,-5.827413310380125111e-01,8.724478407068494423e-01,7.675370759918423436e-02,1.215140612974661138e+00,-2.404878420227898050e-01,4.876940296599352465e-03,-8.390049622365014503e-01,-2.182468239666645271e+00,-1.948295356631278619e+00,-2.394017652086912751e+00,-3.972798766205440035e+00,-1.237357664735166951e-01
9.593062041360907344e+00,6.639912730353615400e-01,6.269478003439384883e-01,6.675258190930909441e-01,1.208838313941411391e+00,1.312988113551303071e+00,-2.276062348344590980e+00,-5.882269503532645549e-01,8.577762510161037746e-01,6.370747102781118554e-02,1.199182752828046095e+00,-2.670659519972217177e-01,3.786197451398409797e-03,-8.056063546099929695e-01,-2.215973141855667183e+00,-1.962896218059841491e+00,-2.390063566402958806e+00,-3.995067509346704071e+00,-2.033079235197020607e-01
9.599733155436958043e+00,6.600494646304797541e-01,6.326205688767653212e-01,6.679070348200718543e-01,1.216785047629012517e+00,1.311117431576296122e+00,-2.276042205616545022e+00,-5.934902347972198511e-01,8.428831833794886430e-01,5.056524118548109958e-02,1.183252966907393455e+00,-2.937875834947157871e-01,2.163878946059627495e-03,-7.723516354047836874e-01,-2.248865598740962923e+00,-1.977073121479012929e+00,-2.385602521937838283e+00,-4.015824956774482146e+00,-2.830962265709090486e-01
9.606404269513008742e+00,6.560732830786877301e-01,6.381932567374636323e-01,6.682002649481403322e-01,1.224625614873416701e+00,1.309068035917694051e+00,-2.276034662405590048e+00,-5.985321975028958796e-01,8.277727579026553650e-01,3.732986657601813224e-02,1.167354606611876511e+00,-3.206426239104860354e-01,8.661449983904390137e-06,-7.392567422853393300e-01,-2.281135322131502274e+00,-1.990820022172294701e+00,-2.380643702261393990e+00,-4.035062043508936824e+00,-3.630651083246434485e-01
9.613075383589059442e+00,6.520642011686758055e-01,6.436644278394160201e-01,6.684048977104400935e-01,1.232360236326363712e+00,1.306839070484082876e+00,-2.276043277495783723e+00,-6.033539574616039181e-01,8.124491627431341678e-01,2.400423561142180778e-02,1.151490961772237975e+00,-3.476209022215482336e-01,-2.680540914513862560e-03,-7.063374727174576151e-01,-2.312772198852441452e+00,-2.004131000731928403e+00,-2.375196381122637757e+00,-4.052770321315906976e+00,-4.431789502284358973e-01
9.619746497665110141e+00,6.480236838737732930e-01,6.490326742594053622e-01,6.685203407398168096e-01,1.239989154379437908e+00,1.304429747219494340e+00,-2.276071616122333996e+00,-6.079567385639988997e-01,7.969166529310882652e-01,1.059127576904683732e-02,1.135665260067145521e+00,-3.747121931121475957e-01,-5.904576280941764566e-03,-6.736094768797880050e-01,-2.343766294237888737e+00,-2.017000265107171231e+00,-2.369269917060865094e+00,-4.068941961983717270e+00,-5.234020976627244970e-01
9.626417611741160840e+00,6.439531876554811518e-01,6.542966166797234973e-01,6.685460213265799201e-01,1.247512632747584949e+00,1.301839346451787893e+00,-2.276123248384867459e+00,-6.123418685940564821e-01,7.811795491669785152e-01,-2.906047264698660704e-03,1.119880666475564279e+00,-4.019062211202272805e-01,-9.664054848676162379e-03,-6.410882506531496716e-01,-2.374107855571490511e+00,-2.029422152608161056e+00,-2.362873748015711151e+00,-4.083569760346675181e+00,-6.036988751231373573e-01
9.633088725817211539e+00,6.398541597738728326e-01,6.594549048221990395e-01,6.684813866705071606e-01,1.254930956049123081e+00,1.299067217213291769e+00,-2.276201747659813535e+00,-6.165107781765981620e-01,7.652422365964035578e-01,-1.648473046391366048e-02,1.104140282764999537e+00,-4.291926648032286518e-01,-1.395934879425198005e-02,-6.087891286908575506e-01,-2.403787315473647990e+00,-2.041391131864721764e+00,-2.356017385939117137e+00,-4.096647137054064913e+00,-6.840336013954980698e-01
9.639759839893262239e+00,6.357280376051680504e-01,6.645062178739659098e-01,6.683259041269999923e-01,1.262244429382430422e+00,1.296112777533602323e+00,-2.276310689012488453e+00,-6.204649996788214050e-01,7.491091635625701795e-01,-3.014173434564875603e-02,1.088447147015752625e+00,-4.565611609214872413e-01,-1.879059228386026348e-02,-5.767272775730061252e-01,-2.432795295233972421e+00,-2.052901804739419411e+00,-2.348710411411605747e+00,-4.108168141083564429e+00,-7.643706047171479057e-01
9.646430953969312938e+00,6.315762479667911267e-01,6.694492649048365829e-01,6.680790614473210987e-01,1.269453377899600888e+00,1.292975514704419959e+00,-2.276453647609645081e+00,-6.242061660664817158e-01,7.327848403366941099e-01,-4.387398386496459829e-02,1.072804233181008149e+00,-4.840013086375610785e-01,-2.415768158691067313e-02,-5.449176890478022450e-01,-2.461122608087764174e+00,-2.063948908194351173e+00,-2.340962468265805008e+00,-4.118127451998225830e+00,-8.446742379178997506e-01
9.653102068045363637e+00,6.274002064502041121e-01,6.742827852761419383e-01,6.677403670128071456e-01,1.276558146377283487e+00,1.289654985516316632e+00,-2.276634197133089010e+00,-6.277360097152813179e-01,7.162738378267260453e-01,-5.767836932231008157e-02,1.057214450682768980e+00,-5.115026737297537762e-01,-3.006027529052435199e-02,-5.133751733628126868e-01,-2.488760262435318005e+00,-2.074527316110972297e+00,-2.332783258219682132e+00,-4.126520381946109595e+00,-9.249088935343919848e-01
9.659773182121414337e+00,6.232013167618201122e-01,6.790055490408725136e-01,6.673093500629966313e-01,1.283559098784923913e+00,1.286150816467361180e+00,-2.276855908195061673e+00,-6.310563611780519722e-01,6.995807862648304454e-01,-7.155174728284320607e-02,1.041680644043598392e+00,-5.390547928181033122e-01,-3.649779461474866871e-02,-4.821143526890994124e-01,-2.515699465002713353e+00,-2.084632041062437047e+00,-2.324182535522161697e+00,-4.133342877401876336e+00,-1.005039018891145997e+00
9.666444296197465036e+00,6.189809700722864738e-01,6.836163573350078071e-01,6.667855609175806775e-01,1.290456617850700427e+00,1.282462703943506810e+00,-2.277122346756080606e+00,-6.341691479084300420e-01,6.827103738739284111e-01,-8.549094150745994991e-02,1.026205592553957713e+00,-5.666471776011494654e-01,-4.346942382824559026e-02,-4.511496546411097874e-01,-2.541931623943003427e+00,-2.094258236037892296e+00,-2.315170101613869491e+00,-4.138591520649738342e+00,-1.085029131141986847e+00
9.673115410273515735e+00,6.147405443744229370e-01,6.881140427598679832e-01,6.661685711921097042e-01,1.297251104625326112e+00,1.278590414370692541e+00,-2.277437072545860364e+00,-6.370763929415778071e-01,6.656673455138033546e-01,-9.949274389512199890e-02,1.010792009975183703e+00,-5.942693191017175414e-01,-5.097411076417812659e-02,-4.204953058951073075e-01,-2.567448351876504553e+00,-2.103401196118164229e+00,-2.305755799805410788e+00,-4.142263531007235322e+00,-1.164843832265397117e+00
9.679786524349566434e+00,6.104814038501086282e-01,6.924974697553782921e-01,6.654579740073682803e-01,1.303942978044013490e+00,1.274533784338584219e+00,-2.277803637488029942e+00,-6.397802135327207429e-01,6.484565013070934247e-01,-1.135539154362335545e-01,9.954425442778456201e-01,-6.219106919199774985e-01,-5.901056743595956000e-02,-3.901653259090203107e-01,-2.592241468869098675e+00,-2.112056360102306130e+00,-2.295949509975995451e+00,-4.144356765789410701e+00,-1.244447824007272718e+00
9.686457638425617134e+00,6.062048982463803526e-01,6.967655349640913265e-01,6.646533841923707442e-01,1.310532674486808435e+00,1.270292720695937794e+00,-2.278225584129294212e+00,-6.422828197541036177e-01,6.310826952456407568e-01,-1.276711871766822159e-01,9.801597774153978371e-01,-6.495607584921381239e-01,-6.757727075248975979e-02,-3.601735207462986033e-01,-2.616303005347334398e+00,-2.120219312084585805e+00,-2.285761143294811948e+00,-4.144869721013185959e+00,-1.323805922764895726e+00
9.693128752501667833e+00,6.019123622610407232e-01,7.009171675858572037e-01,6.637544384808663489e-01,1.317020647337510564e+00,1.265867200617520005e+00,-2.278706444073663295e+00,-6.445865130511030383e-01,6.135508337776108823e-01,-1.418412611922460764e-01,9.649462251330120921e-01,-6.772089733528713351e-01,-7.667246333247823564e-02,-3.305334770066188366e-01,-2.639625204949247017e+00,-2.127885782981247864e+00,-2.275200636967724677e+00,-4.143801531841575070e+00,-1.402883074405621544e+00
9.699799866577718532e+00,5.976051149380174898e-01,7.049513297229956788e-01,6.627607957013355033e-01,1.323407366541456076e+00,1.261257271642607369e+00,-2.279249736422480410e+00,-6.466936847582138714e-01,5.958658743758096232e-01,-1.560608115730024448e-01,9.498043368113131546e-01,-7.048447873999357238e-01,-8.629415441738785830e-02,-3.012585558659177654e-01,-2.662200527309739773e+00,-2.135051652006811018e+00,-2.264277949011881397e+00,-4.141151972767852740e+00,-1.481644369014070151e+00
9.706470980653769232e+00,5.932844590727682776e-01,7.088670167158659385e-01,6.616721369603677516e-01,1.329693318162376015e+00,1.256463051685012156e+00,-2.279858966220856153e+00,-6.486068145756725967e-01,5.780328240876211332e-01,-1.703264854174424969e-01,9.347364953448714653e-01,-7.324576521590848710e-01,-9.644012088249165338e-02,-2.723618872285007431e-01,-2.684021650779480961e+00,-2.141712948099269820e+00,-2.253003053060734118e+00,-4.136921457539544988e+00,-1.560055055561408333e+00
9.713142094729819931e+00,5.889516806279707639e-01,7.126632574686913024e-01,6.604881658193890726e-01,1.335879003938535758e+00,1.251484729014680219e+00,-2.280537622911163353e+00,-6.503284690074040419e-01,5.600567380670740114e-01,-1.846349038358821304e-01,9.197450170553016502e-01,-7.600370240476341799e-01,-1.071079083455281911e-01,-2.438563639936102145e-01,-2.705081475076197339e+00,-2.147865851293857986e+00,-2.241385933201822223e+00,-4.131111038822457004e+00,-1.638080556490642659e+00
9.719813208805870630e+00,5.846080481597579759e-01,7.163391147655464586e-01,6.592086084646540112e-01,1.341964940838439979e+00,1.246322562210834706e+00,-2.281289178794265293e+00,-6.518612997611572535e-01,5.419427180893946483e-01,-1.989826629629094512e-01,9.048321516386022001e-01,-7.875723686349229702e-01,-1.182948323723516104e-01,-2.157546364390168225e-01,-2.725373123867393943e+00,-2.153506694044953651e+00,-2.229436578849956163e+00,-4.123722407604955009e+00,-1.715686482211641772e+00
9.726484322881921329e+00,5.802548122547578346e-01,7.198936855763627962e-01,6.578332138704676701e-01,1.347951660616272473e+00,1.240976880086735568e+00,-2.282117087499097252e+00,-6.532080421115294966e-01,5.236959110486184565e-01,-2.133663349784351571e-01,8.900000821466460543e-01,-8.150531648979189026e-01,-1.299979797789589941e-01,-1.880691067240409797e-01,-2.744889947283376763e+00,-2.158631962495723755e+00,-2.217164979658066137e+00,-4.114757892342852053e+00,-1.792838645499699846e+00
9.733155436957972029e+00,5.758932049781679829e-01,7.233261013528711203e-01,6.563617539555527403e-01,1.353839709367341548e+00,1.235448081586048463e+00,-2.283024782461258173e+00,-6.543715132267450274e-01,5.053215074386270267e-01,-2.277824691370692045e-01,8.752509250024493870e-01,-8.424689094702679792e-01,-1.422142100292478339e-01,-1.608119235143505854e-01,-2.763625524359696772e+00,-2.163238297695129653e+00,-2.204581120468194211e+00,-4.104220457845331183e+00,-1.869503075791664193e+00
9.739826551034022728e+00,5.715244393331130324e-01,7.266355283143455246e-01,6.547940237325378110e-01,1.359629647083743675e+00,1.229736635650908960e+00,-2.284015675411259494e+00,-6.553546104600014299e-01,4.868247398181451135e-01,-2.422275928054277438e-01,8.605867300489637994e-01,-8.698091208830512899e-01,-1.549401567277595149e-01,-1.339949767308885598e-01,-2.781573665407920171e+00,-2.167322496761995509e+00,-2.191694976305037734e+00,-4.092113703902526822e+00,-1.945646033373364281e+00
9.746497665110073427e+00,5.671497087315199304e-01,7.298211677230580507e-01,6.531298414504931316e-01,1.365322047210443479e+00,1.223843081061728899e+00,-2.285093154873016008e+00,-6.561603096061670026e-01,4.682108812601837866e-01,-2.566982125070150222e-01,8.460094806311784232e-01,-8.970633437955136680e-01,-1.681722292067182600e-01,-1.076298924251377631e-01,-2.798728414313852664e+00,-2.170881513995732259e+00,-2.178516507414233860e+00,-4.078441863655349664e+00,-2.021234023452553874e+00
9.753168779186124127e+00,5.627701864767333806e-01,7.328822561493455456e-01,6.513690487304645282e-01,1.370917496202028740e+00,1.217768026248802871e+00,-2.286260584673260876e+00,-6.567916631247548986e-01,4.494852437863608996e-01,-2.711908149743623708e-01,8.315210937111197076e-01,-9.242211532140557351e-01,-1.819066142065315361e-01,-8.172802778296528459e-02,-2.815084050762279411e+00,-2.173912461933440454e+00,-2.165055654347853853e+00,-4.063209801708374869e+00,-2.096233810111282736e+00
9.759839893262174826e+00,5.583870252580906968e-01,7.358180657261707003e-01,6.495115106939852723e-01,1.376416593080341366e+00,1.211512149075831379e+00,-2.287521302462477646e+00,-6.572517983299807076e-01,4.306531767866484950e-01,-2.857018682080215144e-01,8.171234200154697813e-01,-9.512721586978396537e-01,-1.961392776489728762e-01,-5.630046625911622193e-02,-2.830635092387272067e+00,-2.176412612353165521e+00,-2.151322333099285444e+00,-4.046423011986698626e+00,-2.170612430131870774e+00
9.766511007338225525e+00,5.540013566576941217e-01,7.386279043931062160e-01,6.475571160844741936e-01,1.381819948993185054e+00,1.205076196595425309e+00,-2.288878618247950136e+00,-6.575439155488138621e-01,4.117200654250295910e-01,-3.002278225420723645e-01,8.028182442155187282e-01,-9.782060085491297574e-01,-2.108659665021305196e-01,-3.135801284455630444e-02,-2.845376296847243580e+00,-2.178379397222860447e+00,-2.137326430289772539e+00,-4.028087615337659244e+00,-2.244337206690544484e+00
9.773182121414276224e+00,5.496142906695538066e-01,7.413111161296251916e-01,6.455057773815338074e-01,1.387128186774366112e+00,1.198460984776716032e+00,-2.290335812939592763e+00,-6.576712862479034971e-01,3.926913290315491301e-01,-3.147651117157865275e-01,7.886072851389721583e-01,-1.005012393986927099e+00,-2.260822107362794320e-01,-6.911189468511658163e-03,-2.859302663823838575e+00,-2.179810409595054566e+00,-2.123077798408834482e+00,-4.008210356878631586e+00,-2.317375762913130188e+00
9.779853235490326924e+00,5.452269152313490297e-01,7.438670811776336711e-01,6.433574309080516418e-01,1.392341940505222642e+00,1.191667398205182637e+00,-2.291896136909085335e+00,-6.576372511302813750e-01,3.735724194813027088e-01,-3.293101539510703835e-01,7.744921960134107941e-01,-1.031681053301936046e+00,-2.417833253696897167e-01,1.702976946267331648e-02,-2.872409436943900385e+00,-2.180703404446719951e+00,-2.108586251110692533e+00,-3.986798603091957105e+00,-2.389696035286946518e+00
9.786524349566377623e+00,5.408402957689681934e-01,7.462952162531343303e-01,6.411120369301208655e-01,1.397461855077903881e+00,1.184696389754830603e+00,-2.293562808562983335e+00,-6.574452182027583635e-01,3.543688195608563074e-01,-3.438593530353280525e-01,7.604745647408786002e-01,-1.058201775991417737e+00,-2.579644126034322804e-01,4.045492138811268568e-02,-2.884692105623636760e+00,-2.181056299464374071e+00,-2.093861558568866688e+00,-3.963860338668424799e+00,-2.461266286923379454e+00
9.793195463642428322e+00,5.364554747540435375e-01,7.485949747469621274e-01,6.387695797497007222e-01,1.402488585760584217e+00,1.177548980232847375e+00,-2.295339012930366351e+00,-6.570986608149880226e-01,3.350860413226096624e-01,-3.584090994093925842e-01,7.465559142032500706e-01,-1.084564406872079667e+00,-2.746203640441167160e-01,6.335461977444412085e-02,-2.896146406834271492e+00,-2.180867175774053202e+00,-2.078913442891090924e+00,-3.939404163100626910e+00,-2.532055120665431147e+00
9.799866577718479022e+00,5.320734712746628681e-01,7.507658469144959934e-01,6.363300677900162183e-01,1.407422797764797062e+00,1.170226257996918040e+00,-2.297227900265576661e+00,-6.566011156710493957e-01,3.157296244276850405e-01,-3.729557712601117014e-01,7.327377025980487124e-01,-1.110758850169438761e+00,-2.917458630135676412e-01,8.571951815570000299e-02,-2.906768326788395918e+00,-2.180134278616071786e+00,-2.063751573596486200e+00,-3.913439287027729474e+00,-2.602031492034875271e+00
9.806537691794529721e+00,5.276952806194269430e-01,7.528073600542836141e-01,6.337935336736444381e-01,1.412265165815132395e+00,1.162729378545319214e+00,-2.299232584666686119e+00,-6.559561808146112671e-01,2.963051344777768437e-01,-3.874957356172924472e-01,7.190213238041363031e-01,-1.136775073581976603e+00,-3.093353869443080661e-01,1.075405740292605383e-01,-2.916554102546330185e+00,-2.178856017964384328e+00,-2.048385563157131273e+00,-3.885975528333229345e+00,-2.671164722013553927e+00
9.813208805870580420e+00,5.233218738750403665e-01,7.547190786754983671e-01,6.311600342932803809e-01,1.417016373721454059e+00,1.155059564080013645e+00,-2.301356142710199393e+00,-6.551675135885499657e-01,2.768181613366125782e-01,-4.020253494545470430e-01,7.054081077769998043e-01,-1.162603112318429721e+00,-3.273832098597412310e-01,1.288090526062388719e-01,-2.925500223541754874e+00,-2.177030969090444579e+00,-2.032824962605944030e+00,-3.857023307997464734e+00,-2.739424509653398676e+00
9.819879919946631119e+00,5.189541975375933092e-01,7.565006046541713491e-01,6.284296508751340271e-01,1.421677113953862204e+00,1.147218103042884074e+00,-2.303601612102594398e+00,-6.542388285700571071e-01,2.572743174414593437e-01,-4.165409607937537451e-01,6.918993209730756044e-01,-1.188233073106607307e+00,-3.458834049378827213e-01,1.495165304147705321e-01,-2.933603433026016560e+00,-2.174657873071399905e+00,-2.017079257212822441e+00,-3.826593645706586777e+00,-2.806780944510062437e+00
9.826551034022681819e+00,5.145931731376975904e-01,7.581515773781197787e-01,6.256024890349597412e-01,1.426248087220581384e+00,1.139206349625335513e+00,-2.305971990349256817e+00,-6.531738954822182697e-01,2.376792361052869618e-01,-4.310389098127039298e-01,6.784961668026598947e-01,-1.213655138172115677e+00,-3.648298471574082935e-01,1.696548987546728782e-01,-2.940860729430380793e+00,-2.171735637242619976e+00,-2.001157862230999118e+00,-3.794698155220028291e+00,-2.873204518894764359e+00
9.833222148098732518e+00,5.102396968796315546e-01,7.596716738805242564e-01,6.226786788266851502e-01,1.430730002048956173e+00,1.131025723251462889e+00,-2.308470233441298980e+00,-6.519765370830057361e-01,2.180385698101376668e-01,-4.455155299555735304e-01,6.651997861110251486e-01,-1.238859569185362997e+00,-3.842162160248415725e-01,1.892163670020656774e-01,-2.947269367645704019e+00,-2.168263335594393659e+00,-1.985070118715365428e+00,-3.761349039498355751e+00,-2.938666139939443589e+00
9.839893262174783217e+00,5.058946392946426229e-01,7.610606089620950421e-01,6.196583747836117428e-01,1.435123574369757682e+00,1.122677708034985233e+00,-2.311099254560874172e+00,-6.506506270327701014e-01,1.983579884921986558e-01,-4.599671490458738798e-01,6.520112576871338605e-01,-1.263836711175259087e+00,-4.040359983815771105e-01,2.081934657625774676e-01,-2.952826860218911165e+00,-2.164240209112779034e+00,-1.968825289414672497e+00,-3.726559085593674769e+00,-3.003137141470092253e+00
9.846564376250833917e+00,5.015588449085343070e-01,7.623181353017637329e-01,6.165417559522052837e-01,1.439429527104973516e+00,1.114163852210194872e+00,-2.313861922805471316e+00,-6.492000877411761017e-01,1.786431778191961139e-01,-4.743900904014841102e-01,6.389315987995061175e-01,-1.288576996408111297e+00,-4.242824912894772593e-01,2.265790498718898149e-01,-2.957530978465690019e+00,-2.159665666064650491e+00,-1.952432554739316206e+00,-3.690341659304758881e+00,-3.066589295683396443e+00
9.853235490326884616e+00,4.972331319237009994e-01,7.634440435558705884e-01,6.133290259184150939e-01,1.443648589759253031e+00,1.105485767537153885e+00,-2.316761061931697174e+00,-6.476288881946552500e-01,1.588998374606468422e-01,-4.887806739513848586e-01,6.259617657587742690e-01,-1.313070948229959622e+00,-4.449488049936621836e-01,2.443663012422878644e-01,-2.961379753498970757e+00,-2.154539282226753283e+00,-1.935901008806473200e+00,-3.652710699599241551e+00,-3.128994824621728732e+00
9.859906604402935315e+00,4.929182919156964160e-01,7.644381624457766700e-01,6.100204128265676040e-01,1.447781498015208390e+00,1.096645128681374315e+00,-2.319799449119118506e+00,-6.459410417653735914e-01,1.391336793515203785e-01,-5.031352173537568806e-01,6.131026545062863153e-01,-1.337309184871075862e+00,-4.660278659611980512e-01,2.615487315542175395e-01,-2.964371477172577318e+00,-2.148860801059024439e+00,-1.919239655564233038e+00,-3.613680712805203754e+00,-3.190326411441926524e+00
9.866577718478986014e+00,4.886150895444981712e-01,7.653003588338869179e-01,6.066161693907689001e-01,1.451828993332709317e+00,1.087643672568257003e+00,-2.322979813754578071e+00,-6.441406040027632951e-01,1.193504259498976705e-01,-5.174500371150272393e-01,6.003551012283816490e-01,-1.361282423210822046e+00,-4.875124199942444392e-01,2.781201847916183745e-01,-2.966504702939718463e+00,-2.142630133821935345e+00,-1.902457404996367396e+00,-3.573266766574676012e+00,-3.250557211473041441e+00
9.873248832555036714e+00,4.843242622805446485e-01,7.660305377880185507e-01,6.031165728988664432e-01,1.455791822552375159e+00,1.078483197712549746e+00,-2.326304836237557794e+00,-6.422316704086695749e-01,9.955580848919459713e-02,-5.317214497095246184e-01,5.877198829956437054e-01,-1.384981482501579819e+00,-5.093950354162493088e-01,2.940748396201280368e-01,-2.967778246625755845e+00,-2.135847359638163745e+00,-1.885563069409341486e+00,-3.531484483621657677e+00,-3.309660863058565994e+00
9.879919946631087413e+00,4.800465201456713960e-01,7.666286426341019089e-01,5.995219252089167838e-01,1.459670737503407922e+00,1.069165563523092777e+00,-2.329777146807026078e+00,-6.402183741971605446e-01,7.975556522548506166e-02,-5.459457726993693916e-01,5.751977184266648946e-01,-1.408397288050124097e+00,-5.316681063297643561e-01,3.094072116071719947e-01,-2.968191187114948004e+00,-2.128512725498463709e+00,-1.868565359803069370e+00,-3.488350035237227864e+00,-3.367611498178727736e+00
9.886591060707138112e+00,4.757825454690461364e-01,7.670946549971690009e-01,5.958325527382030140e-01,1.463466494615928148e+00,1.059692689583172864e+00,-2.333399324390243557e+00,-6.381048840400468380e-01,5.995543968058847373e-02,-5.601193258541835585e-01,5.627892683757677039e-01,-1.431520874854977032e+00,-5.543238559443371960e-01,3.241121552830483754e-01,-2.967742866950733749e+00,-2.120626646211953847e+00,-1.851472882326944402e+00,-3.443880134584679453e+00,-3.424383752848307871e+00
9.893262174783188811e+00,4.715329926581772746e-01,7.674285948306134308e-01,5.920488064447664289e-01,1.467179854537988826e+00,1.050066554906739613e+00,-2.337173895474020657e+00,-6.358954017992031194e-01,4.016117888137403502e-02,-5.742384322703313337e-01,5.504951366440202776e-01,-1.454343391198352764e+00,-5.773543399730517445e-01,3.381848660422792641e-01,-2.966432892849234726e+00,-2.112189704300854398e+00,-1.834294134822537670e+00,-3.398092029777326051e+00,-3.479952777285985732e+00
9.899933288859239511e+00,4.672984879851015960e-01,7.676305204336884014e-01,5.881710618014913683e-01,1.470811581757395237e+00,1.040289197170834345e+00,-2.341103332998835107e+00,-6.335941602467135558e-01,2.037853159599349595e-02,-5.882994194892245954e-01,5.383158707130897280e-01,-1.476856102191173026e+00,-6.007514500960980941e-01,3.516208818844326345e-01,-2.964261136125670326e+00,-2.103202649839860161e+00,-1.817037503454403291e+00,-3.351003496742091414e+00,-3.534294245850798433e+00
9.906604402935290210e+00,4.630796293878135517e-01,7.677005284572371302e-01,5.841997187627138155e-01,1.474362444228502378e+00,1.030362711924514674e+00,-2.345190055276284991e+00,-6.312054207739581368e-01,6.132465675092041435e-04,-6.022986206144077537e-01,5.262519625012387348e-01,-1.499050393269774961e+00,-6.245069174898834063e-01,3.644160849938091751e-01,-2.961227733033396259e+00,-2.093666400240222103e+00,-1.799711259430282206e+00,-3.302632831871771479e+00,-3.587384366741866337e+00
9.913275517011340909e+00,4.588769862870076266e-01,7.676387538976210401e-01,5.801352017234076008e-01,1.477833213004133395e+00,1.020289251774627814e+00,-2.349436424930310352e+00,-6.287334710907093172e-01,-1.912892925441569969e-02,-6.162323754270078169e-01,5.143038491408676860e-01,-1.520917773642938897e+00,-6.486123164199988356e-01,3.765667031574160273e-01,-2.957333085015277696e+00,-2.083582039978840950e+00,-1.782323555812040938e+00,-3.252998844469215722e+00,-3.639199891457260527e+00
9.919946631087391609e+00,4.546910994182126187e-01,7.674453700788606003e-01,5.759779594709099060e-01,1.481224661872741599e+00,1.010071025548755053e+00,-2.353844747862568809e+00,-6.261826229152848144e-01,-3.884225248322217827e-02,-6.300970314991823917e-01,5.024719137771100907e-01,-1.542449879687753045e+00,-6.730590678965164830e-01,3.880693110206756558e-01,-2.952577858867278415e+00,-2.072950820272360328e+00,-1.764882424418552809e+00,-3.202120848986503621e+00,-3.689718124008318778e+00
9.926617745163442308e+00,4.505224806793513004e-01,7.671205886229569559e-01,5.717284651292441344e-01,1.484537567000976832e+00,9.997102974356761873e-01,-2.358417272242417706e+00,-6.235572096568863243e-01,-5.852098506595776461e-02,-6.438889453052235590e-01,4.907564863867052152e-01,-1.563638478293094325e+00,-6.978384433899069705e-01,3.989208311805005902e-01,-2.946962986813955965e+00,-2.061774158696656922e+00,-1.747395772821719540e+00,-3.150018657062469529e+00,-3.738916929885596652e+00
9.933288859239493007e+00,4.463716129937830290e-01,7.666646594084020050e-01,5.673872160960388156e-01,1.487772706581783844e+00,9.892093861037002389e-01,-2.363156187521882501e+00,-6.208615840911752004e-01,-7.815939605399023493e-02,-6.576044833299491410e-01,4.791578446166147032e-01,-1.584475470149336651e+00,-7.229415686059523782e-01,4.091185351153536764e-01,-2.940489666495772703e+00,-2.050053638751877294e+00,-1.729871381436749234e+00,-3.096712569361872003e+00,-3.786774744772890333e+00
9.939959973315543706e+00,4.422389501888874253e-01,7.660778705168853620e-01,5.629547339720463173e-01,1.490930860488149268e+00,9.785706637972522159e-01,-2.368063623475980428e+00,-6.181001160302045383e-01,-9.775176337333443821e-02,-6.712400231739816814e-01,4.676762146417669519e-01,-1.604952892982868473e+00,-7.483594273179055012e-01,4.186600439519616579e-01,-2.933159360868120569e+00,-2.037791009373182582e+00,-1.712316900707831158e+00,-3.042223367219774044e+00,-3.833270583005737642e+00
9.946631087391594406e+00,4.381249168901862889e-01,7.653605481681807765e-01,5.584315644833242054e-01,1.494012809932643515e+00,9.677965554120456781e-01,-2.373141649268828868e+00,-6.152771899877684803e-01,-1.172923755940202262e-01,-6.847919546556227033e-01,4.563117720411913325e-01,-1.625062924734366643e+00,-7.740828652542521837e-01,4.275433290685750620e-01,-2.924973798011868631e+00,-2.024988184387654933e+00,-1.694739848390141912e+00,-2.986572304094478270e+00,-3.878384045771135380e+00
9.953302201467645105e+00,4.340299084310738076e-01,7.645130566432477570e-01,5.538182773960512728e-01,1.497019337132857064e+00,9.568895375492645350e-01,-2.378392272545833297e+00,-6.123972028412760782e-01,-1.367755336978965786e-01,-6.982566809088874837e-01,4.450646426920363274e-01,-1.644797886679293830e+00,-8.001025940402829439e-01,4.357667125345150438e-01,-2.915934970855498687e+00,-2.011647241917421614e+00,-1.677147606929257462e+00,-2.929781096832764664e+00,-3.922095329045088175e+00
9.959973315543695804e+00,4.299542907781382373e-01,7.635357981955357420e-01,5.491154664240581740e-01,1.499951224982866815e+00,9.458521375491131256e-01,-2.383817438552371826e+00,-6.094645614912397313e-01,-1.561955528442782182e-01,-7.116306194774035809e-01,4.339349036806807725e-01,-1.664150246489602081e+00,-8.264091951917332812e-01,4.433288673860524831e-01,-2.906045136808678819e+00,-1.997770423729520850e+00,-1.659547420938822127e+00,-2.871871916751032927e+00,-3.964385231264877962e+00
9.966644429619746504e+00,4.258984004721064753e-01,7.624292129505240156e-01,5.443237491290521257e-01,1.502809256730831766e+00,9.346869325041355925e-01,-2.389419029279281848e+00,-6.064836805194722125e-01,-1.755467641328846695e-01,-7.249102034037983033e-01,4.229225842303618310e-01,-1.683112621235297368e+00,-8.529931241587376256e-01,4.502288177385667112e-01,-2.895306817307345959e+00,-1.983360134532622165e+00,-1.641946394777362039e+00,-2.812867380536055784e+00,-4.005235160733056077e+00
9.973315543695797203e+00,4.218625445844166322e-01,7.611937787935103561e-01,5.394437668136112807e-01,1.505594215662829471e+00,9.233965482527335400e-01,-2.395198862635479209e+00,-6.034589798470749722e-01,-1.948235163633957046e-01,-7.380918823141894292e-01,4.120276666446526792e-01,-1.701677780324701184e+00,-8.798447144182220958e-01,4.564659387350795683e-01,-2.883722797270322324e+00,-1.968418941221115270e+00,-1.624351490225090622e+00,-2.752790540969324962e+00,-4.044627142750099047e+00
9.979986657771847902e+00,4.178470006894091093e-01,7.598300112456750632e-01,5.344761844069404466e-01,1.508306884793039204e+00,9.119836583532605623e-01,-2.401158691648045185e+00,-6.003948823933235035e-01,-2.140201777911414360e-01,-7.511721234974892969e-01,4.012500872660839102e-01,-1.719838648382262081e+00,-9.069541816130215484e-01,4.620399563313353219e-01,-2.871296124467508815e+00,-1.952949572066765116e+00,-1.606769524261410620e+00,-2.691664877478669116e+00,-4.082543826473122195e+00
9.986657771847898601e+00,4.138520168521223619e-01,7.583384633284424581e-01,5.294216903434685317e-01,1.510948046560371738e+00,9.004509830391318470e-01,-2.407300203690079687e+00,-5.972958117365259056e-01,-2.331311378782472132e-01,-7.641474129791347991e-01,3.905897374492344754e-01,-1.737588308062812725e+00,-9.343116277357972344e-01,4.669509469176744698e-01,-2.858030108799740177e+00,-1.936954915858470017e+00,-1.589207166943834793e+00,-2.629514286521239530e+00,-4.118968491497811080e+00
9.993328885923949301e+00,4.098778116317017828e-01,7.567197254161873721e-01,5.242809964342756146e-01,1.513518482531629239e+00,8.888012881553839506e-01,-2.413625019736587163e+00,-5.941661897779372259e-01,-2.521508090396971102e-01,-7.770142565888886743e-01,3.800464645477055758e-01,-1.754920002801031220e+00,-9.619070453559568357e-01,4.711993367779292452e-01,-2.843928321490510669e+00,-1.920438020990315575e+00,-1.571670939389022692e+00,-2.566363071801853302e+00,-4.153885054161117196e+00
1.000000000000000000e+01,4.059245741003564278e-01,7.549744250772978393e-01,5.190548377314461170e-01,1.516018973111302959e+00,8.770373840770997464e-01,-2.420134693648738011e+00,-5.910104344098540130e-01,-2.710736283837018035e-01,-7.897691810224162223e-01,3.696200729141114749e-01,-1.771827139495215864e+00,-9.897303218876480901e-01,4.747859013858533039e-01,-2.828994594189588874e+00,-1.903402094498563901e+00,-1.554167211856425368e+00,-2.502235934330805378e+00,-4.187278073562222147e+00
