tau1,tau2,tau3,tau4,tau5,tau6
-1.70174985214544e-11,2.842170943040401e-14,-2.1316282072803006e-14,6.8833827526759706e-15,-1.84297022087776e-14,3.0184188481996443e-15
3.966249551012879e-11,0.0,7.105427357601002e-15,1.2545520178264269e-14,7.527312106958561e-14,-3.1589314497537657e-15
1.864677301455231e-10,2.842170943040401e-14,0.0,-5.551115123125783e-16,-4.063416270128073e-14,3.013214677771714e-15
9.599432360118954e-11,-2.842170943040401e-14,-7.105427357601002e-15,3.9968028886505635e-15,3.1530333899354446e-14,-3.8892500331400015e-15
6.831868404333363e-12,0.0,2.1316282072803006e-14,-3.042011087472929e-14,-2.255973186038318e-13,2.534430998402115e-15
-7.757350317660894e-12,2.842170943040401e-14,0.0,9.992007221626409e-15,9.126033262418787e-14,1.448494102440634e-15
-2.411688626580144e-10,0.0,-7.105427357601002e-15,-9.43689570931383e-15,-6.261657858885883e-14,-1.9255430583342559e-16
5.721378926182297e-11,5.684341886080802e-14,-1.4210854715202004e-14,9.992007221626409e-16,-4.884981308350689e-15,3.3324037973514464e-15
-1.1582024228573573e-10,0.0,7.105427357601002e-15,9.43689570931383e-16,2.1316282072803006e-14,3.6186331708876196e-15
-8.568079579163168e-11,8.526512829121202e-14,0.0,-2.4424906541753444e-15,-4.196643033083092e-14,8.638922910364499e-16
1.2153833495176514e-10,-2.842170943040401e-14,-7.105427357601002e-15,-1.9484414082171497e-14,-1.1479706074624119e-13,2.7478019859472624e-15
-5.664713143005429e-11,-2.842170943040401e-14,-7.105427357601002e-15,-1.637578961322106e-14,-1.2967404927621828e-13,-3.2612801348363973e-15
-9.935696709817421e-11,5.684341886080802e-14,1.4210854715202004e-14,-7.91033905045424e-15,-7.216449660063518e-14,2.4251434194155763e-15
6.500933125153097e-11,-2.842170943040401e-14,-2.1316282072803006e-14,-3.6914915568786455e-15,-7.793765632868599e-14,2.1024848528838902e-15
7.319478356748732e-11,0.0,-7.105427357601002e-15,5.9119376061289586e-15,4.6851411639181606e-14,-2.525757381022231e-15
-1.3419043654039342e-10,0.0,0.0,3.497202527569243e-15,4.085620730620576e-14,-2.1718737919229625e-15
7.423039960485767e-11,2.842170943040401e-14,0.0,-1.5584755708175635e-14,-1.461053500406706e-13,-8.81239525796218e-16
1.8052404016088985e-10,2.842170943040401e-14,-1.4210854715202004e-14,-3.3584246494910985e-15,-5.795364188543317e-14,-6.800116025829084e-16
8.342837531927216e-11,2.842170943040401e-14,-7.105427357601002e-15,-1.3877787807814457e-16,-2.220446049250313e-14,1.096345236817342e-15
8.244693816550352e-11,0.0,-7.105427357601002e-15,8.298917109073045e-15,3.219646771412954e-14,1.0651202142497596e-15
-2.2158275214678724e-11,0.0,-7.105427357601002e-15,5.689893001203927e-15,4.6629367034256575e-15,3.747002708109903e-15
-1.2742606969595727e-10,5.684341886080802e-14,-7.105427357601002e-15,6.938893903907228e-15,5.617728504603292e-14,2.8171909249863347e-15
-9.28874754890785e-11,5.684341886080802e-14,0.0,-2.4424906541753444e-15,-3.3306690738754696e-14,-1.880440247958859e-15
4.5856651809117466e-12,0.0,0.0,-2.3314683517128287e-14,-1.4077627952246985e-13,-1.97758476261356e-16
1.6298074001497298e-11,5.684341886080802e-14,-1.4210854715202004e-14,1.5376588891058418e-14,1.41886502547095e-13,-2.393918396847994e-16
-1.5920598173124745e-11,-2.842170943040401e-14,7.105427357601002e-15,1.3877787807814457e-14,1.0258460747536446e-13,2.185751579730777e-16
2.7351454434665357e-11,2.842170943040401e-14,0.0,-1.3211653993039363e-14,-4.773959005888173e-14,1.4051260155412137e-15
-4.1874059775182104e-11,-2.842170943040401e-14,0.0,1.2212453270876722e-14,9.992007221626409e-14,1.6583956430338276e-15
1.2456347064926376e-10,8.526512829121202e-14,7.105427357601002e-15,-1.7985612998927536e-14,5.10702591327572e-15,2.1718737919229625e-15
8.613199042883934e-11,0.0,7.105427357601002e-15,-1.887379141862766e-15,-2.4424906541753444e-15,-2.851885394505871e-15
-1.7708501331981097e-11,-2.842170943040401e-14,-7.105427357601002e-15,9.137135492665038e-14,-2.6867397195928788e-14,5.585809592645319e-16
1.3784706709429884e-10,2.842170943040401e-14,-7.105427357601002e-15,6.994405055138486e-15,-8.881784197001252e-16,-2.2898349882893854e-16
7.552625191920015e-11,1.4210854715202004e-14,7.105427357601002e-15,-5.895284260759581e-14,1.354472090042691e-14,1.096345236817342e-15
-1.4942269643825057e-10,2.842170943040401e-14,0.0,-8.959499808725013e-14,2.531308496145357e-14,-9.54097911787244e-16
-1.3788348240950654e-10,1.4210854715202004e-14,0.0,9.736655925962623e-14,-2.5757174171303632e-14,-8.083811398051921e-16
4.369837824924616e-13,-5.684341886080802e-14,7.105427357601002e-15,9.692247004977617e-14,-2.731148640577885e-14,8.36136715420821e-16
-1.7137669061639826e-10,-1.4210854715202004e-14,7.105427357601002e-15,2.3092638912203256e-14,-1.2212453270876722e-14,6.730727086790012e-16
4.5998760356269486e-11,0.0,7.105427357601002e-15,-8.359979375427429e-14,2.8199664825478976e-14,-3.535366444040733e-15
8.206102464214382e-11,2.842170943040401e-14,-7.105427357601002e-15,-1.0236256287043943e-13,3.7969627442180354e-14,1.97758476261356e-16
-6.02389249593216e-11,2.842170943040401e-14,0.0,-3.885780586188048e-14,1.2878587085651816e-14,-4.007211229506424e-15
7.51869677628747e-11,1.4210854715202004e-14,0.0,2.90878432451791e-14,-1.7541523789077473e-14,2.9976021664879227e-15
1.339861555038624e-11,4.263256414560601e-14,0.0,1.0658141036401503e-14,-1.9984014443252818e-15,-7.28583859910259e-16
-9.333955830470586e-11,0.0,-7.105427357601002e-15,3.497202527569243e-14,-1.2878587085651816e-14,1.1449174941446927e-16
-1.4542544946039015e-10,4.263256414560601e-14,-7.105427357601002e-15,5.551115123125783e-16,-1.5543122344752192e-15,4.3021142204224816e-15
-1.808775351719305e-11,-1.4210854715202004e-14,0.0,1.438849039914203e-13,-4.463096558993129e-14,-3.0357660829594124e-15
8.728529010681996e-11,2.842170943040401e-14,0.0,2.9753977059954195e-14,-9.325873406851315e-15,-4.0245584642661925e-16
-1.680540151483001e-10,-2.842170943040401e-14,0.0,8.815170815523743e-14,-2.930988785010413e-14,6.487865800153259e-16
3.47455397786689e-12,1.4210854715202004e-14,7.105427357601002e-15,2.90878432451791e-14,-9.547918011776346e-15,-1.4190038033490282e-15
8.662226491651381e-11,1.4210854715202004e-14,7.105427357601002e-15,-3.9968028886505635e-15,-2.398081733190338e-14,1.908195823574488e-15
2.7485569376040075e-11,1.4210854715202004e-14,-1.0658141036401503e-14,-4.551914400963142e-15,-3.863576125695545e-14,8.222589276130066e-16
5.807176961525329e-11,-1.4210854715202004e-14,3.552713678800501e-15,-3.774758283725532e-15,-1.1102230246251565e-14,3.469446951953614e-17
1.2184964148787003e-10,2.842170943040401e-14,1.0658141036401503e-14,-3.241851231905457e-14,-1.5010215292932116e-13,-1.214306433183765e-16
-7.06044112064319e-11,0.0,-1.4210854715202004e-14,7.771561172376096e-16,1.4210854715202004e-14,-1.4363510381087963e-15
-5.866285235356372e-11,-1.4210854715202004e-14,-3.552713678800501e-15,2.5868196473766147e-14,9.325873406851315e-14,6.869504964868156e-16
3.515743252080483e-11,0.0,3.552713678800501e-15,3.3306690738754696e-15,2.1760371282653068e-14,3.389649672058681e-15
-2.4458879366306974e-11,-1.4210854715202004e-14,3.552713678800501e-15,7.105427357601002e-15,3.108624468950438e-14,-9.506284648352903e-16
8.942846463355636e-11,-2.842170943040401e-14,7.105427357601002e-15,2.19824158875781e-14,1.127986593019159e-13,1.6826817716975029e-15
-2.1249313419957616e-10,-1.4210854715202004e-14,3.552713678800501e-15,3.4416913763379853e-15,2.0872192862952943e-14,-3.0184188481996443e-16
-7.563571990942819e-11,-2.842170943040401e-14,3.552713678800501e-15,-4.884981308350689e-15,-1.532107773982716e-14,9.332812300755222e-16
-1.1810552535962415e-11,1.4210854715202004e-14,-2.1316282072803006e-14,2.6645352591003757e-15,9.769962616701378e-15,1.5994150448506161e-15
-4.461853109205549e-11,-1.4210854715202004e-14,0.0,9.103828801926284e-15,5.46229728115577e-14,-1.259409243559162e-15
1.0371048464463684e-10,0.0,0.0,1.2989609388114332e-14,5.5067062021407764e-14,3.559652572704408e-15
-7.379641342453169e-11,0.0,-1.0658141036401503e-14,3.219646771412954e-15,2.4424906541753444e-14,4.1321113197767545e-15
-3.1536551148292347e-11,2.842170943040401e-14,-1.0658141036401503e-14,-1.8096635301390052e-14,-9.547918011776346e-14,-1.4432899320127035e-15
-4.8697490484528316e-11,0.0,0.0,3.774758283725532e-15,-6.439293542825908e-15,-6.210310043996969e-16
2.555933242831543e-11,-1.4210854715202004e-14,1.0658141036401503e-14,4.9960036108132044e-15,1.4876988529977098e-14,-1.3877787807814457e-15
-1.7011947406331274e-12,2.842170943040401e-14,1.0658141036401503e-14,4.773959005888173e-15,3.4861002973229915e-14,-1.6410484082740595e-15
2.718658631550852e-11,0.0,0.0,-7.771561172376096e-15,-5.995204332975845e-15,1.502270530195915e-15
6.481326586538216e-11,-2.842170943040401e-14,0.0,1.554312234475219e-14,8.548717289613705e-14,2.1822821327788233e-15
-1.166985397205167e-10,1.4210854715202004e-14,0.0,1.587618925213974e-14,8.748557434046234e-14,3.146788385421928e-15
9.344591767046495e-11,0.0,-7.105427357601002e-15,1.9984014443252818e-14,9.015010959956271e-14,-4.288236432614667e-15
-1.7607559854582178e-10,-2.842170943040401e-14,-3.552713678800501e-15,6.5503158452884236e-15,3.375077994860476e-14,-6.349087922075114e-16
-9.176748250183664e-11,-2.842170943040401e-14,-3.552713678800501e-15,-6.217248937900877e-15,-2.1094237467877974e-14,3.8163916471489756e-17
8.1592510525752e-11,1.4210854715202004e-14,0.0,1.1102230246251565e-16,-1.3100631690576847e-14,-1.942890293094024e-16
1.4324319508318695e-10,-1.4210854715202004e-14,3.552713678800501e-15,2.3314683517128287e-15,3.219646771412954e-14,-2.42861286636753e-16
1.615572120527986e-10,0.0,-3.552713678800501e-15,-3.6637359812630166e-15,8.43769498715119e-15,-1.5092094240998222e-15
6.49102993577344e-12,1.4210854715202004e-14,-7.105427357601002e-15,2.0650148258027912e-14,9.50350909079134e-14,1.3739009929736312e-15
-1.7037482535897652e-11,0.0,3.552713678800501e-15,-1.176836406102666e-14,-2.6867397195928788e-14,-3.3653635433950058e-15
-9.511635923331596e-11,1.4210854715202004e-14,3.552713678800501e-15,-1.509903313490213e-14,-8.038014698286133e-14,-2.4424906541753444e-15
5.14215336977486e-11,4.263256414560601e-14,7.105427357601002e-15,1.199040866595169e-14,3.241851231905457e-14,1.3600232051658168e-15
7.62141461052579e-11,-1.1795009413617663e-12,3.552713678800501e-13,-1.8207657603852567e-14,2.0872192862952943e-14,1.2108369862318114e-15
5.766143118535183e-11,5.115907697472721e-12,-1.4139800441625994e-12,4.674038933671909e-14,-8.08242361927114e-14,-2.858824288409778e-15
-4.1741721190646786e-11,-6.0751403907488566e-12,1.7053025658242404e-12,-2.2537527399890678e-14,1.0391687510491465e-13,1.2836953722228372e-15
-4.001687869958914e-11,2.984279490192421e-13,-7.815970093361102e-14,-9.992007221626409e-16,-4.440892098500626e-15,-8.777700788442644e-16
8.956257957493108e-11,-2.2524204723595176e-12,6.323830348264892e-13,1.687538997430238e-14,4.3076653355456074e-14,-8.083811398051921e-16
1.2367440405114394e-11,5.144329406903125e-12,-1.5347723092418164e-12,5.56776846849516e-13,-1.3677947663381929e-13,-1.1587952819525071e-15
5.970335337224242e-12,-7.645439836778678e-12,2.3376856006507296e-12,-6.269429420058259e-13,1.978417429882029e-13,1.2281842209915794e-15
-6.312594891255685e-11,-5.897504706808832e-13,1.7763568394002505e-13,-3.497202527569243e-14,1.554312234475219e-14,2.0816681711721685e-16
7.352163322593697e-11,7.318590178329032e-12,-2.291500322826323e-12,2.929878561985788e-13,5.286882043264995e-13,-1.9359513991901167e-15
1.2466028209701108e-10,5.016431714466307e-12,-1.5702994460298214e-12,1.517674874662589e-13,3.1885605267234496e-13,-4.128641872824801e-16
-1.53499879473884e-10,-6.0609295360336546e-12,1.943334382303874e-12,-1.2945200467129325e-13,-3.388400671155978e-13,2.1996293675385914e-15
-7.675549085206512e-11,6.679101716144942e-13,-2.3447910280083306e-13,8.326672684688674e-15,3.241851231905457e-14,3.677613769070831e-16
-2.698805623424505e-10,3.055333763768431e-12,-1.0373923942097463e-12,1.4099832412739488e-14,1.3278267374516872e-13,-8.049116928532385e-16
2.0663470934323414e-11,-2.0676793610618915e-12,7.176481631177012e-13,7.216449660063518e-15,-8.08242361927114e-14,-4.3021142204224816e-16
3.772671064439237e-11,2.8634872251132037e-12,-1.0054179711005418e-12,-2.864375403532904e-14,1.0080825063596421e-13,4.198030811863873e-16
2.4643842522209525e-11,-6.913580818945775e-12,2.4584778657299466e-12,1.1790568521519162e-13,-2.2071233729548112e-13,1.9741153156616065e-15
-3.9187320055589225e-11,6.458833468059311e-12,-2.3518964553659316e-12,-1.52433621281034e-13,1.900701818158268e-13,-4.579669976578771e-16
-3.065547815594982e-11,-5.9614535530272406e-12,2.206235194535111e-12,1.7696955012524995e-13,-1.638689184346731e-13,5.377642775528102e-16
-8.825296049508324e-11,-7.389644451905042e-12,2.7888802378583932e-12,2.616795669041494e-13,-1.9051427102567686e-13,5.48172618408671e-16
7.426770309848507e-11,4.547473508864641e-13,-1.7763568394002505e-13,-1.887379141862766e-14,1.021405182655144e-14,-4.163336342344337e-16
-3.4150460237469815e-11,8.171241461241152e-13,-3.304023721284466e-13,-3.941291737419306e-14,1.9095836023552692e-14,-1.734723475976807e-16
1.48840939573347e-11,-2.6076918402395677e-12,1.0693668173189508e-12,-1.4999113062685865e-13,2.4291679778798425e-13,4.85722573273506e-16
-1.0766232350079008e-10,3.268496584496461e-13,-1.2434497875801753e-13,1.0547118733938987e-14,-3.064215547965432e-14,2.393918396847994e-16
-2.814726229871667e-11,5.051958851254312e-12,-2.135180920959101e-12,-8.349987368205802e-13,-5.067057884389214e-13,-1.1501216645726231e-15
-3.568079165461313e-11,7.105427357601002e-15,0.0,-1.1102230246251565e-15,-8.881784197001252e-16,-2.2065682614424986e-15
7.349676423018536e-11,1.4210854715202004e-14,-3.552713678800501e-15,-3.1086244689504383e-15,-1.7763568394002505e-15,5.290906601729262e-16
9.78728209588553e-11,-7.105427357601002e-15,0.0,3.552713678800501e-15,1.3322676295501878e-15,-2.1337098754514727e-15
-1.1031886515411315e-10,7.105427357601002e-15,-1.0658141036401503e-14,-6.328271240363392e-15,0.0,1.1379786002407855e-15
4.250111373949039e-11,-1.0658141036401503e-14,7.105427357601002e-15,2.1094237467877974e-15,1.3322676295501878e-15,-4.0939474033052647e-16
-1.12031273147295e-10,7.105427357601002e-15,3.552713678800501e-15,3.885780586188048e-15,4.440892098500626e-16,4.423544863740858e-16
-1.0033041064616555e-10,0.0,-7.105427357601002e-15,-6.439293542825908e-15,-4.440892098500626e-16,8.309325449928906e-16
-5.688782778179302e-11,-1.4210854715202004e-14,7.105427357601002e-15,-3.1086244689504383e-15,8.881784197001252e-16,-1.7555401576885288e-15
8.031797449348232e-11,1.7763568394002505e-14,-1.0658141036401503e-14,1.3322676295501878e-15,-2.220446049250313e-15,3.5908775952719907e-16
-7.825029513242043e-11,2.1316282072803006e-14,-3.552713678800501e-15,2.7755575615628914e-15,-2.220446049250313e-15,1.8908485888147197e-15
1.6717294215595757e-11,3.552713678800501e-15,0.0,4.6629367034256575e-15,-8.881784197001252e-16,3.5214886562329184e-16
-5.984279738413534e-11,2.842170943040401e-14,-1.0658141036401503e-14,-1.2323475573339238e-14,-3.9968028886505635e-15,2.1423834928313568e-15
-3.8322678364011153e-11,1.0658141036401503e-14,-7.105427357601002e-15,1.1102230246251565e-16,-2.6645352591003757e-15,1.5872719805187785e-15
8.002798423945023e-11,1.0658141036401503e-14,7.105427357601002e-15,-8.881784197001252e-15,-1.3322676295501878e-15,6.574601973952099e-16
-6.81223966125799e-11,-3.552713678800501e-15,3.552713678800501e-15,6.8833827526759706e-15,8.881784197001252e-16,-7.268491364342822e-16
2.2950974454261086e-11,2.1316282072803006e-14,-1.7763568394002505e-14,-1.0547118733938987e-14,-3.1086244689504383e-15,1.915134717478395e-15
3.518829672088941e-11,-2.4868995751603507e-14,1.7763568394002505e-14,1.2989609388114332e-14,4.440892098500626e-15,-2.3696322681843185e-15
-1.8340884366807586e-12,4.618527782440651e-14,-2.842170943040401e-14,-1.3766765505351941e-14,-9.325873406851315e-15,3.7921055184853e-15
3.894395916859139e-11,-8.526512829121202e-14,5.684341886080802e-14,2.2870594307278225e-14,1.6431300764452317e-14,-6.238065619612598e-15
-1.9984014443252818e-13,-5.3290705182007514e-14,3.197442310920451e-14,2.2426505097428162e-14,1.0658141036401503e-14,-3.1780134079895106e-15
1.1303757929681524e-10,-2.4868995751603507e-14,2.4868995751603507e-14,9.43689570931383e-15,7.105427357601002e-15,-1.8925833122906965e-15
1.0998801869277486e-10,-2.913225216616411e-13,1.9184653865522705e-13,1.0680345496894006e-13,6.661338147750939e-14,-1.6389667401028873e-14
1.308504415931111e-10,-4.973799150320701e-14,3.197442310920451e-14,1.7430501486614958e-14,1.2434497875801753e-14,-2.7044338990478423e-15
-1.5421885990463124e-11,-1.2434497875801753e-13,9.237055564881302e-14,4.5852210917018965e-14,3.1530333899354446e-14,-5.7419347054832315e-15
9.14699427312371e-11,7.389644451905042e-13,-5.222489107836736e-13,-2.958744360626042e-13,-1.851852005074761e-13,2.9519789390697326e-14
-1.0956835438946655e-10,-3.161915174132446e-13,2.2382096176443156e-13,1.2878587085651816e-13,7.949196856316121e-14,-1.058875209736243e-14
-8.643885607284574e-11,4.796163466380676e-13,-3.410605131648481e-13,-2.0228263508670352e-13,-1.2523315717771766e-13,1.2960119089022726e-14
-1.326672105506077e-10,3.552713678800501e-15,-7.105427357601002e-15,-1.5543122344752192e-15,-1.7763568394002505e-15,-5.0306980803327406e-17
7.133760249189436e-11,-6.323830348264892e-13,4.725109192804666e-13,2.7633451082920146e-13,1.794120407794253e-13,-8.998010669891698e-15
1.006972283335017e-11,4.689582056016661e-13,-3.446132268436486e-13,-2.1049828546892968e-13,-1.3500311979441904e-13,3.415670524198333e-15
-2.194666670618517e-10,-1.8687273950490635e-12,1.4033219031261979e-12,8.523182160047327e-13,5.568878691519785e-13,-6.2363308961366215e-16
5.490186083534354e-11,4.583000645652646e-13,-3.517186542012496e-13,-2.1505019986989282e-13,-1.389999226830696e-13,-3.0678584672649833e-15
-4.658362584564202e-11,6.821210263296962e-13,-5.258016244624741e-13,-3.2229774404868294e-13,-2.1449508835758024e-13,-9.419548474554063e-15
-4.32365254710021e-12,-9.592326932761353e-14,7.460698725481052e-14,4.529709940470639e-14,2.930988785010413e-14,1.8682971836270212e-15
7.786216116301148e-12,-4.121147867408581e-13,-4.583000645652646e-13,-2.864375403532904e-13,-1.9229062786507711e-13,-1.6726203755368374e-14
1.208213529224622e-10,3.552713678800501e-14,-4.973799150320701e-14,-3.341771304121721e-14,-2.353672812205332e-14,-2.275957200481571e-15
-1.0176837150766005e-10,6.394884621840902e-14,-8.881784197001252e-14,-5.295763827461997e-14,-3.952393967665557e-14,-4.90059381963448e-15
2.010591693135666e-11,1.0302869668521453e-13,-1.5276668818842154e-13,-9.636735853746359e-14,-6.661338147750939e-14,-9.572204140440022e-15
-1.6678658454338802e-11,2.4868995751603507e-13,-3.659295089164516e-13,-2.3658852654762086e-13,-1.6342482922482304e-13,-2.6271519681930755e-14
-1.041332575724141e-10,-1.2434497875801753e-13,1.8118839761882555e-13,1.1213252548714081e-13,8.171241461241152e-14,1.444070557576893e-14
8.824185826483699e-11,3.197442310920451e-14,-4.973799150320701e-14,-2.5646151868841116e-14,-2.0872192862952943e-14,-3.8519534784065e-15
-9.355516361608807e-12,1.4210854715202004e-14,-1.0658141036401503e-14,-1.4988010832439613e-14,-5.773159728050814e-15,-1.4155343563970746e-15
1.4443024554111616e-10,3.552713678800501e-14,-5.3290705182007514e-14,-4.773959005888173e-14,-2.886579864025407e-14,-6.426283116756082e-15
-2.041133928543104e-11,-1.1368683772161603e-13,1.6697754290362354e-13,1.0413891970983968e-13,7.993605777301127e-14,1.90130029775748e-14
1.2237089119793154e-10,-1.7763568394002505e-14,3.197442310920451e-14,2.3647750424515834e-14,1.4210854715202004e-14,3.8892500331400015e-15
1.6368906230468383e-11,0.0,-3.552713678800501e-15,6.661338147750939e-15,0.0,-4.917941054394248e-16
-7.151823577800087e-11,-2.1316282072803006e-14,1.0658141036401503e-14,9.43689570931383e-15,1.9984014443252818e-14,1.5113778284447932e-15
7.615796882021186e-11,7.815970093361102e-14,-1.1723955140041653e-13,-9.00390872971002e-14,-6.261657858885883e-14,-1.7591397089011807e-14
5.5570659185377735e-11,1.1013412404281553e-13,-1.3855583347321954e-13,-9.547918011776346e-14,-8.304468224196171e-14,-2.246640373737563e-14
-8.325895528571436e-11,-5.3290705182007514e-14,7.105427357601002e-14,5.972999872483342e-14,4.263256414560601e-14,1.1531574306555825e-14
-8.782974347809613e-12,-1.4210854715202004e-14,7.105427357601002e-15,-2.886579864025407e-15,3.552713678800501e-15,5.412337245047638e-16
-2.226805406735366e-10,-3.552713678800501e-14,-1.0196288258157438e-12,3.397282455352979e-14,3.3306690738754696e-14,8.735200063281212e-15
1.4852385987751404e-10,1.7763568394002505e-14,3.375077994860476e-13,7.771561172376096e-15,-9.769962616701378e-15,-2.9459941430776126e-15
-8.65263416471862e-11,1.7763568394002505e-14,-4.870770453635487e-12,1.2656542480726785e-14,-1.509903313490213e-14,-3.745484825068424e-15
-2.8260060958018585e-11,-2.4868995751603507e-14,6.394884621840902e-14,2.5868196473766147e-14,3.552713678800501e-14,8.451572774959004e-15
-5.544364967136062e-11,3.552713678800501e-14,-6.039613253960852e-14,-3.8191672047105385e-14,-3.68594044175552e-14,-7.890389730480507e-15
5.7401194908379694e-11,0.0,-3.552713678800501e-15,-1.532107773982716e-14,-5.329070518200751e-15,-1.7618285302889447e-15
-5.163514060768648e-11,4.973799150320701e-14,-9.592326932761353e-14,-4.285460875053104e-14,-6.261657858885883e-14,-1.2085167935826924e-14
-6.37845332107645e-11,0.0,7.105427357601002e-15,-1.099120794378905e-14,2.220446049250313e-15,-8.261620554339544e-17
-7.199485452247245e-11,0.0,3.552713678800501e-15,1.887379141862766e-14,1.3322676295501878e-15,-1.5493249044817858e-16
1.6862777840742638e-10,-3.552713678800501e-15,-7.105427357601002e-15,1.787459069646502e-14,8.881784197001252e-16,4.042989901198446e-16
2.2785329178987013e-11,1.0658141036401503e-14,-7.105427357601002e-15,6.106226635438361e-15,4.440892098500626e-16,1.60136660876109e-16
-5.53095347299859e-11,3.552713678800501e-14,-7.105427357601002e-15,-7.438494264988549e-15,-8.881784197001252e-16,-7.464731957562698e-17
-2.4570567802584264e-11,2.1316282072803006e-14,-3.552713678800501e-15,1.8096635301390052e-14,4.440892098500626e-16,6.299214622140781e-17
1.1341505512518779e-10,-2.4868995751603507e-14,3.552713678800501e-15,3.4083846855992306e-14,0.0,-3.340426893427839e-16
2.602362769721367e-11,1.7763568394002505e-14,-7.105427357601002e-15,3.397282455352979e-14,8.881784197001252e-16,1.0570971181733668e-15
5.929301494234096e-11,1.0658141036401503e-14,-3.552713678800501e-15,2.142730437526552e-14,-4.440892098500626e-16,1.3010426069826053e-18
-9.325873406851315e-13,2.1316282072803006e-14,7.105427357601002e-15,1.5210055437364645e-14,0.0,8.925152283900673e-16
-2.6908253403234994e-11,-3.552713678800501e-15,0.0,-1.432187701766452e-14,-8.881784197001252e-16,-2.5717275531356165e-16
-2.4522606167920458e-11,1.7763568394002505e-14,3.552713678800501e-15,3.9968028886505635e-15,-2.220446049250313e-15,-5.392821605942899e-16
-1.4168222151056398e-11,-2.842170943040401e-14,-3.552713678800501e-15,2.7755575615628914e-15,8.881784197001252e-16,9.128982292327947e-16
-1.7763568394002505e-12,-7.105427357601002e-15,-3.552713678800501e-15,-2.0872192862952943e-14,0.0,-1.940721888749053e-16
-2.6638247163646156e-11,-1.4210854715202004e-14,-3.552713678800501e-15,-4.6629367034256575e-15,8.881784197001252e-16,6.730727086790012e-16
9.823253321883385e-12,0.0,0.0,2.220446049250313e-15,-4.440892098500626e-16,-3.2873009869760494e-16
2.800959464366315e-11,0.0,-3.552713678800501e-15,3.097522238704187e-14,0.0,-1.9081958235744878e-17
1.8883028474192542e-10,-7.105427357601002e-15,-7.105427357601002e-15,1.9984014443252818e-15,-1.199040866595169e-14,-6.349087922075114e-16
1.5131007558011333e-11,2.842170943040401e-14,-2.842170943040401e-14,-2.0095036745715333e-14,-8.615330671091215e-14,-5.669943681230194e-15
1.1051781712012598e-10,2.842170943040401e-14,-1.4210854715202004e-14,-1.3766765505351941e-14,-4.263256414560601e-14,-1.7113047090511202e-15
-5.242739575805899e-11,0.0,-1.4210854715202004e-14,-8.881784197001252e-15,-3.552713678800501e-14,-1.4805864867462049e-15
-7.827694048501144e-11,0.0,-2.4868995751603507e-14,-1.1435297153639112e-14,-9.059419880941277e-14,-3.1368137254350614e-15
3.700151296470722e-11,2.1316282072803006e-14,-2.1316282072803006e-14,-3.219646771412954e-14,-1.305622276959184e-13,-4.042773060763949e-15
1.4030021588951058e-10,-7.105427357601002e-15,7.105427357601002e-15,6.439293542825908e-15,4.1300296516055823e-14,1.5955119170296683e-15
-1.0246026249660645e-11,-7.105427357601002e-15,0.0,-1.5765166949677223e-14,-6.972200594645983e-14,-2.8367065640910738e-15
-4.5709214191447245e-11,-2.842170943040401e-14,1.0658141036401503e-14,2.142730437526552e-14,5.728750807065808e-14,2.533997317533121e-15
-6.496492233054596e-11,0.0,0.0,6.8833827526759706e-15,3.9968028886505635e-15,-4.991666802123262e-16
-2.325251102774928e-11,7.105427357601002e-15,-3.552713678800501e-15,-2.220446049250313e-15,-2.531308496145357e-14,-1.4654076563314078e-15
3.3864466786326375e-11,-2.842170943040401e-14,7.105427357601002e-15,-1.4654943925052066e-14,-3.552713678800501e-14,-1.1548921541315593e-15
1.660467319197778e-10,-2.1316282072803006e-14,7.105427357601002e-15,-2.220446049250313e-16,1.4654943925052066e-14,2.7582103268031233e-16
-2.155893241706508e-10,2.1316282072803006e-14,7.105427357601002e-15,1.0658141036401503e-14,5.1514348342607263e-14,8.98586760555986e-16
6.144418307485466e-11,-2.842170943040401e-14,3.552713678800501e-15,3.352873534367973e-14,9.192646643896296e-14,2.209170346656464e-15
-1.3738343795921537e-11,-2.1316282072803006e-14,3.552713678800501e-15,0.0,9.325873406851315e-15,8.491471414906471e-16
-1.4225065569917206e-11,-1.4210854715202004e-14,1.0658141036401503e-14,4.973799150320701e-14,1.1857181902996672e-13,3.0721952759549254e-15
-1.1670664434859646e-11,-7.105427357601002e-15,0.0,8.881784197001252e-16,5.773159728050814e-15,7.37257477290143e-16
-4.916955731459893e-12,-1.4210854715202004e-14,3.552713678800501e-15,-1.1102230246251565e-15,2.6645352591003757e-15,-9.62771529167128e-16
1.7784884676075308e-11,-2.1316282072803006e-14,-7.105427357601002e-15,-2.220446049250313e-16,7.105427357601002e-15,-6.873841773558098e-16
3.411315674384241e-11,0.0,7.105427357601002e-15,-4.440892098500626e-16,-2.220446049250313e-15,5.2475385148298415e-17
-4.3641534830385353e-11,1.4210854715202004e-14,-7.105427357601002e-15,0.0,-7.993605777301127e-15,3.699297812520541e-16
-1.2047252084812499e-11,2.1316282072803006e-14,-3.552713678800501e-15,-1.1102230246251565e-15,3.1086244689504383e-15,3.7730235602495554e-16
-7.050715566947474e-11,0.0,3.552713678800501e-15,-4.440892098500626e-16,7.105427357601002e-15,1.0733601507606494e-15
-1.2430234619387193e-10,0.0,1.0658141036401503e-14,-8.881784197001252e-16,2.6645352591003757e-15,8.075137780672037e-16
-6.183853429320152e-11,1.4210854715202004e-14,3.552713678800501e-15,2.220446049250313e-16,3.552713678800501e-15,-5.915407053080912e-16
6.59383658785373e-11,-1.4210854715202004e-14,7.105427357601002e-15,0.0,3.9968028886505635e-15,-1.704365815147213e-16
3.484146304799651e-11,1.4210854715202004e-14,-3.552713678800501e-15,0.0,-5.773159728050814e-15,1.0837684916165102e-15
-1.0134471040146309e-10,0.0,-3.552713678800501e-15,8.881784197001252e-16,-1.2878587085651816e-14,-1.1813466871402056e-15
-7.099387744347041e-11,0.0,-1.0658141036401503e-14,6.661338147750939e-16,0.0,-7.042977312465837e-16
-8.23057177967712e-11,-1.4210854715202004e-14,-7.105427357601002e-15,-6.661338147750939e-16,-1.7763568394002505e-15,7.767224363686154e-16
-1.0697220886868308e-10,-2.842170943040401e-14,-7.105427357601002e-15,2.220446049250313e-16,-1.7763568394002505e-15,8.413408858487514e-17
2.5199398123731953e-11,0.0,7.105427357601002e-15,4.440892098500626e-16,-3.1086244689504383e-15,1.6479873021779667e-16
-3.2933655802480644e-12,0.0,0.0,-2.220446049250313e-16,-3.9968028886505635e-15,-1.1444838132756985e-15
5.6989080121638835e-11,0.0,3.552713678800501e-15,-4.440892098500626e-16,1.7763568394002505e-15,-8.552186736565659e-16
-2.917133201663091e-11,-1.4210854715202004e-14,3.552713678800501e-15,0.0,7.549516567451064e-15,-5.0133508455729725e-16
1.1951328815484885e-11,0.0,-7.105427357601002e-15,0.0,0.0,4.137315490204685e-16
-6.108891170697461e-11,-1.4210854715202004e-14,0.0,-2.220446049250313e-16,-3.9968028886505635e-15,-1.9081958235744878e-17
1.0206946399193839e-10,0.0,3.552713678800501e-15,6.661338147750939e-16,-3.9968028886505635e-15,-2.740863092043355e-16
-1.0160761121369433e-12,1.4210854715202004e-14,-3.552713678800501e-15,0.0,-1.0658141036401503e-14,2.8015784137025435e-16
7.486633535336296e-11,-1.4210854715202004e-14,-3.552713678800501e-15,-2.220446049250313e-16,1.7763568394002505e-15,-5.082739784612045e-16
3.360867140145274e-11,-1.4210854715202004e-14,1.7763568394002505e-15,2.220446049250313e-16,-2.220446049250313e-15,5.147791914961175e-16
-3.197442310920451e-13,0.0,0.0,1.1102230246251565e-16,8.881784197001252e-15,-9.645062526431047e-16
2.6286528509444906e-11,1.4210854715202004e-14,-7.105427357601002e-15,0.0,4.440892098500626e-16,3.0834709785487746e-16
-1.0182787946177996e-10,0.0,-5.329070518200751e-15,0.0,4.440892098500626e-16,-8.760353553682876e-17
-7.776890242894297e-11,-2.842170943040401e-14,3.552713678800501e-15,1.6653345369377348e-16,-5.329070518200751e-15,1.2923689896027213e-16
-7.441514071615529e-11,1.4210854715202004e-14,-1.7763568394002505e-15,-2.220446049250313e-16,3.9968028886505635e-15,1.8257964584655895e-16
-1.4480150412055082e-10,-1.4210854715202004e-14,3.552713678800501e-15,-2.220446049250313e-16,-6.217248937900877e-15,-1.730386667286865e-16
4.686029342337861e-12,0.0,0.0,-4.718447854656915e-16,-1.3322676295501878e-15,5.186823193170653e-16
3.501909873193654e-11,-1.4210854715202004e-14,1.0658141036401503e-14,-8.326672684688674e-17,3.552713678800501e-15,-4.991666802123262e-16
1.3109513474773848e-12,0.0,-3.552713678800501e-15,4.440892098500626e-16,4.440892098500626e-16,5.793976409762536e-16
-1.1547385270205268e-10,-1.4210854715202004e-14,0.0,-2.7755575615628914e-16,-4.884981308350689e-15,1.227316859253591e-16
-7.58433316150331e-11,0.0,-1.7763568394002505e-15,-3.3306690738754696e-16,8.881784197001252e-16,1.474514954580286e-16
9.353584573545959e-11,0.0,8.881784197001252e-15,0.0,8.881784197001252e-15,1.0928757898653885e-16
9.024603286889032e-11,1.4210854715202004e-14,-5.329070518200751e-15,3.3306690738754696e-16,3.552713678800501e-15,-1.3834419720915037e-16
-8.855494115778129e-11,0.0,0.0,-4.440892098500626e-16,-7.549516567451064e-15,-1.8648277366750676e-16
-1.4861001318422495e-11,0.0,1.7763568394002505e-15,0.0,-7.549516567451064e-15,3.0791341698588326e-16
-4.3868908505828585e-11,0.0,0.0,0.0,5.329070518200751e-15,2.7885679876327174e-16
-1.800515292416094e-11,1.4210854715202004e-14,0.0,-4.440892098500626e-16,-9.325873406851315e-15,-4.098284211995207e-16
6.475175950981793e-11,-1.4210854715202004e-14,-1.7763568394002505e-15,-6.661338147750939e-16,4.440892098500626e-16,1.1709383462843448e-17
2.2183144210430328e-11,-1.4210854715202004e-14,1.0658141036401503e-14,-6.661338147750939e-16,7.105427357601002e-15,-4.2544093248331194e-16
1.609734567864507e-11,-1.4210854715202004e-14,-1.7763568394002505e-15,4.440892098500626e-16,-7.105427357601002e-15,-9.107298248878237e-18
-4.458655666894629e-12,0.0,0.0,-4.440892098500626e-16,-6.661338147750939e-15,4.0766001685454967e-17
-1.5063505998114124e-12,0.0,0.0,2.220446049250313e-16,-2.6645352591003757e-15,7.24247051220317e-17
3.8962610915405094e-11,1.4210854715202004e-14,1.4210854715202004e-14,2.220446049250313e-16,-1.7763568394002505e-15,-2.688821387764051e-16
5.114131340633321e-11,1.4210854715202004e-14,-7.105427357601002e-15,-2.220446049250313e-16,-1.7763568394002505e-15,-8.413408858487514e-17
-4.829558974961401e-11,0.0,-3.552713678800501e-15,2.220446049250313e-16,4.440892098500626e-15,-6.245004513516506e-17
-1.0297895869371132e-10,4.263256414560601e-14,0.0,-2.220446049250313e-16,3.552713678800501e-15,-1.8474805019152996e-16
7.041123240014713e-11,9.947598300641403e-14,-2.1316282072803006e-14,1.687538997430238e-14,-8.43769498715119e-15,-8.396061623727746e-16
3.292299766144424e-11,1.1368683772161603e-13,-2.842170943040401e-14,1.9095836023552692e-14,-1.5987211554602254e-14,-9.072603779358701e-16
-3.113598268100759e-11,5.684341886080801e-13,-1.1368683772161603e-13,7.749356711883593e-14,-5.773159728050814e-14,-3.420007332888275e-15
-5.0096815584765864e-11,-1.4210854715202004e-12,2.7711166694643907e-13,-2.000621890374532e-13,1.5365486660812167e-13,6.967516841260846e-15
5.098144129078719e-12,1.4210854715202004e-13,-2.842170943040401e-14,2.4424906541753444e-14,-1.7763568394002505e-14,-4.805184028455756e-16
4.554578936222242e-11,1.4210854715202004e-13,-2.4868995751603507e-14,2.2648549702353193e-14,-1.687538997430238e-14,-3.8337388819087437e-16
-7.855760486563668e-11,-6.536993168992922e-13,1.2079226507921703e-13,-1.0036416142611415e-13,9.237055564881302e-14,7.641456911677835e-16
2.7036151095671812e-11,0.0,0.0,1.965094753586527e-13,1.7763568394002505e-15,-1.0842021724855044e-19
-3.314326590952987e-11,2.842170943040401e-14,7.105427357601002e-15,-1.6431300764452317e-14,-1.7763568394002505e-15,-3.729655473350135e-17
3.1452174198420835e-11,0.0,0.0,3.3306690738754696e-14,5.329070518200751e-15,-1.0668549377257364e-16
-2.2598811710849986e-11,0.0,0.0,8.304468224196171e-14,1.3322676295501878e-14,2.5153490401663703e-17
1.1834089264084469e-10,-2.842170943040401e-14,-7.105427357601002e-15,3.552713678800501e-15,-3.552713678800501e-15,7.892991815694472e-17
3.1164404390437994e-11,0.0,-3.552713678800501e-15,-6.439293542825908e-15,-2.6645352591003757e-15,-5.551115123125783e-17
-2.723510306168464e-11,0.0,0.0,-7.327471962526033e-15,-2.6645352591003757e-15,-4.683753385137379e-17
-7.604228358104592e-11,2.842170943040401e-14,-3.552713678800501e-15,-3.8191672047105385e-14,-8.881784197001252e-15,-8.673617379884035e-17
-1.0238920822303044e-10,2.842170943040401e-14,-3.552713678800501e-15,-3.3306690738754696e-14,-2.6645352591003757e-15,0.0
9.385381360971223e-11,0.0,3.552713678800501e-15,3.863576125695545e-14,6.217248937900877e-15,3.8163916471489756e-17
4.980904577678302e-11,0.0,3.552713678800501e-15,-2.9531932455029164e-14,-6.217248937900877e-15,-4.5102810375396984e-17
-1.0800249583553523e-10,-2.842170943040401e-14,7.105427357601002e-15,6.705747068735946e-14,1.0658141036401503e-14,-1.2663481374630692e-16
6.964384624552622e-11,0.0,0.0,1.84297022087776e-14,0.0,1.8388068845354155e-16
1.0460965427228075e-11,-2.842170943040401e-14,7.105427357601002e-15,-5.306866057708248e-14,-7.993605777301127e-15,2.7755575615628914e-17
-7.489298070595396e-11,2.842170943040401e-14,0.0,-1.2434497875801753e-14,-2.6645352591003757e-15,1.3183898417423734e-16
-1.1979750524915289e-11,-2.842170943040401e-14,0.0,2.220446049250313e-14,3.552713678800501e-15,4.180683577104105e-16
1.2578382779793174e-10,0.0,3.552713678800501e-15,4.884981308350689e-15,3.552713678800501e-15,-8.500145032286355e-17
3.382005786534137e-11,2.842170943040401e-14,0.0,-1.9095836023552692e-14,-4.440892098500626e-15,-1.0755285551056204e-16
-9.71880353972665e-11,-2.842170943040401e-14,3.552713678800501e-15,4.063416270128073e-14,5.329070518200751e-15,-1.5439038936193583e-16
-7.714184846463468e-11,0.0,0.0,-3.352873534367973e-14,-2.6645352591003757e-15,-4.215378046623641e-16
-2.234656903965515e-12,5.684341886080802e-14,-7.105427357601002e-15,1.4654943925052066e-14,8.881784197001252e-16,-4.0939474033052647e-16
1.0537526407006226e-10,-2.842170943040401e-14,-3.552713678800501e-15,5.573319583618286e-14,7.993605777301127e-15,9.367506770274758e-17
-7.01714242268281e-11,0.0,-7.105427357601002e-15,-5.284661597215745e-14,-6.217248937900877e-15,1.734723475976807e-17
6.823430709346212e-11,2.842170943040401e-14,0.0,1.84297022087776e-14,2.6645352591003757e-15,5.204170427930421e-16
4.0826897418355657e-11,0.0,-3.552713678800501e-15,9.769962616701378e-15,8.881784197001252e-16,4.85722573273506e-17
-7.769074272800935e-11,0.0,0.0,2.020605904817785e-14,8.881784197001252e-16,5.204170427930421e-17
7.354117315117037e-11,5.684341886080802e-14,7.105427357601002e-15,3.708144902248023e-14,2.6645352591003757e-15,-1.6306400674181987e-16
-2.1011636874845863e-11,0.0,0.0,3.885780586188048e-14,1.7763568394002505e-15,3.365363543395006e-16
-1.169402352729776e-10,0.0,-3.552713678800501e-15,-2.609024107869118e-14,-1.7763568394002505e-15,1.1900203045200897e-15
-1.1658229936983844e-11,0.0,3.552713678800501e-15,1.687538997430238e-14,0.0,1.1102230246251565e-16
-3.788303004625959e-11,-5.684341886080802e-14,1.0658141036401503e-14,3.219646771412954e-14,1.7763568394002505e-15,-2.255140518769849e-16
-4.093436700713937e-11,0.0,0.0,6.217248937900877e-15,0.0,-3.469446951953614e-18
-7.694822556914005e-11,0.0,3.552713678800501e-15,1.021405182655144e-14,0.0,-6.938893903907228e-18
7.138245550208921e-11,-2.842170943040401e-14,0.0,-2.375877272697835e-14,-8.881784197001252e-16,5.204170427930421e-17
-1.4154899474760896e-11,0.0,-3.552713678800501e-15,-3.9968028886505635e-15,0.0,4.440892098500626e-16
2.2168489266505276e-11,0.0,-3.552713678800501e-15,-4.263256414560601e-14,-8.881784197001252e-16,1.3530843112619095e-16
-1.8723467221093415e-11,0.0,3.552713678800501e-15,-1.5987211554602254e-14,0.0,2.7755575615628914e-16
8.925971073381334e-12,2.842170943040401e-14,0.0,1.709743457922741e-14,0.0,3.3306690738754696e-16
-1.404876215360673e-12,5.684341886080802e-14,-1.4210854715202004e-14,2.90878432451791e-14,0.0,2.7755575615628914e-17
-7.851275185544182e-12,0.0,-1.7763568394002505e-14,2.220446049250313e-16,-1.7763568394002505e-15,-9.194034422677078e-16
1.2367884494324244e-13,-2.842170943040401e-14,3.552713678800501e-15,1.3322676295501878e-15,-1.7763568394002505e-15,-1.97758476261356e-16
-1.214512379554833e-10,-2.842170943040401e-14,1.4210854715202004e-14,-3.774758283725532e-15,-2.042810365310288e-14,-1.3530843112619095e-16
-3.7649328099576e-12,2.842170943040401e-14,0.0,1.887379141862766e-15,-1.7763568394002505e-15,-1.6653345369377348e-16
6.14343020899355e-11,2.842170943040401e-14,-2.1316282072803006e-14,-6.439293542825908e-15,-1.0658141036401503e-14,-1.1102230246251565e-15
-1.7291001963570807e-10,-5.684341886080802e-14,0.0,-7.882583474838611e-15,-8.881784197001252e-16,-2.706168622523819e-16
-1.9162227360425277e-11,-2.842170943040401e-14,7.105427357601002e-15,2.220446049250313e-16,0.0,4.371503159461554e-16
-1.893522005858017e-10,0.0,1.4210854715202004e-14,-5.218048215738236e-15,-2.6645352591003757e-15,-2.0122792321330962e-16
-1.3469603210580772e-10,2.842170943040401e-14,0.0,-1.887379141862766e-15,1.1546319456101628e-14,1.096345236817342e-15
1.1620682194291021e-10,2.842170943040401e-14,-1.4210854715202004e-14,2.55351295663786e-15,2.6645352591003757e-15,1.2490009027033011e-15
-1.2803180737819275e-10,-2.842170943040401e-14,0.0,2.55351295663786e-15,-4.440892098500626e-15,-2.636779683484747e-16
-1.568292162801299e-10,0.0,-1.0658141036401503e-14,-4.440892098500626e-15,2.6645352591003757e-15,-1.124100812432971e-15
-6.607558944438097e-11,5.684341886080802e-14,-1.0658141036401503e-14,5.2735593669694936e-15,4.884981308350689e-15,-6.938893903907228e-16
-1.1342615735543404e-10,2.842170943040401e-14,2.1316282072803006e-14,1.6653345369377348e-16,-3.9968028886505635e-15,7.7021722333370235e-16
-4.43320935517022e-11,8.526512829121202e-14,0.0,-3.885780586188048e-15,5.329070518200751e-15,-3.0531133177191805e-16
-1.071081001668972e-10,-2.842170943040401e-14,0.0,-4.6629367034256575e-15,8.881784197001252e-15,-7.632783294297951e-17
-3.5241809470676344e-11,-2.842170943040401e-14,-3.552713678800501e-15,-1.4432899320127035e-15,2.6645352591003757e-15,4.0939474033052647e-16
9.190492811228523e-11,5.684341886080802e-14,1.4210854715202004e-14,5.995204332975845e-15,-1.7763568394002505e-15,-3.3931191190106347e-15
-7.92221843681773e-11,2.842170943040401e-14,-3.552713678800501e-15,3.3861802251067274e-15,4.440892098500626e-16,-2.8380076066980564e-15
-3.1244784537420855e-11,0.0,-7.105427357601002e-15,-1.3877787807814457e-15,-4.440892098500626e-16,1.457167719820518e-16
5.434208638632754e-11,-5.684341886080802e-14,3.552713678800501e-15,-1.1102230246251565e-14,1.7763568394002505e-15,2.2343238370581275e-15
6.121791962243606e-11,5.684341886080802e-14,-1.4210854715202004e-14,3.086420008457935e-14,-2.6645352591003757e-15,-3.1433189384699745e-15
3.285638427996673e-11,-5.684341886080802e-14,7.105427357601002e-15,4.218847493575595e-15,0.0,3.344546861683284e-15
5.206457487361149e-11,8.526512829121202e-14,-7.105427357601002e-15,3.3306690738754696e-15,4.440892098500626e-16,1.9637069748057456e-15
-1.9841017717681098e-11,8.526512829121202e-14,-3.552713678800501e-15,2.220446049250313e-15,-4.440892098500626e-16,-2.706168622523819e-16
-2.2323698445347873e-11,5.684341886080802e-14,1.0658141036401503e-14,5.10702591327572e-15,-2.6645352591003757e-15,5.856426454897701e-15
7.335732021829244e-11,2.842170943040401e-14,7.105427357601002e-15,3.4416913763379853e-15,-3.9968028886505635e-15,5.349887199912473e-15
5.132627656223576e-11,-5.684341886080802e-14,-3.552713678800501e-15,-1.3322676295501878e-15,0.0,-2.8449465006019636e-16
2.354783035229957e-11,-5.684341886080802e-14,0.0,-2.886579864025407e-15,2.6645352591003757e-15,-3.094746681142624e-15
1.000390881245039e-10,8.526512829121202e-14,-3.552713678800501e-15,-3.1086244689504383e-15,3.552713678800501e-15,-4.3576253716537394e-15
-1.2891199219211558e-10,-5.684341886080802e-14,0.0,-5.551115123125783e-15,8.881784197001252e-16,-1.97758476261356e-15
-4.937206199429056e-11,8.526512829121202e-14,0.0,9.547918011776346e-15,-4.440892098500626e-15,7.396860901565105e-15
1.2217693523552953e-10,0.0,1.4210854715202004e-14,9.547918011776346e-15,-3.1086244689504383e-15,8.278100427361323e-15
9.029532677118368e-11,-2.842170943040401e-14,0.0,2.220446049250313e-16,0.0,2.0747292772682613e-15
-8.842082621640657e-11,-2.842170943040401e-14,-3.552713678800501e-15,7.771561172376096e-16,-4.440892098500626e-16,1.1726730697603216e-15
3.175726348558783e-11,0.0,3.552713678800501e-15,3.3306690738754696e-16,-1.3322676295501878e-15,-7.424616477180734e-16
2.0448087667546133e-11,0.0,-1.4210854715202004e-14,2.220446049250313e-15,-1.7763568394002505e-15,2.5049406993105094e-15
-1.3731593639931816e-10,-2.842170943040401e-14,3.552713678800501e-15,-9.992007221626409e-16,4.440892098500626e-16,-6.1547988927657116e-15
-2.2039170488596938e-10,5.684341886080802e-14,3.552713678800501e-15,8.43769498715119e-15,-7.993605777301127e-15,7.591149930874508e-15
-1.7143308994604922e-10,-5.684341886080802e-14,7.105427357601002e-15,4.440892098500626e-16,4.440892098500626e-16,-1.1102230246251565e-16
6.602540736366791e-11,0.0,0.0,4.551914400963142e-15,-4.884981308350689e-15,4.739264536368637e-15
-8.683365138040244e-11,2.842170943040401e-14,-3.552713678800501e-15,4.440892098500626e-15,-3.9968028886505635e-15,3.066991105526995e-15
-6.069633684546716e-11,2.842170943040401e-14,3.552713678800501e-15,-6.661338147750939e-16,-1.9984014443252818e-15,1.6930901125533637e-15
-1.0621814539035768e-10,-8.526512829121202e-14,3.552713678800501e-15,-8.881784197001252e-16,2.4424906541753444e-15,-5.9396931817445875e-15
8.177458710179053e-12,-2.842170943040401e-14,7.105427357601002e-15,1.3322676295501878e-15,-2.220446049250313e-15,9.992007221626409e-16
-4.590283708694187e-11,-2.842170943040401e-14,7.105427357601002e-15,-4.884981308350689e-15,9.992007221626409e-15,-5.384581669432009e-15
-7.93960452938336e-11,2.842170943040401e-14,3.552713678800501e-15,-3.552713678800501e-15,1.5543122344752192e-15,-4.767020111984266e-15
1.6278534076263895e-11,2.842170943040401e-14,1.2789769243681803e-13,0.0,0.0,1.1587952819525071e-15
1.2876810728812416e-11,-5.684341886080802e-14,5.009326287108706e-13,2.220446049250313e-16,1.1102230246251565e-15,-4.718447854656915e-16
1.4097523148848268e-10,-2.842170943040401e-14,-2.7711166694643907e-13,8.881784197001252e-16,-6.661338147750939e-16,4.2327252813834093e-16
-2.652811303960334e-11,-2.842170943040401e-14,-7.105427357601002e-15,1.3322676295501878e-15,-6.661338147750939e-16,-2.9698465908722937e-15
9.960920976936904e-11,0.0,7.105427357601002e-15,-1.7763568394002505e-15,1.1102230246251565e-15,-7.28583859910259e-16
6.275868713601085e-12,5.684341886080802e-14,0.0,-2.6645352591003757e-15,1.4432899320127035e-15,-5.495603971894525e-15
-5.4370730140362866e-11,-5.684341886080802e-14,1.4210854715202004e-14,3.1086244689504383e-15,-3.3306690738754696e-16,1.1796119636642288e-15
-5.595346408426849e-11,2.842170943040401e-14,-1.0658141036401503e-14,-3.9968028886505635e-15,-4.440892098500626e-16,-5.23192600354605e-15
1.5129941743907693e-10,-5.684341886080802e-14,7.105427357601002e-15,0.0,2.220446049250313e-16,-2.914335439641036e-16
9.480416451879137e-11,0.0,7.105427357601002e-15,1.1102230246251565e-15,4.440892098500626e-16,2.3869795029440866e-15
1.1813128253379546e-10,2.842170943040401e-14,-7.105427357601002e-15,-1.1102230246251565e-15,4.440892098500626e-16,3.469446951953614e-17
6.154188270102168e-11,-1.1368683772161603e-13,-7.105427357601002e-15,3.552713678800501e-15,1.8318679906315083e-15,2.789435349370706e-15
5.226041821515537e-12,0.0,-1.7763568394002505e-14,2.6645352591003757e-15,2.4424906541753444e-15,2.8727020762175925e-15
-8.942180329540861e-12,8.526512829121202e-14,1.4210854715202004e-14,-4.6629367034256575e-15,-4.6629367034256575e-15,-3.219646771412954e-15
-1.177369313154486e-11,5.684341886080802e-14,1.0658141036401503e-14,-6.217248937900877e-15,-7.049916206369744e-15,-6.022959908591474e-15
7.997158490979928e-12,2.842170943040401e-14,0.0,-6.217248937900877e-15,-1.9984014443252818e-15,-6.203371150093062e-15
9.919887133946759e-11,0.0,-7.105427357601002e-15,-1.7763568394002505e-15,3.941291737419306e-15,-4.1494585545365226e-15
-9.935519074133481e-11,-8.526512829121202e-14,1.0658141036401503e-14,-3.1086244689504383e-15,4.829470157119431e-15,-4.40619762898109e-15
1.2716938613266393e-10,0.0,-1.0658141036401503e-14,-2.220446049250313e-15,-6.300515664747763e-15,-1.9914625504213745e-15
1.821831574488897e-11,-2.842170943040401e-14,3.552713678800501e-15,-5.773159728050814e-15,-1.5265566588595902e-15,-4.65599780952175e-15
9.2157392828085e-12,-8.526512829121202e-14,1.7763568394002505e-14,-6.217248937900877e-15,-4.440892098500626e-15,-6.918077222195507e-15
-6.620481940444733e-11,-5.684341886080802e-14,3.552713678800501e-15,-1.7763568394002505e-15,2.4424906541753444e-15,-4.191091917959966e-15
1.8211210317531368e-11,2.842170943040401e-14,-1.4210854715202004e-14,-4.440892098500626e-16,1.27675647831893e-15,-1.0547118733938987e-15
-1.7003998209474958e-10,2.842170943040401e-14,3.552713678800501e-15,-5.773159728050814e-15,-7.716050021144838e-15,-4.038436252074007e-15
-1.738307275900297e-10,2.842170943040401e-14,3.552713678800501e-15,-8.881784197001252e-16,-1.6375789613221059e-15,-4.052314039881821e-15
1.8117418676411035e-10,2.842170943040401e-14,1.7763568394002505e-14,-2.220446049250313e-15,-4.884981308350689e-15,-2.8171909249863347e-15
-1.19225518346866e-10,5.684341886080802e-14,3.552713678800501e-15,4.884981308350689e-15,5.329070518200751e-15,3.247402347028583e-15
-1.6637358157822746e-11,2.842170943040401e-14,-7.105427357601002e-15,1.7763568394002505e-15,-1.1102230246251565e-16,2.3939183968479938e-15
-2.7039703809350613e-11,-5.684341886080802e-14,7.105427357601002e-15,-3.9968028886505635e-15,-7.216449660063518e-15,-1.817990202823694e-15
6.87698786805413e-11,-2.842170943040401e-14,0.0,1.7763568394002505e-15,2.6645352591003757e-15,1.6792123247455493e-15
-9.257661304218345e-11,-2.842170943040401e-14,0.0,2.220446049250313e-15,2.4424906541753444e-15,1.2420620087993939e-15
8.356693115274538e-11,-5.684341886080802e-14,0.0,-1.674216321134736e-13,9.325873406851315e-15,5.870304242705515e-15
-8.097345016722102e-11,0.0,7.105427357601002e-15,2.6290081223123707e-13,-4.9960036108132044e-15,-2.3800406090401793e-15
-5.8051341511600185e-11,-5.684341886080802e-14,7.105427357601002e-15,5.995204332975845e-14,-3.552713678800501e-15,1.97758476261356e-15
3.4781066915456904e-11,-5.684341886080802e-14,3.552713678800501e-15,-2.4868995751603507e-13,3.6637359812630166e-15,7.563394355258879e-16
7.074163477227557e-11,2.842170943040401e-14,-1.0658141036401503e-14,-7.815970093361102e-14,-2.3314683517128287e-15,-3.740063814205996e-15
-9.43458644542261e-11,-2.842170943040401e-14,-3.552713678800501e-15,-3.2862601528904634e-14,-2.3314683517128287e-15,7.632783294297951e-17
-1.3272938303998671e-11,-2.842170943040401e-14,-3.552713678800501e-15,-2.042810365310288e-13,5.995204332975845e-15,-5.759281940243e-16
-3.3288927170360694e-12,-2.842170943040401e-14,0.0,2.0827783941967937e-13,-8.659739592076221e-15,-2.3869795029440866e-15
-5.336175945558352e-12,-2.842170943040401e-14,7.105427357601002e-15,2.4424906541753444e-14,0.0,-2.491062911502695e-15
-1.6999734953060397e-11,0.0,3.552713678800501e-15,-1.0036416142611415e-13,5.10702591327572e-15,1.1032841307212493e-15
-1.37639233344089e-10,2.842170943040401e-14,0.0,1.865174681370263e-14,8.060219158778636e-14,-2.5673907444456745e-15
1.0026468544310774e-10,-2.842170943040401e-14,7.105427357601002e-15,8.881784197001252e-15,8.903988657493755e-14,-2.4980018054066022e-15
-1.3709922086491133e-11,-2.842170943040401e-14,-7.105427357601002e-15,2.531308496145357e-14,1.3944401189291966e-13,-5.273559366969494e-16
1.9408119555919257e-10,5.684341886080802e-14,-7.105427357601002e-15,-4.6629367034256575e-14,-2.7422508708241367e-13,3.3584246494910985e-15
-1.042756991864735e-10,0.0,1.0658141036401503e-14,1.4210854715202004e-14,6.861178292183467e-14,3.885780586188048e-16
-8.547118568458245e-11,0.0,-3.552713678800501e-15,4.529709940470639e-14,2.26929586233382e-13,7.632783294297951e-17
-1.0732748023656313e-10,2.842170943040401e-14,7.105427357601002e-15,-2.6645352591003757e-15,-2.220446049250313e-15,-1.5959455978986625e-16
7.279510327862226e-11,0.0,0.0,-1.7763568394002505e-15,6.661338147750939e-16,-3.406996906818449e-15
-1.7255530337934033e-11,-5.684341886080802e-14,7.105427357601002e-15,8.881784197001252e-16,2.220446049250313e-16,-1.3183898417423734e-15
-6.549782938236604e-11,0.0,-3.552713678800501e-15,0.0,1.9984014443252818e-15,8.049116928532385e-16
4.2028602820209926e-11,-2.842170943040401e-14,0.0,-4.440892098500626e-16,-4.440892098500626e-16,-3.9065972678997696e-15
-3.062439191126032e-12,0.0,-3.552713678800501e-15,-2.220446049250313e-15,1.5543122344752192e-15,-8.81239525796218e-16
-6.004441388540727e-11,2.842170943040401e-14,3.552713678800501e-15,4.440892098500626e-16,-4.440892098500626e-16,-4.4200754167889045e-15
-2.2030377522241906e-11,2.842170943040401e-14,-3.552713678800501e-15,4.440892098500626e-16,4.440892098500626e-15,-2.2551405187698492e-15
-6.464517809945391e-11,-2.842170943040401e-14,-3.552713678800501e-15,-4.440892098500626e-16,1.1102230246251565e-15,-1.366962099069724e-15
-3.4141578453272814e-12,0.0,0.0,-4.440892098500626e-16,1.1102230246251565e-15,7.424616477180734e-16
-5.8051341511600185e-11,7.105427357601002e-14,-7.105427357601002e-15,0.0,4.440892098500626e-16,4.85722573273506e-17
-1.0867751143450732e-10,1.4210854715202004e-14,0.0,-4.440892098500626e-16,0.0,-6.730727086790012e-16
9.450218385609332e-13,1.9753088054130785e-12,-3.339550858072471e-13,-5.233591338082988e-13,-6.394884621840902e-14,-3.837208328860697e-15
-5.149658477421326e-11,9.094947017729282e-13,-1.6342482922482304e-13,-1.9118040484045196e-13,-1.4099832412739488e-14,-2.095545958979983e-15
-7.766232101857895e-11,3.453237695794087e-12,-7.034373084024992e-13,-8.975042931069765e-13,1.226796442210798e-13,-5.322131624296844e-15
-6.17319528828375e-11,-1.7337242752546445e-12,3.836930773104541e-13,2.5579538487363607e-13,-4.363176486776865e-14,2.005340338229189e-15
-7.137401780710206e-12,-3.481659405224491e-12,6.608047442568932e-13,2.6423307986078726e-13,-6.084022174945858e-14,1.97758476261356e-15
-6.425437959478586e-11,-1.5774048733874224e-12,3.339550858072471e-13,4.3076653355456074e-14,-1.6431300764452317e-14,-9.506284648352903e-16
1.5653256468795007e-11,1.7905676941154525e-12,-4.263256414560601e-13,3.397282455352979e-14,1.0769163338864018e-14,-8.534839501805891e-16
4.89563944938709e-12,1.1979750524915289e-11,-2.6574298317427747e-12,7.389644451905042e-13,3.164135620181696e-14,-5.662137425588298e-15
-4.666134145736578e-11,1.9468870959826745e-12,-4.831690603168681e-13,1.6253665080512292e-13,7.771561172376096e-16,8.534839501805891e-16
-6.181366529744992e-11,6.409095476556104e-12,-1.4921397450962104e-12,4.318767565791859e-13,1.0436096431476471e-14,-3.3861802251067274e-15
3.040412366317469e-11,-6.821210263296962e-12,1.6697754290362354e-12,-2.993161274389422e-13,-2.7478019859472624e-14,3.941291737419306e-15
-4.3218761902608094e-11,-1.7195134205394424e-12,4.121147867408581e-13,2.731148640577885e-14,-1.5265566588595902e-14,-4.85722573273506e-16
-4.8331116886402015e-11,5.968558980384842e-13,-1.7763568394002505e-13,-4.9960036108132044e-14,1.2823075934420558e-14,-9.020562075079397e-17
1.0016165674642252e-10,-2.2737367544323206e-13,5.684341886080802e-14,-6.572520305780927e-14,5.9396931817445875e-15,3.1086244689504383e-15
8.646949822832539e-11,-2.8421709430404007e-13,7.105427357601002e-14,-1.3322676295501878e-13,1.2712053631958042e-14,3.4416913763379853e-15
7.273115443240386e-11,-8.526512829121202e-14,7.105427357601002e-15,-2.3092638912203256e-14,1.6653345369377348e-16,-1.2351231148954867e-15
-6.160050247672189e-11,4.263256414560601e-14,0.0,-5.3290705182007514e-14,9.43689570931383e-16,1.2212453270876722e-15
-1.595417131738941e-10,4.263256414560601e-14,0.0,-1.305622276959184e-13,3.885780586188048e-16,-2.8449465006019636e-16
-1.1754863749047217e-10,-2.842170943040401e-14,1.4210854715202004e-14,-1.0436096431476471e-14,7.771561172376096e-16,5.551115123125783e-17
8.692779829289066e-11,0.0,7.105427357601002e-15,-4.440892098500626e-15,1.3877787807814457e-16,1.1102230246251565e-16
2.2438939595303964e-11,7.105427357601002e-14,-1.4210854715202004e-14,0.0,-2.498001805406602e-16,-3.885780586188048e-16
1.035047603181738e-10,-2.842170943040401e-14,7.105427357601002e-15,0.0,1.304512053934559e-15,-6.036837696399289e-16
-2.134967758138373e-10,1.4210854715202004e-14,0.0,2.6645352591003757e-15,1.0269562977782698e-15,-1.6861512186494565e-15
1.5202061831587343e-11,4.263256414560601e-14,0.0,-2.6645352591003757e-15,-8.049116928532385e-16,-1.672273430841642e-15
9.027800729199953e-11,-4.263256414560601e-14,7.105427357601002e-15,-1.1102230246251565e-15,2.220446049250313e-16,-1.2212453270876722e-15
-1.375610736431554e-11,-4.263256414560601e-14,0.0,0.0,1.4988010832439613e-15,-3.101685575046531e-15
-4.7560178018102306e-11,2.842170943040401e-14,-7.105427357601002e-15,-8.881784197001252e-16,-1.1102230246251565e-15,4.85722573273506e-17
-4.803268893738277e-11,1.4210854715202004e-14,-7.105427357601002e-15,4.440892098500626e-16,9.992007221626409e-16,-2.5673907444456745e-16
3.623057409640751e-11,-2.842170943040401e-14,-7.105427357601002e-15,8.881784197001252e-16,4.440892098500626e-16,4.163336342344337e-16
1.1872458571815514e-10,0.0,-7.105427357601002e-15,0.0,5.551115123125783e-17,1.4710455076283324e-15
-1.5631052008302504e-10,-1.4210854715202004e-14,-2.1316282072803006e-14,-6.661338147750939e-16,-7.771561172376096e-16,7.216449660063518e-16
8.071765478234738e-12,0.0,1.4210854715202004e-14,-6.661338147750939e-16,-7.771561172376096e-16,1.1518563880486e-15
1.234674584793538e-10,2.4158453015843406e-13,-1.1368683772161603e-13,2.6201263381153694e-14,1.8207657603852567e-14,1.6639467581569534e-14
8.730260958600411e-11,2.8421709430404007e-13,-1.3500311979441904e-13,2.930988785010413e-14,2.1538326677728037e-14,1.8283985436795547e-14
5.2668980288217426e-11,2.842170943040401e-14,-2.842170943040401e-14,5.551115123125783e-15,4.218847493575595e-15,4.350686477749832e-15
-2.48334686148155e-11,8.526512829121202e-14,-4.263256414560601e-14,1.0436096431476471e-14,8.326672684688674e-15,7.202571872255703e-15
3.673861215247598e-11,3.836930773104541e-13,-1.9895196601282805e-13,4.5075054799781356e-14,3.186340080674199e-14,2.7568225480223418e-14
3.1654678878112463e-11,0.0,7.105427357601002e-15,1.3322676295501878e-15,-2.4424906541753444e-15,-1.3600232051658168e-15
2.021849354605365e-11,2.7000623958883807e-13,-1.6342482922482304e-13,3.530509218307998e-14,2.4646951146678475e-14,1.8839096949108125e-14
-1.2533973858808167e-10,-1.7763568394002505e-13,1.2079226507921703e-13,-1.709743457922741e-14,-1.554312234475219e-14,-1.2816137040516651e-14
-5.788258761185716e-11,-9.947598300641403e-14,4.973799150320701e-14,-1.1546319456101628e-14,-7.549516567451064e-15,-5.745404152435185e-15
1.4701662109928293e-10,-7.105427357601002e-14,1.4210854715202004e-14,-6.661338147750939e-16,-2.1094237467877974e-15,-9.992007221626409e-16
-4.347988635799993e-11,9.947598300641403e-14,-6.394884621840902e-14,1.4876988529977098e-14,1.1102230246251565e-14,8.076872504148014e-15
-7.603695451052772e-11,3.552713678800501e-14,-2.1316282072803006e-14,6.661338147750939e-15,3.774758283725532e-15,2.4216739724636227e-15
7.918998790046317e-11,7.105427357601002e-14,-3.552713678800501e-14,4.440892098500626e-16,4.218847493575595e-15,2.366162821232365e-15
8.996714484510449e-11,1.2789769243681803e-13,-8.526512829121202e-14,1.2212453270876722e-14,1.021405182655144e-14,6.83481049534862e-15
-3.4017233474514796e-12,1.0658141036401503e-13,-2.1316282072803006e-14,3.9968028886505635e-15,5.329070518200751e-15,3.406996906818449e-15
9.280043400394788e-11,0.0,7.105427357601002e-15,1.9984014443252818e-15,-1.1102230246251565e-15,-6.661338147750939e-16
5.552180937229423e-11,-2.8421709430404007e-13,1.9184653865522705e-13,-3.6637359812630166e-14,-2.531308496145357e-14,-1.3884726701718364e-14
-1.1198597604789029e-10,3.268496584496461e-13,-1.9895196601282805e-13,4.1744385725905886e-14,2.7755575615628914e-14,1.4134526882259024e-14
-3.307221163595386e-11,1.4921397450962104e-13,-9.237055564881302e-14,2.220446049250313e-14,1.354472090042691e-14,6.265821195228227e-15
1.7267076657390135e-11,2.1316282072803006e-13,-1.4921397450962104e-13,2.6645352591003757e-14,1.9317880628477724e-14,9.325873406851315e-15
-9.348877227921548e-11,-2.5579538487363607e-13,1.7763568394002505e-13,-3.530509218307998e-14,-2.5979218776228663e-14,-1.1331213745080504e-14
1.0099032721200274e-10,2.4158453015843406e-13,-1.6342482922482304e-13,3.241851231905457e-14,2.2870594307278225e-14,9.110767695830191e-15
-6.403499952511993e-11,2.1316282072803006e-13,-1.8474111129762605e-13,3.9968028886505635e-14,2.3092638912203256e-14,8.680556273787943e-15
-5.99373883858334e-11,6.536993168992922e-13,-4.618527782440651e-13,8.948397578478762e-14,6.128431095930864e-14,2.243344399133207e-14
-8.042366772542664e-11,7.105427357601002e-15,-7.105427357601002e-15,3.1086244689504383e-15,6.661338147750939e-16,2.0816681711721685e-16
2.2522428366755776e-11,1.7763568394002505e-13,-1.3500311979441904e-13,2.6201263381153694e-14,1.7541523789077473e-14,5.641320743876577e-15
-3.640288070982933e-11,2.984279490192421e-13,-2.5579538487363607e-13,4.75175454539567e-14,3.3084646133829665e-14,9.58955137519979e-15
1.1701439817102255e-10,-2.2026824808563106e-13,-2.7071678232459817e-12,-5.950795411990839e-14,-2.3314683517128287e-14,-6.168676680573526e-15
1.8898038689485475e-10,5.968558980384842e-13,6.565414878423326e-12,1.4721557306529576e-13,6.106226635438361e-14,1.494637746901617e-14
-1.2102674418201786e-10,-2.4868995751603507e-13,-2.7284841053187847e-12,-6.661338147750939e-14,-2.8199664825478976e-14,-6.175615574477433e-15
1.0238876413382059e-10,-1.5631940186722204e-13,-1.3855583347321954e-12,-3.397282455352979e-14,-1.509903313490213e-14,-3.066991105526995e-15
-3.163913575576771e-11,-7.531752999057062e-13,-1.0032863428932615e-11,1.8496315590255108e-13,-8.237854842718662e-14,-1.3884726701718364e-14
5.28177501735172e-11,6.608047442568932e-13,8.455458555545192e-12,-1.432187701766452e-13,6.972200594645983e-14,1.013772399360846e-14
4.956035581926699e-13,6.394884621840902e-14,-4.440892098500626e-12,-1.5987211554602254e-14,9.769962616701378e-15,1.0824674490095276e-15
-7.251454992029949e-11,-1.4921397450962104e-13,7.347011887759436e-12,1.7319479184152442e-14,-1.6653345369377348e-14,-1.6375789613221059e-15
-2.3020252370997696e-11,-7.673861546209082e-13,8.810729923425242e-13,-1.5010215292932116e-13,-8.548717289613705e-14,-5.80785419757035e-15
-5.127809288296703e-11,-1.5631940186722204e-13,1.7053025658242404e-13,-3.8191672047105385e-14,-1.7763568394002505e-14,-7.632783294297951e-16
7.47330530792567e-11,1.4210854715202004e-14,-2.842170943040401e-14,8.43769498715119e-15,1.5543122344752192e-15,6.245004513516506e-17
-5.710010242410135e-11,5.115907697472721e-13,-5.968558980384842e-13,1.0746958878371515e-13,5.595524044110789e-14,-3.5388358909926865e-16
-8.830600140008471e-11,-1.5276668818842154e-12,1.8260948309034575e-12,-3.04867242562068e-13,-1.6697754290362354e-13,5.259681579161679e-15
-4.186886948254198e-11,4.263256414560601e-13,-5.329070518200751e-13,8.637535131583718e-14,4.8405723873656825e-14,-2.8033131371785203e-15
-1.9264981276911897e-10,-4.476419235288631e-13,5.329070518200751e-13,-9.525713551283843e-14,-4.929390229335695e-14,4.003741782554471e-15
-7.94305177187482e-11,-1.4921397450962104e-13,1.6342482922482304e-13,-3.086420008457935e-14,-1.554312234475219e-14,1.7694179454963432e-15
8.862738321013808e-11,1.0018652574217413e-12,-1.2079226507921703e-12,2.036149027162537e-13,1.0791367799356522e-13,-1.4384327062799684e-14
-1.465830790081668e-10,4.760636329592671e-13,3.055333763768431e-13,-4.796163466380676e-14,-2.708944180085382e-14,4.274358644806853e-15
-1.0611533873827739e-10,-6.536993168992922e-13,1.0444978215673473e-12,-1.794120407794253e-13,-9.281464485866309e-14,1.6944778913341452e-14
-9.909673082120207e-11,2.842170943040401e-14,-2.842170943040401e-14,1.0436096431476471e-14,1.7763568394002505e-15,-6.869504964868156e-16
8.129030781844904e-11,3.694822225952521e-13,-6.181721801112872e-13,1.0746958878371515e-13,5.1958437552457326e-14,-1.2247147740396258e-14
-4.103395401244825e-11,-5.186961971048731e-13,8.384404281969182e-13,-1.4654943925052066e-13,-7.194245199571014e-14,1.8533785617336207e-14
6.098527238762586e-11,-2.7000623958883807e-13,4.334310688136611e-13,-7.505107646466058e-14,-3.6415315207705135e-14,1.0456913113188193e-14
-1.3445172752923895e-10,-2.6290081223123707e-13,4.334310688136611e-13,-7.149836278586008e-14,-3.597122599785507e-14,1.1393663790215669e-14
9.195894046243325e-12,-5.826450433232822e-13,9.308109838457312e-13,-1.6853185513809876e-13,-7.72715225139109e-14,2.5993096564036478e-14
-6.501588156737625e-11,-7.105427357601002e-14,7.815970093361102e-14,-1.4876988529977098e-14,-8.881784197001252e-15,2.8449465006019636e-15
-4.008121612386617e-11,3.552713678800501e-14,-4.973799150320701e-14,2.220446049250313e-16,3.9968028886505635e-15,-1.5543122344752192e-15
1.159450313537036e-11,-2.842170943040401e-14,4.263256414560601e-14,-1.021405182655144e-13,-3.552713678800501e-15,1.9567680809018384e-15
-2.1457363663657247e-11,-1.7053025658242404e-13,2.6290081223123707e-13,-4.5075054799781356e-14,-2.1760371282653068e-14,9.658940314238862e-15
1.1112100128940483e-10,7.105427357601002e-14,-9.947598300641403e-14,1.3988810110276972e-14,8.43769498715119e-15,-3.698430450782553e-15
1.5452472634791548e-10,5.684341886080802e-14,-8.526512829121202e-14,1.6209256159527285e-14,7.549516567451064e-15,-4.1494585545365226e-15
2.8200386470444982e-11,7.105427357601002e-15,-1.4210854715202004e-14,-4.1744385725905886e-14,8.881784197001252e-16,-8.534839501805891e-16
-1.728885923313328e-10,7.105427357601002e-15,1.4210854715202004e-14,1.2878587085651816e-14,0.0,3.8163916471489756e-16
1.3642864615803774e-11,0.0,0.0,-8.881784197001252e-15,0.0,6.938893903907228e-18
1.1388812115598057e-10,-7.105427357601002e-15,-3.552713678800501e-14,-2.4424906541753444e-15,4.440892098500626e-16,2.7755575615628914e-17
3.539080140058104e-11,7.105427357601002e-15,7.105427357601002e-15,2.220446049250313e-16,0.0,-2.42861286636753e-16
9.48665590527753e-11,7.105427357601002e-15,-7.105427357601002e-15,3.774758283725532e-15,0.0,4.163336342344337e-17
-7.644107569149128e-12,0.0,7.105427357601002e-15,2.220446049250313e-15,0.0,3.885780586188048e-16
6.7621463983869035e-12,7.105427357601002e-15,2.1316282072803006e-14,0.0,4.440892098500626e-16,1.1102230246251565e-16
1.1349632345059035e-10,7.105427357601002e-15,7.105427357601002e-15,-2.6645352591003757e-15,-4.440892098500626e-16,3.7470027081099033e-16
-4.7049031337564884e-11,7.105427357601002e-15,-1.4210854715202004e-14,-9.769962616701378e-15,8.881784197001252e-16,-6.314393452555578e-16
-2.5919710822108755e-11,2.1316282072803006e-14,-7.105427357601002e-15,-1.9539925233402755e-14,4.440892098500626e-16,-1.0824674490095276e-15
-4.9102055754701723e-11,0.0,-7.105427357601002e-15,-4.218847493575595e-15,0.0,1.6653345369377348e-16
5.863753926860227e-12,0.0,-2.842170943040401e-14,-1.4876988529977098e-14,4.440892098500626e-16,-4.85722573273506e-17
-1.0400569294688466e-12,-7.105427357601002e-15,2.1316282072803006e-14,-2.731148640577885e-14,4.440892098500626e-16,-5.48172618408671e-16
4.1946446316387664e-11,2.1316282072803006e-14,-2.842170943040401e-14,-1.3766765505351941e-14,4.440892098500626e-16,1.5959455978986625e-16
6.991918155563326e-11,1.4210854715202004e-14,0.0,1.9984014443252818e-15,4.440892098500626e-16,3.122502256758253e-16
1.6129586555280184e-10,1.4210854715202004e-14,-1.4210854715202004e-14,-1.0880185641326534e-14,-4.440892098500626e-16,1.5959455978986625e-16
8.416733976446267e-11,7.105427357601002e-15,-2.1316282072803006e-14,-1.3100631690576847e-14,0.0,-2.0122792321330962e-16
7.155254166946179e-11,1.4210854715202004e-14,-2.842170943040401e-14,-2.220446049250313e-16,-8.881784197001252e-16,3.677613769070831e-16
-7.30349114519413e-11,0.0,1.4210854715202004e-14,-8.881784197001252e-16,0.0,-1.0200174038743626e-15
-9.088108043897591e-11,0.0,-2.1316282072803006e-14,3.9968028886505635e-15,0.0,7.563394355258879e-16
3.2374103398069565e-11,1.4210854715202004e-14,-7.105427357601002e-15,1.4876988529977098e-14,0.0,2.706168622523819e-16
-3.510880475232625e-11,0.0,-7.105427357601002e-15,8.43769498715119e-15,-4.440892098500626e-16,4.85722573273506e-16
1.666577986725315e-11,-7.105427357601002e-15,0.0,-1.4210854715202004e-14,0.0,-1.2559397966072083e-15
6.035438815388261e-11,2.842170943040401e-14,-7.105427357601002e-15,2.1760371282653068e-14,0.0,-1.942890293094024e-16
-9.42828037864274e-11,0.0,1.4210854715202004e-14,-2.0872192862952943e-14,0.0,-1.734723475976807e-16
-3.8479441855088226e-11,-1.4210854715202004e-14,-1.4210854715202004e-14,-2.1316282072803006e-14,0.0,-1.2836953722228372e-15
1.674216321134736e-11,0.0,7.105427357601002e-15,-1.4876988529977098e-14,-4.440892098500626e-16,-1.0130785099704553e-15
7.564260329218087e-11,2.842170943040401e-14,-1.4210854715202004e-14,-1.3322676295501878e-15,4.440892098500626e-16,2.0122792321330962e-16
-2.0742518813676725e-11,0.0,-2.842170943040401e-14,-1.509903313490213e-14,0.0,1.3877787807814457e-17
-3.490185918053612e-11,-1.4210854715202004e-14,0.0,7.105427357601002e-15,0.0,8.396061623727746e-16
-1.2023448903164535e-10,0.0,-1.4210854715202004e-14,1.5987211554602254e-14,4.440892098500626e-16,-2.2898349882893854e-16
-2.4558133304708463e-11,1.4210854715202004e-14,1.4210854715202004e-14,-3.3306690738754696e-15,4.440892098500626e-16,-1.734723475976807e-17
4.5565329287455825e-11,1.4210854715202004e-14,7.105427357601002e-15,-1.4654943925052066e-14,-4.440892098500626e-16,-1.734723475976807e-17
2.971844992316619e-12,1.4210854715202004e-14,-2.1316282072803006e-14,-6.439293542825908e-15,4.440892098500626e-16,1.321859288694327e-15
-3.3573144264664734e-13,1.4210854715202004e-14,1.4210854715202004e-14,4.440892098500626e-15,0.0,-2.983724378680108e-16
3.0537350426129706e-11,1.4210854715202004e-14,-2.1316282072803006e-14,-1.1546319456101628e-14,4.440892098500626e-16,4.0592529337857286e-16
5.95719029661268e-11,-1.4210854715202004e-14,-1.4210854715202004e-14,1.1102230246251565e-15,4.440892098500626e-16,-5.967448757360216e-16
1.269988558760815e-10,0.0,-7.105427357601002e-15,4.440892098500626e-16,-4.440892098500626e-16,1.6653345369377348e-16
-1.1795364684985543e-10,0.0,2.1316282072803006e-14,-2.220446049250313e-15,0.0,-5.93275428784068e-16
3.1247893161889806e-11,-1.4210854715202004e-14,0.0,-2.886579864025407e-15,-4.440892098500626e-16,-1.1726730697603216e-15
8.820499886041944e-11,-1.4210854715202004e-14,2.842170943040401e-14,-6.217248937900877e-15,4.440892098500626e-16,4.2327252813834093e-16
1.254552017826427e-10,2.842170943040401e-14,-7.105427357601002e-15,2.6645352591003757e-15,-4.440892098500626e-16,-2.42861286636753e-17
-9.07718344933528e-12,0.0,1.4210854715202004e-14,3.774758283725532e-15,0.0,9.367506770274758e-17
-4.8189008339249995e-11,0.0,0.0,1.021405182655144e-14,-4.440892098500626e-16,-1.0755285551056204e-15
-2.9309887850104133e-12,-2.842170943040401e-14,1.4210854715202004e-14,4.6629367034256575e-15,2.220446049250313e-16,3.0531133177191805e-16
5.222489107836736e-12,0.0,0.0,7.549516567451064e-15,4.440892098500626e-16,-1.942890293094024e-16
5.3649529263566365e-11,-2.842170943040401e-14,-7.105427357601002e-15,-3.1086244689504383e-15,0.0,3.3306690738754696e-16
4.154898647357186e-11,-2.842170943040401e-14,1.4210854715202004e-14,9.992007221626409e-15,-2.220446049250313e-16,-1.1796119636642288e-16
1.8779289234771568e-10,4.263256414560601e-14,0.0,1.554312234475219e-14,0.0,7.875644580934704e-16
-4.6277648380055325e-11,2.842170943040401e-14,-7.105427357601002e-15,1.7763568394002505e-15,-4.440892098500626e-16,-3.5041414214731503e-16
-6.558309451065725e-11,0.0,0.0,-8.881784197001252e-16,2.220446049250313e-16,-3.191891195797325e-16
-1.389288684094936e-10,1.4210854715202004e-14,-2.842170943040401e-14,-2.531308496145357e-14,0.0,-1.3530843112619095e-16
-4.742872761198669e-11,0.0,0.0,3.1086244689504383e-15,4.440892098500626e-16,1.1726730697603216e-15
-9.661960120865842e-11,-1.4210854715202004e-14,-7.105427357601002e-15,-1.5543122344752192e-15,-2.220446049250313e-16,-2.0816681711721685e-16
-2.4416735300292203e-10,1.4210854715202004e-14,0.0,-1.9984014443252818e-15,-4.440892098500626e-16,8.187894806610529e-16
9.892531238619995e-11,0.0,7.105427357601002e-15,-8.881784197001252e-16,4.440892098500626e-16,-1.0061396160665481e-15
-8.193978828785475e-11,-1.4210854715202004e-14,-1.4210854715202004e-14,-3.552713678800501e-15,2.220446049250313e-16,2.8345381597461028e-15
3.2812863537401427e-11,1.4210854715202004e-14,7.105427357601002e-15,4.440892098500626e-16,0.0,2.463307335887066e-16
-1.0034995057139895e-10,0.0,-7.105427357601002e-15,1.3322676295501878e-15,-4.440892098500626e-16,1.8041124150158794e-16
-3.5342395676707383e-11,0.0,7.105427357601002e-15,-8.881784197001252e-16,-2.220446049250313e-16,3.122502256758253e-17
1.460378484807734e-10,0.0,7.105427357601002e-15,1.7763568394002505e-15,-2.220446049250313e-16,1.231653667943533e-15
-9.020695301842352e-11,2.842170943040401e-14,0.0,-3.552713678800501e-15,-2.220446049250313e-16,2.2898349882893854e-16
1.6999379681692517e-10,4.263256414560601e-14,-7.105427357601002e-15,8.881784197001252e-16,6.661338147750939e-16,9.020562075079397e-17
-1.2784795444531483e-10,2.842170943040401e-14,-1.4210854715202004e-14,3.1086244689504383e-15,4.440892098500626e-16,-1.7312540290248535e-15
-1.8876278318202822e-10,0.0,-7.105427357601002e-15,-1.1102230246251565e-15,0.0,1.7104373473131318e-15
6.930989115971897e-11,1.4210854715202004e-14,7.105427357601002e-15,6.661338147750939e-15,0.0,-1.2888995426507677e-15
7.547384939243784e-11,0.0,1.4210854715202004e-14,-2.6645352591003757e-15,2.220446049250313e-16,4.926614671774132e-16
-9.964296054931765e-11,1.4210854715202004e-14,7.105427357601002e-15,-4.440892098500626e-16,6.661338147750939e-16,3.469446951953614e-16
4.660449803850497e-11,0.0,-7.105427357601002e-15,2.220446049250313e-15,2.220446049250313e-16,-2.220446049250313e-16
-4.721911750493746e-11,2.842170943040401e-14,-1.4210854715202004e-14,2.886579864025407e-15,-4.440892098500626e-16,-5.048045315092509e-16
4.32756053214689e-11,-2.842170943040401e-14,7.105427357601002e-15,-2.4424906541753444e-15,0.0,2.8275992658421956e-16
1.5852208434807835e-11,-5.684341886080802e-14,1.4210854715202004e-14,6.661338147750939e-16,4.440892098500626e-16,-3.4867941867133823e-16
-6.193090484885033e-11,2.842170943040401e-14,7.105427357601002e-15,4.6629367034256575e-15,6.661338147750939e-16,3.469446951953614e-18
-1.0951595186270424e-10,0.0,0.0,-1.3322676295501878e-15,-6.661338147750939e-16,-8.673617379884035e-17
9.520917387817462e-11,0.0,-1.4210854715202004e-14,-5.595524044110789e-14,6.661338147750939e-16,1.1518563880486e-15
3.455369324001367e-11,0.0,2.1316282072803006e-14,4.440892098500626e-15,0.0,5.551115123125783e-16
-1.0800249583553523e-10,2.842170943040401e-14,-7.105427357601002e-15,-2.9753977059954195e-14,4.440892098500626e-16,-8.396061623727746e-16
-2.2886581518832827e-11,0.0,-7.105427357601002e-15,-8.348877145181177e-14,2.220446049250313e-16,-1.1015494072452725e-15
7.738520935163251e-11,2.842170943040401e-14,0.0,3.552713678800501e-15,0.0,5.93275428784068e-16
1.4228618283596006e-11,0.0,-2.842170943040401e-14,-2.4868995751603507e-14,-2.220446049250313e-16,1.2906342661267445e-15
-8.587974775764451e-11,-2.842170943040401e-14,-1.4210854715202004e-14,0.0,0.0,1.942890293094024e-16
8.171241461241152e-11,-2.842170943040401e-14,7.105427357601002e-15,2.0872192862952943e-14,4.440892098500626e-16,8.673617379884035e-16
2.0797585875698132e-11,-2.842170943040401e-14,-7.105427357601002e-15,-4.884981308350689e-15,0.0,4.874572967494828e-16
4.312994406063808e-12,5.684341886080802e-14,0.0,-4.884981308350689e-15,0.0,5.377642775528102e-17
-1.765627644090273e-10,2.842170943040401e-14,-2.1316282072803006e-14,-6.217248937900877e-15,0.0,7.589415207398531e-16
5.523403956431139e-11,2.842170943040401e-14,-2.842170943040401e-14,7.327471962526033e-15,0.0,-3.2526065174565133e-16
4.518341256698477e-11,-5.684341886080802e-14,7.105427357601002e-15,-4.440892098500626e-16,-2.220446049250313e-16,3.1051550219984847e-16
-2.2950530365051236e-12,2.842170943040401e-14,0.0,-3.597122599785507e-14,0.0,8.847089727481716e-17
1.5640466699551325e-10,5.684341886080802e-14,-7.105427357601002e-15,-3.108624468950438e-14,0.0,-7.832276494035284e-16
1.7493562154413667e-11,0.0,-1.4210854715202004e-14,3.1086244689504383e-15,0.0,-8.066464163292153e-17
6.81090739362844e-11,-2.842170943040401e-14,2.1316282072803006e-14,7.549516567451064e-15,2.220446049250313e-16,2.8796409701215e-16
4.056488478454412e-11,-2.842170943040401e-14,7.105427357601002e-15,6.750155989720952e-14,0.0,-4.640385298237959e-16
5.46194200978789e-11,2.842170943040401e-14,-1.4210854715202004e-14,6.661338147750939e-15,-6.661338147750939e-16,-1.3010426069826053e-17
7.624123554705875e-12,2.842170943040401e-14,-7.105427357601002e-15,-1.532107773982716e-14,4.440892098500626e-16,-3.3480163086352377e-16
3.431921413721284e-12,2.842170943040401e-14,7.105427357601002e-15,-7.549516567451064e-15,4.440892098500626e-16,-1.8995222061946038e-16
-2.871303195206565e-11,5.684341886080802e-14,-1.4210854715202004e-14,1.9317880628477724e-14,2.220446049250313e-16,6.392456008974534e-16
-1.4779288903810084e-12,0.0,-7.105427357601002e-15,2.3092638912203256e-14,0.0,6.977925182116707e-16
4.8686388254282065e-11,-2.842170943040401e-14,0.0,-6.661338147750939e-15,-2.220446049250313e-16,-5.898059818321144e-17
2.4577673229941865e-11,2.842170943040401e-14,0.0,4.8405723873656825e-14,2.220446049250313e-16,-6.761084747619606e-16
-1.1727863125088334e-10,2.842170943040401e-14,-7.105427357601002e-15,1.6209256159527285e-14,-2.220446049250313e-16,-1.2758891165809416e-15
1.0025758001575014e-11,0.0,7.105427357601002e-15,4.1744385725905886e-14,2.220446049250313e-16,-3.131175874138137e-16
8.204636969821877e-11,-2.842170943040401e-14,0.0,-7.105427357601002e-15,6.661338147750939e-16,6.843484112728504e-16
1.7481127656537865e-11,-2.842170943040401e-14,-7.105427357601002e-15,6.661338147750939e-15,2.220446049250313e-16,2.157996004115148e-15
-6.59579058037707e-11,5.684341886080802e-14,1.4210854715202004e-14,2.8199664825478976e-14,2.220446049250313e-16,-3.5648567431323386e-16
-7.862155371185509e-12,2.842170943040401e-14,7.105427357601002e-15,1.7763568394002505e-15,6.661338147750939e-16,-1.5959455978986625e-16
9.375078491302702e-11,-2.842170943040401e-14,7.105427357601002e-15,-2.9753977059954195e-14,-4.440892098500626e-16,-9.107298248878237e-18
-3.5345948390386184e-11,0.0,-7.105427357601002e-15,-2.6645352591003757e-14,0.0,2.667137344314341e-16
-4.802913622370397e-11,-2.842170943040401e-14,-7.105427357601002e-15,-1.9984014443252818e-14,2.220446049250313e-16,-4.7704895589362195e-18
-1.878674993349705e-10,-2.842170943040401e-14,1.4210854715202004e-14,0.0,2.220446049250313e-16,-1.0980799602933189e-15
4.023092969873687e-11,0.0,1.4210854715202004e-14,-2.864375403532904e-14,-1.1102230246251565e-16,2.250803710079907e-16
3.539391002504999e-11,0.0,7.105427357601002e-15,1.7319479184152442e-14,1.1102230246251565e-16,4.102621020685149e-16
1.3950973709597747e-10,-8.526512829121202e-14,-1.4210854715202004e-14,-7.105427357601002e-15,1.1102230246251565e-16,-7.025630077706069e-17
-3.54543061575896e-11,0.0,7.105427357601002e-15,-2.0872192862952943e-14,6.661338147750939e-16,-1.231653667943533e-16
1.0734524380495714e-11,2.842170943040401e-14,-1.4210854715202004e-14,-4.196643033083092e-14,7.771561172376096e-16,-4.709774237277031e-16
2.4007462684494385e-11,2.842170943040401e-14,1.4210854715202004e-14,1.7319479184152442e-14,-1.1102230246251565e-16,3.3306690738754696e-16
-3.4040326113427e-11,0.0,-7.105427357601002e-15,-5.773159728050814e-15,-2.220446049250313e-16,1.960237527853792e-16
-1.3651657582158805e-10,0.0,1.4210854715202004e-14,4.1300296516055823e-14,-1.1102230246251565e-16,-2.96637714392034e-16
4.926903329760535e-11,2.842170943040401e-14,0.0,3.1086244689504383e-15,-6.661338147750939e-16,-5.204170427930421e-18
1.2948220273756306e-10,0.0,7.105427357601002e-15,-8.659739592076221e-15,2.220446049250313e-16,-7.112366251504909e-17
1.0123457627742027e-11,0.0,7.105427357601002e-15,4.6851411639181606e-14,-2.220446049250313e-16,-1.6653345369377348e-16
-6.267697472139844e-11,-2.842170943040401e-14,-7.105427357601002e-15,1.3100631690576847e-14,-3.3306690738754696e-16,7.78023478975598e-16
-5.016431714466307e-12,0.0,7.105427357601002e-15,2.55351295663786e-14,-6.661338147750939e-16,-6.938893903907228e-16
3.5568881173730915e-11,2.842170943040401e-14,0.0,2.042810365310288e-14,-2.220446049250313e-16,-1.0243542125643046e-15
-9.691714097925797e-11,-2.842170943040401e-14,7.105427357601002e-15,7.549516567451064e-15,1.1102230246251565e-16,-1.457167719820518e-16
1.78103753967207e-10,0.0,-7.105427357601002e-15,-2.353672812205332e-14,-3.3306690738754696e-16,1.0668549377257364e-15
6.191136492361693e-11,0.0,-7.105427357601002e-15,-2.375877272697835e-14,1.1102230246251565e-16,-8.127179484951341e-16
-6.541167607565512e-11,-5.684341886080802e-14,0.0,1.3100631690576847e-14,5.551115123125783e-16,3.7816971776294395e-16
-1.0971401565029737e-10,2.842170943040401e-14,7.105427357601002e-15,4.241051954068098e-14,-6.661338147750939e-16,-2.3071822230491534e-16
6.057732093722734e-11,0.0,0.0,3.952393967665557e-14,-6.661338147750939e-16,8.968520370800093e-16
-2.76632050599801e-11,-2.842170943040401e-14,0.0,1.5987211554602254e-14,1.1102230246251565e-16,-3.5214886562329184e-16
1.4800605185882887e-11,2.842170943040401e-14,7.105427357601002e-15,7.105427357601002e-15,4.440892098500626e-16,-5.2562121322097255e-16
1.5023760013832543e-10,2.842170943040401e-14,7.105427357601002e-15,-2.220446049250313e-15,4.440892098500626e-16,-2.3245294578089215e-16
1.8249846078788323e-11,4.831690603168681e-13,-1.3500311979441904e-13,1.9317880628477724e-14,9.2148511043888e-15,-1.091488011084607e-14
-8.664624573384572e-11,2.2737367544323206e-13,-7.105427357601002e-14,4.218847493575595e-15,4.6629367034256575e-15,-5.39499001028787e-15
-5.455103035956199e-11,5.115907697472721e-13,-1.4921397450962104e-13,2.1538326677728037e-14,1.199040866595169e-14,-1.3791051634015616e-14
-2.155120526481369e-11,9.379164112033322e-13,-2.6290081223123707e-13,4.1522341120980855e-14,2.0317081350640365e-14,-2.3207130661617725e-14
6.869971258538499e-11,4.263256414560601e-13,-1.2079226507921703e-13,2.8199664825478976e-14,9.992007221626409e-15,-9.705777848090236e-15
3.5698111133797283e-12,1.7053025658242404e-13,-6.394884621840902e-14,7.993605777301127e-15,5.10702591327572e-15,-6.279698983036042e-15
3.122235803232343e-11,2.2737367544323206e-13,-4.973799150320701e-14,9.769962616701378e-15,3.9968028886505635e-15,-4.853756285783106e-15
-1.9206991552778163e-10,8.242295734817162e-13,-2.2737367544323206e-13,3.6193270602780103e-14,1.84297022087776e-14,-2.114627917215728e-14
6.487110848496513e-11,5.684341886080802e-14,-2.1316282072803006e-14,3.1086244689504383e-15,1.5543122344752192e-15,-6.574601973952099e-16
4.4518055908326915e-11,-2.5579538487363607e-13,6.394884621840902e-14,-8.43769498715119e-15,-4.6629367034256575e-15,4.4651782271643015e-15
3.0628166669544044e-11,-8.526512829121202e-14,1.4210854715202004e-14,-3.1086244689504383e-15,-1.3322676295501878e-15,2.9646424204443633e-15
9.943434964299058e-11,3.694822225952521e-13,-1.1368683772161603e-13,1.3766765505351941e-14,8.43769498715119e-15,-8.527900607901984e-15
-1.2785461578346258e-10,3.410605131648481e-13,-5.755396159656812e-13,1.0658141036401503e-14,7.66053886991358e-15,-8.18789480661053e-15
-1.3887158090142293e-10,1.0516032489249483e-12,1.0018652574217413e-12,3.4861002973229915e-14,2.3314683517128287e-14,-2.8451199729495613e-14
-8.920730820705103e-11,0.0,0.0,-1.5543122344752192e-15,-4.440892098500626e-16,3.8163916471489756e-17
-1.4006240611763587e-11,0.0,0.0,6.661338147750939e-16,6.661338147750939e-16,-6.539907504432563e-16
-7.289502335083853e-11,-5.684341886080802e-14,-7.105427357601002e-15,-1.1102230246251565e-15,1.1102230246251565e-16,6.83481049534862e-16
3.9728442757791527e-11,-1.4210854715202004e-13,2.842170943040401e-14,-3.1086244689504383e-15,-1.887379141862766e-15,2.7460672624712856e-15
-1.0890954804665398e-10,8.810729923425242e-13,-1.9895196601282805e-13,1.7763568394002505e-14,1.6986412276764895e-14,-2.2169766022983595e-14
2.9669711132385146e-11,-2.842170943040401e-14,2.1316282072803006e-14,-2.6645352591003757e-15,-1.3322676295501878e-15,2.2187113257743363e-15
4.5947523563683035e-11,2.8421709430404007e-13,-5.684341886080802e-14,5.10702591327572e-15,5.10702591327572e-15,-7.637987464725882e-15
-5.908540323673606e-11,5.400124791776761e-13,-1.0658141036401503e-13,6.661338147750939e-15,9.992007221626409e-15,-1.1593156989953002e-14
7.705180937733758e-11,4.831690603168681e-13,-9.947598300641403e-14,3.552713678800501e-15,8.548717289613705e-15,-1.2206381738710803e-14
2.2843726910082296e-11,-8.526512829121202e-14,1.4210854715202004e-14,-4.440892098500626e-16,-1.6653345369377348e-15,1.9741153156616065e-15
-9.026701608405574e-11,7.105427357601002e-13,-1.4921397450962104e-13,3.3306690738754696e-15,1.199040866595169e-14,-1.4731271757995046e-14
2.667410736734155e-11,-5.684341886080802e-14,2.1316282072803006e-14,-4.440892098500626e-16,-1.5543122344752192e-15,1.3366044382401299e-15
1.3305467838620189e-11,1.7053025658242404e-13,-3.552713678800501e-14,-3.3306690738754696e-16,1.7763568394002505e-15,-1.4536982728685643e-15
-1.9313994847891536e-11,-5.400124791776761e-13,1.1368683772161603e-13,7.771561172376096e-16,-8.548717289613705e-15,1.3464056258793988e-14
3.9093478454432784e-11,1.4210854715202004e-13,-4.263256414560601e-14,-6.661338147750939e-16,2.55351295663786e-15,-5.098352295895836e-15
-9.430517478037359e-11,-5.684341886080801e-13,9.947598300641403e-14,3.2751579226442118e-15,-7.66053886991358e-15,1.2418018002779974e-14
8.710054899552233e-11,2.842170943040401e-14,7.105427357601002e-15,-3.3306690738754696e-16,2.220446049250313e-16,-8.27463098040937e-16
-5.426936677821459e-11,-2.842170943040401e-14,0.0,-3.3306690738754696e-16,-1.1102230246251565e-16,-2.8015784137025435e-16
8.866729572787335e-11,-3.694822225952521e-13,0.0,-1.942890293094024e-16,3.3306690738754696e-16,-4.675079767757495e-16
-3.371825041398324e-11,-2.842170943040401e-14,0.0,-3.7470027081099033e-16,3.3306690738754696e-16,8.552186736565659e-16
-1.411271099982514e-10,-2.2737367544323206e-13,2.1316282072803006e-14,-5.551115123125783e-17,1.1102230246251565e-16,6.34041430469523e-16
-1.4591439168043507e-11,-2.2737367544323206e-13,7.105427357601002e-15,-2.220446049250313e-16,1.1102230246251565e-16,1.0495077029659683e-16
3.0321078980932725e-11,3.694822225952521e-13,0.0,-1.1102230246251565e-16,2.220446049250313e-16,-1.4450246554886803e-15
-1.1184253523310872e-10,5.684341886080802e-14,7.105427357601002e-15,7.771561172376096e-16,-3.3306690738754696e-16,5.724587470723463e-16
2.965849787983643e-12,-6.252776074688882e-13,1.1368683772161603e-13,1.6542323066914832e-14,-7.882583474838611e-15,1.610864219792063e-14
1.040538766261534e-10,-3.410605131648481e-13,7.105427357601002e-14,9.2148511043888e-15,-4.551914400963142e-15,7.62237495344209e-15
4.5185855057638946e-11,5.115907697472721e-13,-8.526512829121202e-14,-1.4876988529977098e-14,5.88418203051333e-15,2.5569824035898137e-15
3.4227731759983726e-11,-2.0463630789890885e-12,3.552713678800501e-13,6.417089082333405e-14,-2.353672812205332e-14,-1.0796051552741659e-14
2.936717535817479e-11,2.2737367544323206e-13,-2.842170943040401e-14,-7.993605777301127e-15,2.9976021664879227e-15,1.6237011735142914e-15
-8.208056456737722e-11,2.5579538487363607e-13,-4.973799150320701e-14,-1.021405182655144e-14,2.886579864025407e-15,1.487525380650112e-15
-7.531308909847212e-11,-2.2737367544323206e-13,4.973799150320701e-14,7.993605777301127e-15,-2.1649348980190553e-15,-9.003214840319629e-16
1.1866285731798598e-10,-1.1368683772161603e-13,2.1316282072803006e-14,5.995204332975845e-15,-9.992007221626409e-16,-8.699638232023688e-16
4.030464850757198e-11,-2.842170943040401e-14,1.4210854715202004e-14,-2.1316282072803006e-14,-8.881784197001252e-16,1.0885389811754465e-16
3.79603015687735e-11,5.684341886080802e-14,-7.105427357601002e-15,4.285460875053104e-14,9.71445146547012e-16,7.454974138010328e-16
5.164002558899483e-11,-4.263256414560601e-13,7.105427357601002e-14,-2.1671553440683056e-13,-3.608224830031759e-15,-2.7031328564408597e-15
-1.078124256537194e-10,-7.958078640513122e-13,1.3500311979441904e-13,-4.936051567483446e-13,-6.994405055138486e-15,-5.50644599361938e-15
4.25712798346467e-11,5.968558980384842e-13,-8.526512829121202e-14,3.7836400679225335e-13,4.413136522884997e-15,3.853688201882477e-15
-9.769962616701378e-13,5.115907697472721e-13,-9.237055564881302e-14,2.97983859809392e-13,3.219646771412954e-15,2.405194099441843e-15
-8.468248324788874e-11,8.526512829121202e-14,-7.105427357601002e-15,7.549516567451064e-15,1.6653345369377348e-16,-1.682681771697503e-16
1.3369749751745985e-11,-2.8421709430404007e-13,7.105427357601002e-14,6.483702463810914e-14,-2.581268532253489e-15,-2.7803280511218276e-15
1.3388312680717718e-10,7.958078640513122e-13,-1.4921397450962104e-13,-1.454392162258955e-13,4.85722573273506e-15,5.0627904646383115e-15
-1.4844658835500013e-10,-8.526512829121202e-14,2.1316282072803006e-14,2.4202861936828413e-14,-6.938893903907228e-16,-1.0482066603589857e-15
-4.717204404869335e-11,-2.2737367544323206e-13,4.263256414560601e-14,3.863576125695545e-14,-9.43689570931383e-16,-1.4042586538032253e-15
4.61080063018926e-11,1.4210854715202004e-13,0.0,-1.3322676295501878e-14,1.6653345369377348e-16,1.0221858082193336e-15
8.752110147725034e-12,-2.2737367544323206e-13,7.105427357601002e-15,1.6653345369377348e-14,-5.551115123125783e-17,-8.500145032286355e-16
-7.710454497100727e-11,2.8421709430404007e-13,-4.973799150320701e-14,-4.0190073491430667e-14,8.326672684688674e-16,1.6245685352522798e-15
6.998313040185167e-11,-3.979039320256561e-13,6.394884621840902e-14,4.9960036108132044e-14,-6.661338147750939e-16,-2.134360396754964e-15
7.432632287418528e-11,-5.115907697472721e-13,8.526512829121202e-14,6.483702463810914e-14,-9.992007221626409e-16,-2.4257939407190676e-15
-1.1317702330870816e-10,9.663381206337363e-13,-1.5631940186722204e-13,-1.496580637194711e-13,1.887379141862766e-15,7.206258159642154e-15
-1.397015836346327e-11,5.684341886080801e-13,-9.237055564881302e-14,-5.906386491005833e-14,3.3306690738754696e-16,4.765068548073792e-15
8.284928298962768e-11,-1.1368683772161603e-13,2.842170943040401e-14,3.907985046680551e-14,-2.220446049250313e-16,-1.5707921074969988e-15
-1.1291412249647692e-11,-5.684341886080802e-14,3.552713678800501e-14,1.3322676295501878e-14,0.0,-4.59918561568351e-16
-2.389377584677277e-11,-1.4210854715202004e-13,-7.105427357601002e-15,1.7763568394002505e-14,0.0,-1.2433630514063765e-15
1.4104273304837989e-11,4.547473508864641e-13,-8.526512829121202e-14,-5.3290705182007514e-14,-6.661338147750939e-16,4.0913453180912995e-15
-1.2959766593212407e-10,8.526512829121202e-14,7.105427357601002e-15,-2.4424906541753444e-14,-4.440892098500626e-16,1.0924421089963943e-15
4.461853109205549e-11,-2.2737367544323206e-13,5.684341886080802e-14,2.6201263381153694e-14,1.1102230246251565e-15,-1.304728894369056e-15
2.1867840871436783e-11,-1.4210854715202004e-13,-7.105427357601002e-15,-7.327471962526033e-15,-2.220446049250313e-16,-3.9963692077815693e-16
1.4768808398457622e-10,1.7053025658242404e-13,-2.842170943040401e-14,-8.43769498715119e-15,-6.661338147750939e-16,2.0818850116066656e-15
-1.7490009440734866e-11,-6.252776074688882e-13,9.237055564881302e-14,7.127631818093505e-14,2.4424906541753444e-15,-6.244137151778517e-15
1.6252776902092592e-10,4.547473508864641e-13,-8.526512829121202e-14,-7.194245199571014e-14,-2.4424906541753444e-15,3.2246341014063873e-15
3.320010932839068e-12,-2.5579538487363607e-13,3.552713678800501e-14,3.68594044175552e-14,1.5543122344752192e-15,-2.656512163023983e-15
-3.399236447876319e-11,3.126388037344441e-13,-4.263256414560601e-14,-2.708944180085382e-14,-2.220446049250313e-15,1.2448809344478562e-15
7.037925797703792e-12,-6.252776074688882e-13,1.0658141036401503e-13,8.615330671091215e-14,4.6629367034256575e-15,-6.49523837492616e-15
1.021049911287264e-11,-1.9895196601282805e-13,3.552713678800501e-14,2.1316282072803006e-14,8.881784197001252e-16,-1.5321945101565149e-15
-1.269704341666511e-10,-1.4210854715202004e-13,2.842170943040401e-14,1.2212453270876722e-14,1.1102230246251565e-15,-2.3869795029440866e-15
9.802647582546342e-11,-6.252776074688882e-13,1.1368683772161603e-13,9.192646643896296e-14,6.217248937900877e-15,-7.883884517445594e-15
-4.5789150249220256e-11,3.979039320256561e-13,-8.526512829121202e-14,-6.794564910705958e-14,-5.10702591327572e-15,4.137749171073679e-15
6.224354365258478e-12,0.0,-2.1316282072803006e-14,-1.1102230246251565e-15,4.440892098500626e-16,3.480288973678469e-16
4.331646152877511e-11,4.831690603168681e-13,-8.526512829121202e-14,-7.260858581048524e-14,-5.551115123125783e-15,6.336511176874282e-15
2.404689780632907e-10,2.8421709430404007e-13,-4.263256414560601e-14,-5.417888360170764e-14,-4.884981308350689e-15,3.092578276797653e-15
-4.96456209475582e-11,-3.126388037344441e-13,4.973799150320701e-14,3.952393967665557e-14,5.329070518200751e-15,-4.451734120225481e-15
-1.5557688470835274e-10,3.979039320256561e-13,-6.394884621840902e-14,-4.551914400963142e-14,-5.773159728050814e-15,5.002075142979123e-15
7.501377297103318e-11,1.9895196601282805e-13,-3.552713678800501e-14,8.260059303211165e-14,4.618527782440651e-14,1.5031378919339033e-15
2.4943602738858317e-11,-3.410605131648481e-13,5.684341886080802e-14,-1.8385293287792592e-13,-1.0658141036401503e-13,-3.920908736576578e-15
4.938272013532696e-12,5.684341886080802e-14,-7.105427357601002e-15,7.260858581048524e-14,5.284661597215745e-14,9.762156361059482e-16
-2.914468666403991e-11,1.1368683772161603e-13,-7.105427357601002e-15,4.4853010194856324e-14,2.4868995751603507e-14,3.176712365382528e-16
-2.5851321083791845e-11,-1.7053025658242404e-13,7.105427357601002e-15,-1.283417816466681e-13,-7.238654120556021e-14,-3.848917712323541e-15
6.799538709856279e-11,1.4210854715202004e-13,-7.105427357601002e-15,6.039613253960852e-14,4.440892098500626e-14,7.147060721024445e-16
-7.277556335338886e-11,2.842170943040401e-14,0.0,-2.220446049250313e-15,-3.552713678800501e-15,8.370040771588094e-17
6.338929381399794e-11,0.0,2.1316282072803006e-14,2.4646951146678475e-14,-1.0524914273446484e-13,-6.067195357228883e-16
2.6151525389650487e-11,-2.842170943040401e-14,0.0,1.4654943925052066e-14,-1.1546319456101628e-13,2.3479482247346084e-15
7.524114664647641e-11,0.0,1.4210854715202004e-14,-4.884981308350689e-15,-1.1546319456101628e-14,1.994498316504334e-15
-4.8325787815883814e-11,0.0,7.105427357601002e-15,5.995204332975845e-15,1.4654943925052066e-14,-2.9000239709642273e-15
-3.994848896127223e-11,0.0,7.105427357601002e-15,-8.659739592076221e-15,-4.529709940470639e-14,-7.108029442814967e-16
-7.401013135677204e-11,0.0,0.0,1.4432899320127035e-14,3.68594044175552e-14,1.1869845384371303e-15
2.41175968085372e-11,2.842170943040401e-14,-7.105427357601002e-15,8.881784197001252e-15,-7.549516567451064e-15,-9.853229343548264e-16
-1.1589929016508904e-10,-2.842170943040401e-14,-2.842170943040401e-14,1.1546319456101628e-14,5.728750807065808e-14,6.214646852686911e-16
1.63069557856943e-11,0.0,0.0,-9.103828801926284e-15,-1.9539925233402755e-14,2.0864386607311047e-15
7.651479450032639e-11,-8.526512829121202e-14,-1.4210854715202004e-14,-5.773159728050814e-15,-5.773159728050814e-14,1.8908485888147197e-15
1.1049294812437438e-10,8.526512829121202e-14,1.4210854715202004e-14,-2.220446049250313e-16,1.7763568394002505e-15,-8.023096076392733e-16
1.787014980436652e-11,2.842170943040401e-14,1.4210854715202004e-14,7.105427357601002e-15,4.75175454539567e-14,1.3010426069826053e-16
1.3490186745457322e-10,2.842170943040401e-14,7.105427357601002e-15,3.3306690738754696e-15,-3.1086244689504383e-15,2.5760643618255585e-15
3.155253835984695e-11,5.684341886080802e-14,-7.105427357601002e-15,4.440892098500626e-16,-7.105427357601002e-15,4.163336342344337e-16
-5.440181638505237e-11,-5.684341886080802e-14,7.105427357601002e-15,-7.105427357601002e-15,-4.440892098500626e-16,3.9898639947466563e-17
-7.906386656486575e-11,5.684341886080802e-14,2.1316282072803006e-14,-1.7319479184152442e-14,-4.75175454539567e-14,-1.300175245244617e-15
3.106492840743158e-11,0.0,2.1316282072803006e-14,2.1538326677728037e-14,-2.708944180085382e-14,-7.086345399365257e-16
1.4811973869655048e-10,-2.842170943040401e-14,0.0,-3.3306690738754696e-14,3.4638958368304884e-14,6.565928356572215e-16
1.4371259737799846e-10,0.0,-7.105427357601002e-15,4.884981308350689e-15,-3.552713678800501e-15,-8.517492267046123e-16
6.143974218275616e-11,2.842170943040401e-14,-7.105427357601002e-15,-1.2811973704174306e-13,1.4477308241112041e-13,-1.43982048506075e-16
-3.849986995874133e-11,5.684341886080802e-14,-7.105427357601002e-15,-4.440892098500626e-16,4.440892098500626e-15,2.7304547511874944e-15
1.3075540650220319e-10,5.684341886080802e-14,1.4210854715202004e-14,-4.440892098500626e-15,-1.1546319456101628e-14,8.283304597789254e-16
3.708500173615903e-11,0.0,7.105427357601002e-15,-1.1102230246251565e-15,1.7763568394002505e-15,-1.3860440573054689e-15
3.0388136451620085e-11,2.842170943040401e-14,7.105427357601002e-15,-4.884981308350689e-15,1.687538997430238e-14,-2.456368441983159e-15
-1.250941572550346e-10,0.0,2.1316282072803006e-14,-6.661338147750939e-16,-1.3322676295501878e-14,-1.9116652705264414e-15
-9.796563560371396e-11,2.842170943040401e-14,1.4210854715202004e-14,-1.9984014443252818e-15,-1.1546319456101628e-14,4.805184028455756e-16
2.0742074724466875e-11,0.0,0.0,1.27675647831893e-14,2.4868995751603507e-14,3.469446951953614e-17
2.968569834393975e-11,2.842170943040401e-14,-7.105427357601002e-15,-1.3877787807814457e-14,-6.128431095930864e-14,-2.3505503099485736e-15
1.1104006603090966e-11,0.0,-7.105427357601002e-15,2.6645352591003757e-15,2.5757174171303632e-14,-7.268491364342822e-16
-8.578671106818092e-11,0.0,1.4210854715202004e-14,-6.106226635438361e-15,-2.6645352591003757e-15,-8.72565908416334e-16
-7.691181025393234e-12,0.0,-7.105427357601002e-15,1.099120794378905e-14,7.016609515630989e-14,7.407269242420966e-16
-1.0879031009380924e-10,-2.842170943040401e-14,-7.105427357601002e-15,4.9960036108132044e-15,1.7763568394002505e-15,-2.258609965721803e-15
6.071898539516951e-11,2.842170943040401e-14,0.0,-3.1086244689504383e-15,-8.615330671091215e-14,2.6645352591003757e-15
-3.657962821534966e-11,-5.684341886080802e-14,7.105427357601002e-15,3.774758283725532e-15,-1.509903313490213e-14,-5.707240235963695e-16
3.933320336102497e-11,0.0,-7.105427357601002e-15,-8.659739592076221e-15,1.2434497875801753e-14,4.260480856999038e-15
2.3199975274224016e-10,-5.684341886080802e-14,0.0,-4.6629367034256575e-15,2.6645352591003757e-15,2.6229018956769323e-15
1.4593659614092758e-11,0.0,-1.4210854715202004e-14,1.2212453270876722e-15,0.0,2.2794266474335245e-15
-4.4226400319757886e-11,-2.842170943040401e-14,-1.4210854715202004e-14,5.551115123125783e-16,3.552713678800501e-15,-7.563394355258879e-16
1.3716938696006764e-10,-2.842170943040401e-14,-1.4210854715202004e-14,4.440892098500626e-16,0.0,-5.178149575790769e-15
1.6620482767848443e-11,-5.684341886080802e-14,2.1316282072803006e-14,1.2212453270876722e-15,-2.6645352591003757e-15,-1.5994150448506161e-15
9.9298347322474e-13,-5.684341886080802e-14,-7.105427357601002e-15,1.1102230246251565e-15,3.552713678800501e-15,2.563921297493721e-15
-4.1954884011374816e-11,0.0,7.105427357601002e-15,-2.7755575615628914e-15,-2.6645352591003757e-15,-4.683753385137379e-16
2.8852920053168418e-11,-2.842170943040401e-14,-1.4210854715202004e-14,-2.1094237467877974e-15,8.881784197001252e-16,9.020562075079397e-16
2.9748647989435995e-11,2.842170943040401e-14,-1.4210854715202004e-14,-2.3314683517128287e-15,-1.7763568394002505e-15,-1.429412144204889e-15
-4.2875036854184145e-11,5.684341886080802e-14,-7.105427357601002e-15,4.385380947269368e-15,3.2862601528904634e-14,-5.585809592645319e-16
5.0611959068191936e-11,0.0,0.0,-3.164135620181696e-15,4.440892098500626e-14,-1.942890293094024e-16
1.12084563852477e-10,2.842170943040401e-14,7.105427357601002e-15,1.532107773982716e-14,6.572520305780927e-14,-4.145989107584569e-15
1.928057713485032e-11,-5.684341886080802e-14,0.0,-1.0824674490095276e-15,-4.263256414560601e-14,2.5396351688300456e-15
-3.878675158830447e-11,0.0,-1.4210854715202004e-14,7.93809462606987e-15,8.348877145181177e-14,-8.36136715420821e-16
8.121325834054005e-11,-1.4210854715202004e-14,0.0,4.121702978920894e-15,2.042810365310288e-14,-6.869504964868156e-16
-8.062173151301977e-11,0.0,-1.4210854715202004e-14,6.689093723366568e-15,7.904787935331115e-14,-6.050715484207103e-15
-4.6146197973939707e-11,-4.263256414560601e-14,-7.105427357601002e-15,1.0047518372857667e-14,5.3290705182007514e-14,9.54097911787244e-16
-4.285549692895074e-11,1.4210854715202004e-14,-1.4210854715202004e-14,-5.578870698741412e-15,-1.865174681370263e-14,-2.0920765120280294e-15
-9.704237413643568e-11,-2.842170943040401e-14,-1.4210854715202004e-14,-1.0824674490095276e-14,-8.526512829121202e-14,-2.6298407895808396e-15
4.61026772313744e-11,0.0,7.105427357601002e-15,4.163336342344337e-16,2.930988785010413e-14,4.40619762898109e-16
3.4369840307135746e-11,0.0,-2.1316282072803006e-14,2.192690473634684e-15,-3.552713678800501e-15,-5.325601071248798e-15
-6.008349373587407e-11,-2.842170943040401e-14,0.0,-3.524958103184872e-15,3.552713678800501e-15,1.7590096046404824e-15
-5.029843208603779e-11,-2.842170943040401e-14,0.0,6.744604874597826e-15,-8.881784197001252e-16,7.112366251504909e-16
9.722000982037571e-11,0.0,1.4210854715202004e-14,-8.631984016460592e-15,4.440892098500626e-15,2.643718577388654e-15
-6.723688272813888e-11,1.4210854715202004e-14,-1.4210854715202004e-14,-4.9404924595819466e-15,-8.881784197001252e-16,-2.570860191397628e-15
-6.016875886416528e-11,5.684341886080802e-14,-1.4210854715202004e-14,2.7200464103316335e-15,3.552713678800501e-15,1.9914625504213745e-15
-1.9818102714452834e-10,2.842170943040401e-14,-1.4210854715202004e-14,-6.8833827526759706e-15,3.552713678800501e-15,3.805983306293115e-15
-1.0301093311682052e-10,-1.4210854715202004e-14,1.4210854715202004e-14,2.3314683517128287e-15,-8.881784197001252e-16,-2.7269853042355408e-15
-9.43183309232154e-11,4.263256414560601e-14,0.0,-4.996003610813204e-16,8.881784197001252e-16,2.067790383364354e-15
-1.0837197805813048e-10,1.4210854715202004e-14,0.0,2.609024107869118e-15,0.0,-4.787836793695988e-16
8.592682121388862e-11,2.842170943040401e-14,0.0,5.551115123125783e-17,-3.552713678800501e-15,-1.6375789613221059e-15
-6.872014068903809e-11,-2.842170943040401e-14,3.552713678800501e-15,5.440092820663267e-15,-5.329070518200751e-15,-1.949829186997931e-15
-4.11333189731522e-11,1.4210854715202004e-14,0.0,-1.1657341758564144e-15,-1.7763568394002505e-15,6.800116025829084e-16
1.240634261989726e-10,0.0,7.105427357601002e-15,-1.887379141862766e-15,-3.1086244689504383e-15,-2.0816681711721685e-15
-2.3643309532417334e-12,1.4210854715202004e-14,1.7763568394002505e-14,2.275957200481571e-15,1.7763568394002505e-15,3.885780586188048e-16
-7.362999099314038e-11,0.0,-2.842170943040401e-14,2.275957200481571e-15,3.1086244689504383e-15,5.218048215738236e-15
1.6576962025283137e-11,1.4210854715202004e-14,0.0,4.829470157119431e-15,-1.7763568394002505e-15,6.453171330633722e-16
9.6431307383682e-11,1.4210854715202004e-14,-2.842170943040401e-14,-6.994405055138486e-15,3.552713678800501e-15,1.7763568394002505e-15
2.7355895326763857e-12,5.684341886080802e-14,-2.1316282072803006e-14,-3.9968028886505635e-15,1.3322676295501878e-15,5.766220834146907e-15
1.8815171642927453e-10,-2.842170943040401e-14,-7.105427357601002e-15,-6.494804694057166e-15,3.1086244689504383e-15,-1.249000902703301e-16
-6.675904273834021e-11,1.4210854715202004e-14,1.7763568394002505e-14,3.3861802251067274e-15,-1.7763568394002505e-15,-3.566591466608315e-15
-6.03224137307734e-11,1.4210854715202004e-14,-3.552713678800501e-15,-5.551115123125783e-17,2.6645352591003757e-15,8.118505867571457e-16
1.9175772081325704e-11,1.4210854715202004e-14,3.552713678800501e-15,3.3861802251067274e-15,8.881784197001252e-16,8.534839501805891e-16
6.442846256504708e-11,-2.842170943040401e-14,7.105427357601002e-15,-2.9698465908722937e-15,-2.6645352591003757e-15,-7.216449660063518e-15
-5.3022475299258076e-11,-2.842170943040401e-14,1.0658141036401503e-14,1.1102230246251565e-16,2.220446049250313e-15,2.42861286636753e-15
-8.233058679252281e-11,1.4210854715202004e-14,1.4210854715202004e-14,6.661338147750939e-16,4.884981308350689e-15,1.9984014443252818e-15
-1.2444090202734515e-10,2.842170943040401e-14,0.0,7.438494264988549e-15,0.0,1.8457457784393227e-15
1.0807355010911124e-11,1.4210854715202004e-14,3.552713678800501e-15,6.300515664747763e-15,-2.220446049250313e-15,-3.698430450782553e-15
7.013856162529919e-11,1.4210854715202004e-14,7.105427357601002e-15,-5.218048215738236e-15,8.43769498715119e-15,6.5780714209040525e-15
1.6322232454513141e-10,-8.668621376273222e-13,3.552713678800501e-15,3.0531133177191805e-16,0.0,2.463307335887066e-15
-4.357403327048814e-12,-4.988010005035903e-12,7.105427357601002e-15,6.2727600891321345e-15,-2.6645352591003757e-15,-7.28583859910259e-16
1.6492140986201775e-11,2.9274360713316128e-12,-1.0658141036401503e-14,-2.831068712794149e-15,8.881784197001252e-16,1.6028844918025698e-15
-1.3552270416994361e-11,6.679101716144942e-13,3.552713678800501e-15,5.9396931817445875e-15,8.881784197001252e-16,-1.7208456881689926e-15
1.7496759596724587e-10,0.0,-7.105427357601002e-15,-6.328271240363392e-15,0.0,-4.787836793695988e-16
-3.54489770870714e-11,-2.842170943040401e-14,-1.0658141036401503e-14,-7.049916206369744e-15,8.881784197001252e-16,1.4432899320127035e-15
-9.937384248814851e-11,-2.842170943040401e-14,1.0658141036401503e-14,1.304512053934559e-14,-2.220446049250313e-15,7.008282842946301e-16
9.044764937016225e-11,-4.263256414560601e-14,3.552713678800501e-15,-9.103828801926284e-15,8.43769498715119e-15,7.022160630754115e-15
1.8044854499521534e-10,-4.263256414560601e-14,-7.105427357601002e-15,1.5543122344752192e-15,7.105427357601002e-15,9.46465128492946e-15
-2.950972799453666e-11,2.842170943040401e-14,-1.0658141036401503e-14,8.770761894538737e-15,-2.220446049250313e-15,-7.299716386910404e-15
-7.033751359131202e-11,1.4210854715202004e-14,-1.4210854715202004e-14,2.6645352591003757e-15,8.881784197001252e-16,1.3877787807814457e-16
-2.0607515693882306e-11,0.0,3.552713678800501e-15,-8.43769498715119e-15,6.661338147750939e-15,7.382983113757291e-15
8.460521172537483e-11,-1.4210854715202004e-14,2.4868995751603507e-14,-8.881784197001252e-16,-1.7763568394002505e-15,6.453171330633722e-16
-4.472955339451801e-11,1.4210854715202004e-14,-3.552713678800501e-15,-8.881784197001252e-16,0.0,1.6930901125533637e-15
9.691980551451707e-11,1.4210854715202004e-14,-7.105427357601002e-15,8.881784197001252e-16,2.886579864025407e-15,6.46011022453763e-15
5.823785897973721e-12,-1.4210854715202004e-14,-1.0658141036401503e-14,-2.4424906541753444e-15,2.4424906541753444e-15,-1.1102230246251565e-16
-4.787281682183675e-11,-1.4210854715202004e-14,3.552713678800501e-15,-2.220446049250313e-16,-1.3322676295501878e-15,-1.3183898417423734e-15
-2.9619862118579476e-11,2.842170943040401e-14,3.552713678800501e-15,-1.9984014443252818e-15,-1.7763568394002505e-15,6.085409953726639e-15
-7.108980071279802e-11,-2.842170943040401e-14,1.0658141036401503e-14,-1.7763568394002505e-15,2.220446049250313e-15,3.969047313034935e-15
-8.141487484181198e-11,1.4210854715202004e-14,3.552713678800501e-15,-2.220446049250313e-15,-8.881784197001252e-16,1.4224732503009818e-15
3.540101545240759e-11,-4.263256414560601e-14,5.3290705182007514e-14,1.3322676295501878e-15,-1.7763568394002505e-15,-1.0477729794899915e-15
4.652811469441076e-11,1.4210854715202004e-14,2.1316282072803006e-14,-2.220446049250313e-16,-1.7763568394002505e-15,1.5265566588595902e-16
-9.693934543975047e-11,1.4210854715202004e-14,1.4210854715202004e-14,1.3322676295501878e-15,-4.884981308350689e-15,-4.413136522884997e-15
5.936851010801547e-11,1.4210854715202004e-14,-1.0658141036401503e-14,8.881784197001252e-16,5.329070518200751e-15,1.186550857568136e-15
-9.530154443382344e-13,1.4210854715202004e-14,-1.0658141036401503e-14,-1.3322676295501878e-15,-1.9984014443252818e-15,-2.2898349882893854e-16
-1.3020695632803836e-11,2.842170943040401e-14,7.105427357601002e-15,-1.5543122344752192e-15,-3.552713678800501e-15,-3.1780134079895106e-15
-1.006821293003668e-10,1.4210854715202004e-14,0.0,1.5543122344752192e-15,2.220446049250313e-15,4.191091917959966e-15
5.88240567367393e-11,0.0,0.0,-2.6645352591003757e-15,-1.1102230246251565e-15,8.049116928532385e-16
-2.2716051262250403e-11,0.0,-3.552713678800501e-15,2.220446049250313e-16,-5.773159728050814e-15,-6.196432256189155e-15
4.0330405681743287e-11,1.4210854715202004e-14,7.105427357601002e-15,-4.440892098500626e-16,-1.9984014443252818e-15,-7.008282842946301e-16
1.2949641359227826e-12,0.0,1.4210854715202004e-14,1.3322676295501878e-15,8.881784197001252e-16,-1.9359513991901167e-15
3.922551172763633e-11,0.0,7.105427357601002e-15,2.220446049250313e-16,-1.7763568394002505e-15,-1.339206523454095e-15
8.775202786637237e-13,-2.842170943040401e-14,-7.105427357601002e-15,-1.3322676295501878e-15,-1.9984014443252818e-15,-3.6914915568786455e-15
-7.65609797781508e-11,0.0,-7.105427357601002e-15,1.3322676295501878e-15,1.9984014443252818e-15,7.4870665223159e-15
5.078604203845316e-12,1.4210854715202004e-14,3.552713678800501e-15,8.881784197001252e-16,0.0,4.4200754167889045e-15
-9.987211058160028e-11,-1.4210854715202004e-14,0.0,1.3322676295501878e-15,4.6629367034256575e-15,4.260480856999038e-15
2.0907719999740948e-11,0.0,0.0,-4.884981308350689e-15,-5.329070518200751e-15,-2.9073965457371287e-15
-2.537881016451138e-11,0.0,-1.0658141036401503e-14,6.661338147750939e-15,6.439293542825908e-15,8.548717289613705e-15
-1.5428724964294815e-10,2.842170943040401e-14,0.0,2.6645352591003757e-15,8.881784197001252e-16,-1.8735013540549517e-15
-4.297007194509206e-12,0.0,3.552713678800501e-15,0.0,1.7763568394002505e-15,2.2967738821932926e-15
6.945555242054979e-11,0.0,3.552713678800501e-15,8.881784197001252e-16,5.10702591327572e-15,3.406996906818449e-15
2.476241434123949e-11,2.842170943040401e-14,-1.0658141036401503e-14,7.105427357601002e-15,4.440892098500626e-15,9.395262345890387e-15
-1.1182166304024577e-10,0.0,7.105427357601002e-15,-3.552713678800501e-15,-4.218847493575595e-15,-9.020562075079397e-17
2.7043256523029413e-11,2.842170943040401e-14,0.0,-2.220446049250313e-15,-3.4416913763379853e-15,7.008282842946301e-16
-4.7137405090325046e-11,-5.684341886080802e-14,0.0,-4.440892098500626e-16,-7.771561172376096e-16,-5.329070518200751e-15
-1.1180389947185176e-10,0.0,-3.552713678800501e-15,-1.7763568394002505e-15,-2.220446049250313e-16,-5.037636974236648e-15
-2.7061020091423416e-11,0.0,0.0,4.440892098500626e-15,1.3322676295501878e-15,1.672273430841642e-15
9.116263299802085e-12,0.0,2.1316282072803006e-14,-4.440892098500626e-15,-4.551914400963142e-15,-1.457167719820518e-16
-8.498091119690798e-11,2.842170943040401e-14,3.552713678800501e-15,-8.881784197001252e-16,-1.6653345369377348e-15,1.3877787807814457e-16
8.641976023682219e-11,2.842170943040401e-14,7.105427357601002e-15,-3.1086244689504383e-15,3.3306690738754696e-16,3.1225022567582528e-15
-5.652367462971597e-11,2.842170943040401e-14,-7.105427357601002e-15,1.3322676295501878e-15,1.3322676295501878e-15,6.2727600891321345e-15
1.9326762412674725e-11,-2.842170943040401e-14,-7.105427357601002e-15,1.3322676295501878e-15,-2.220446049250313e-16,-1.3530843112619095e-15
-7.434763915625808e-11,2.842170943040401e-14,3.552713678800501e-15,-2.220446049250313e-15,-5.995204332975845e-15,-3.219646771412954e-15
7.761968845443334e-11,-5.684341886080802e-14,0.0,0.0,0.0,-2.5396351688300456e-15
-6.272315999922284e-11,-2.842170943040401e-14,0.0,1.7763568394002505e-15,-5.551115123125783e-16,-3.1155633628543455e-15
1.3704948287340812e-10,0.0,-1.0658141036401503e-14,-2.220446049250313e-15,-4.440892098500626e-16,6.938893903907228e-17
-2.3032242779663648e-11,0.0,7.105427357601002e-15,-1.3322676295501878e-15,-5.218048215738236e-15,-3.649858193455202e-15
1.3087486649965285e-10,5.684341886080802e-14,-1.4210854715202004e-14,3.1086244689504383e-15,2.886579864025407e-15,4.260480856999038e-15
6.742340019627591e-11,0.0,0.0,3.552713678800501e-15,-2.1094237467877974e-15,-3.0531133177191805e-16
-1.6218137943724287e-11,0.0,-7.105427357601002e-15,1.3322676295501878e-15,2.55351295663786e-15,1.5751289161869408e-15
-5.684341886080801e-13,0.0,0.0,-4.884981308350689e-15,-2.6645352591003757e-15,4.3021142204224816e-16
-7.688427672292164e-11,2.842170943040401e-14,7.105427357601002e-15,2.220446049250313e-15,-3.3306690738754696e-16,2.8380076066980564e-15
1.6865087104633858e-10,0.0,-7.105427357601002e-15,3.9968028886505635e-15,-3.6637359812630166e-15,-1.5404344466674047e-15
8.665779205330182e-11,-2.842170943040401e-14,3.552713678800501e-15,3.9968028886505635e-15,2.220446049250313e-16,1.7069679003611782e-15
3.460343123151688e-11,2.842170943040401e-14,7.105427357601002e-15,-1.3322676295501878e-15,-1.3322676295501878e-15,-9.020562075079397e-16
-7.417355618599686e-11,-5.684341886080802e-14,-7.105427357601002e-15,1.3322676295501878e-15,2.7755575615628914e-15,2.706168622523819e-15
-7.226574894048099e-11,0.0,7.105427357601002e-15,-3.552713678800501e-15,-9.992007221626409e-16,-1.6167622796103842e-15
3.2656544135534205e-11,0.0,-3.552713678800501e-15,2.6645352591003757e-15,1.5543122344752192e-15,-4.260480856999038e-15
-4.710898338089464e-11,2.842170943040401e-14,1.0658141036401503e-14,2.220446049250313e-15,-6.661338147750939e-16,3.677613769070831e-16
-2.5710988893479225e-11,0.0,-3.552713678800501e-15,8.881784197001252e-16,-1.2212453270876722e-15,-2.9282132274488504e-15
5.834976946061943e-11,-2.842170943040401e-14,1.0658141036401503e-14,-3.1086244689504383e-15,-1.6653345369377348e-15,-1.7555401576885288e-15
-2.616218353068689e-11,-2.842170943040401e-14,-3.552713678800501e-15,1.3322676295501878e-15,-1.887379141862766e-15,-4.996003610813204e-16
-1.1192113902325218e-10,2.842170943040401e-14,-7.105427357601002e-15,4.440892098500626e-16,-3.3306690738754696e-16,-1.8735013540549517e-16
-2.3391066861222498e-11,-5.684341886080802e-14,0.0,1.3322676295501878e-15,8.881784197001252e-16,-1.3114509478384662e-15
-4.980194034942542e-11,-2.842170943040401e-14,7.105427357601002e-15,-2.6645352591003757e-15,1.4432899320127035e-15,-5.898059818321144e-16
-6.575007205356087e-11,0.0,3.552713678800501e-15,2.6645352591003757e-15,2.7755575615628914e-15,7.494005416219807e-16
-1.3656631381309126e-11,2.842170943040401e-14,-7.105427357601002e-15,-3.1086244689504383e-15,-2.220446049250313e-16,-1.429412144204889e-15
4.714451051768265e-12,0.0,0.0,-2.6645352591003757e-15,-6.661338147750939e-16,1.2559397966072083e-15
2.646061147970613e-11,2.842170943040401e-14,0.0,3.9968028886505635e-15,5.551115123125783e-16,3.406996906818449e-15
3.525713054841617e-11,-2.842170943040401e-14,1.0658141036401503e-14,4.440892098500626e-16,5.551115123125783e-16,6.591949208711867e-16
4.128253294766182e-11,0.0,7.105427357601002e-15,3.375077994860476e-14,6.661338147750939e-16,-1.2420620087993939e-15
7.555200909337145e-11,2.842170943040401e-14,-7.105427357601002e-15,1.3322676295501878e-15,-8.881784197001252e-16,-1.9567680809018384e-15
-1.474447230975784e-10,0.0,-1.4210854715202004e-14,4.440892098500626e-16,1.1102230246251565e-16,-1.762479051592436e-15
-1.3703527201869292e-10,-5.684341886080802e-14,-3.552713678800501e-15,8.881784197001252e-16,2.220446049250313e-16,1.5265566588595902e-15
-8.538236784261244e-11,-2.842170943040401e-14,0.0,-5.329070518200751e-15,-2.220446049250313e-16,-1.429412144204889e-15
1.2214229627716122e-11,5.684341886080802e-14,0.0,4.884981308350689e-15,-8.881784197001252e-16,2.7755575615628914e-16
-3.738165332833887e-11,2.842170943040401e-14,-3.552713678800501e-15,-7.549516567451064e-15,4.996003610813204e-16,4.0245584642661925e-16
1.2725820397463394e-11,0.0,3.552713678800501e-15,5.773159728050814e-15,-3.885780586188048e-16,-9.922618282587337e-16
-1.1117151643702528e-10,-2.842170943040401e-14,3.552713678800501e-15,-6.661338147750939e-15,4.996003610813204e-16,1.970645868709653e-15
-3.157651917717885e-11,0.0,1.0658141036401503e-14,-8.881784197001252e-16,1.5543122344752192e-15,4.85722573273506e-16
-7.386802280962002e-11,5.684341886080802e-14,7.105427357601002e-15,4.884981308350689e-15,-3.0531133177191805e-16,2.5326962749261384e-15
3.388578306839918e-11,2.842170943040401e-14,0.0,-1.3322676295501878e-15,3.3306690738754696e-16,-1.6306400674181987e-15
1.346869282770058e-10,-2.842170943040401e-14,-1.4210854715202004e-14,0.0,1.0824674490095276e-15,7.563394355258879e-16
-1.2030909601890016e-10,0.0,0.0,-4.440892098500626e-16,-6.106226635438361e-16,-4.371503159461554e-16
-1.2022383089060895e-11,-2.842170943040401e-14,0.0,-5.329070518200751e-15,9.71445146547012e-16,2.983724378680108e-16
-4.153832833253546e-11,-1.1368683772161603e-13,1.0658141036401503e-14,1.7763568394002505e-15,-1.1463052729254741e-14,-2.4424906541753444e-15
6.856382128717087e-11,2.842170943040401e-14,0.0,-4.440892098500626e-16,1.2212453270876722e-15,-1.9845236565174673e-15
-1.382716163789155e-11,-5.684341886080802e-14,1.0658141036401503e-14,-4.440892098500626e-16,-1.3600232051658168e-15,2.3522850334245504e-15
4.3574033270488144e-11,-2.842170943040401e-14,1.7763568394002505e-14,1.7763568394002505e-15,-7.438494264988549e-15,1.3114509478384662e-15
4.39825953435502e-11,0.0,0.0,0.0,-7.771561172376096e-16,-7.840950111415168e-16
3.817746119239018e-11,2.842170943040401e-14,-7.105427357601002e-15,-4.440892098500626e-16,-5.551115123125783e-17,-4.2327252813834093e-16
-1.5479173498533783e-11,2.842170943040401e-14,7.105427357601002e-15,-8.881784197001252e-16,2.0261570199409107e-15,1.0061396160665481e-15
-1.7850609879133117e-10,0.0,-7.105427357601002e-15,4.440892098500626e-16,-3.524958103184872e-15,2.4980018054066022e-15
6.3504757008558954e-12,5.684341886080802e-14,7.105427357601002e-15,4.440892098500626e-16,1.0547118733938987e-15,1.8110513089197866e-15
1.511679670329613e-11,-5.684341886080802e-14,1.4210854715202004e-14,-2.220446049250313e-16,-8.298917109073045e-15,-2.1649348980190553e-15
4.447997525858227e-11,0.0,0.0,6.661338147750939e-16,-4.996003610813204e-16,-8.049116928532385e-16
1.0107470416187425e-10,0.0,-7.105427357601002e-15,-4.440892098500626e-16,9.492406860545088e-15,2.157996004115148e-15
8.64730509420042e-12,8.526512829121202e-14,-7.105427357601002e-15,4.440892098500626e-16,-3.608224830031759e-16,1.3253287356462806e-15
1.007443017897458e-10,-5.684341886080802e-14,0.0,1.5543122344752192e-15,8.604228440844963e-16,-2.2967738821932926e-15
-5.643840950142476e-11,-5.968558980384842e-13,1.5631940186722204e-13,2.5091040356528538e-14,1.1435297153639112e-14,2.0712598303163077e-14
-7.610623242726433e-11,8.526512829121202e-14,-1.4210854715202004e-14,-8.881784197001252e-16,-1.304512053934559e-15,-1.033895191682177e-15
-6.829381504758203e-11,-2.5579538487363607e-13,6.394884621840902e-14,1.176836406102666e-14,3.913536161803677e-15,7.494005416219807e-15
6.649436556926958e-11,-2.2737367544323206e-13,4.973799150320701e-14,1.0658141036401503e-14,3.913536161803677e-15,6.918077222195507e-15
7.206679697446816e-12,8.526512829121202e-14,-1.4210854715202004e-14,-3.552713678800501e-15,-6.106226635438361e-16,-2.671474153004283e-15
-8.430589559793589e-12,1.7053025658242404e-13,-4.973799150320701e-14,-9.103828801926284e-15,-2.609024107869118e-15,-6.4254157550180935e-15
6.264500029828923e-11,1.4210854715202004e-13,-2.842170943040401e-14,-4.440892098500626e-15,-1.3877787807814457e-15,-3.6012859361278515e-15
-1.6999379681692517e-10,1.1368683772161603e-13,-2.842170943040401e-14,-5.329070518200751e-15,-5.551115123125783e-16,-2.67841304690819e-15
-7.87174769811827e-11,3.979039320256561e-13,-1.0658141036401503e-13,-1.8207657603852567e-14,-2.609024107869118e-15,-9.51322354225681e-15
5.865530283699627e-12,1.7053025658242404e-13,-4.263256414560601e-14,-9.103828801926284e-15,-3.885780586188048e-16,-4.3298697960381105e-15
-9.655209964876121e-11,-1.7053025658242404e-13,4.263256414560601e-14,1.4210854715202004e-14,6.106226635438361e-16,3.3861802251067274e-15
-4.260414243617561e-11,0.0,0.0,-6.217248937900877e-15,2.631228568361621e-14,4.510281037539698e-16
7.144507208067807e-12,-3.126388037344441e-13,7.815970093361102e-14,4.440892098500626e-15,8.326672684688674e-17,6.342149028171207e-15
3.0530244998772105e-11,-3.979039320256561e-13,8.526512829121202e-14,2.020605904817785e-14,3.0531133177191805e-16,7.292777493006497e-15
8.196465728360636e-11,5.400124791776761e-13,-1.3500311979441904e-13,-2.842170943040401e-14,1.304512053934559e-15,-9.492406860545088e-15
6.979661293371464e-11,-4.263256414560601e-13,1.2079226507921703e-13,2.6645352591003757e-14,-2.220446049250313e-15,7.320533068622126e-15
-1.1961542867311437e-11,-4.263256414560601e-13,8.526512829121202e-14,1.687538997430238e-14,-2.1649348980190553e-15,6.369904603786836e-15
8.640954618499563e-11,2.842170943040401e-14,0.0,-8.881784197001252e-15,7.771561172376096e-16,-4.440892098500626e-16
1.8050450023565645e-11,1.4210854715202004e-13,-4.973799150320701e-14,-1.021405182655144e-14,1.7763568394002505e-15,-2.123301534595612e-15
2.513256269764952e-11,0.0,7.105427357601002e-15,-3.1086244689504383e-15,5.551115123125783e-17,1.0408340855860843e-16
9.397349565176683e-11,-2.2737367544323206e-13,6.394884621840902e-14,1.4654943925052066e-14,-1.887379141862766e-15,2.3037127760972e-15
-5.5495164019703225e-11,-2.842170943040401e-14,-7.105427357601002e-15,6.439293542825908e-15,-8.881784197001252e-16,2.42861286636753e-16
-1.673633454046808e-11,8.242295734817162e-13,-2.0605739337042905e-13,-4.9960036108132044e-14,1.1518563880485999e-14,-8.083811398051921e-15
6.69767574734692e-11,-7.673861546209082e-13,1.9184653865522705e-13,4.2743586448068527e-14,-1.0602629885170245e-14,6.25888230132432e-15
5.2499449232357165e-11,0.0,7.105427357601002e-15,-4.629630012686903e-14,5.551115123125783e-17,1.1796119636642288e-16
7.478906383084905e-11,-2.842170943040401e-14,7.105427357601002e-15,-4.5630166312093934e-14,-5.551115123125783e-17,2.0816681711721685e-17
7.19988513253611e-11,2.842170943040401e-14,7.105427357601002e-15,-1.9317880628477724e-14,3.3306690738754696e-16,-2.42861286636753e-16
5.92410565047885e-11,-5.684341886080802e-14,2.1316282072803006e-14,-4.707345624410664e-14,-9.992007221626409e-16,3.469446951953614e-17
2.7886137843324832e-11,0.0,7.105427357601002e-15,-5.617728504603292e-14,5.551115123125783e-17,2.0816681711721685e-17
-3.4775293755728853e-11,-5.684341886080802e-14,-7.105427357601002e-15,-2.6978419498391304e-14,1.942890293094024e-16,1.0408340855860843e-16
-5.92579318947628e-11,-5.684341886080802e-14,7.105427357601002e-15,-1.0480505352461478e-13,-1.0269562977782698e-15,9.71445146547012e-17
-4.4506620611173275e-11,-8.526512829121202e-14,1.4210854715202004e-14,-1.2512213487525514e-13,-1.0547118733938987e-15,-2.7755575615628914e-17
-1.900852808489617e-10,-2.842170943040401e-14,7.105427357601002e-15,-7.993605777301127e-14,-2.498001805406602e-16,1.3877787807814457e-17
7.15969505904468e-11,0.0,-7.105427357601002e-15,3.497202527569243e-14,5.551115123125783e-17,6.938893903907228e-18
-1.3139711541043653e-11,0.0,-1.4210854715202004e-14,-1.7985612998927536e-14,-1.6653345369377348e-16,1.3877787807814457e-17
3.7839953392904135e-11,0.0,-1.4210854715202004e-14,7.943645741192995e-14,1.2212453270876722e-15,5.551115123125783e-17
2.880362615087506e-12,2.842170943040401e-14,0.0,9.603429163007604e-15,-2.7755575615628914e-16,-2.7755575615628914e-17
1.2509371316582474e-10,8.526512829121202e-14,0.0,8.870681966755001e-14,1.1102230246251565e-15,2.498001805406602e-16
8.23119350457091e-11,-8.526512829121202e-14,-1.4210854715202004e-14,-1.149080830487037e-14,-3.885780586188048e-16,0.0
-4.508393658397836e-12,-5.684341886080802e-14,1.4210854715202004e-14,-2.6423307986078726e-14,-1.1102230246251565e-16,4.163336342344337e-17
7.51763096218383e-11,-2.842170943040401e-14,0.0,2.7755575615628914e-15,4.440892098500626e-16,5.551115123125783e-17
-5.426947780051705e-11,-2.842170943040401e-14,0.0,-5.662137425588298e-15,2.220446049250313e-16,1.6653345369377348e-16
1.3677947663381929e-13,0.0,0.0,1.1213252548714081e-14,-2.220446049250313e-16,-8.326672684688674e-17
-4.355538152367444e-11,0.0,2.1316282072803006e-14,-5.029310301551959e-14,-1.3322676295501878e-15,-2.0816681711721685e-16
-6.956213383091381e-12,-2.842170943040401e-14,0.0,-3.785860513971784e-14,-9.992007221626409e-16,-3.3306690738754696e-16
-1.2116174730181228e-10,0.0,-7.105427357601002e-15,4.0190073491430667e-14,5.551115123125783e-16,1.6653345369377348e-16
-4.0820680169417756e-11,2.842170943040401e-14,0.0,-1.3433698597964394e-14,2.220446049250313e-16,-1.6653345369377348e-16
1.0154721508115472e-10,0.0,0.0,4.440892098500626e-15,0.0,5.551115123125783e-17
9.00453045460381e-11,-2.842170943040401e-14,1.4210854715202004e-14,-4.18554080283684e-14,-6.661338147750939e-16,-1.1102230246251565e-16
4.5492498657040414e-12,-2.842170943040401e-14,7.105427357601002e-15,8.104628079763643e-15,2.220446049250313e-16,2.7755575615628914e-17
-5.5704774126752454e-11,5.684341886080802e-14,-7.105427357601002e-15,5.88418203051333e-15,-1.3322676295501878e-15,5.412337245047638e-16
1.623234879843949e-10,2.842170943040401e-14,-1.4210854715202004e-14,6.505906924303417e-14,8.881784197001252e-16,-1.1102230246251565e-16
-5.446842976652988e-11,2.842170943040401e-14,-7.105427357601002e-15,2.531308496145357e-14,-4.440892098500626e-16,2.636779683484747e-16
-5.53335155473178e-12,-2.842170943040401e-14,2.1316282072803006e-14,5.595524044110789e-14,3.1086244689504383e-15,4.3021142204224816e-16
-7.387157552329882e-11,0.0,7.105427357601002e-15,-4.551914400963142e-14,-1.3322676295501878e-15,4.163336342344337e-17
8.061640244250157e-11,0.0,-1.4210854715202004e-14,-3.552713678800501e-15,-4.440892098500626e-16,1.3877787807814457e-17
2.9892532893427415e-11,-2.842170943040401e-14,2.842170943040401e-14,2.020605904817785e-14,1.9984014443252818e-15,2.0816681711721685e-16
7.385558831174421e-11,-5.684341886080802e-14,2.1316282072803006e-14,-5.5289106626332796e-14,-1.1102230246251565e-15,-8.326672684688674e-17
3.1667113375988265e-11,0.0,0.0,-2.3314683517128287e-15,4.440892098500626e-16,8.881784197001252e-16
1.1734968552445935e-10,0.0,7.105427357601002e-15,1.0880185641326534e-14,0.0,4.0245584642661925e-16
-4.055067392982892e-11,2.842170943040401e-14,7.105427357601002e-15,-2.731148640577885e-14,-8.881784197001252e-16,-1.1102230246251565e-16
2.1465496047312627e-11,0.0,-1.4210854715202004e-14,-1.9984014443252818e-15,-1.3322676295501878e-15,4.163336342344337e-16
1.8817836178186553e-10,-5.684341886080802e-14,0.0,5.995204332975845e-15,1.3322676295501878e-15,1.2490009027033011e-15
3.1944225042934704e-11,2.842170943040401e-14,2.842170943040401e-14,3.7414515929867775e-14,2.6645352591003757e-15,-4.163336342344337e-16
-3.18980397651103e-11,8.526512829121202e-14,1.4210854715202004e-14,-1.6653345369377348e-14,1.7763568394002505e-15,-7.355227538141662e-16
9.871747863599012e-11,2.842170943040401e-14,-7.105427357601002e-15,-3.1086244689504383e-15,-4.440892098500626e-16,-1.0685896612017132e-15
8.58602078324111e-11,0.0,0.0,-7.882583474838611e-15,-1.7763568394002505e-15,5.412337245047638e-16
7.605471807892172e-11,0.0,0.0,-1.5543122344752192e-15,0.0,5.134781488891349e-16
-6.543032782246883e-11,0.0,7.105427357601002e-15,3.885780586188048e-15,4.440892098500626e-16,-1.8041124150158794e-16
4.2293279989280563e-11,2.842170943040401e-14,1.4210854715202004e-14,9.325873406851315e-15,2.220446049250313e-15,3.191891195797325e-16
1.0402345651527867e-11,-1.7053025658242404e-13,6.394884621840902e-14,8.992806499463768e-14,1.5987211554602254e-14,2.942091015256665e-15
-5.8161475635643e-11,-1.1368683772161603e-13,-2.1316282072803006e-14,-9.325873406851315e-15,-1.7763568394002505e-15,1.2628786905111156e-15
-1.3315570868144277e-11,3.694822225952521e-13,-9.237055564881302e-14,-7.30526750203353e-14,-1.0658141036401503e-14,-1.762479051592436e-15
1.2754242106893798e-11,-2.8421709430404007e-13,4.973799150320701e-14,4.107825191113079e-14,4.440892098500626e-15,9.298117831235686e-16
4.128253294766182e-11,-2.842170943040401e-14,4.973799150320701e-14,5.88418203051333e-15,0.0,-4.163336342344337e-17
-2.6926016971628997e-11,0.0,4.263256414560601e-14,-3.552713678800501e-14,-1.4210854715202004e-14,-2.733924198139448e-15
-1.0096101732415264e-10,1.4210854715202004e-13,-2.842170943040401e-14,-2.353672812205332e-14,-7.105427357601002e-15,-2.1649348980190553e-15
2.7983837469491846e-11,8.526512829121202e-14,0.0,1.0880185641326534e-14,6.217248937900877e-15,1.734723475976807e-15
7.247002997701202e-11,8.526512829121202e-14,1.4210854715202004e-14,-2.1316282072803006e-14,-5.329070518200751e-15,-1.5681900222830336e-15
2.284492595094889e-10,2.842170943040401e-14,-1.4210854715202004e-14,-1.557087792036782e-14,-5.329070518200751e-15,-9.853229343548264e-16
-1.6182077899884462e-10,2.842170943040401e-14,-7.105427357601002e-15,-2.6978419498391304e-14,-9.769962616701378e-15,-3.4416913763379853e-15
1.6268941749331134e-10,-2.842170943040401e-14,2.1316282072803006e-14,1.7069679003611782e-14,7.993605777301127e-15,1.3600232051658168e-15
-2.4010571308963335e-10,-2.842170943040401e-14,1.4210854715202004e-14,7.13318293321663e-15,3.552713678800501e-15,1.2628786905111156e-15
-6.340616920397224e-11,-2.842170943040401e-14,2.842170943040401e-14,4.6074255521944e-15,-8.881784197001252e-16,8.049116928532385e-16
1.4386003499566868e-10,-1.7053025658242404e-13,4.973799150320701e-14,-2.55351295663786e-15,-8.881784197001252e-16,2.7755575615628914e-17
8.428635567270248e-11,0.0,-7.105427357601002e-15,8.215650382226158e-15,3.552713678800501e-15,1.6653345369377348e-15
-3.7132963370822836e-11,0.0,-1.4210854715202004e-14,-3.774758283725532e-15,0.0,2.373101715136272e-15
-1.9456436461950943e-11,1.1368683772161603e-13,-7.105427357601002e-15,7.771561172376096e-16,8.881784197001252e-16,5.551115123125783e-17
2.100186691222916e-11,-1.4210854715202004e-13,7.105427357601002e-15,7.771561172376096e-15,5.329070518200751e-15,1.1657341758564144e-15
5.058531371560093e-11,1.1368683772161603e-13,-2.842170943040401e-14,1.7763568394002505e-15,0.0,6.106226635438361e-16
-6.473044322774513e-12,0.0,0.0,-6.661338147750939e-16,0.0,-6.38378239159465e-16
-1.9401369399929536e-11,-5.684341886080802e-14,0.0,1.0436096431476471e-14,1.7763568394002505e-15,7.077671781985373e-16
6.695977106119244e-11,-8.526512829121202e-14,4.263256414560601e-14,9.103828801926284e-15,8.881784197001252e-16,8.049116928532385e-16
-1.3871925830244436e-10,2.842170943040401e-14,1.4210854715202004e-14,4.440892098500626e-16,1.7763568394002505e-15,-2.636779683484747e-16
-1.0841816333595489e-10,1.1368683772161603e-13,1.4210854715202004e-14,1.1102230246251565e-14,-7.993605777301127e-15,-1.0200174038743626e-15
-1.0288836449490191e-10,-5.684341886080802e-14,0.0,4.440892098500626e-16,-2.6645352591003757e-15,-4.926614671774132e-16
1.2820855488371308e-10,5.684341886080802e-14,2.1316282072803006e-14,1.865174681370263e-14,-1.1546319456101628e-14,4.8780424144467815e-15
-1.5241141682054149e-12,-8.526512829121202e-14,2.842170943040401e-14,8.881784197001252e-16,8.881784197001252e-16,-1.1449174941446927e-15
-2.681943556126498e-11,-1.7053025658242404e-13,-7.105427357601002e-15,-1.3822276656583199e-14,1.3322676295501878e-14,-9.853229343548264e-16
8.51354542419358e-11,-5.684341886080802e-14,7.105427357601002e-15,9.825473767932635e-15,-5.329070518200751e-15,1.0408340855860843e-15
5.1672444101313886e-11,5.684341886080802e-14,-2.1316282072803006e-14,1.1102230246251565e-16,3.552713678800501e-15,-1.1171619185290638e-15
1.9539925233402755e-12,-5.684341886080802e-14,-7.105427357601002e-15,1.2101430968414206e-14,-1.1546319456101628e-14,-6.3352101342672995e-15
-7.845990523946966e-11,2.842170943040401e-14,-3.552713678800501e-14,1.099120794378905e-14,-7.993605777301127e-15,-3.559652572704408e-15
2.5702107109282224e-11,1.7053025658242404e-13,0.0,1.0547118733938987e-14,-1.4210854715202004e-14,-1.0685896612017132e-14
-1.0190603916271357e-10,-2.842170943040401e-14,0.0,-8.881784197001252e-15,0.0,-1.9914625504213745e-15
-1.2640555269172182e-11,2.842170943040401e-14,-3.552713678800501e-14,-2.220446049250313e-16,-8.881784197001252e-16,-1.1726730697603216e-15
-1.1861267523727292e-10,1.1368683772161603e-13,2.1316282072803006e-14,1.7763568394002505e-15,-1.7763568394002505e-15,5.967448757360216e-16
-1.0655298865458462e-10,2.842170943040401e-14,-7.105427357601002e-15,-1.6209256159527285e-14,3.552713678800501e-15,3.566591466608315e-15
-2.2680524125462398e-11,-5.684341886080802e-14,7.105427357601002e-15,3.1086244689504383e-15,-8.881784197001252e-16,-2.060851489460447e-15
-8.062883694037737e-11,0.0,0.0,7.549516567451064e-15,-4.440892098500626e-15,-4.760081218080359e-15
3.9751313352098805e-11,-2.842170943040401e-14,7.105427357601002e-15,-9.769962616701378e-15,2.6645352591003757e-15,4.246603069191224e-15
1.6616397147117823e-10,-8.526512829121202e-14,2.842170943040401e-14,-2.6645352591003757e-15,4.440892098500626e-15,4.548444954011188e-15
-2.0026647007398424e-11,5.684341886080802e-14,3.552713678800501e-14,9.769962616701378e-15,-4.440892098500626e-15,-9.367506770274758e-16
3.5637270912047825e-11,-2.842170943040401e-14,0.0,6.217248937900877e-15,-2.6645352591003757e-15,-1.7069679003611782e-15
3.043076901576569e-11,0.0,-2.842170943040401e-14,1.509903313490213e-14,-4.440892098500626e-15,-6.491335247105212e-15
-1.872280108727864e-12,2.842170943040401e-14,0.0,-5.329070518200751e-15,-6.217248937900877e-15,-2.3002433291452462e-15
-5.870859354217828e-11,-8.526512829121202e-14,2.842170943040401e-14,-4.440892098500626e-15,6.217248937900877e-15,2.2967738821932926e-15
-1.2711254271380312e-10,2.842170943040401e-14,-7.105427357601002e-15,9.325873406851315e-15,-2.6645352591003757e-15,2.42861286636753e-16
-3.394973191461759e-11,-8.526512829121202e-14,0.0,-7.149836278586008e-14,0.0,-2.220446049250313e-16
-1.1299583491108933e-10,-2.842170943040401e-14,2.1316282072803006e-14,-1.4210854715202004e-14,8.881784197001252e-16,-1.9637069748057456e-15
-2.7716495765162108e-11,5.684341886080802e-14,-2.1316282072803006e-14,-6.483702463810914e-14,-2.6645352591003757e-15,-2.1441182163073336e-15
-8.620482105925475e-11,-8.526512829121202e-14,7.105427357601002e-15,-6.306066779870889e-14,1.7763568394002505e-15,-1.3183898417423734e-15
1.7710277688820497e-11,0.0,-1.4210854715202004e-14,3.552713678800501e-15,0.0,-3.885780586188048e-16
3.112177182629239e-11,8.526512829121202e-14,0.0,-6.217248937900877e-15,2.6645352591003757e-15,7.060324547225605e-15
1.4954437688174949e-10,-8.526512829121202e-14,1.4210854715202004e-14,8.881784197001252e-16,-6.217248937900877e-15,-4.277828091758806e-15
2.3920421199363773e-11,5.684341886080802e-14,-7.105427357601002e-15,-2.220446049250313e-15,-8.881784197001252e-16,4.0245584642661925e-16
5.0812687391044165e-11,-2.842170943040401e-14,0.0,4.440892098500626e-15,-4.440892098500626e-15,-6.897260540483785e-15
-1.3301360013429075e-11,8.526512829121202e-14,-1.4210854715202004e-14,4.440892098500626e-15,-1.7763568394002505e-15,-2.5222879340702775e-15
-3.005951043633104e-11,-1.1368683772161603e-13,7.105427357601002e-15,3.552713678800501e-15,-3.552713678800501e-15,-1.2212453270876722e-15
-4.190781055513071e-11,-5.684341886080802e-14,2.842170943040401e-14,-3.552713678800501e-15,6.217248937900877e-15,4.697631172945194e-15
5.051248308518552e-11,-2.842170943040401e-14,7.105427357601002e-15,4.440892098500626e-15,-3.552713678800501e-15,-2.0088097851811426e-15
-8.814993179839803e-11,2.842170943040401e-14,-7.105427357601002e-15,1.2434497875801753e-14,-1.1546319456101628e-14,-1.0267828254306721e-14
-1.220357148667972e-11,0.0,-2.1316282072803006e-14,-3.1086244689504383e-15,-1.7763568394002505e-15,-1.817990202823694e-15
2.2453150450019166e-11,5.684341886080802e-14,-7.105427357601002e-15,6.217248937900877e-15,2.6645352591003757e-15,1.1744077932362984e-15
-6.230038707144558e-11,8.526512829121202e-14,-1.4210854715202004e-14,-3.1086244689504383e-15,4.440892098500626e-15,2.003605614753212e-15
6.560796350640885e-11,2.842170943040401e-14,1.4210854715202004e-14,-4.440892098500626e-15,8.881784197001252e-16,1.1032841307212493e-15
-1.1282708101134631e-10,0.0,-2.842170943040401e-14,3.1086244689504383e-15,-5.329070518200751e-15,-2.0209528495129803e-15
2.6439295197633328e-11,-5.684341886080802e-14,-7.105427357601002e-15,2.6645352591003757e-15,-1.7763568394002505e-15,-3.0444397003392965e-15
6.634692795159935e-11,-2.842170943040401e-14,-2.842170943040401e-14,3.552713678800501e-15,-2.6645352591003757e-15,-3.689756833402669e-15
7.206324426078936e-11,2.842170943040401e-14,0.0,-3.1086244689504383e-15,8.881784197001252e-16,4.544975507059235e-16
-1.9522161665008753e-11,-2.842170943040401e-14,2.842170943040401e-14,-1.7763568394002505e-15,1.7763568394002505e-15,2.957703526540456e-15
-4.902744876744691e-13,-2.842170943040401e-14,7.105427357601002e-15,-1.7763568394002505e-15,-4.440892098500626e-15,-3.344546861683284e-15
4.934008757118136e-11,-2.842170943040401e-14,-2.1316282072803006e-14,0.0,-1.7763568394002505e-15,-3.923944502659538e-15
-1.3937295761934365e-10,-2.842170943040401e-14,-7.105427357601002e-15,-3.1086244689504383e-15,4.440892098500626e-15,2.751271432899216e-15
2.3600676968271728e-11,-1.1368683772161603e-13,-2.1316282072803006e-14,1.7763568394002505e-15,8.881784197001252e-16,-2.8380076066980564e-15
-1.8285817304786178e-10,-5.684341886080802e-14,-7.105427357601002e-15,4.440892098500626e-16,-1.7763568394002505e-15,-1.1553258350005535e-15
4.412470389070222e-12,-1.4210854715202004e-13,4.263256414560601e-14,1.7763568394002505e-15,-8.881784197001252e-16,7.554720737878995e-16
-5.1244342103018425e-11,-8.526512829121202e-14,2.842170943040401e-14,2.6645352591003757e-15,-8.881784197001252e-16,6.617970060851519e-16
4.5215386990093975e-11,2.842170943040401e-14,1.4210854715202004e-14,-5.329070518200751e-15,1.7763568394002505e-15,1.0772632785815972e-15
-6.368949811985658e-11,2.842170943040401e-14,7.105427357601002e-15,-1.7763568394002505e-15,-8.881784197001252e-16,-3.2404634531246757e-15
-1.8310686300537782e-11,-2.842170943040401e-14,1.4210854715202004e-14,1.3322676295501878e-15,0.0,-1.8041124150158794e-16
-7.430500659211248e-11,0.0,0.0,3.552713678800501e-15,8.881784197001252e-16,-3.159798811491754e-15
6.856737400084967e-11,-2.842170943040401e-14,-2.842170943040401e-14,-1.7763568394002505e-15,-1.7763568394002505e-15,-2.5743296383495817e-15
-1.489723899794626e-10,0.0,2.842170943040401e-14,0.0,-8.881784197001252e-16,-1.392982951209376e-15
-4.0323300254385686e-11,-5.684341886080802e-14,8.526512829121202e-14,8.881784197001252e-16,-8.881784197001252e-16,4.244868345715247e-15
5.0047077593262657e-11,8.526512829121202e-14,4.973799150320701e-14,-8.881784197001252e-16,0.0,4.427014310692812e-15
-8.739675649849232e-13,-2.842170943040401e-14,-4.263256414560601e-14,-2.6645352591003757e-15,1.7763568394002505e-15,-3.5110803153770576e-15
1.3027801060161437e-11,0.0,-4.973799150320701e-14,-5.329070518200751e-15,2.6645352591003757e-15,-6.071532165918825e-17
1.255813231182401e-10,-1.1368683772161603e-13,2.1316282072803006e-14,-2.6645352591003757e-15,0.0,1.4068607390171906e-15
7.30651095182111e-11,-2.842170943040401e-14,2.1316282072803006e-14,-5.329070518200751e-15,3.552713678800501e-15,-1.2715523078909996e-15
-9.904965736495797e-11,2.842170943040401e-14,-7.105427357601002e-15,-1.7763568394002505e-15,4.440892098500626e-15,2.777292285038868e-15
-1.4345857834996423e-11,-1.1368683772161603e-13,7.105427357601002e-15,-8.881784197001252e-16,8.881784197001252e-16,-5.204170427930421e-18
1.5361933947133366e-10,0.0,0.0,1.3322676295501878e-15,1.7763568394002505e-15,4.2396641752873165e-15
-8.309797294714372e-12,-2.842170943040401e-14,-1.4210854715202004e-14,-3.9968028886505635e-15,3.552713678800501e-15,2.8935187579293142e-15
3.269917669967981e-11,-1.1368683772161603e-13,0.0,-6.661338147750939e-16,0.0,-1.6896206656014101e-15
5.977263128897903e-11,8.526512829121202e-14,-4.973799150320701e-14,2.6645352591003757e-15,-1.7763568394002505e-15,1.2437967322753707e-15
3.652189661806915e-12,-2.842170943040401e-14,2.842170943040401e-14,1.5543122344752192e-15,-1.7763568394002505e-15,-2.588207426157396e-15
-1.6123991031236073e-10,5.684341886080802e-14,4.973799150320701e-14,-1.3322676295501878e-15,1.7763568394002505e-15,-5.637851296924623e-16
2.5284663252023165e-11,-2.842170943040401e-14,3.552713678800501e-14,1.5543122344752192e-15,8.881784197001252e-16,2.3245294578089215e-15
2.737721160883666e-11,-2.842170943040401e-14,7.105427357601002e-15,-2.6645352591003757e-15,4.440892098500626e-15,1.4883927423881005e-15
-1.1590906012770574e-10,-8.526512829121202e-14,0.0,-3.552713678800501e-15,0.0,1.132774429812855e-15
4.5064396658744954e-11,5.684341886080802e-14,-2.1316282072803006e-14,-8.881784197001252e-16,0.0,2.706168622523819e-16
-4.066080805387173e-11,0.0,7.105427357601002e-15,6.661338147750939e-16,-3.552713678800501e-15,-1.8067145002298446e-15
-6.145306485905166e-11,-2.842170943040401e-14,-7.105427357601002e-15,-3.1086244689504383e-15,1.7763568394002505e-15,6.166941957097549e-16
-5.1457504923746455e-11,-8.526512829121202e-14,-2.1316282072803006e-14,1.7763568394002505e-15,0.0,-4.3194614551822497e-16
-1.610711564126177e-10,0.0,1.4210854715202004e-14,1.1102230246251565e-15,-1.7763568394002505e-15,7.771561172376096e-16
7.606359986311872e-12,2.842170943040401e-14,-1.4210854715202004e-14,-3.552713678800501e-15,3.552713678800501e-15,2.426878142891553e-15
5.2304827136140375e-11,2.842170943040401e-14,-2.842170943040401e-14,3.1086244689504383e-15,-1.7763568394002505e-15,-4.152060639750488e-15
-2.3931079340400174e-11,5.684341886080802e-14,-7.105427357601002e-15,-3.552713678800501e-15,1.7763568394002505e-15,1.2750217548429532e-15
3.7696068488912715e-11,-5.684341886080802e-14,-2.1316282072803006e-14,3.552713678800501e-15,-2.6645352591003757e-15,-2.282896094385478e-15
-5.682743164925341e-11,2.842170943040401e-14,-2.1316282072803006e-14,-4.218847493575595e-15,2.6645352591003757e-15,1.95590071916385e-15
7.642242394467758e-11,8.526512829121202e-14,7.105427357601002e-15,0.0,-1.7763568394002505e-15,2.0469737016526324e-16
7.416467440179986e-11,0.0,0.0,2.220446049250313e-16,1.7763568394002505e-15,-1.0044048925905713e-15
2.1998403099132702e-11,-5.684341886080802e-14,7.105427357601002e-14,8.43769498715119e-15,-4.440892098500626e-15,-3.670674875166924e-15
-6.852118872302526e-11,2.842170943040401e-14,2.842170943040401e-14,-2.4424906541753444e-15,0.0,-4.718447854656915e-16
6.578826372560798e-11,-8.526512829121202e-14,2.1316282072803006e-14,3.9968028886505635e-15,0.0,-3.3133218391157016e-16
-5.033351513361595e-11,-5.684341886080802e-14,-7.105427357601002e-15,-3.9968028886505635e-15,3.552713678800501e-15,2.6558616417204917e-15
8.928946471087329e-11,0.0,0.0,0.0,-2.6645352591003757e-15,6.886852199627924e-16
4.008970933000455e-11,-2.842170943040401e-14,1.4210854715202004e-14,-1.1102230246251565e-15,4.440892098500626e-15,2.5699928296596397e-15
-8.241585192081402e-11,2.842170943040401e-14,7.105427357601002e-15,-2.6645352591003757e-15,2.6645352591003757e-15,5.545477271828858e-15
1.6631140908884845e-12,5.684341886080802e-14,-1.4210854715202004e-14,-3.9968028886505635e-15,3.552713678800501e-15,-8.651933336434325e-16
-4.3227643686805095e-11,2.842170943040401e-14,-2.842170943040401e-14,0.0,-8.881784197001252e-16,-1.8843433757798067e-15
6.42077502277516e-11,2.842170943040401e-14,-5.684341886080802e-14,-5.551115123125783e-15,3.552713678800501e-15,4.3814778194484205e-15
1.4057377484277822e-10,5.684341886080802e-14,1.4210854715202004e-14,4.440892098500626e-16,-1.7763568394002505e-15,1.876537120137911e-15
-6.233280558376464e-11,0.0,-7.105427357601002e-15,-4.884981308350689e-15,2.5757174171303632e-14,7.4593109467002705e-16
-9.901057751449116e-11,2.842170943040401e-14,0.0,-1.3322676295501878e-15,3.9968028886505635e-14,-3.9343528435153985e-15
9.400302758422185e-11,2.842170943040401e-14,1.4210854715202004e-14,-1.5543122344752192e-15,-2.842170943040401e-14,-1.444157293750692e-15
6.091127602303459e-11,5.684341886080802e-14,-1.4210854715202004e-14,1.9984014443252818e-15,1.5987211554602254e-14,1.5404344466674047e-15
-9.303402492832902e-11,0.0,0.0,4.440892098500626e-16,1.687538997430238e-14,3.7238007816187135e-15
-1.0128076155524468e-10,-2.842170943040401e-14,2.842170943040401e-14,2.220446049250313e-16,-1.5987211554602254e-14,5.332106284283711e-16
-2.9404034762592346e-11,0.0,-1.4210854715202004e-14,-2.6645352591003757e-15,2.4868995751603507e-14,-2.478052485432869e-15
4.8832049515112885e-11,2.842170943040401e-14,7.105427357601002e-15,-3.1086244689504383e-15,7.993605777301127e-15,-1.8973538018496328e-15
-2.7261748414275644e-11,2.842170943040401e-14,7.105427357601002e-15,1.7763568394002505e-15,-5.5067062021407764e-14,2.2518879122523927e-15
2.0341062167972268e-11,0.0,1.4210854715202004e-14,8.881784197001252e-16,2.398081733190338e-14,-3.688564211012935e-15
-5.058531371560093e-11,5.684341886080802e-14,-1.4210854715202004e-14,-4.440892098500626e-16,8.881784197001252e-15,1.0385572610238647e-15
-8.328626677212014e-11,-2.842170943040401e-14,-7.105427357601002e-15,4.440892098500626e-16,-8.881784197001252e-15,2.931465833966307e-15
9.118394928009366e-11,5.684341886080802e-14,7.105427357601002e-15,6.661338147750939e-16,4.085620730620576e-14,-1.919823891874395e-15
1.0166978370307334e-10,-2.842170943040401e-14,1.4210854715202004e-14,1.7763568394002505e-15,-1.9539925233402755e-14,-7.641321386406275e-16
-7.390354994640802e-11,-5.684341886080802e-14,7.105427357601002e-15,-8.881784197001252e-16,-3.552713678800501e-15,-2.1570744322685353e-15
1.5079493209668726e-10,2.842170943040401e-14,2.1316282072803006e-14,1.1102230246251565e-15,4.884981308350689e-15,6.011142104911382e-15
-4.874323167314287e-12,4.263256414560601e-14,-2.842170943040401e-14,7.549516567451064e-15,-4.884981308350689e-15,-1.5514933088267568e-15
-4.6842529854984605e-12,-7.105427357601002e-14,7.105427357601002e-15,-6.661338147750939e-16,0.0,4.397524011601206e-16
-4.68212135729118e-11,-1.4210854715202004e-14,7.105427357601002e-15,-1.1102230246251565e-15,0.0,2.237793284010081e-16
-2.8173019472887972e-12,-1.4210854715202004e-14,2.1316282072803006e-14,-1.3322676295501878e-15,4.440892098500626e-15,-3.686287386450715e-17
3.1672442446506466e-11,0.0,3.552713678800501e-14,1.354472090042691e-14,-1.021405182655144e-14,-6.144498972127099e-15
-1.709210550870921e-11,0.0,-7.105427357601002e-15,2.55351295663786e-15,8.881784197001252e-16,-2.0834028946481453e-15
1.0768985703180078e-10,-1.4210854715202004e-14,-1.4210854715202004e-14,4.6629367034256575e-15,3.552713678800501e-15,1.700029006457271e-16
4.9752202357922215e-11,1.4210854715202004e-14,2.1316282072803006e-14,3.4416913763379853e-15,-2.6645352591003757e-15,-1.3847430146984863e-15
5.7838178690872155e-11,-2.842170943040401e-14,1.4210854715202004e-14,-1.659783421814609e-13,-3.1086244689504383e-15,-2.7610292524515856e-15
-8.730793865652231e-11,1.4210854715202004e-14,-7.105427357601002e-15,4.545253062815391e-13,9.769962616701378e-15,7.321400430360114e-15
4.765610128742992e-11,7.105427357601002e-14,1.4210854715202004e-14,-3.128608483393691e-13,-6.661338147750939e-15,-1.1043683328937348e-15
-3.602806941671588e-11,-2.842170943040401e-14,2.1316282072803006e-14,2.3780977187470853e-13,8.881784197001252e-15,-1.9780184434825543e-15
-1.0890488510995056e-10,4.263256414560601e-14,7.105427357601002e-15,-4.4297898682543746e-14,-2.220446049250313e-15,-1.1895866236510955e-15
8.671108275848383e-11,0.0,-1.4210854715202004e-14,1.0014211682118912e-13,-1.2434497875801753e-13,2.261212050935768e-15
-4.337863401815412e-12,5.684341886080802e-14,-2.1316282072803006e-14,-4.884981308350689e-14,5.5067062021407764e-14,-1.792619871987533e-15
-1.5660717167520488e-10,1.4210854715202004e-14,0.0,-1.3089529460330596e-13,1.6120438317557273e-13,-2.9670276652238314e-15
-9.703526870907808e-11,-1.4210854715202004e-14,2.1316282072803006e-14,1.4765966227514582e-13,4.8405723873656825e-14,7.654467337747661e-16
-6.144773578853346e-11,5.684341886080802e-14,-1.4210854715202004e-14,1.454392162258955e-13,4.085620730620576e-14,-2.3201926491189795e-17
1.0270895245412248e-11,4.263256414560601e-14,-2.842170943040401e-14,-4.1744385725905886e-14,-1.6431300764452317e-14,7.340048707726865e-16
8.402523121731065e-11,4.263256414560601e-14,-1.4210854715202004e-14,4.2676973066591017e-13,1.474376176702208e-13,4.301246858684493e-15
7.776534971526416e-11,2.842170943040401e-14,0.0,-1.1368683772161603e-13,-4.263256414560601e-14,1.3034278517620734e-15
8.484235536343476e-11,-1.4210854715202004e-14,-2.842170943040401e-14,-2.0894397323445446e-13,-7.283063041541027e-14,-1.9359513991901167e-15
-7.825207148925983e-11,-2.842170943040401e-14,3.552713678800501e-14,-1.0103029524088925e-14,-3.1086244689504383e-15,-3.3558225642771333e-15
-5.2860826826872653e-11,0.0,2.1316282072803006e-14,-2.5424107263916085e-13,2.5757174171303632e-14,-4.681584980792408e-16
4.097344685760618e-11,-2.842170943040401e-14,-7.105427357601002e-15,3.2085445411667024e-14,-4.884981308350689e-15,-2.3371062030097534e-15
-4.1666226024972275e-11,-2.842170943040401e-14,0.0,-3.597122599785507e-14,6.661338147750939e-15,-3.8120548384590336e-16
4.503775130615395e-11,0.0,2.1316282072803006e-14,1.1657341758564144e-13,-1.1546319456101628e-14,2.9026260561781925e-15
-5.085709631202917e-11,0.0,-3.552713678800501e-14,-3.6637359812630166e-13,-2.1760371282653068e-14,-3.5431726996826285e-16
-1.1386447340555605e-11,-2.842170943040401e-14,1.4210854715202004e-14,1.474376176702208e-13,-1.4566126083082054e-13,-4.080936977235439e-15
1.3223555583863345e-10,4.263256414560601e-14,-7.105427357601002e-15,1.84297022087776e-14,-1.7319479184152442e-14,2.394568918151485e-15
-6.45528075438051e-11,0.0,-2.842170943040401e-14,-8.282263763703668e-14,7.283063041541027e-14,1.3164382778318995e-15
-6.297895538409648e-11,-1.4210854715202004e-14,-4.263256414560601e-14,-6.428191312579656e-14,4.973799150320701e-14,4.053615082488804e-15
-8.887113267519453e-11,2.842170943040401e-14,-7.105427357601002e-15,1.8252066524837574e-13,-1.9806378759312793e-13,1.7425297316187027e-15
-7.597833473482751e-11,2.842170943040401e-14,0.0,1.7763568394002505e-15,-6.217248937900877e-15,-2.11072478939478e-15
-4.603606384989689e-11,-2.842170943040401e-14,7.105427357601002e-15,-3.26405569239796e-14,3.241851231905457e-14,2.727852665973529e-15
7.556621994808665e-11,4.263256414560601e-14,0.0,-1.0330625244137082e-13,1.0613732115416497e-13,1.540868127536399e-15
-2.3533175408374518e-11,-2.842170943040401e-14,0.0,2.867150961094467e-14,-2.220446049250313e-14,3.4655438241326664e-15
3.7477576597666484e-11,1.4210854715202004e-14,-7.105427357601002e-15,-5.4012350148013866e-14,6.084022174945858e-14,-5.560222421374661e-15
-1.7648460470809368e-10,0.0,-1.4210854715202004e-14,5.920264278813647e-14,-6.572520305780927e-14,2.544839339257976e-15
1.0371081771154422e-10,-1.4210854715202004e-14,0.0,-7.588374373312945e-14,7.682743330406083e-14,-5.461126342809486e-16
6.441780442401068e-11,0.0,-7.105427357601002e-15,-6.000755448098971e-14,4.929390229335695e-14,-1.9844152363002188e-15
-6.708944511046866e-11,-1.4210854715202004e-14,-2.1316282072803006e-14,-9.71445146547012e-15,-2.398081733190338e-14,-3.191891195797325e-16
2.0111912135689636e-10,-1.4210854715202004e-14,-7.105427357601002e-15,2.8477220581635265e-14,7.505107646466058e-14,-1.0512424264419451e-15
3.837641315840301e-11,-1.4210854715202004e-14,2.1316282072803006e-14,3.7192471324942744e-15,2.4424906541753444e-14,-2.6528258756375322e-15
1.0229328495370282e-10,2.842170943040401e-14,-2.1316282072803006e-14,3.219646771412954e-14,-1.7053025658242404e-13,1.061867607732303e-15
-9.883649454422994e-12,1.4210854715202004e-14,-7.105427357601002e-15,-2.353672812205332e-14,1.8607337892717624e-13,2.2408290500930406e-15
-1.2676792948695947e-10,2.842170943040401e-14,0.0,-3.985700658404312e-14,2.69562150378988e-13,5.642188105614565e-16
-9.627854069549358e-12,2.1316282072803006e-14,-2.1316282072803006e-14,-2.3425705819590803e-14,1.354472090042691e-13,-2.1545265571631944e-15
-4.179412371740909e-11,-4.263256414560601e-14,7.105427357601002e-15,-6.5503158452884236e-15,3.552713678800501e-15,3.3393426912553537e-16
8.774492243901477e-11,-1.4210854715202004e-14,1.4210854715202004e-14,-7.216449660063518e-15,9.459100169806334e-14,-3.3857465442377332e-15
-3.285549610154703e-11,-2.1316282072803006e-14,-7.105427357601002e-15,6.328271240363392e-15,-3.68594044175552e-14,1.3537348325654008e-15
4.970246436641901e-12,-2.1316282072803006e-14,-7.105427357601002e-15,6.8833827526759706e-15,-1.0347278589506459e-13,1.1600963245594897e-16
-4.099831585335778e-11,-7.105427357601002e-15,-2.1316282072803006e-14,9.769962616701378e-15,-6.972200594645983e-14,-4.929108336770849e-15
-2.1749002598880907e-10,-1.4210854715202004e-14,1.4210854715202004e-14,-4.551914400963142e-15,1.7763568394002505e-15,-3.5581346896629285e-15
-6.716049938404467e-11,0.0,0.0,-1.509903313490213e-14,6.350475700855895e-14,-7.818181865792972e-16
4.511946372076636e-13,-1.4210854715202004e-14,-1.4210854715202004e-14,-5.440092820663267e-15,-4.796163466380676e-14,7.436542701078075e-16
1.6328982610502862e-10,-7.105427357601002e-15,7.105427357601002e-15,-1.84297022087776e-14,9.681144774731365e-14,1.8306753682417742e-15
-2.8634872251132037e-12,0.0,7.105427357601002e-15,1.4099832412739488e-14,3.241851231905457e-14,1.2199442844806896e-15
-4.3968384488835e-11,7.105427357601002e-15,-7.105427357601002e-15,2.220446049250313e-16,1.4210854715202004e-14,1.7520707107365752e-16
-8.325429234901094e-11,7.105427357601002e-15,-7.105427357601002e-15,3.4416913763379853e-15,-4.3076653355456074e-14,9.432558900623889e-17
-2.0730084315800923e-10,1.4210854715202004e-14,7.105427357601002e-15,2.886579864025407e-15,-4.440892098500626e-16,1.6566609195578508e-16
1.7212542502420547e-10,2.1316282072803006e-14,-2.1316282072803006e-14,8.881784197001252e-15,-4.6629367034256575e-14,-9.378348791999613e-16
4.1453063204244245e-11,7.105427357601002e-15,-1.4210854715202004e-14,-2.3314683517128287e-15,-8.881784197001252e-16,-9.302454639925628e-17
-1.0619061185934697e-11,-1.4921397450962104e-13,9.947598300641403e-14,3.3573144264664734e-13,-1.199040866595169e-14,9.58434720477186e-16
1.0174971976084635e-10,-1.2079226507921703e-13,1.2789769243681803e-13,3.161915174132446e-13,-1.4432899320127035e-14,1.536748159280954e-15
-1.6261481050605653e-10,-7.815970093361102e-14,9.237055564881302e-14,1.3455903058456897e-13,-6.439293542825908e-15,1.1937065919065404e-15
-5.2310156206658576e-11,-1.5631940186722204e-13,1.8474111129762605e-13,1.3289369604763124e-13,-5.551115123125783e-15,3.745701665502921e-15
-2.3348434297076892e-11,5.684341886080802e-14,-4.973799150320701e-14,-4.929390229335695e-14,2.4424906541753444e-15,-2.211772431870429e-16
-2.5725199748194427e-11,1.2079226507921703e-13,-9.237055564881302e-14,-4.340972026284362e-14,2.4424906541753444e-15,-1.973247953923618e-15
-6.517097972391639e-11,9.166001291305292e-13,-9.308109838457312e-13,3.347322419244847e-13,2.020605904817785e-14,-1.0691100782445062e-14
-1.3383427699409367e-10,3.552713678800501e-14,-5.684341886080802e-14,-7.538414337204813e-14,-4.6629367034256575e-15,6.045511313779173e-16
1.4367174117069226e-10,4.085620730620576e-13,-4.405364961712621e-13,-3.5837999234900053e-13,1.9984014443252818e-14,-4.783066304137051e-15
1.1603162874962436e-11,-9.592326932761353e-14,1.0658141036401503e-13,6.602496327445806e-13,-6.050715484207103e-15,1.7997756063259374e-15
3.964828465541359e-12,-9.592326932761353e-14,9.237055564881302e-14,7.27085058827015e-13,-5.384581669432009e-15,4.028027911218146e-15
4.2515324594205595e-11,4.973799150320701e-14,-8.526512829121202e-14,-5.618838727627917e-13,3.7192471324942744e-15,-2.469812548921979e-15
7.02105040772949e-11,-1.7763568394002505e-14,2.1316282072803006e-14,1.0602629885170245e-13,-8.881784197001252e-16,-2.675810961694225e-16
6.468070523624192e-11,7.460698725481052e-14,-9.947598300641403e-14,-4.354294702579864e-13,4.440892098500626e-15,-2.4537663567691936e-15
-7.59250440296455e-11,-1.6697754290362354e-13,2.4868995751603507e-13,1.1024514634527804e-12,-1.2878587085651816e-14,6.989200884710556e-15
-1.085425083147129e-10,7.105427357601002e-14,-1.1368683772161603e-13,7.638334409421077e-14,5.329070518200751e-15,-2.643718577388654e-15
-1.0193090815846517e-10,8.881784197001252e-14,-1.5631940186722204e-13,9.481304630298837e-14,6.661338147750939e-15,-5.207206194013381e-15
3.410960403016361e-11,-5.3290705182007514e-14,6.394884621840902e-14,-5.806466418789569e-14,-3.552713678800501e-15,3.5197539327569416e-15
-2.710009994189022e-11,4.263256414560601e-14,-8.526512829121202e-14,5.240252676230739e-14,2.9976021664879227e-15,-2.2100377083944522e-15
-3.631761558153812e-11,-7.105427357601002e-15,4.973799150320701e-14,-3.963496197911809e-14,-2.4424906541753444e-15,6.912873051767576e-16
-3.644373691713554e-11,9.059419880941277e-14,-1.9184653865522705e-13,1.8285373215576328e-13,8.770761894538737e-15,-3.2161773244610004e-15
2.241584695639176e-11,1.9539925233402755e-14,-1.4210854715202004e-14,1.0547118733938987e-14,6.661338147750939e-16,-8.933825901280557e-16
4.239453232912638e-11,-1.4210854715202004e-14,7.105427357601002e-14,-1.5432100042289676e-13,-3.3306690738754696e-15,2.5422372540440108e-15
-1.1372947028576164e-10,7.105427357601002e-15,-7.105427357601002e-15,-1.4765966227514582e-14,0.0,2.480654570646834e-16
-3.0517810500896303e-12,-5.329070518200751e-15,-7.105427357601002e-15,4.9960036108132044e-15,1.1102230246251565e-16,-4.414871246360974e-16
9.956835356206284e-11,1.7763568394002505e-15,-7.105427357601002e-15,4.884981308350689e-15,1.1102230246251565e-16,-9.992007221626409e-16
-1.1054268611587759e-11,1.0658141036401503e-14,-7.105427357601002e-15,-1.1657341758564144e-14,0.0,-4.0332320816460765e-16
1.7184476064358023e-11,-1.0658141036401503e-14,7.105427357601002e-15,1.3655743202889425e-14,0.0,-2.0903417885520525e-16
-6.74145184120789e-11,-9.769962616701378e-15,7.105427357601002e-15,-1.865174681370263e-14,1.1102230246251565e-16,1.48318857196017e-16
-1.4444268003899197e-10,1.509903313490213e-14,7.105427357601002e-15,1.2545520178264269e-14,0.0,-1.8648277366750676e-16
-2.3862689602083265e-11,0.0,-2.842170943040401e-14,-6.827871601444713e-14,2.220446049250313e-16,1.1761425167122752e-15
1.0799361405133823e-10,-3.552713678800501e-15,0.0,2.220446049250313e-16,2.220446049250313e-16,-3.95516952522712e-16
1.0525624816182244e-10,-4.440892098500626e-15,-7.105427357601002e-15,-1.5987211554602254e-14,4.440892098500626e-16,4.718447854656915e-16
-4.53912463171946e-11,-6.217248937900877e-15,7.105427357601002e-15,6.5503158452884236e-15,8.881784197001252e-16,2.229119666630197e-16
-1.851407915864911e-11,-3.907985046680551e-14,1.4210854715202004e-14,-3.1086244689504383e-15,4.440892098500626e-16,1.700029006457271e-16
3.836397866052721e-11,-2.842170943040401e-14,1.4210854715202004e-14,2.19824158875781e-14,4.440892098500626e-16,-1.0148132334464322e-16
8.842704346534447e-12,-5.861977570020827e-14,0.0,-4.6629367034256575e-15,0.0,-3.8163916471489756e-17
3.26032534303522e-11,5.861977570020827e-14,-2.1316282072803006e-14,3.164135620181696e-15,-8.881784197001252e-16,1.222980050563649e-16
1.8674839452614833e-11,-3.552713678800501e-14,1.4210854715202004e-14,5.051514762044462e-14,1.127986593019159e-13,4.2674197509029455e-16
-3.764100142689131e-11,2.4868995751603507e-14,7.105427357601002e-15,-1.6264767310758543e-14,-3.2862601528904634e-14,-3.859759734048396e-16
-3.006839222052804e-11,-4.440892098500626e-14,7.105427357601002e-15,-2.1649348980190553e-15,1.3322676295501878e-14,-4.98732999343332e-16
7.934630730233039e-11,3.552713678800501e-15,-1.4210854715202004e-14,3.2085445411667024e-14,7.771561172376096e-14,5.9761223747401e-16
-8.86428708213316e-11,-2.842170943040401e-14,4.973799150320701e-14,1.0380585280245214e-14,2.6201263381153694e-14,-4.2500725161431774e-17
2.7893243270682433e-11,1.4210854715202004e-14,1.4210854715202004e-14,-9.992007221626409e-15,-7.549516567451064e-15,5.204170427930421e-17
-1.0158540675320182e-11,7.105427357601002e-15,7.105427357601002e-15,-1.509903313490213e-14,-2.353672812205332e-14,2.2551405187698492e-17
6.973532862275533e-11,-4.263256414560601e-14,2.1316282072803006e-14,-1.1102230246251565e-16,1.3322676295501878e-15,-3.2699537522162814e-16
-1.674571592502616e-11,-1.0658141036401503e-14,0.0,8.215650382226158e-15,5.329070518200751e-15,2.6020852139652106e-18
-4.2300829505848014e-11,3.552713678800501e-15,1.4210854715202004e-14,3.1530333899354446e-14,6.261657858885883e-14,1.2663481374630692e-16
-3.9541259155839725e-11,-4.263256414560601e-14,4.263256414560601e-14,-2.3314683517128287e-14,-6.927791673660977e-14,-2.168404344971009e-17
2.4848123558740554e-11,4.263256414560601e-14,-2.1316282072803006e-14,9.325873406851315e-15,2.930988785010413e-14,2.168404344971009e-17
-1.3176570945461208e-11,-2.842170943040401e-14,0.0,1.7763568394002505e-15,1.7763568394002505e-15,3.0617869350990645e-16
1.1567280466806551e-10,-5.684341886080802e-14,7.105427357601002e-15,7.882583474838611e-15,1.1102230246251565e-14,-2.8857125022874186e-15
1.9837020914792447e-11,1.4210854715202004e-14,-1.4210854715202004e-14,2.6645352591003757e-14,3.730349362740526e-14,1.3877787807814457e-17
-3.0317970356463775e-11,1.7763568394002505e-14,7.105427357601002e-15,3.9968028886505635e-15,1.8207657603852567e-14,-6.071532165918825e-18
3.542610649276412e-11,1.0658141036401503e-14,-7.105427357601002e-15,-3.419486915845482e-14,-5.417888360170764e-14,8.500145032286355e-17
-5.2242654646761366e-11,-4.973799150320701e-14,0.0,-2.886579864025407e-15,1.7763568394002505e-15,9.540979117872439e-18
1.1152412326964622e-11,4.618527782440651e-14,1.4210854715202004e-14,1.1102230246251565e-16,-1.5987211554602254e-14,-3.148523108897905e-16
-1.3707257551232033e-10,-2.4868995751603507e-14,0.0,6.661338147750939e-16,-1.1102230246251565e-14,-4.163336342344337e-17
2.5780266810215835e-11,7.105427357601002e-15,-7.105427357601002e-15,0.0,-1.0658141036401503e-14,-6.071532165918825e-18
9.291301061864488e-11,-3.552713678800501e-15,1.4210854715202004e-14,-8.881784197001252e-16,6.661338147750939e-15,-1.3704315460216776e-16
5.214217946303279e-11,3.552713678800501e-14,0.0,-3.3306690738754696e-16,4.440892098500626e-15,1.3964523981613297e-16
-2.1584622977854906e-11,4.263256414560601e-14,-1.4210854715202004e-14,1.1102230246251565e-16,-2.220446049250313e-15,-9.540979117872439e-17
-1.1810497024811184e-10,-7.105427357601002e-15,-7.105427357601002e-15,-4.440892098500626e-16,-8.43769498715119e-15,-3.946495907847236e-16
6.579770062131729e-11,-2.1316282072803006e-14,1.4210854715202004e-14,3.3306690738754696e-16,-3.552713678800501e-15,-2.888314587501384e-16
6.947697972492506e-11,1.4210854715202004e-14,0.0,-3.3306690738754696e-16,-1.7763568394002505e-15,4.336808689942018e-18
1.478617228656276e-10,-1.4210854715202004e-14,1.4210854715202004e-14,1.1102230246251565e-16,1.1546319456101628e-14,-1.1102230246251565e-16
-3.008560067740973e-11,1.4210854715202004e-14,-7.105427357601002e-15,3.3306690738754696e-16,2.6645352591003757e-15,-2.3245294578089215e-16
8.66753335770909e-11,7.105427357601002e-15,-7.105427357601002e-15,2.220446049250313e-16,4.440892098500626e-16,1.9949319973733282e-17
-1.198241506017439e-11,0.0,7.105427357601002e-15,2.220446049250313e-16,-4.440892098500626e-16,3.0704605524789486e-16
-1.1054579474034654e-10,4.263256414560601e-14,-2.1316282072803006e-14,1.1102230246251565e-16,1.7763568394002505e-15,4.683753385137379e-17
5.745581788119125e-11,-1.4210854715202004e-14,-7.105427357601002e-15,-1.1102230246251565e-16,-1.7763568394002505e-15,-3.8337388819087437e-16
-1.331129650949947e-10,-7.105427357601002e-15,2.1316282072803006e-14,1.1102230246251565e-16,-8.881784197001252e-16,-4.2674197509029455e-16
3.668043646598562e-11,7.105427357601002e-15,7.105427357601002e-15,-5.551115123125783e-17,-2.6645352591003757e-15,-1.0651202142497596e-15
-1.8301582471735856e-11,0.0,1.4210854715202004e-14,0.0,-4.884981308350689e-15,-2.983724378680108e-16
1.0832379437886175e-10,-2.1316282072803006e-14,-7.105427357601002e-15,-2.7755575615628914e-17,2.3092638912203256e-14,9.62771529167128e-16
-2.01672567534672e-11,0.0,0.0,-1.3877787807814457e-17,-7.993605777301127e-15,-2.5153490401663703e-16
-5.055122986874494e-12,-7.105427357601002e-15,0.0,1.5265566588595902e-16,-6.661338147750939e-15,9.558326352632207e-16
3.1175506620684246e-11,-1.4210854715202004e-14,-1.4210854715202004e-14,-4.163336342344337e-16,-2.220446049250313e-15,2.3071822230491534e-15
3.5112024399097663e-11,2.842170943040401e-14,-7.105427357601002e-15,-2.220446049250313e-16,4.440892098500626e-16,-5.741934705483231e-16
7.90973397890582e-11,3.552713678800501e-14,7.105427357601002e-15,2.7755575615628914e-17,-1.3322676295501878e-15,-1.231653667943533e-16
-1.0991890730949194e-10,-7.105427357601002e-15,-2.1316282072803006e-14,-4.579669976578771e-16,-2.6645352591003757e-15,1.6479873021779667e-16
-3.868014242236484e-11,0.0,7.105427357601002e-15,-2.0816681711721685e-16,-1.7319479184152442e-14,1.2871648191747909e-15
-1.513233427452576e-10,1.4210854715202004e-14,7.105427357601002e-15,4.163336342344337e-17,8.881784197001252e-16,-7.37257477290143e-16
-4.0824177371945325e-11,1.4210854715202004e-14,-2.842170943040401e-14,-3.608224830031759e-16,-8.881784197001252e-15,2.463307335887066e-16
-3.077671451023889e-11,-7.105427357601002e-15,0.0,-1.6653345369377348e-16,-2.6645352591003757e-15,4.49293380277993e-16
-4.685546395322149e-11,0.0,7.105427357601002e-15,5.551115123125783e-17,3.1086244689504383e-15,-4.562322741819003e-16
-4.676084519594781e-11,-7.105427357601002e-15,2.1316282072803006e-14,-2.7755575615628914e-17,-2.220446049250313e-15,-1.106753577673203e-15
5.531071434194956e-11,4.263256414560601e-14,-2.1316282072803006e-14,2.7755575615628914e-17,2.6645352591003757e-15,-5.915407053080912e-16
-1.5733081504265556e-11,-2.842170943040401e-14,7.105427357601002e-15,5.273559366969494e-16,-4.440892098500626e-15,4.3368086899420177e-16
-8.88414342092858e-12,-1.4210854715202004e-14,0.0,-4.996003610813204e-16,1.3322676295501878e-15,1.3374717999781183e-15
-3.030373174617296e-11,1.4210854715202004e-14,-4.263256414560601e-14,9.381384558082573e-15,2.220446049250313e-15,4.891920202254596e-16
-6.625624354716919e-11,7.105427357601002e-15,-2.1316282072803006e-14,6.439293542825908e-15,9.769962616701378e-15,5.30825383648903e-16
7.384955841294172e-11,6.394884621840902e-14,7.105427357601002e-15,4.160560784782774e-14,2.3003821070233244e-13,-1.412064909445121e-15
-1.0620088142232476e-10,0.0,7.105427357601002e-15,-1.4210854715202004e-14,-1.3367085216486885e-13,1.7156415177410622e-15
6.011158237839709e-11,-1.4210854715202004e-14,-2.1316282072803006e-14,-6.078471059822732e-14,-3.1308289294429414e-13,1.7104373473131318e-15
-2.1707635688983373e-12,2.842170943040401e-14,-7.105427357601002e-15,3.086420008457935e-14,1.6697754290362354e-13,-1.7416623698807143e-15
8.752554236934884e-12,3.552713678800501e-14,0.0,2.1316282072803006e-14,4.263256414560601e-14,-8.257283745649602e-16
-6.128125784599092e-12,-7.105427357601002e-15,-1.4210854715202004e-14,-1.2212453270876722e-14,6.794564910705958e-14,1.2177758801357186e-15
-1.1334727600953443e-10,-7.105427357601002e-15,1.4210854715202004e-14,-1.2212453270876722e-15,-1.1546319456101628e-14,-1.474514954580286e-16
-6.624262249843582e-11,-2.1316282072803006e-14,7.105427357601002e-15,1.509903313490213e-14,-8.215650382226158e-14,-1.951563910473908e-15
-4.1221415170156206e-11,-1.4210854715202004e-14,-1.4210854715202004e-14,5.218048215738236e-15,-3.1530333899354446e-14,1.0096090630185017e-15
-1.42270084602103e-11,-4.973799150320701e-14,2.842170943040401e-14,-6.661338147750939e-16,-8.881784197001252e-15,1.3010426069826053e-16
-3.071110032948354e-11,-4.973799150320701e-14,-7.105427357601002e-15,8.326672684688674e-16,-1.5987211554602254e-14,-2.7564756033271465e-15
-1.3491330275172686e-10,-1.4210854715202004e-14,0.0,6.2727600891321345e-15,-1.554312234475219e-14,-4.331604519514087e-15
9.611933471376233e-11,-2.842170943040401e-14,-2.1316282072803006e-14,-9.43689570931383e-16,-1.7319479184152442e-14,-4.0245584642661925e-16
-1.679900663020817e-11,2.1316282072803006e-14,7.105427357601002e-15,1.3655743202889425e-14,-9.636735853746359e-14,2.2551405187698492e-17
-4.5074166621361655e-11,2.842170943040401e-14,-7.105427357601002e-15,1.3433698597964394e-14,-4.085620730620576e-14,4.1858877475320355e-15
-2.5918378554479204e-11,-7.105427357601002e-15,0.0,1.049160758270773e-14,-7.682743330406083e-14,-7.962380754733545e-16
6.405143082588438e-11,0.0,-7.105427357601002e-15,5.2735593669694936e-15,-6.261657858885883e-14,2.445960101127298e-16
6.056932733145004e-12,1.4210854715202004e-14,7.105427357601002e-15,1.4710455076283324e-14,-3.5083047578154947e-14,2.2429974544380116e-15
-1.311750708055115e-11,-2.842170943040401e-14,-2.1316282072803006e-14,-9.2148511043888e-15,4.04121180963557e-14,4.3021142204224816e-16
-2.4767077277942917e-11,2.842170943040401e-14,7.105427357601002e-15,-2.042810365310288e-14,7.949196856316121e-14,-1.5386997231914279e-15
7.147438196852818e-11,-1.4210854715202004e-14,-7.105427357601002e-15,-4.884981308350689e-15,-1.0658141036401503e-14,-2.4702462297909733e-15
1.534121718549386e-10,-7.105427357601002e-15,0.0,3.3306690738754696e-15,-3.375077994860476e-14,2.400857290751901e-15
-5.347500220409529e-11,-1.4210854715202004e-14,-2.1316282072803006e-14,4.440892098500626e-16,-5.329070518200751e-15,3.0878077872387166e-16
7.114264732877018e-11,-7.105427357601002e-15,2.1316282072803006e-14,-9.103828801926284e-15,1.865174681370263e-14,-4.388850394221322e-15
3.983458007894569e-11,7.105427357601002e-15,-2.842170943040401e-14,-2.220446049250313e-15,3.9968028886505635e-15,1.2836953722228372e-15
-8.468425960472814e-11,-2.1316282072803006e-14,-7.105427357601002e-15,-4.551914400963142e-15,6.217248937900877e-15,9.783840404509192e-16
-6.994915757729814e-11,-3.552713678800501e-14,1.4210854715202004e-14,9.603429163007604e-15,-2.2648549702353193e-14,-2.040034807748725e-15
-4.516431673096122e-11,3.552713678800501e-15,7.105427357601002e-15,1.7486012637846216e-14,-5.861977570020827e-14,1.0061396160665481e-16
1.241957647835079e-10,0.0,3.552713678800501e-14,2.7755575615628914e-16,-2.531308496145357e-14,-2.8102520310824275e-16
-2.4910740137329412e-11,7.105427357601002e-15,2.1316282072803006e-14,-9.992007221626409e-16,1.7763568394002505e-15,1.016547956922409e-15
-2.3502533252894864e-11,-1.4210854715202004e-14,-1.4210854715202004e-14,0.0,8.43769498715119e-15,-2.498001805406602e-16
-1.3737189163975927e-10,1.7763568394002505e-14,1.4210854715202004e-14,2.609024107869118e-15,-7.105427357601002e-15,2.213507155346406e-15
1.018096718041761e-10,-3.552713678800501e-15,7.105427357601002e-15,3.0531133177191805e-15,8.881784197001252e-16,-2.2690183065776637e-15
1.516964331926829e-11,-1.0658141036401503e-14,0.0,-8.992806499463768e-15,-1.021405182655144e-14,-5.551115123125783e-16
-8.132872153510107e-11,2.1316282072803006e-14,-2.842170943040401e-14,1.3766765505351941e-14,-3.952393967665557e-14,9.367506770274758e-16
-7.475398078327089e-11,3.907985046680551e-14,7.105427357601002e-15,-1.0769163338864018e-14,1.4210854715202004e-14,7.28583859910259e-17
1.2712053631958042e-11,-1.7763568394002505e-14,0.0,-1.1657341758564144e-14,1.509903313490213e-14,3.400058012914542e-16
-4.9740656038466113e-11,-1.0658141036401503e-14,0.0,-2.942091015256665e-15,4.707345624410664e-14,-2.2620794126737565e-15
3.7271963293505905e-11,1.4210854715202004e-14,-1.4210854715202004e-14,-9.992007221626409e-16,1.865174681370263e-14,2.55351295663786e-15
8.646416915780719e-13,-1.7763568394002505e-14,0.0,-7.327471962526033e-15,4.263256414560601e-14,-3.923944502659538e-15
-5.217914988975281e-11,-7.105427357601002e-15,7.105427357601002e-15,4.9960036108132044e-15,-1.092459456231154e-13,-2.185751579730777e-15
4.04209998805527e-11,0.0,7.105427357601002e-15,0.0,-4.618527782440651e-14,-6.591949208711867e-16
1.2039524932561108e-10,-7.105427357601002e-15,-7.105427357601002e-15,7.993605777301127e-15,-2.5757174171303632e-14,6.869504964868156e-16
-2.0911095077735808e-10,1.4210854715202004e-14,-1.4210854715202004e-14,-9.658940314238862e-15,5.684341886080802e-14,-1.56472057533108e-15
-9.948841750428983e-11,0.0,7.105427357601002e-15,2.9976021664879227e-15,3.2862601528904634e-14,1.734723475976807e-17
6.187939050050772e-11,0.0,7.105427357601002e-15,-4.9960036108132044e-15,1.7763568394002505e-15,2.149322386735264e-15
9.172396175927133e-11,2.1316282072803006e-14,-4.973799150320701e-14,1.1546319456101628e-14,-5.3290705182007514e-14,1.2663481374630692e-16
3.0819791163594346e-12,0.0,0.0,-1.3100631690576847e-14,4.085620730620576e-14,1.9463597400459776e-15
9.870682049495372e-11,-1.0658141036401503e-14,7.105427357601002e-15,-6.661338147750939e-15,2.042810365310288e-14,-1.9723805921856297e-15
-6.052758294572413e-11,1.4210854715202004e-14,0.0,-1.865174681370263e-14,6.572520305780927e-14,-3.479855292809475e-15
-1.5150547483244736e-11,3.552713678800501e-14,-7.105427357601002e-15,1.837419105754634e-14,-4.3520742565306136e-14,-4.137315490204685e-15
1.2644285618534923e-10,2.4868995751603507e-14,2.1316282072803006e-14,5.10702591327572e-15,-1.9095836023552692e-14,-2.157996004115148e-15
-2.1174173525650986e-11,1.4210854715202004e-14,-7.105427357601002e-15,-2.4424906541753444e-15,7.993605777301127e-15,-1.9376861226660935e-15
-9.270006984252177e-11,-2.1316282072803006e-14,0.0,2.720601521843946e-13,-1.2878587085651816e-14,3.3029134982598407e-15
2.97823987693846e-11,1.7763568394002505e-14,-7.105427357601002e-15,1.8118839761882555e-13,-1.1102230246251565e-14,-1.259409243559162e-15
-1.453592801681225e-11,-3.552713678800501e-15,-1.4210854715202004e-14,1.6653345369377348e-15,-2.220446049250313e-15,-2.789435349370706e-15
-8.035172527343093e-11,0.0,0.0,-2.1382895454280515e-13,1.2434497875801753e-14,3.013214677771714e-15
7.16422476898515e-11,7.105427357601002e-15,-7.105427357601002e-15,3.4533487180965494e-13,-1.9095836023552692e-14,-3.566591466608315e-15
-1.531610394067684e-10,-1.0658141036401503e-14,0.0,1.1984857550828565e-13,1.1723955140041653e-13,-1.790234627208065e-15
6.372324889980518e-11,-1.7763568394002505e-15,7.105427357601002e-15,8.415490526658687e-14,9.14823772291129e-14,-4.093947403305265e-15
-6.94653223831665e-11,1.7763568394002505e-15,1.4210854715202004e-14,5.812017533912694e-14,3.9968028886505635e-14,-1.106753577673203e-15
4.61071181234729e-11,0.0,-1.4210854715202004e-14,-1.942890293094024e-14,-1.0969003483296547e-13,2.4077961846558082e-15
-5.5775828400328464e-11,1.2434497875801753e-14,-7.105427357601002e-15,-8.326672684688674e-15,-7.638334409421077e-14,-5.152128723651117e-16
-1.0314238352293614e-10,7.105427357601002e-15,0.0,1.2434497875801753e-14,3.597122599785507e-14,2.598615767013257e-15
7.949374492000061e-11,1.1546319456101628e-14,0.0,-1.765254609153999e-14,-2.473576898864849e-13,-2.8397423301740332e-15
9.485745522397337e-13,2.220446049250313e-14,-7.105427357601002e-15,-9.325873406851315e-15,-2.609024107869118e-14,1.0477729794899915e-15
2.5650592760939617e-11,5.5067062021407764e-14,-1.4210854715202004e-14,5.1514348342607263e-14,3.878009025015672e-13,-1.3287981825982342e-15
3.220179678464774e-11,-2.7533531010703882e-14,1.4210854715202004e-14,9.2148511043888e-15,5.81756864903582e-14,-1.1102230246251565e-16
-1.092104184863274e-11,-3.9968028886505635e-14,0.0,4.18554080283684e-14,3.561595462997502e-13,-6.245004513516506e-16
-9.523759558760503e-11,1.4210854715202004e-14,1.4210854715202004e-14,1.9984014443252818e-14,1.851852005074761e-13,-2.0088097851811426e-15
-1.0615330836571957e-10,-4.440892098500626e-14,2.1316282072803006e-14,-6.994405055138486e-15,-1.6897594434794883e-13,6.1825544683813405e-15
9.770140252385318e-11,-2.1316282072803006e-14,0.0,-1.0436096431476471e-14,-5.795364188543317e-14,-1.7486012637846216e-15
-4.070521697485674e-11,4.440892098500626e-14,-1.0800249583553523e-12,7.749356711883593e-14,4.982680934517703e-13,9.593020822151743e-16
3.951861060613737e-11,2.3092638912203256e-14,-3.907985046680551e-13,2.7200464103316335e-14,1.8784973576657649e-13,6.557254739192331e-16
-2.5528024139021e-11,1.9539925233402755e-14,-1.4210854715202004e-14,2.1094237467877974e-15,-6.8833827526759706e-15,-1.2125717097077882e-15
-1.4442136375691916e-10,3.552713678800501e-14,-5.258016244624741e-13,3.907985046680551e-14,2.5912605394751154e-13,-2.684484579074109e-15
8.115108585116104e-11,-5.3290705182007514e-14,2.8421709430404007e-13,-3.774758283725532e-15,-4.418687638008123e-14,-2.7842311789427754e-16
-1.2581580222104094e-10,-7.105427357601002e-15,-8.526512829121202e-14,-1.687538997430238e-14,2.220446049250313e-14,-1.734723475976807e-15
3.3855585002129374e-11,-3.197442310920451e-14,9.947598300641403e-13,4.718447854656915e-14,2.9820590441431705e-13,8.066464163292153e-16
2.6059154834001674e-11,3.197442310920451e-14,7.105427357601002e-15,-4.551914400963142e-15,8.659739592076221e-15,4.2327252813834093e-16
-1.8278711877428577e-11,3.552713678800501e-14,1.0942358130705543e-12,3.530509218307998e-14,3.3728575488112256e-13,-2.5821358939914774e-15
-1.9965895603490935e-10,-1.4210854715202004e-14,-9.023892744153272e-13,-4.085620730620576e-14,-2.844391389089651e-13,3.55574944488346e-15
-6.374278882503859e-11,6.394884621840902e-14,2.1316282072803006e-14,1.2212453270876722e-15,4.6629367034256575e-15,-3.885780586188048e-16
-4.119193874885241e-11,5.3290705182007514e-14,2.6290081223123707e-13,1.5654144647214707e-14,7.704947790898586e-14,1.8106176280507924e-15
-5.972644601115462e-11,-7.105427357601002e-15,-2.1103119252074976e-12,-9.814371537686384e-14,-6.559197629485425e-13,6.730943927224509e-15
-8.668443740589282e-11,3.552713678800501e-15,-2.842170943040401e-14,-8.659739592076221e-15,1.0658141036401503e-14,-3.87363752185621e-15
-3.9740655211062403e-11,1.0658141036401503e-14,0.0,-1.0436096431476471e-14,4.440892098500626e-15,-6.123573870198129e-16
-4.6981085688457824e-11,7.105427357601002e-15,0.0,7.771561172376096e-15,-6.439293542825908e-15,1.2711186270220054e-15
-8.066081136348657e-11,4.973799150320701e-14,7.105427357601002e-15,-1.27675647831893e-14,3.9968028886505635e-15,-3.850977696451263e-15
-3.426237071835203e-11,-7.105427357601002e-15,7.105427357601002e-15,1.2878587085651816e-14,-3.9968028886505635e-15,1.2709017865875083e-15
5.636735522784875e-11,3.552713678800501e-14,7.105427357601002e-15,1.2434497875801753e-14,2.1538326677728037e-13,-2.2338901561891333e-15
4.700240197053063e-11,-2.1316282072803006e-14,-7.105427357601002e-15,-8.659739592076221e-15,-8.79296635503124e-14,-1.8752360775309285e-15
-1.5439383105331217e-10,4.973799150320701e-14,-7.105427357601002e-15,-7.105427357601002e-15,-1.3766765505351941e-14,-3.3480163086352377e-15
4.2298609059798764e-11,-4.973799150320701e-14,-1.4210854715202004e-14,-3.008704396734174e-14,-2.0161650127192843e-13,2.651958513899544e-15
1.1404921451685368e-10,4.263256414560601e-14,-1.4210854715202004e-14,-7.105427357601002e-15,-1.5987211554602254e-14,-3.2439329000766293e-16
1.1294076784906792e-10,-2.842170943040401e-14,0.0,-8.770761894538737e-15,-3.597122599785507e-14,2.9611729734924097e-15
1.0462031241331715e-10,7.105427357601002e-15,7.105427357601002e-15,-3.774758283725532e-15,-6.616929226765933e-14,-3.627306788267504e-15
7.169376203819411e-11,-7.105427357601002e-15,7.105427357601002e-15,-2.475797344914099e-14,-8.970602038971265e-14,-8.014422459012849e-16
1.2600054333233857e-10,0.0,1.4210854715202004e-14,-7.882583474838611e-15,-2.1316282072803006e-14,3.1068897454744615e-15
-6.533085183946241e-11,4.263256414560601e-14,-7.105427357601002e-15,3.241851231905457e-14,1.6120438317557273e-13,3.2534738791945017e-15
1.673754468356492e-10,7.105427357601002e-15,-1.4210854715202004e-14,5.662137425588298e-15,-9.325873406851315e-15,4.244868345715247e-15
-8.148148822328949e-11,-2.842170943040401e-14,7.105427357601002e-15,0.0,-1.0969003483296547e-13,2.581268532253489e-15
-1.1581846592889633e-12,2.1316282072803006e-14,-1.4210854715202004e-14,1.0658141036401503e-14,1.1235457009206584e-13,-1.0651202142497596e-15
-1.34789956973691e-10,7.105427357601002e-15,-7.105427357601002e-15,-1.4876988529977098e-14,-1.474376176702208e-13,-7.546047120499111e-16
1.2794743042832124e-10,-7.105427357601002e-15,1.4210854715202004e-14,5.551115123125783e-15,7.638334409421077e-14,-3.452099717193846e-16
-3.416644744902442e-11,-7.105427357601002e-15,0.0,-2.6867397195928788e-14,-1.7053025658242404e-13,2.237793284010081e-15
6.154010634418228e-11,2.842170943040401e-14,-7.105427357601002e-15,2.9976021664879227e-14,2.0028423364237824e-13,-2.373101715136272e-15
-1.5518253349000588e-11,-4.263256414560601e-14,1.4210854715202004e-14,-1.7985612998927536e-14,-5.861977570020827e-14,2.949029909160572e-17
5.0686566055446747e-11,-2.1316282072803006e-14,0.0,-2.0872192862952943e-14,-1.0835776720341528e-13,-2.4060614611798314e-15
7.286971026587707e-11,1.4210854715202004e-14,-1.4210854715202004e-14,-4.574118861455645e-14,-2.5490720645393594e-13,-1.5386997231914279e-15
4.3087311496492475e-11,0.0,-7.105427357601002e-15,-1.1102230246251565e-15,8.970602038971265e-14,-2.8709673527416157e-15
-2.5060842290258734e-11,1.4210854715202004e-14,-7.105427357601002e-15,8.881784197001252e-15,7.549516567451064e-14,-3.688022109926692e-15
2.0104806708332035e-11,1.4210854715202004e-14,7.105427357601002e-15,2.19824158875781e-14,9.903189379656396e-14,-1.2958384365546749e-15
8.769873716119037e-11,0.0,1.4210854715202004e-14,-1.554312234475219e-14,-7.327471962526033e-14,1.0148132334464322e-15
1.0392398053227225e-10,1.4210854715202004e-14,-7.105427357601002e-15,6.661338147750939e-15,8.704148513061227e-14,-3.3948538424866115e-15
-9.969980396817846e-11,0.0,0.0,1.7985612998927536e-14,5.861977570020827e-14,4.5102810375396984e-17
2.509636942704674e-11,0.0,7.105427357601002e-15,2.220446049250313e-15,4.440892098500626e-14,3.9898639947466563e-17
9.304557124778512e-12,-1.4210854715202004e-14,0.0,4.884981308350689e-15,1.0169642905566434e-13,-3.660266534311063e-16
2.2232882201933535e-11,0.0,7.105427357601002e-15,1.532107773982716e-14,2.544631172440859e-13,-1.6479873021779667e-15
2.3177904040494468e-10,-1.4210854715202004e-14,2.842170943040401e-14,-2.1538326677728037e-14,-1.5942802633617248e-13,-2.040034807748725e-15
-5.001510317015345e-11,0.0,7.105427357601002e-15,-9.769962616701378e-15,-8.415490526658687e-14,-1.6132928326584306e-15
-2.921041186709772e-11,0.0,1.4210854715202004e-14,-8.881784197001252e-15,-1.2678746941219288e-13,-9.020562075079397e-16
6.690825671284983e-11,-1.4210854715202004e-14,-2.1316282072803006e-14,-1.554312234475219e-14,0.0,1.8006429680639258e-15
-3.788613867072854e-11,-7.105427357601002e-14,3.552713678800501e-14,2.886579864025407e-14,-1.3322676295501878e-15,-2.0539125955565396e-15
1.318802844707534e-10,1.4210854715202004e-14,3.552713678800501e-14,3.774758283725532e-15,-4.440892098500626e-16,-2.1649348980190553e-15
-2.5151791760436026e-10,2.842170943040401e-14,-1.4210854715202004e-14,4.218847493575595e-15,0.0,1.2559397966072083e-15
-4.732214620162267e-12,-1.4210854715202004e-14,2.1316282072803006e-14,6.439293542825908e-15,-1.1102230246251565e-15,-1.7243151351209463e-15
-7.268852186825825e-12,-2.842170943040401e-14,2.842170943040401e-14,5.773159728050814e-15,-8.881784197001252e-16,-1.2871648191747909e-15
-8.125056183416746e-12,7.105427357601002e-14,-5.684341886080802e-14,-1.8207657603852567e-14,4.440892098500626e-16,1.7867651802561113e-15
-1.7763568394002505e-14,-2.1316282072803006e-13,8.526512829121202e-14,6.306066779870889e-14,-2.4424906541753444e-15,-7.015221736850208e-15
9.127987254942127e-11,5.684341886080802e-14,-2.1316282072803006e-14,-1.7763568394002505e-15,8.881784197001252e-16,4.926614671774132e-16
-6.515676886920119e-12,1.4210854715202004e-14,0.0,2.220446049250313e-15,-2.220446049250313e-16,-1.1275702593849246e-15
1.2924772363476222e-11,-9.947598300641403e-14,7.105427357601002e-14,2.220446049250313e-15,-1.1102230246251565e-15,-2.8553548414578245e-15
-1.9120705019304296e-11,1.9895196601282805e-13,-9.237055564881302e-14,-7.993605777301127e-15,2.220446049250313e-15,5.224987109642143e-15
-4.978417678103142e-11,8.526512829121202e-14,-2.842170943040401e-14,-1.9984014443252818e-15,6.661338147750939e-16,8.083811398051921e-16
8.387956995647983e-12,7.105427357601002e-14,-2.1316282072803006e-14,-7.105427357601002e-15,8.881784197001252e-16,1.8908485888147197e-15
1.9092283309873892e-11,4.263256414560601e-14,-7.105427357601002e-15,-2.4424906541753444e-15,4.440892098500626e-16,8.98586760555986e-16
-6.105338457018661e-11,2.4158453015843406e-13,-1.2789769243681803e-13,-1.354472090042691e-14,2.6645352591003757e-15,5.533767888366015e-15
-9.944756129698362e-11,-1.7053025658242404e-13,7.815970093361102e-14,7.549516567451064e-15,-1.1102230246251565e-15,-3.3237301799715624e-15
3.4919622748930124e-11,8.526512829121202e-14,-4.973799150320701e-14,-2.886579864025407e-15,2.220446049250313e-16,1.9012569296705806e-15
-1.5759127336423262e-10,-1.1368683772161603e-12,5.186961971048731e-13,3.708144902248023e-14,-7.66053886991358e-15,-1.206673649889467e-14
2.021494083237485e-11,1.4210854715202004e-14,-7.105427357601002e-15,-1.3322676295501878e-15,6.661338147750939e-16,-2.6818824938601438e-15
-9.817568979997304e-11,-2.5579538487363607e-13,1.0658141036401503e-13,7.105427357601002e-15,-1.4432899320127035e-15,1.2857770403940094e-14
9.547562740408466e-11,-1.8474111129762605e-13,6.394884621840902e-14,1.6653345369377348e-15,-7.771561172376096e-16,6.373374050738789e-15
2.206590465902991e-11,1.4210854715202004e-13,-6.394884621840902e-14,-1.7763568394002505e-15,6.661338147750939e-16,-5.8321403262340255e-15
3.0450308940999093e-11,1.1368683772161603e-13,-4.973799150320701e-14,-1.3322676295501878e-15,6.661338147750939e-16,-5.159067617555024e-15
5.630695909530914e-11,0.0,1.4210854715202004e-14,-1.1102230246251565e-16,2.220446049250313e-16,3.5735303605122226e-16
-5.9330318435968366e-12,-1.1368683772161603e-13,4.973799150320701e-14,-2.498001805406602e-16,-3.885780586188048e-16,4.1772141301521515e-15
-1.0454215271238354e-10,2.2737367544323206e-13,-9.947598300641403e-14,1.4016565685892601e-15,4.440892098500626e-16,-8.569533971325427e-15
9.524825372864143e-12,-1.7053025658242404e-13,5.684341886080802e-14,-1.4988010832439613e-15,-3.3306690738754696e-16,5.172945405362839e-15
1.730171561575844e-12,-1.2789769243681803e-13,4.263256414560601e-14,-7.771561172376096e-16,-1.6653345369377348e-16,3.0600522116230877e-15
-8.500222747898079e-11,1.2789769243681803e-13,-6.394884621840902e-14,2.220446049250313e-15,1.1102230246251565e-16,-4.208439152719734e-15
-1.4458478858614399e-10,-4.263256414560601e-14,2.842170943040401e-14,-9.992007221626409e-16,2.7755575615628914e-17,1.0130785099704553e-15
-1.5589307622576598e-11,-2.842170943040401e-14,7.105427357601002e-15,-4.440892098500626e-16,-2.7755575615628914e-17,8.049116928532385e-16
2.4027002609727788e-11,2.842170943040401e-14,-1.4210854715202004e-14,-4.440892098500626e-16,-1.3877787807814457e-17,-9.71445146547012e-16
-1.4643219969912025e-10,1.2789769243681803e-13,-5.684341886080802e-14,5.329070518200751e-15,-1.3877787807814457e-16,-2.067790383364354e-15
4.988010005035903e-12,-2.2737367544323206e-13,9.237055564881302e-14,-9.769962616701378e-15,2.96637714392034e-16,3.25434124093249e-15
-5.191580498831172e-11,-8.526512829121202e-14,4.263256414560601e-14,-3.774758283725532e-15,1.942890293094024e-16,1.8214596497756474e-15
7.151612635425408e-12,1.0800249583553523e-12,-4.192202140984591e-13,5.10702591327572e-14,-2.2898349882893854e-15,-1.3346962424165554e-14
-4.3002046368201263e-11,9.094947017729282e-13,-3.481659405224491e-13,4.529709940470639e-14,-2.1649348980190553e-15,-9.162809400109495e-15
1.3766765505351941e-11,2.4726887204451486e-12,-8.952838470577262e-13,1.2745360322696797e-13,-6.855627177060342e-15,-1.8502560594768624e-14
-7.269562729561585e-11,3.467448550509289e-12,-1.2931877790833823e-12,1.9451107391432743e-13,-1.0880185641326534e-14,-1.8925833122906965e-14
-1.5239010053846869e-10,1.9326762412674725e-12,-7.034373084024992e-13,1.1057821325266559e-13,-6.772360450213455e-15,-6.456640777585676e-15
1.2443024388630874e-10,-1.7621459846850485e-12,6.465938895416912e-13,-1.1013412404281553e-13,6.661338147750939e-15,2.4598378889351125e-15
-1.148645623061384e-10,2.7284841053187847e-12,-9.663381206337363e-13,1.7630341631047486e-13,-1.0880185641326534e-14,1.6410484082740595e-15
-1.5044854251300421e-10,2.9842794901924208e-12,-1.0373923942097463e-12,2.0161650127192843e-13,-1.2934098236883074e-14,7.66053886991358e-15
1.68812519518724e-10,6.252776074688882e-13,-2.1316282072803006e-13,4.463096558993129e-14,-2.831068712794149e-15,2.903927098785175e-15
-8.664713391226542e-11,1.2789769243681803e-12,-4.405364961712621e-13,8.659739592076221e-14,-6.217248937900877e-15,8.32320323773672e-15
8.075140556229599e-11,-8.526512829121202e-13,2.913225216616411e-13,-6.306066779870889e-14,4.3298697960381105e-15,-7.441963711940502e-15
-3.814015769876278e-11,-3.979039320256561e-13,1.2079226507921703e-13,-2.930988785010413e-14,1.9984014443252818e-15,-3.4867941867133823e-15
3.3230307394660485e-11,-7.958078640513122e-13,2.7000623958883807e-13,-5.1736392947532295e-14,4.440892098500626e-15,-9.617306950815419e-15
6.297895538409648e-11,9.094947017729282e-13,-2.984279490192421e-13,6.128431095930864e-14,-5.245803791353865e-15,1.1709383462843448e-14
3.561595462997502e-12,1.4210854715202004e-12,-4.831690603168681e-13,1.0369483049998962e-13,-8.743006318923108e-15,2.2322421688869554e-14
-9.092815389522002e-11,9.947598300641403e-13,-3.410605131648481e-13,7.416289804496046e-14,-6.217248937900877e-15,1.6393136847980827e-14
7.196376827778295e-11,2.842170943040401e-14,-7.105427357601002e-15,1.8943180357666733e-15,-4.440892098500626e-16,2.42861286636753e-16
-1.2066436738678021e-10,-4.831690603168681e-13,1.8474111129762605e-13,-3.250177904590146e-14,3.6637359812630166e-15,-1.062691601383392e-14
2.2597745896746346e-10,-2.5579538487363607e-13,9.237055564881302e-14,-1.6209256159527285e-14,1.9984014443252818e-15,-5.221517662690189e-15
8.65369997882226e-11,-3.979039320256561e-13,1.3500311979441904e-13,-2.453592884421596e-14,2.6645352591003757e-15,-8.444633881055097e-15
-6.543743324982643e-11,-3.979039320256561e-13,1.3500311979441904e-13,-2.6867397195928788e-14,2.886579864025407e-15,-1.0788245297099763e-14
-9.884715268526634e-11,1.7053025658242404e-13,-4.263256414560601e-14,1.2156942119645464e-14,-1.2212453270876722e-15,3.936087566991375e-15
-4.200018111077952e-11,-2.842170943040401e-14,1.4210854715202004e-14,-7.827072323607354e-15,4.440892098500626e-16,-1.412064909445121e-15
-2.3717028341252444e-11,1.9895196601282805e-13,-5.684341886080802e-14,1.1324274851176597e-14,-1.5543122344752192e-15,6.175615574477433e-15
-6.52473630680106e-11,1.4210854715202004e-13,-3.552713678800501e-14,2.220446049250313e-16,-9.43689570931383e-16,2.4615726124110893e-15
3.9602099377589184e-11,2.8421709430404007e-13,-1.0658141036401503e-13,2.2426505097428162e-14,-2.831068712794149e-15,1.041007557933682e-14
-1.2329515186593198e-10,0.0,7.105427357601002e-15,3.774758283725532e-15,3.885780586188048e-16,1.1796119636642288e-16
-6.659739426595479e-11,-5.684341886080801e-13,1.7053025658242404e-13,-3.752553823233029e-14,4.218847493575595e-15,-1.8280515989843593e-14
-1.0373213399361703e-10,1.9895196601282805e-13,-5.684341886080802e-14,9.547918011776346e-15,-1.3600232051658168e-15,6.295311494319833e-15
-9.562128866491548e-11,-1.4210854715202004e-13,1.4210854715202004e-14,-3.774758283725532e-15,8.604228440844963e-16,-4.3680337125096e-15
1.2388134962293407e-10,-2.842170943040401e-14,7.105427357601002e-15,1.554312234475219e-14,8.326672684688674e-17,8.98586760555986e-16
-9.629630426388758e-11,0.0,0.0,7.172040739078511e-14,-3.95516952522712e-16,-1.5716594692349872e-15
-7.928502299137108e-11,0.0,7.105427357601002e-15,4.773959005888173e-14,-1.8041124150158794e-16,-2.5222879340702775e-15
-8.636646953164018e-12,5.684341886080802e-14,-2.842170943040401e-14,4.04121180963557e-14,-2.498001805406602e-16,-3.256075964408467e-15
4.658451402406172e-11,-5.684341886080802e-14,7.105427357601002e-15,-3.1530333899354446e-14,1.942890293094024e-16,1.3461454173580023e-15
-1.4916823332100648e-10,0.0,-6.679101716144942e-13,-4.6629367034256575e-15,1.6653345369377348e-16,1.97758476261356e-16
3.792788305645445e-11,-2.842170943040401e-14,7.958078640513122e-13,-3.26405569239796e-14,6.661338147750939e-16,2.7451999007332972e-15
-1.439470764807993e-11,0.0,-1.1866063687193673e-12,3.352873534367973e-14,-4.996003610813204e-16,-4.131243958038766e-15
1.284181649907623e-10,2.842170943040401e-14,-3.623767952376511e-13,-9.547918011776346e-15,4.440892098500626e-16,3.3350058825654116e-15
2.1399326755044967e-11,0.0,-7.105427357601002e-15,1.4876988529977098e-14,-4.440892098500626e-16,-4.2032349822918036e-15
3.8911984745482187e-11,5.684341886080802e-14,-7.105427357601002e-15,9.103828801926284e-15,-1.1102230246251565e-16,-1.9810542095655137e-15
4.66349181493797e-11,1.7053025658242404e-13,-2.1316282072803006e-14,3.574918139293004e-14,-5.551115123125783e-16,-5.192027363598584e-15
6.215516989982461e-11,0.0,1.4210854715202004e-14,-3.552713678800501e-15,3.3306690738754696e-16,1.7420960507497085e-15
-7.575140514859413e-11,5.684341886080802e-14,0.0,1.021405182655144e-14,-4.440892098500626e-16,-3.599984893520869e-15
1.8661738820924256e-11,0.0,7.105427357601002e-15,-2.5091040356528538e-14,1.1102230246251565e-15,4.2136433231476644e-15
-1.4079404309086385e-11,-2.842170943040401e-14,-7.105427357601002e-15,-1.9984014443252818e-15,3.3306690738754696e-16,8.378714388967978e-16
-2.982036839682678e-11,-1.4210854715202004e-13,2.1316282072803006e-14,-2.2426505097428162e-14,7.771561172376096e-16,4.255710367440102e-15
9.826384150812828e-11,-8.526512829121202e-14,2.842170943040401e-14,4.218847493575595e-15,0.0,-1.089840023782429e-15
-1.666933258093195e-11,-2.842170943040401e-14,1.4210854715202004e-14,1.3322676295501878e-15,-2.220446049250313e-16,-1.478851763270228e-15
1.0001555139638185e-11,8.526512829121202e-14,-7.105427357601002e-15,1.9317880628477724e-14,-6.661338147750939e-16,-8.695301423333746e-17
1.044655473236844e-10,-2.842170943040401e-14,7.105427357601002e-15,4.440892098500626e-16,1.1102230246251565e-15,3.995501846043581e-15
-6.1700866638148e-11,-5.684341886080802e-14,1.4210854715202004e-14,-2.220446049250313e-16,6.661338147750939e-15,-1.232781238202918e-14
-4.645173135031655e-12,-2.842170943040401e-14,-7.105427357601002e-15,-1.1102230246251565e-15,2.220446049250313e-16,1.839674246273404e-15
4.027933542261053e-11,0.0,0.0,9.992007221626409e-16,6.8833827526759706e-15,-1.3973197598993181e-15
1.387399084507024e-10,5.684341886080802e-14,7.105427357601002e-15,9.992007221626409e-16,-3.552713678800501e-15,1.6566609195578508e-15
-1.9845458609779598e-11,0.0,-7.105427357601002e-15,-8.881784197001252e-16,-1.5543122344752192e-15,-1.3530843112619095e-16
4.090949801138777e-11,-2.842170943040401e-14,-1.4210854715202004e-14,-2.3314683517128287e-15,0.0,1.2906342661267445e-15
4.495293026707259e-11,2.842170943040401e-14,-2.1316282072803006e-14,-4.107825191113079e-15,-1.7763568394002505e-15,3.4182726094122984e-15
2.4135360376931203e-11,-2.0179413695586845e-12,0.0,2.886579864025407e-15,2.4424906541753444e-15,-3.174543961037557e-15
3.33351124481851e-11,-5.684341886080802e-14,0.0,-7.771561172376096e-16,-8.881784197001252e-16,-3.766084666345648e-15
2.3443025298774955e-11,-2.842170943040401e-14,-1.4210854715202004e-14,4.9960036108132044e-15,2.375877272697835e-14,-6.591949208711867e-16
6.229727844697663e-11,-2.842170943040401e-14,1.4210854715202004e-14,-1.6653345369377348e-15,-1.9095836023552692e-14,1.2915016278647329e-15
9.200107342621777e-11,5.684341886080802e-14,7.105427357601002e-15,9.992007221626409e-16,1.3766765505351941e-14,1.726049858596923e-15
-1.1158807211586463e-10,-2.842170943040401e-14,7.105427357601002e-15,-4.218847493575595e-15,-2.1538326677728037e-14,-1.1535911115245767e-15
-8.698286535491206e-11,2.842170943040401e-14,-7.105427357601002e-15,-6.661338147750939e-15,-4.75175454539567e-14,-2.138914045879403e-15
3.75877107217093e-11,0.0,-7.105427357601002e-15,7.549516567451064e-15,5.218048215738236e-14,4.381911500317415e-15
5.0391246730896455e-11,2.842170943040401e-14,7.105427357601002e-15,-5.218048215738236e-15,-7.749356711883593e-14,5.152128723651117e-16
-5.56945600749259e-11,5.684341886080802e-14,1.4210854715202004e-14,1.1213252548714081e-14,1.0125233984581428e-13,-1.4346163146328195e-15
-4.863132119226066e-11,5.684341886080802e-14,-7.105427357601002e-15,4.9960036108132044e-15,3.952393967665557e-14,1.2472661792273243e-15
