time,q1,q2,q3,q4,q5,q6,dq1,dq2,dq3,dq4,dq5,dq6,ddq1,ddq2,ddq3,ddq4,ddq5,ddq6
0.000000000000000000e+00,-1.288058926784147129e+00,5.671629242925314562e-01,-1.612546157251184553e-01,2.868263153947275601e+00,-7.246043453744265284e-01,2.160841513857938878e+00,-4.069623689184536652e-01,-2.974099303207718981e-01,-5.515555772469853402e-01,-1.892331146937370479e+00,2.262315895998197324e-01,-2.474555284184520865e+00,9.782428436928947146e-01,-2.778237396744275944e+00,-2.490396050802608841e+00,2.050259622486974020e-01,6.020801392656727202e-02,-3.413601730584802318e+00
6.671114076050700149e-03,-1.290752083121853966e+00,5.651172042079228852e-01,-1.649894524433287157e-01,2.855644568571740205e+00,-7.230938161595851232e-01,2.144258321662196654e+00,-4.004506166719024041e-01,-3.158732238491276378e-01,-5.681377850771237581e-01,-1.890599527340944830e+00,2.266210979327055730e-01,-2.496964472059155504e+00,9.740017864139733916e-01,-2.756897242739770881e+00,-2.480785263274083441e+00,3.140516712634691121e-01,5.663648835265022718e-02,-3.304537450551974231e+00
1.334222815210140030e-02,-1.293401892229202987e+00,5.629487953892544638e-01,-1.688346897805277913e-01,2.843039958217857155e+00,-7.215807648457093215e-01,2.127528068059934885e+00,-3.939667236570552622e-01,-3.341909432722267592e-01,-5.846525854279116530e-01,-1.888141872995712900e+00,2.269881832226935958e-01,-2.518643410942241978e+00,9.698916792310703361e-01,-2.734595168779937246e+00,-2.470187487748195299e+00,4.226838517157773811e-01,5.348617712071024322e-02,-3.194679079573781166e+00
2.001334222815210132e-02,-1.296008536998746408e+00,5.606586903422838830e-01,-1.727898561009650058e-01,2.830454157263798898e+00,-7.200653316207750176e-01,2.110655642028104850e+00,-3.875097957967147955e-01,-3.523566897071080395e-01,-6.010933984008143272e-01,-1.884960955583175668e+00,2.273356670165599946e-01,-2.539586923685622111e+00,9.659186386443887606e-01,-2.711336690657030424e+00,-2.458604110092939443e+00,5.308786494007406986e-01,5.076051235765222103e-02,-3.084062736576157704e+00
2.668445630420280060e-02,-1.298572194223677201e+00,5.582479241349979082e-01,-1.768544359072985461e-01,2.817891980623453918e+00,-7.185476377752616495e-01,2.093645966275264669e+00,-3.810788987671262507e-01,-3.703641022868763288e-01,-6.174536546128401859e-01,-1.881059838544944629e+00,2.276663929761964522e-01,-2.559790075002307042e+00,9.620886134882182805e-01,-2.687127689626288785e+00,-2.446036897045158032e+00,6.385924518494354718e-01,4.846269171887684912e-02,-2.972724810512676896e+00
3.335557038025350335e-02,-1.301093034333099752e+00,5.557175741358784116e-01,-1.810278699192223451e-01,2.805358221805576147e+00,-7.170277855598516936e-01,2.076503995622181353e+00,-3.746730591280610367e-01,-3.882068605951984330e-01,-6.337267977380932615e-01,-1.876441875410044036e+00,2.279832253079640547e-01,-2.579248173225725527e+00,9.584073814803943936e-01,-2.661974411317187261e+00,-2.432487996404923969e+00,7.457819063117285818e-01,4.659567647119056133e-02,-2.860701947711851378e+00
4.002668445630420263e-02,-1.303571221134909974e+00,5.530687597359522645e-01,-1.853095551690520648e-01,2.792857650984492235e+00,-7.155058580536501900e-01,2.059234715370974023e+00,-3.682912654755864934e-01,-4.058786870930410906e-01,-6.499062870501112199e-01,-1.871110708002662770e+00,2.282890471796445442e-01,-2.597956771984184510e+00,9.548805458712095184e-01,-2.635883464496251882e+00,-2.417959937076235022e+00,8.524039376116196998e-01,4.516218969057694821e-02,-2.748031039115271135e+00
4.669779853235490191e-02,-1.306006911566441442e+00,5.503026420546823783e-01,-1.896988451142702647e-01,2.780395013083154954e+00,-7.139819190430031215e-01,2.041843139663380935e+00,-3.619324696168580990e-01,-4.233733495366612809e-01,-6.659855999639597846e-01,-1.865070264531244471e+00,2.285867591257492726e-01,-2.615911671789859838e+00,9.515135321934133916e-01,-2.608861819681536076e+00,-2.402455628953699573e+00,9.584157658675684921e-01,4.416471457570447789e-02,-2.634749207411330119e+00
5.336891260840560119e-02,-1.308400255453022520e+00,5.474204236297581794e-01,-1.941950497670261733e-01,2.767975025869347849e+00,-7.124560129109926976e-01,2.024334309828705880e+00,-3.555955877662460574e-01,-4.406846633858577111e-01,-6.819582345770596188e-01,-1.858324757559830731e+00,2.288792774419716736e-01,-2.633108921541605696e+00,9.483115851149135356e-01,-2.580916807608929719e+00,-2.385978362654952445e+00,1.063774924070346684e+00,4.360549287798565210e-02,-2.520893794069324123e+00
6.004002668445630048e-02,-1.310751395274577291e+00,5.444233480908575729e-01,-1.987974358405796282e-01,2.755602378065807212e+00,-7.109281645376754888e-01,2.006713292722029252e+00,-3.492795017621163067e-01,-4.578064942014978267e-01,-6.978177122077091621e-01,-1.850878681862635045e+00,2.291695325695522478e-01,-2.649544819940956142e+00,9.452797653957096813e-01,-2.552056117550518088e+00,-2.368531809098613383e+00,1.168439275510996689e+00,4.348652344894787802e-02,-2.406502346278782234e+00
6.671114076050700670e-02,-1.313060465940416588e+00,5.413126998174512261e-01,-2.035052269126682856e-01,2.743281727475039844e+00,-7.093983792111312470e-01,1.988985179053269770e+00,-3.429830603035571301e-01,-4.747327600313354656e-01,-7.135575799302803501e-01,-1.842736812162878657e+00,2.294604674703494274e-01,-2.665215916820692144e+00,9.424229469505671641e-01,-2.522287795485297579e+00,-2.350120018927651877e+00,1.272367031051592212e+00,4.380956090561949345e-02,-2.291612603798899528e+00
7.338225483655770598e-02,-1.315327594572338388e+00,5.380898035807339941e-01,-2.083176036057737546e-01,2.731017699119618669e+00,-7.078666425493808090e-01,1.971155081707669066e+00,-3.367050802063447090e-01,-4.914574337831303374e-01,-7.291714131060482718e-01,-1.833904200756947489e+00,2.297550359934009134e-01,-2.680119014385392795e+00,9.397458140188637010e-01,-2.491620242122584372e+00,-2.330747421778094797e+00,1.375516766231525967e+00,4.457611441458686485e-02,-2.176262485723004403e+00
8.005336891260840526e-02,-1.317552900296173002e+00,5.347560241697696393e-01,-2.132337037842538807e-01,2.718814883398695148e+00,-7.063329204332251532e-01,1.953228134058297538e+00,-3.304443476774290844e-01,-5.079745455840944945e-01,-7.446528179086295829e-01,-1.824386175025008550e+00,2.300562012337707407e-01,-2.694251168363423155e+00,9.372528584430048770e-01,-2.460062210778542813e+00,-2.310418825393083964e+00,1.477847438202144037e+00,4.578744659531275296e-02,-2.060490077163026790e+00
8.672448298865910454e-02,-1.319736494041888752e+00,5.313127660019436593e-01,-2.182526227683016518e-01,2.706677834261505211e+00,-7.047971589500593437e-01,1.935209488271178113e+00,-3.241996196072080560e-01,-5.242781851256811398e-01,-7.599954338429909528e-01,-1.814188334829238691e+00,2.303669338844815395e-01,-2.707609689069837788e+00,9.349483770567359464e-01,-2.427622805106310899e+00,-2.289139414582340493e+00,1.579318402482633221e+00,4.744457254326150952e-02,-1.944333615858963471e+00
9.339559706470980383e-02,-1.321878478352375819e+00,5.277614727178254750e-01,-2.233734135646838204e-01,2.694611067398597015e+00,-7.032592843486995537e-01,1.917104313603607890e+00,-3.179696248788560498e-01,-5.403625039927477669e-01,-7.751929362570059157e-01,-1.803316549800892732e+00,2.306902105823276095e-01,-2.720192142379720401e+00,9.328364691846391388e-01,-2.394311476680257122e+00,-2.266914750027172687e+00,1.679889429530122102e+00,4.954825897331072149e-02,-1.827831478718379143e+00
1.000667111407605031e-01,-1.323978947201020162e+00,5.241036267605471144e-01,-2.285950871142082286e-01,2.682619058451522154e+00,-7.017192030052632479e-01,1.898917794696293848e+00,-3.117530656939574429e-01,-5.562217179761147490e-01,-7.902390388445202918e-01,-1.791776956517468378e+00,2.310290122483803221e-01,-2.731996350611505697e+00,9.309210342540308325e-01,-2.360138022434978389e+00,-2.243750766931215779e+00,1.779520721117077819e+00,5.209902348388184556e-02,-1.711022168291012502e+00
1.067378252168112024e-01,-1.326037985818170784e+00,5.203407489398131913e-01,-2.339166125558553577e-01,2.670706241241731060e+00,-7.001768014001379381e-01,1.880655129859895913e+00,-3.055486189136954467e-01,-5.718501093675587565e-01,-8.051274961389047746e-01,-1.779575955571277790e+00,2.313863224239827987e-01,-2.743020393319870021e+00,9.292057695204425372e-01,-2.325112581959702052e+00,-2.219653773517176631e+00,1.878172926509127816e+00,5.509713394216131377e-02,-1.593944299183598368e+00
1.134089392928619017e-01,-1.328055670526609555e+00,5.164743979806611929e-01,-2.393369175075140687e-01,2.658877006019370715e+00,-6.986319461060610525e-01,1.862321529356578464e+00,-2.993549374148308240e-01,-5.872420292362768857e-01,-8.198521059960675039e-01,-1.766720208530776937e+00,2.317651256030541507e-01,-2.753262607997809752e+00,9.276941679077834735e-01,-2.289245634648819472e+00,-2.194630449369891600e+00,1.975807158436566624e+00,5.854260799072430466e-02,-1.476636584420003784e+00
1.200800533689126010e-01,-1.330032068586106009e+00,5.125061700571001966e-01,-2.448548883632394868e-01,2.647135697732716508e+00,-6.970844837873352295e-01,1.843922213677190225e+00,-2.931706514597045010e-01,-6.023918996858623753e-01,-8.344067120658986703e-01,-1.753216634796060491e+00,2.321684055615031161e-01,-2.762721590687556628e+00,9.263895159642530075e-01,-2.252547996709337585e+00,-2.168687843626105671e+00,2.072385008852858590e+00,6.243521267582718970e-02,-1.359137821751881692e+00
1.267511674449633141e-01,-1.331967238047166102e+00,5.084376983107605774e-01,-2.504693706069599513e-01,2.635486614318925724e+00,-6.955342412101991334e-01,1.825462411814666286e+00,-2.869943700794871377e-01,-6.172942160908428955e-01,-8.487852062511322959e-01,-1.739072408349949583e+00,2.325991436845706861e-01,-2.771396196500022224e+00,9.252948919350003631e-01,-2.215030818026105131e+00,-2.141833373011417407e+00,2.167868564473587778e+00,6.677446419756649654e-02,-1.241486879924977416e+00
1.334222815210140134e-01,-1.333861227614040024e+00,5.042706523546947039e-01,-2.561791691425412409e-01,2.623934005016812065e+00,-6.939810252643555666e-01,1.806947359534275543e+00,-2.808246824698950039e-01,-6.319435493118340519e-01,-8.629815311525992350e-01,-1.724294954406177194e+00,2.330603172929121836e-01,-2.779285540042484293e+00,9.244131639524655331e-01,-2.176705578885719028e+00,-2.114074819724913290e+00,2.262220422089369354e+00,7.155962778205160468e-02,-1.123722684906324654e+00
1.400933955970647127e-01,-1.335714076517089621e+00,5.000067377624731746e-01,-2.619830486401151237e-01,2.612482068702314919e+00,-6.924246229956747545e-01,1.788382297641318397e+00,-2.746601593985817935e-01,-6.463345478883690820e-01,-8.769896824998676399e-01,-1.708891945956183767e+00,2.335548979682354753e-01,-2.786388995754284448e+00,9.237469883452971153e-01,-2.137584086560091023e+00,-2.085420329172075427e+00,2.355403703646350877e+00,7.678971767568465445e-02,-1.005884206077535703e+00
1.467645096731154120e-01,-1.337525814394576296e+00,4.956476955427300268e-01,-2.678797338985716703e-01,2.601134952247348586e+00,-6.908648016500613664e-01,1.769772470246894436e+00,-2.684993546234157868e-01,-6.604619402084725976e-01,-8.908037115662497119e-01,-1.692871300216105102e+00,2.340858498793053077e-01,-2.792706198150316066e+00,9.232988080666650887e-01,-2.097678471750698215e+00,-2.055878407546616327e+00,2.447382071088052058e+00,8.246349726157253812e-02,-8.880104423994416019e-01
1.534356237491661112e-01,-1.339296461183944409e+00,4.911953015993147376e-01,-2.738679102241071139e-01,2.589896748902667412e+00,-6.893013087284893814e-01,1.751123123032354068e+00,-2.623408063208402252e-01,-6.743205366540503398e-01,-9.044177275671788641e-01,-1.676241174975562798e+00,2.346561281091351647e-01,-2.798237041972134076e+00,9.230708512427350243e-01,-2.057001184894628132e+00,-2.025457919261952178e+00,2.538119740952362591e+00,8.857947929805765064e-02,-7.701404085533374300e-01
1.601067378252168105e-01,-1.341026027022669265e+00,4.866513661772149391e-01,-2.799462238247141799e-01,2.578771496705427602e+00,-6.877338720531875893e-01,1.732439501513049596e+00,-2.561830385235143170e-01,-6.879052317211794554e-01,-9.178259000409492163e-01,-1.659009964849905927e+00,2.352686769841742798e-01,-2.802981682246554307e+00,9.230651298420113893e-01,-2.015564992333554351e+00,-1.994168084233092220e+00,2.627581498717671771e+00,9.513592627927613954e-02,-6.523131210641009980e-01
1.667778519012675098e-01,-1.342714512158718954e+00,4.820177332944213799e-01,-2.861132822204915938e-01,2.567763176912057688e+00,-6.861621998449632942e-01,1.713726849302003252e+00,-2.500245625664276328e-01,-7.012110061143880246e-01,-9.310224612108292108e-01,-1.641186297437606356e+00,2.359264284063094519e-01,-2.806940534251620711e+00,9.232834384662038651e-01,-1.973382972346874098e+00,-1.962018475009786433e+00,2.715732712892167111e+00,1.021308509176139800e-01,-5.345675844104874619e-01
1.734489659773182091e-01,-1.344361906870692458e+00,4.772962801599097693e-01,-2.923676546696479805e-01,2.556875712457075789e+00,-6.845859808116425693e-01,1.694990406374114578e+00,-2.438638785406714860e-01,-7.142329288140207844e-01,-9.440017083275513698e-01,-1.622779029384532112e+00,2.366323001884878818e-01,-2.810114273389899164e+00,9.237273532631915529e-01,-1.930468511050267066e+00,-1.929019013761839485e+00,2.802539348840509703e+00,1.095620167478597029e-01,-4.169427771278808592e-01
1.801200800533689084e-01,-1.345968191397679314e+00,4.724889165779245781e-01,-2.987078726100635961e-01,2.546112966438477621e+00,-6.830048842475977544e-01,1.676235407331519323e+00,-2.376994767540548392e-01,-7.269661591157978719e-01,-9.567580059912066393e-01,-1.603797242356874264e+00,2.373891943947811778e-01,-2.812503834969037442e+00,9.243982309626239680e-01,-1.886835298161021024e+00,-1.895179969117561036e+00,2.887967982342142470e+00,1.174269388528144109e-01,-2.994776379088113227e-01
1.867911941294196077e-01,-1.347533335878882133e+00,4.675975843387507602e-01,-3.051324301162708363e-01,2.535478740630273897e+00,-6.814185601443343288e-01,1.657467079670722043e+00,-2.315298391977436143e-01,-7.394059486416852955e-01,-9.692857884515553302e-01,-1.584250238924536092e+00,2.381999956856880041e-01,-2.814110413889618467e+00,9.252972080346253403e-01,-1.842497322631505341e+00,-1.860511952856378937e+00,2.971985812875692190e+00,1.257228847100382296e-01,-1.822110517065600455e-01
1.934623082054703069e-01,-1.349057300303043050e+00,4.626242565961701247e-01,-3.116397843717056415e-01,2.524976774022797077e+00,-6.798266393120923068e-01,1.638690642052122781e+00,-2.253534410180990100e-01,-7.515476433211978335e-01,-9.815795618857936500e-01,-1.564147538356829070e+00,2.390675696694929131e-01,-2.814935464240327256e+00,9.264251999719965713e-01,-1.797468868152246158e+00,-1.825025916456719743e+00,3.054560676623953253e+00,1.344468751593765887e-01,-6.518183584714942747e-02
2.001334222815210062e-01,-1.350540034467702766e+00,4.575709372317993684e-01,-3.182283561560758645e-01,2.514610741391337889e+00,-6.782287335124278504e-01,1.619911302572550449e+00,-2.191687519928942618e-01,-7.633866853422726084e-01,-9.936339066528099284e-01,-1.543498872332357719e+00,2.399947612604792224e-01,-2.814980698800512382e+00,9.277829006962790004e-01,-1.751764508526112873e+00,-1.788733147500302323e+00,3.135661059194146727e+00,1.435956854908542191e-01,5.157127384494919475e-02
2.068045363575717055e-01,-1.351981477948319910e+00,4.524396602065203221e-01,-3.248965303476881172e-01,2.504384251893678304e+00,-6.766244356017193651e-01,1.601134257041423092e+00,-2.129742380110757061e-01,-7.749186150708576859e-01,-1.005443479522978079e+00,-1.522314180565009778e+00,2.409843930448012927e-01,-2.814248088450256091e+00,9.293707820879493209e-01,-1.705399102915172271e+00,-1.751645265934075768e+00,3.215256108048230477e+00,1.531658466524441486e-01,1.680096369020893654e-01
2.134756504336224048e-01,-1.353381560077271839e+00,4.472324888992075254e-01,-3.316426564405633992e-01,2.494300847697085377e+00,-6.750133196855501172e-01,1.582364687261155201e+00,-2.067683625552472482e-01,-7.861390729383712639e-01,-1.017003015882544270e+00,-1.500603606348005492e+00,2.420392636548103771e-01,-2.812739861488086746e+00,9.311890936409816799e-01,-1.658387790961835639e+00,-1.713774220191074171e+00,3.293315644638171502e+00,1.631536465771961097e-01,2.840947220443741372e-01
2.201467645096731041e-01,-1.354740199932752187e+00,4.419515154329771156e-01,-3.384650490761735853e-01,2.484364002635297997e+00,-6.733949412839017601e-01,1.563607759312419354e+00,-2.005495881860417384e-01,-7.970438012961996721e-01,-1.028307331911664901e+00,-1.478377492017987960e+00,2.431621461526308203e-01,-2.810458502856522323e+00,9.332378622419303937e-01,-1.610745987785973998e+00,-1.675132283171533842e+00,3.369810176241228028e+00,1.735551316291341628e-01,3.997881209809384107e-01
2.268178785857238033e-01,-1.356057306337575596e+00,4.365988599891743593e-01,-3.453619885896154762e-01,2.474577120896026550e+00,-6.717688375071018125e-01,1.544868621844887713e+00,-1.943163780275501962e-01,-8.076286462364101748e-01,-1.039351326735175940e+00,-1.455646374341172056e+00,2.443557864237797805e-01,-2.807406753275659916e+00,9.355168920736356419e-01,-1.562489378859731159e+00,-1.635732048085673185e+00,3.444710907490430962e+00,1.843661081672716140e-01,5.150515621762818963e-01
2.334889926617745026e-01,-1.357332777867890083e+00,4.311766701093310283e-01,-3.523317215700407790e-01,2.464943535739500202e+00,-6.701345272424490407e-01,1.526152404374049976e+00,-1.880671972529796843e-01,-8.178895593778722217e-01,-1.050129984545169481e+00,-1.432420979823604057e+00,2.456229015816056016e-01,-2.803587608285052823e+00,9.380257646436076513e-01,-1.513633914761822741e+00,-1.595586424159598948e+00,3.517989751595558712e+00,1.955821442270664345e-01,6.298469245763509416e-01
2.401601067378252019e-01,-1.358566502871802584e+00,4.256871199853236587e-01,-3.593724614351482272e-01,2.455466508248532520e+00,-6.684915113514471319e-01,1.507464215584739309e+00,-1.818005145697033365e-01,-8.278225996169846779e-01,-1.060638376694471585e+00,-1.408712219947607869e+00,2.469661783833413671e-01,-2.799004317194174085e+00,9.407638389370371890e-01,-1.464195805813156337e+00,-1.554708632205863195e+00,3.589619341250072537e+00,2.071985713185429123e-01,7.441362512891043224e-01
2.468312208138759012e-01,-1.359758359497905911e+00,4.201324097379746658e-01,-3.664823890195429978e-01,2.446149226110616581e+00,-6.668392728775618394e-01,1.488809141641954881e+00,-1.755148037028764207e-01,-8.374239348422279905e-01,-1.070871663760124548e+00,-1.384531186336532160e+00,2.483882716585343320e-01,-2.793660381941783122e+00,9.437302516943897324e-01,-1.414191516595672660e+00,-1.513112200060246160e+00,3.659573039219594648e+00,2.192104863402952741e-01,8.578817632142794469e-01
2.535023348899266282e-01,-1.360908215733693138e+00,4.145147646843365674e-01,-3.736596531767587548e-01,2.436994802432504326e+00,-6.651772772644204412e-01,1.470192244509601176e+00,-1.692085448767842726e-01,-8.466898436117662463e-01,-1.080825097575983884e+00,-1.359889145849930703e+00,2.498918027506306649e-01,-2.787559555864546290e+00,9.469239178134032375e-01,-1.363637760356342987e+00,-1.470810957886408366e+00,3.727824948607656008e+00,2.316127536084988670e-01,9.710458726171133925e-01
2.601734489659773275e-01,-1.362015929453849639e+00,4.088364345939110023e-01,-3.809023713947338186e-01,2.428006274587734659e+00,-6.635049725843613633e-01,1.451618560277742942e+00,-1.628802262930935940e-01,-8.556167167933385054e-01,-1.090494023233559817e+00,-1.334797535611350838e+00,2.514793579724788897e-01,-2.780705842375303938e+00,9.503435308753114263e-01,-1.312551493298335314e+00,-1.427819033350108846e+00,3.794349922794594043e+00,2.444000070000227343e-01,1.083591196640782517e+00
2.668445630420280268e-01,-1.363081348478389909e+00,4.030996929340551760e-01,-3.882086304245275787e-01,2.419186603097550847e+00,-6.618217897772373792e-01,1.433093097498976176e+00,-1.565283456051812516e-01,-8.642010591656992258e-01,-1.099873881050230873e+00,-1.309267957970918328e+00,2.531534870765030920e-01,-2.773103493551428045e+00,9.539875637950094855e-01,-1.260949908761377802e+00,-1.384150846664743195e+00,3.859123575045605659e+00,2.575666522086832444e-01,1.195480570752347260e+00
2.735156771180787261e-01,-1.364104310640615658e+00,3.973068361048361918e-01,-3.955764869220549373e-01,2.410538670545630424e+00,-6.601271428993757961e-01,1.414620835534517118e+00,-1.501514113877112089e-01,-8.724394909808661502e-01,-1.108960208503984468e+00,-1.283312175404939026e+00,2.549167017403087820e-01,-2.764757008633697666e+00,9.578542695948502050e-01,-1.208850431293438943e+00,-1.339821105510008437e+00,3.922122287784132855e+00,2.711068691136038211e-01,1.306677062116993415e+00
2.801867911941294254e-01,-1.365084643864859171e+00,3.914601826635943915e-01,-4.030039681026144072e-01,2.402065280527051261e+00,-6.584204293825859367e-01,1.396206722910601217e+00,-1.437479446006394990e-01,-8.803287494864674434e-01,-1.117748642133839621e+00,-1.256942105354763806e+00,2.567714740684541863e-01,-2.755671132436221527e+00,9.619416823016735396e-01,-1.156270710615853847e+00,-1.294844799825568327e+00,3.983323221526862579e+00,2.850146142586311715e-01,1.417143982895425980e+00
2.868579052701801246e-01,-1.366022166253974213e+00,3.855620725394885984e-01,-4.104890724079769404e-01,2.393769156631875727e+00,-6.567010303031058926e-01,1.377855675685784043e+00,-1.373164800468251179e-01,-8.878656904074784251e-01,-1.126234919405127544e+00,-1.230169815007186696e+00,2.587202351111306253e-01,-2.745850853667914482e+00,9.662476179666188436e-01,-1.103228615484108666e+00,-1.249237196481631562e+00,4.042704323476836947e+00,2.992836234416704766e-01,1.526844903459250613e+00
2.935290193462308239e-01,-1.366916686186523622e+00,3.796148662382908823e-01,-4.180297701857988990e-01,2.385652941463755727e+00,-6.549683106603734206e-01,1.359572575829737007e+00,-1.308555678224283259e-01,-8.950472893866602275e-01,-1.134414880538812787e+00,-1.203007516018666623e+00,2.607653734004827806e-01,-2.735301403166103817e+00,9.707696758072263954e-01,-1.049742227446519571e+00,-1.203013833828426193e+00,4.100244335771248139e+00,3.139074144127749211e-01,1.635743665519221235e+00
3.002001334222815232e-01,-1.367768002423620732e+00,3.736209440377142310e-01,-4.256240043811164719e-01,2.377719195693898335e+00,-6.532216196654999640e-01,1.341362269614113423e+00,-1.243637747592849785e-01,-9.018706433830304681e-01,-1.142284470304054445e+00,-1.175467559185686905e+00,2.629092335052837792e-01,-2.724028252042860920e+00,9.755052394712495634e-01,-9.958298345030970333e-01,-1.156190516126597068e+00,4.155922803380687647e+00,3.288792896797587684e-01,1.743804395161298260e+00
3.068712474983322225e-01,-1.368575904225360684e+00,3.675827051735511275e-01,-4.332696912396737376e-01,2.369970397150775732e+00,-6.514602910393232360e-01,1.323229566016072667e+00,-1.178396858584445650e-01,-9.083329720277013575e-01,-1.149839739773222735e+00,-1.147562429063592404e+00,2.651541146046840769e-01,-2.712037109744686703e+00,9.804514784215427881e-01,-9.415099246669406119e-01,-1.108783307860599976e+00,4.209720081656781687e+00,3.441923394200729902e-01,1.850991515785430419e+00
3.135423615743829218e-01,-1.369340171476782553e+00,3.615025670169114691e-01,-4.409647210228305192e-01,2.362408939945886299e+00,-6.496836433199099092e-01,1.305179235135036420e+00,-1.112819057140673473e-01,-9.144316189364496417e-01,-1.157076848038593342e+00,-1.119304738536251342e+00,2.675022690817372428e-01,-2.699333922026223131e+00,9.856053494413594684e-01,-8.868011794305390438e-01,-1.060808527937242118e+00,4.261617343525243129e+00,3.598394444976016349e-01,1.957269760942057735e+00
3.202134756504336210e-01,-1.370060574823302346e+00,3.553829642428510405e-01,-4.487069587337945697e-01,2.355037133635907054e+00,-6.478909801793707457e-01,1.287216006623244757e+00,-1.046890599268817112e-01,-9.201640529783875477e-01,-1.163992063889962569e+00,-1.090707223338927889e+00,2.699559011373941497e-01,-2.685924868838680091e+00,9.909635982592859271e-01,-8.317224671394087832e-01,-1.012282743771541371e+00,4.311596586321597258e+00,3.758132795830264605e-01,2.062604187061350736e+00
3.268845897264843203e-01,-1.370736875815529832e+00,3.492263479906834722e-01,-4.564942448549103027e-01,2.347857202421529621e+00,-6.460815907498557165e-01,1.269344568130684525e+00,-9.805979650640234135e-02,-9.255278695001266653e-01,-1.170581767452439914e+00,-1.061782736536746485e+00,2.725171654256582920e-01,-2.671816362133722755e+00,9.965227612930354084e-01,-7.762928362755379119e-01,-9.632227652621407898e-01,4.359640638266939483e+00,3.921063163763258697e-01,2.166960186070233885e+00
3.335557038025350196e-01,-1.371368827063405682e+00,3.430351850162766114e-01,-4.643243960957402772e-01,2.340871284383275963e+00,-6.442547499585767889e-01,1.251569563764943549e+00,-9.139278726112223805e-02,-9.305207915048414602e-01,-1.176842451783687071e+00,-1.032544242961170200e+00,2.751881657105751944e-01,-2.657015043583573544e+00,1.002279167511205493e+00,-7.205315086531536295e-01,-9.136456386585685152e-01,4.405733164581264738e+00,4.087108269299464247e-01,2.270303497892300015e+00
3.402268178785857189e-01,-1.371956172399568352e+00,3.368119568366347849e-01,-4.721952061516639931e-01,2.334081430754557207e+00,-6.424097188717201590e-01,1.233895592566555566e+00,-8.468672917589395444e-02,-9.351406707856535494e-01,-1.182770724429890841e+00,-1.003004813606901191e+00,2.779709535457186576e-01,-2.641527782218126230e+00,1.008228940412109864e+00,-6.644578725293569521e-01,-8.635686403226706664e-01,4.449858673232077066e+00,4.256188870711330452e-01,2.372600222825744343e+00
3.468979319546364182e-01,-1.372498647051866083e+00,3.305591588670745984e-01,-4.801044464727182159e-01,2.327489605232245129e+00,-6.405457450470881664e-01,1.216327207000383215e+00,-7.794034577572239719e-02,-9.393854890127841806e-01,-1.188363308939771601e+00,-9.731776199916652992e-01,2.808675269768406424e-01,-2.625361671979916434e+00,1.014368000118677227e+00,-6.080914756322355341e-01,-8.130092703866007575e-01,4.492002520316104253e+00,4.428223799218562462e-01,2.473816833794500347e+00
3.535690460306871175e-01,-1.372995977824918334e+00,3.242792995513034127e-01,-4.880498670423943364e-01,2.321097683324974348e+00,-6.386620628953154633e-01,1.198868911463577325e+00,-7.115238847519633758e-02,-9.432533587739214687e-01,-1.193617046335944121e+00,-9.430759284813188259e-01,2.838798292683182289e-01,-2.608524029197786476e+00,1.020692065588396424e+00,-5.514520181090738493e-01,-7.619852463097914752e-01,4.532150915072168829e+00,4.603129995147243747e-01,2.573920188467808678e+00
3.602401601067378167e-01,-1.373447883290627836e+00,3.179748994847152455e-01,-4.960291971661068278e-01,2.314907451739427913e+00,-6.367578940495057793e-01,1.181525160810668718e+00,-6.432163791279868481e-02,-9.467425245672931311e-01,-1.198528896542968791e+00,-9.127130945827452990e-01,2.870097476540409698e-01,-2.591022389980161655e+00,1.027196656937215069e+00,-4.945593453973411435e-01,-7.105144963373799527e-01,4.570290924523368048e+00,4.780822545032463733e-01,2.672877541243505739e+00
3.669112741827885160e-01,-1.373854073987547109e+00,3.116484905312202347e-01,-5.040401462690451417e-01,2.308920607804781255e+00,-6.348324477431110946e-01,1.164300358896304344e+00,-5.744690526933518560e-02,-9.498513637469234716e-01,-1.203095939771436917e+00,-8.821025572070335663e-01,2.902591121133603069e-01,-2.572864507528846101e+00,1.033877097876225726e+00,-4.374334410211648816e-01,-6.586151528626066343e-01,4.606410477746892163e+00,4.961214719647299987e-01,2.770656555090327267e+00
3.735823882588392153e-01,-1.374214252628976896e+00,3.053026149339308493e-01,-5.120804047031063400e-01,2.303138758935512787e+00,-6.328849211958973431e-01,1.147198857136175087e+00,-5.052703356973503590e-02,-9.525783874195994372e-01,-1.207315377857467453e+00,-8.512578329054113491e-01,2.936296941727122300e-01,-2.554058349374301873e+00,1.040728518259955937e+00,-3.800944193160380458e-01,-6.063055456957501255e-01,4.640498369770019060e+00,5.144218012940877660e-01,2.867225313244650575e+00
3.802535023348899146e-01,-1.374528114319699679e+00,2.989398244200242583e-01,-5.201476445626165290e-01,2.297563422132760103e+00,-6.309145000078131282e-01,1.130224953086638173e+00,-4.356089896748405188e-02,-9.549222412930677972e-01,-1.211184535556993236e+00,-8.201925100804399182e-01,2.971232057335128074e-01,-2.534612094533400306e+00,1.047745856744985771e+00,-3.225625180845356210e-01,-5.536041952421931756e-01,4.672544265090898818e+00,5.329742181867784812e-01,2.962552330757066699e+00
3.869246164109406139e-01,-1.374795346781217287e+00,2.925626793001118719e-01,-5.282395205085332890e-01,2.292196023524359916e+00,-6.289203585605921409e-01,1.113382889043567081e+00,-3.654741201095551562e-02,-9.568817064750150259e-01,-1.214700861794240527e+00,-7.889202431749781086e-01,3.007412979269185049e-01,-2.514534130590649230e+00,1.054923863557587493e+00,-2.648580911858618991e-01,-5.005298055922777767e-01,4.702538700823001072e+00,5.517695287090438327e-01,3.056606565884295357e+00
3.935957304869913131e-01,-1.375015630585372683e+00,2.861737475624442917e-01,-5.363536706008200650e-01,2.287037897943723586e+00,-6.269016604269002091e-01,1.096676850660911473e+00,-2.948551889092054790e-02,-9.584557002224016742e-01,-1.217861930863826325e+00,-7.574547468414259965e-01,3.044855599960239467e-01,-2.493833050703961440e+00,1.062257103369012912e+00,-2.070016010620737701e-01,-4.471012575256243515e-01,4.730473089462174485e+00,5.707983734535915232e-01,3.149357431321985423e+00
4.002668445630420124e-01,-1.375188639396235812e+00,2.797756039622824598e-01,-5.444877171386883763e-01,2.282090288547669932e+00,-6.248575587868500092e-01,1.080110965589493377e+00,-2.237420266851852801e-02,-9.596432766407313464e-01,-1.220665443585906340e+00,-7.258097900937693359e-01,3.083575182060664388e-01,-2.472517650536024014e+00,1.069739958277008185e+00,-1.490136112038573657e-01,-3.933376014326437353e-01,4.756339721275508303e+00,5.900512317788186856e-01,3.240774805274001746e+00
4.069379586390927117e-01,-1.375314040220105172e+00,2.733708291067741825e-01,-5.526392675083835471e-01,2.277354346473319691e+00,-6.227871968516884849e-01,1.063689302136513026e+00,-1.521248448299061806e-02,-9.604436273328659235e-01,-1.223109228413832961e+00,-6.939991904449536175e-01,3.123586347831767140e-01,-2.450596925112382696e+00,1.077366630892086397e+00,-9.091477855877561076e-02,-3.392580501560091832e-01,4.780131766311289887e+00,6.095184261296295869e-01,3.330829042353864011e+00
4.136090727151434110e-01,-1.375391493663505438e+00,2.669620085356700923e-01,-5.608059150382023184e-01,2.272831130534146649e+00,-6.206897082944693445e-01,1.047415867946255963e+00,-7.999424738477034502e-03,-9.608560819970131117e-01,-1.225191242493802513e+00,-6.620368080321137327e-01,3.164903068822286225e-01,-2.428080065607375548e+00,1.085131147527024220e+00,-3.272584588491456170e-02,-2.848819717548843888e-01,4.801843276029555518e+00,6.291901264378790826e-01,3.419490984314076165e+00
4.202801867911941103e-01,-1.375420654199025039e+00,2.605517317982211090e-01,-5.689852398604167139e-01,2.268521606955247183e+00,-6.185642176875093545e-01,1.031294608702481908e+00,-7.341242691981664237e-04,-9.608801089735278245e-01,-1.226909572675976445e+00,-6.299365397321901039e-01,3.207538655842988584e-01,-2.404976456059073620e+00,1.093027361488015270e+00,2.553236594709018537e-02,-2.302288821947426900e-01,4.821469184552876541e+00,6.490563546004080031e-01,3.506731970599143544e+00
4.269513008672448096e-01,-1.375401170438854237e+00,2.541425915266009028e-01,-5.771748097797814170e-01,2.264426649147890380e+00,-6.164098409464371375e-01,1.015329406852960359e+00,6.584274517655530623e-03,-9.605153157401973285e-01,-1.228262436476598829e+00,-5.977123132704740271e-01,3.251505749242586396e-01,-2.381295670014417887e+00,1.101048956465838335e+00,8.383896570065973997e-02,-1.753184379656590464e-01,4.839005309537199651e+00,6.691069890326309944e-01,3.592523848718113477e+00
4.336224149432955088e-01,-1.375332685415873613e+00,2.477371825061952804e-01,-5.853721811482932580e-01,2.260547037523395808e+00,-6.142256857806224213e-01,9.995240803566165511e-01,1.395658652198517036e-02,-9.597614493556935189e-01,-1.229248182990639204e+00,-5.653780813246038761e-01,3.296816309489836172e-01,-2.357047467105782168e+00,1.109189450025378720e+00,1.421729995654923417e-01,-1.201704286319676962e-01,4.854448352662716459e+00,6.893317692955882592e-01,3.676838984432614588e+00
4.402935290193462081e-01,-1.375214836872131086e+00,2.413381007431082970e-01,-5.935748997458736298e-01,2.256883459346340715e+00,-6.120108521497884535e-01,9.838823814537399626e-01,2.138358285444619256e-02,-9.586183968508994457e-01,-1.229865293754510702e+00,-5.329478156265574640e-01,3.343481608066746213e-01,-2.332241789560184575e+00,1.117442197191768738e+00,2.005134589923438515e-01,-6.480476931623280201e-02,4.867795899744902677e+00,7.097203007943252429e-01,3.759650271756353135e+00
4.469646430953969074e-01,-1.375047257554555813e+00,2.349479425292321233e-01,-6.017805016666383233e-01,2.253436508627123303e+00,-6.097644327265916431e-01,9.684079954597037965e-01,2.886598976435483799e-02,-9.570861855678334251e-01,-1.230112383558438216e+00,-5.004355010651725388e-01,3.391512218677524837e-01,-2.306888758642442916e+00,1.125800394131373450e+00,2.588392885673059807e-01,-9.241493120497712432e-03,4.879046420466039535e+00,7.302620595454545338e-01,3.840931142762158856e+00
4.536357571714476067e-01,-1.374829575517741764e+00,2.285693035052305810e-01,-6.099865142104172744e-01,2.250206686053850103e+00,-6.074855133649611494e-01,9.531045395826283073e-01,3.640448759245851207e-02,-9.551649834459230437e-01,-1.229988201208066956e+00,-4.678551297917147300e-01,3.440918008777809622e-01,-2.280998671033549918e+00,1.134257081925804878e+00,3.171293939224918423e-01,4.649925651218766998e-02,4.888199267727698860e+00,7.509463970117140619e-01,3.920655577192720287e+00
4.603068712474983060e-01,-1.374561414433628670e+00,2.222047777217908693e-01,-6.181904567791858263e-01,2.247194398963540340e+00,-6.051731735739803719e-01,9.379755617654133015e-01,4.399970974919098499e-02,-9.528550992553912469e-01,-1.229491630234923250e+00,-4.352206953310374660e-01,3.491708131428623574e-01,-2.254581995145606754e+00,1.142805150437089301e+00,3.753626496800113177e-01,1.023972334929269534e-01,4.895254676624797519e+00,7.717625450012864929e-01,3.998798111871236127e+00
4.669779853235490052e-01,-1.374242393907917359e+00,2.158569566994929800e-01,-6.263898417780621175e-01,2.244399961352576689e+00,-6.028264869970942907e-01,9.230245395525684682e-01,5.165224171901106054e-02,-9.501569827775442345e-01,-1.228621689555358110e+00,-4.025461867008384154e-01,3.543891017479219308e-01,-2.227649367374646694e+00,1.151437342262087382e+00,4.335179074261111820e-01,1.584320968357809667e-01,4.900213763042061466e+00,7.926996206296452741e-01,4.075333849908265194e+00
4.736490993995997045e-01,-1.373872129803034969e+00,2.095284284876567926e-01,-6.345821755205294235e-01,2.241823593926365543e+00,-6.004445218964193920e-01,9.082548789822399993e-01,5.936262009141141105e-02,-9.470712249317743137e-01,-1.227377534077629395e+00,-3.698455825415400411e-01,3.597474368083018459e-01,-2.200211588292737552e+00,1.160146256774195805e+00,4.915740037123281780e-01,2.145834184571178138e-01,4.903078521873831974e+00,8.137466313416338304e-01,4.150238469701162281e+00
4.803202134756504038e-01,-1.373450234567477724e+00,2.032217767225177607e-01,-6.427649591375331761e-01,2.239465424188106901e+00,-5.980263416419350220e-01,8.936699135038399522e-01,6.713133161917944625e-02,-9.435985578490999615e-01,-1.225758455256791279e+00,-3.371328452592991520e-01,3.652465147550448821e-01,-2.172279618780740940e+00,1.168924354250342912e+00,5.495097680804830187e-01,2.708306910224073105e-01,4.903851824868355358e+00,8.348924799914768657e-01,4.223488233722544116e+00
4.869913275517011031e-01,-1.372976317571338534e+00,1.969395796850918201e-01,-6.509356894901056068e-01,2.237325486566584587e+00,-5.955710052053292403e-01,8.792729029216693748e-01,7.495881230446521659e-02,-9.397398548921046535e-01,-1.223763881597090153e+00,-3.044219151846440652e-01,3.708869576542619950e-01,-2.143864576103163611e+00,1.177763960081222416e+00,6.073040311083446330e-01,3.271533358373344136e-01,4.902537418097839605e+00,8.561259699783866361e-01,4.295059997094330839e+00
4.936624416277518024e-01,-1.372449985447842025e+00,1.906844093590870093e-01,-6.590918600851649600e-01,2.235403722582879560e+00,-5.930775676582705769e-01,8.650670323649156668e-01,8.284544651321046338e-02,-9.354961306211390104e-01,-1.221393379101575638e+00,-2.717267047492354370e-01,3.766693125609336112e-01,-2.114977729926530881e+00,1.186657269062691533e+00,6.649356324727541123e-01,3.835307107800633997e-01,4.899139919055729209e+00,8.774358104353996435e-01,4.364931215943964382e+00
5.003335557038025572e-01,-1.371870842440688909e+00,1.844588304892184893e-01,-6.672309619941391157e-01,2.233699981055842443e+00,-5.905450806748743231e-01,8.510554112843942143e-01,9.079156611846955771e-02,-9.308685407066827899e-01,-1.218646651668668923e+00,-2.390610926832310579e-01,3.825940509074985396e-01,-2.085630498282748935e+00,1.195596349766197219e+00,7.223834290270092495e-01,4.399421182714876588e-01,4.893664813382811118e+00,8.988106214690525508e-01,4.433079955539519723e+00
5.070046697798532565e-01,-1.371238490757016315e+00,1.782653996402899510e-01,-6.753504847740551265e-01,2.232214018346220019e+00,-5.879725930381312082e-01,8.372410724764003387e-01,9.879744967314457726e-02,-9.258583817877874544e-01,-1.215523541435441945e+00,-2.064389182357231345e-01,3.886615679275619017e-01,-2.055834443478949058e+00,1.204573148986072484e+00,7.796263028892805869e-01,4.963668132802625532e-01,4.886118451223917525e+00,9.202389394474982387e-01,4.499484898200484473e+00
5.136757838559039557e-01,-1.370552530925782442e+00,1.721066642573972350e-01,-6.834479173907415106e-01,2.230945498639241187e+00,-5.853591511500628730e-01,8.236269711340218347e-01,1.068633216126381180e-01,-9.204670912765273716e-01,-1.212024029067385822e+00,-1.738739754207070387e-01,3.948721821150324995e-01,-2.025601267955311258e+00,1.213579496261500523e+00,8.366431695388336642e-01,5.527840113594139071e-01,4.876508043217158139e+00,9.417092223346135160e-01,4.564125350981084850e+00
5.203468979319546550e-01,-1.369812562161362379e+00,1.659851617276190960e-01,-6.915207491437853626e-01,2.229893994265503832e+00,-5.827037995453643315e-01,8.102159839262507157e-01,1.149893514879167800e-01,-9.146962471084252311e-01,-1.208148233994471132e+00,-1.413800072910276207e-01,4.012261347189944871e-01,-1.994942810092395380e+00,1.222607108470887605e+00,8.934129859168066234e-01,6.091728967112790549e-01,4.864841656117778079e+00,9.632098550676462256e-01,4.626981253123111593e+00
5.270180120080053543e-01,-1.369018182732161470e+00,1.599034184435506878e-01,-6.995664705928819060e-01,2.229058986059954783e+00,-5.800055814083001637e-01,7.970109081052311195e-01,1.231756532294578932e-01,-9.085475674388306944e-01,-1.203896414593320419e+00,-1.089707002427298121e-01,4.077235892745900703e-01,-1.963871039969539378e+00,1.231647594496391607e+00,9.499147585283055362e-01,6.655126302775439262e-01,4.851128208058860913e+00,9.847291549759302764e-01,4.688033183275306826e+00
5.336891260840560536e-01,-1.368168990334036383e+00,1.538639488690456414e-01,-7.075825744852232146e-01,2.228439863758767459e+00,-5.772635390926051935e-01,7.840144606419637840e-01,1.314222844425423364e-01,-9.020229102852528325e-01,-1.199268968315336803e+00,-7.665967835223297389e-02,4.143646311701802976e-01,-1.932398055075876142e+00,1.240692459956272087e+00,1.006127551542550069e+00,7.217823578511018967e-01,4.835377463451324687e+00,1.006255377238163051e+00,4.747262366476430628e+00
5.403602401601067529e-01,-1.367264582468306955e+00,1.478692546075212333e-01,-7.155665566835559543e-01,2.228035926433866720e+00,-5.744767146441540628e-01,7.712292773907730714e-01,1.397292457343380923e-01,-8.951242731156713317e-01,-1.194266431760652392e+00,-4.446049774872284921e-02,4.211492672510381841e-01,-1.900536075975562289e+00,1.249733112002719526e+00,1.062030494887817422e+00,7.779612182064694625e-01,4.817600027525710260e+00,1.027776720375734198e+00,4.804650680899262838e+00
5.470313542361574521e-01,-1.366304556824152527e+00,1.419218234731926820e-01,-7.235159170945574258e-01,2.227846382964887351e+00,-5.716441503261496804e-01,7.586579122828408517e-01,1.480964800731991993e-01,-8.878537923828713208e-01,-1.188889480697785661e+00,-1.238664102414055446e-02,4.280774254597952133e-01,-1.868297441928824965e+00,1.258760864182788319e+00,1.117602792337919482e+00,8.340283512454607084e-01,4.797807340518525088e+00,1.049281331779569504e+00,4.860180664352835578e+00
5.537024683122081514e-01,-1.365288511665174509e+00,1.360241285655923171e-01,-7.314281605971555411e-01,2.227870352548280142e+00,-5.687648891465898471e-01,7.463028365490990135e-01,1.565238721806004873e-01,-8.802137430048708744e-01,-1.183138930028917013e+00,1.954848831686240018e-02,4.351489545138687021e-01,-1.835694606470440693e+00,1.267766941360009003e+00,1.172823729586936370e+00,8.899629061548264275e-01,4.776011671505966838e+00,1.070757313267950206e+00,4.913835520540350998e+00
5.603735823882588507e-01,-1.364216046219903777e+00,1.301786273477353317e-01,-7.393007979704391275e-01,2.228106865243308476e+00,-5.658379753877592622e-01,7.341664379727508294e-01,1.650112479560978951e-01,-8.722065377915280138e-01,-1.177015733700713884e+00,5.133157136466759418e-02,4.423636236200578775e-01,-1.802740132947293628e+00,1.276742484694239455e+00,1.227672682308953211e+00,9.457440495725489837e-01,4.752226111888062654e+00,1.092192726672726710e+00,4.965599125070246700e+00
5.670446964643095500e-01,-1.363086761076033993e+00,1.243877607282887210e-01,-7.471313468207909647e-01,2.228554862554640970e+00,-5.628624551375029927e-01,7.222510201716982881e-01,1.735583739356973965e-01,-8.638347268174404459e-01,-1.170520984560654121e+00,8.294937926781054127e-02,4.497211222264957398e-01,-1.769446690016658330e+00,1.285678556677279261e+00,1.282129124199523851e+00,1.001350973759478347e+00,4.726464568526381527e+00,1.113575599451367193e+00,5.015456031218062272e+00
5.737158105403602493e-01,-1.361900258578154777e+00,1.186539521481045079e-01,-7.549173325078796237e-01,2.229213198051232414e+00,-5.598373768220271662e-01,7.105588019111228615e-01,1.821649567839979111e-01,-8.551009967412691593e-01,-1.163655914158831184e+00,1.143887786491695202e-01,4.572210598121192460e-01,-1.735827047106887955e+00,1.294566146221748371e+00,1.336172634995592690e+00,1.056762904772978962e+00,4.698741756538632686e+00,1.134893930322234068e+00,5.063391475436780809e+00
5.803869246164109486e-01,-1.360656143228761383e+00,1.129796066714689878e-01,-7.626562890691480634e-01,2.230080638021171513e+00,-5.567617917399825256e-01,6.990919164464739488e-01,1.908306428204504801e-01,-8.460081700716417519e-01,-1.156421892495233639e+00,1.456367369729593131e-01,4.648629657138008131e-01,-1.701894069842179835e+00,1.303396173800687841e+00,1.389782908470622358e+00,1.111959110639276105e+00,4.669073191753604135e+00,1.156135694920499279e+00,5.109391382613470256e+00
5.870580386924616478e-01,-1.359354022092307490e+00,1.073671100824309110e-01,-7.703457601424344992e-01,2.231155862162166326e+00,-5.536347545975711659e-01,6.878524108970902606e-01,1.995550175800706594e-01,-8.365592043798097954e-01,-1.148820427712515801e+00,1.766803278602613325e-01,4.726462889912763643e-01,-1.667660715433133989e+00,1.312159496635334710e+00,1.442939760401658500e+00,1.166918909521147629e+00,4.637475182830053555e+00,1.177288851472077180e+00,5.153442371070102723e+00
5.937291527685123471e-01,-1.357993505202073292e+00,1.018188279865555046e-01,-7.779832998863608351e-01,2.232437464307311270e+00,-5.504553240444296502e-01,6.768422456506835161e-01,2.083376054089068896e-01,-8.267571914592611870e-01,-1.140853165734311503e+00,2.075067363508709128e-01,4.805703983299727255e-01,-1.633140028034802960e+00,1.320846913928480193e+00,1.495623136505082940e+00,1.221621677877648304e+00,4.603964823043299681e+00,1.198341346482953762e+00,5.195531757306564025e+00
6.004002668445630464e-01,-1.356574205969617752e+00,9.633710491846295132e-02,-7.855664738981282813e-01,2.233923953185767974e+00,-5.472225632100350401e-01,6.660632937988899549e-01,2.171778690945717072e-01,-8.166053564325053138e-01,-1.132521889849144259e+00,2.381032641092533098e-01,4.886345819818377345e-01,-1.598345134073968943e+00,1.329449172140811708e+00,1.547813120337813597e+00,1.276046858612520651e+00,4.568559981743384846e+00,1.219281120441292110e+00,5.235647560483966956e+00
6.070713809206137457e-01,-1.355095741596575198e+00,9.092426345550180811e-02,-7.930928601283556700e-01,2.235613753217988275e+00,-5.439355402403759365e-01,6.555173406040969430e-01,2.260752095321040267e-01,-8.061070568052712826e-01,-1.123828520240028661e+00,2.684573345724340365e-01,4.968380477442428944e-01,-1.563289237547382804e+00,1.337956970307604632e+00,1.599489941160708639e+00,1.330173969207958828e+00,4.531279295488872094e+00,1.240096113529663091e+00,5.273778506646441322e+00
6.137424949966644450e-01,-1.353557733488562898e+00,8.558260333790426722e-02,-8.005600497925968728e-01,2.237505205345074799e+00,-5.405933288346396193e-01,6.452060829977194212e-01,2.350289654254303917e-01,-7.952657814683858906e-01,-1.114775113459866240e+00,2.985564980376664845e-01,5.051799229770197464e-01,-1.527985615292713817e+00,1.346360965393106568e+00,1.650633981760945002e+00,1.383982609840396005e+00,4.492142158860418455e+00,1.260774271344765607e+00,5.309914032679730944e+00
6.204136090727151442e-01,-1.351959807670962688e+00,8.031440059577647783e-02,-8.079656482791822691e-01,2.239596567891879886e+00,-5.371950087816559360e-01,6.351311291101189305e-01,2.440384130246595618e-01,-7.840851496476108906e-01,-1.105363861852772356e+00,3.283884366877645178e-01,5.136592546576709273e-01,-1.492447612233979815e+00,1.354651777679958702e+00,1.701225786230170733e+00,1.437452471474985005e+00,4.451168714958425809e+00,1.281303550622001630e+00,5.344044290004997144e+00
6.270847231487658435e-01,-1.350301595206331751e+00,7.512190668326551579e-02,-8.153072760530145624e-01,2.241886017463411207e+00,-5.337396664958480308e-01,6.252939978323168724e-01,2.531027658994446927e-01,-7.725689098017499701e-01,-1.095597092921479998e+00,3.579409695520003876e-01,5.222750094747778959e-01,-1.456688636603215237e+00,1.362819996190945737e+00,1.751246067695204411e+00,1.490563343935449314e+00,4.408379845589233348e+00,1.301671924962233717e+00,5.376160148006327688e+00
6.337558372248165428e-01,-1.348582732613208490e+00,7.000734762024926616e-02,-8.225825695549698890e-01,2.244371649874113750e+00,-5.302263955524301187e-01,6.156961184096578776e-01,2.622211747486129507e-01,-7.607209384693492948e-01,-1.085477268641003912e+00,3.872020574005061722e-01,5.310260739596167623e-01,-1.420722155140170306e+00,1.370856184140375911e+00,1.800675715998117044e+00,1.543295123945978675e+00,4.363797161144401748e+00,1.321867390558092215e+00,5.406253197190583393e+00
6.404269513008672421e-01,-1.346802862286062608e+00,6.497292314189141715e-02,-8.297891820965385135e-01,2.247051481109574755e+00,-5.266542972216011753e-01,6.063388300675687237e-01,2.713927272462517415e-01,-7.485452390643406728e-01,-1.075006984718756220e+00,4.161598075701502530e-01,5.399112546559596826e-01,-1.384561688271828128e+00,1.378750884412365485e+00,1.849495805322500352e+00,1.595627823141871904e+00,4.317442990177788431e+00,1.341877971917172063e+00,5.434315752078292761e+00
6.470980653769179414e-01,-1.344961632916153338e+00,6.002080585639851112e-02,-8.369247847493530568e-01,2.249923448320189756e+00,-5.230224810014789671e-01,5.972233816695321496e-01,2.806164479244266374e-01,-7.360459406209987065e-01,-1.064188969801337370e+00,4.448024787198865404e-01,5.489292783280437238e-01,-1.348220805273531386e+00,1.386494625063284136e+00,1.897687601762780840e+00,1.647541576045607581e+00,4.269340368685261566e+00,1.361691727579471767e+00,5.460340853824421359e+00
6.537691794529686407e-01,-1.343058699913045828e+00,5.515314041131969686e-02,-8.439870672292471010e-01,2.252985410846308767e+00,-5.193300651495165177e-01,5.883509314074051311e-01,2.898912980926751093e-01,-7.232272964885984035e-01,-1.053026084628240211e+00,4.731184855136061351e-01,5.580787922066531292e-01,-1.311713119413535411e+00,1.394077924845611882e+00,1.945232570833431041e+00,1.699016648005067687e+00,4.219513029091977785e+00,1.381296755826417089e+00,5.484322272567937695e+00
6.604402935290193399e-01,-1.341093725826540961e+00,5.037204266871887770e-02,-8.509737387744930048e-01,2.256235151274376349e+00,-5.155761772121548736e-01,5.797225465241709896e-01,2.992161757944202805e-01,-7.100936829761914648e-01,-1.041521321132734990e+00,5.010964032285656344e-01,5.673583642732509258e-01,-1.275052283082791948e+00,1.401491298750433767e+00,1.992112384914957124e+00,1.750033443090619256e+00,4.167985388952354597e+00,1.400681200378831814e+00,5.506254509509229678e+00
6.671114076050700392e-01,-1.339066380768774378e+00,4.567959888955477193e-02,-8.578825290178644369e-01,2.259670376523564173e+00,-5.117599545524501581e-01,5.713392030692281409e-01,3.085899158004082876e-01,-6.966495979479240264e-01,-1.029677801490216815e+00,5.287249722874819424e-01,5.767664835820806024e-01,-1.238251982911782623e+00,1.408725263565806518e+00,2.038308930633572658e+00,1.800572511947798215e+00,4.114782539367854319e+00,1.419833256081209250e+00,5.526132798714504801e+00
6.737825216811207385e-01,-1.336976342836233567e+00,4.107786492759431252e-02,-8.647111888521779033e-01,2.263288718962371604e+00,-5.078805448754248886e-01,5.632017856862977512e-01,3.180112896392729427e-01,-6.828996593693561490e-01,-1.017498777114324016e+00,5.559931027124407343e-01,5.863015606201309460e-01,-1.201325934876230628e+00,1.415770343448195856e+00,2.083804316171469218e+00,1.850614559602336007e+00,4.059930233127995614e+00,1.438741174569641679e+00,5.543953108646408445e+00
6.804536357571714378e-01,-1.334823298531448765e+00,3.656886543318648569e-02,-8.714574912889621050e-01,2.267087737554681404e+00,-5.039371067508962021e-01,5.553110874340063674e-01,3.274790056653067438e-01,-6.688486038052544602e-01,-1.004987627601157341e+00,5.828898784987781578e-01,5.959619277048545660e-01,-1.164287879393515412e+00,1.422617075504196027e+00,2.128580878504635177e+00,1.900140453214290259e+00,4.003454872579951029e+00,1.457393269920785439e+00,5.559712143420260766e+00
6.871247498332221371e-01,-1.332606943184106330e+00,3.215459306721809435e-02,-8.781192323099132890e-01,2.271064919034713192e+00,-4.999288101335201961e-01,5.476678096392112449e-01,3.369917091634897499e-01,-6.545012848693483321e-01,-9.921478596219480695e-01,6.094045619071535302e-01,6.057458394194996654e-01,-1.127151576411623335e+00,1.429256015379728684e+00,2.172621190565194205e+00,1.949131229778067853e+00,3.945383497232315850e+00,1.475777924279233932e+00,5.573407343785324208e+00
6.937958639092728363e-01,-1.330326981371335648e+00,2.783700772556918501e-02,-8.846942317107908682e-01,2.275217679110339120e+00,-4.958548368798104677e-01,5.402725617831071192e-01,3.465479824918266116e-01,-6.398626716265672920e-01,-9.789831057645490553e-01,6.355265976720506638e-01,6.156514730859015128e-01,-1.089930800492472152e+00,1.435677742853899819e+00,2.215908068325258107e+00,1.997568103765126946e+00,3.885743771098721044e+00,1.493883593460681336e+00,5.585036887830719721e+00
7.004669779853235356e-01,-1.327983127336927360e+00,2.361803577438610635e-02,-8.911803339374184674e-01,2.279543363694187086e+00,-4.917143812618770538e-01,5.331258614201456192e-01,3.561463452610049707e-01,-6.249378469482902432e-01,-9.654971233241379514e-01,6.612456171249997405e-01,6.256769292745670841e-01,-1.052639335891442762e+00,1.441872867434724093e+00,2.258424577799310384e+00,2.045432474706190273e+00,3.824563969787012407e+00,1.511698812528281977e+00,5.594599691415644394e+00
7.071380920613742349e-01,-1.325575105409220411e+00,1.949956929648003628e-02,-8.975754089134443392e-01,2.284039250161965295e+00,-4.875066504776382481e-01,5.262281341297866399e-01,3.657852545513837761e-01,-6.097320058211607163e-01,-9.516937930435531712e-01,6.865514422308331977e-01,6.358202323518629129e-01,-1.015290971634962069e+00,1.447832033953866393e+00,2.300154041962191087e+00,2.092705934709796267e+00,3.761872967339934704e+00,1.529212201339601007e+00,5.602095408323698678e+00
7.138092061374249342e-01,-1.323102650417424808e+00,1.548346534916265893e-02,-9.038773528595351880e-01,2.288702548637413514e+00,-4.832308651572599922e-01,5.195797135010921108e-01,3.754631051672931985e-01,-5.942504536100429169e-01,-9.375771178036900189e-01,7.114340895353453709e-01,6.460793310641046450e-01,-9.778994965979798115e-01,1.453545928157612410e+00,2.341080047579738199e+00,2.139370275914056485e+00,3.697700222833254724e+00,1.546412470061588218e+00,5.607524430141204164e+00
7.204803202134756335e-01,-1.320565508106119612e+00,1.157154523382068062e-02,-9.100840891036678926e-01,2.293530403303292164e+00,-4.788862598655750369e-01,5.131808411501490585e-01,3.851782299286122813e-01,-5.784986042757065405e-01,-9.231512212644183979e-01,7.358837740227508473e-01,6.564520991583170373e-01,-9.404786945831735689e-01,1.459005282291220951e+00,2.381186451949216298e+00,2.185407497868505189e+00,3.632075766737434819e+00,1.563288424650993713e+00,5.610887885859527913e+00
7.271514342895263328e-01,-1.317963435547679696e+00,7.765593777528292940e-03,-9.161935688821885027e-01,2.298519893737802189e+00,-4.744720836002402353e-01,5.070316667703131941e-01,3.949288999995703708e-01,-5.624819785478567535e-01,-9.084203464564980512e-01,7.598909128813913227e-01,6.669363360394403584e-01,-9.030423394037307983e-01,1.464200880673861338e+00,2.420457389546675664e+00,2.230799814842953754e+00,3.565030187049012866e+00,1.579828972297691925e+00,5.612187641201540345e+00
7.338225483655770320e-01,-1.315296201552391686e+00,4.067358626997724658e-03,-9.222037721313192105e-01,2.303668036275811737e+00,-4.699876002853871082e-01,5.011322482152369417e-01,4.047133252547003845e-01,-5.462062020541342822e-01,-8.933888543249848269e-01,7.834461291761712909e-01,6.775297674637131840e-01,-8.656041899715396504e-01,1.469123565261292619e+00,2.458877278578402326e+00,2.275529663060277930e+00,3.496594615198000966e+00,1.596023126828353789e+00,5.611426297672398533e+00
7.404936624416277313e-01,-1.312563587075997962e+00,4.785495551525853486e-04,-9.281127082687846697e-01,2.308971785394270615e+00,-4.654320892605300353e-01,4.954825516146410536e-01,4.145296546818517669e-01,-5.296770034057417531e-01,-8.780612222246517717e-01,8.065402554262529611e-01,6.882300462679671327e-01,-8.281779853926352075e-01,1.473764241193503466e+00,2.496430827433707034e+00,2.319579707850121242e+00,3.426800711737620020e+00,1.611860014067984181e+00,5.608607191335023501e+00
7.471647765176784306e-01,-1.309765385624432454e+00,-2.999162219380860361e-03,-9.339184169652441359e-01,2.314428035121168570e+00,-4.608048457644869367e-01,4.900824515227752420e-01,4.243759768221575523e-01,-5.129002122403554242e-01,-8.624420423679569625e-01,8.291643370865738882e-01,6.990347531345397769e-01,-7.907774400717269003e-01,1.478113882324462391e+00,2.533103041036250502e+00,2.362932850720489864e+00,3.355680651822892546e+00,1.627328877156783093e+00,5.603734391310680074e+00
7.538358905937291299e-01,-1.306901403655497118e+00,-6.364144699588569765e-03,-9.396189689052132366e-01,2.320033620467394808e+00,-4.561051814140805183e-01,4.849317310995064911e-01,4.342503202468186441e-01,-4.958817572230152515e-01,-8.465360202261182909e-01,8.513096359318075290e-01,7.099413973915040810e-01,-7.534162388276497424e-01,1.482163536731211817e+00,2.568879227091239947e+00,2.405572236344277304e+00,3.283267110484590745e+00,1.642419081819877835e+00,5.596812698005232178e+00
7.605070046697798292e-01,-1.303971460977237040e+00,-9.614805763909203828e-03,-9.452124665371635093e-01,2.325785318880849051e+00,-4.513324246773841031e-01,4.800300823239440628e-01,4.441506540705670858e-01,-4.786276640056918996e-01,-8.303479728838727425e-01,8.729676333414206901e-01,7.209474178478845197e-01,-7.161080320215560402e-01,1.485904332199481814e+00,2.603745002225791971e+00,2.447481259457772396e+00,3.209593247705189611e+00,1.657120121587459582e+00,5.587847641061715720e+00
7.671781187458305284e-01,-1.300975391142766613e+00,-1.274959380632435801e-02,-9.506970448124931750e-01,2.331679851722125552e+00,-4.464859213412802896e-01,4.753771062405217074e-01,4.540748885016374636e-01,-4.611440531462570602e-01,-8.138828273485173570e-01,8.941300334845250219e-01,7.320501836635286974e-01,-6.788664306996823328e-01,1.489327481683046628e+00,2.637686298019822573e+00,2.488643571668233356e+00,3.134692693303558819e+00,1.671421622962879550e+00,5.576845477039996446e+00
7.738492328218812277e-01,-1.297913041841305182e+00,-1.576699836243554420e-02,-9.560708719130690536e-01,2.337713885761111499e+00,-4.415650349731018998e-01,4.709723132374299404e-01,4.640208754280623626e-01,-4.434371379875903241e-01,-7.971456188138454912e-01,9.147887664032808841e-01,7.432469952532737567e-01,-6.417050017524962291e-01,1.492424288734055748e+00,2.670689366924889452e+00,2.529043088167669318e+00,3.058599531635130653e+00,1.685313350536302490e+00,5.563813186824389412e+00
7.805203468979319270e-01,-1.294784275285182806e+00,-1.866555072125977710e-02,-9.613321499670346437e-01,2.343884034693810570e+00,-4.365691473761265096e-01,4.668151233572788716e-01,4.739864090400898178e-01,-4.255132224975833877e-01,-7.801414888796169844e-01,9.349359909936295621e-01,7.545350852250392037e-01,-6.046372630920495705e-01,1.495186152901547771e+00,2.702740788068408229e+00,2.568663994349964064e+00,2.981348286114471335e+00,1.698785212041501236e+00,5.548758472760210836e+00
7.871914609739826263e-01,-1.291588968592572328e+00,-2.144382452248791426e-02,-9.664791157525964849e-01,2.350186860678707301e+00,-4.314976590387026301e-01,4.629048666398712930e-01,4.839692264885009365e-01,-4.073786990708139211e-01,-7.628756837272148150e-01,9.545640978822065303e-01,7.659116193514567961e-01,-5.676766788493308180e-01,1.497604575095417001e+00,2.733827472940743242e+00,2.607490752328562866e+00,2.902973903567159120e+00,1.711827263353461248e+00,5.531689755520360130e+00
7.938625750500333256e-01,-1.288327014165710604e+00,-2.410043633895181392e-02,-9.715100413894947051e-01,2.356618875891975051e+00,-4.263499895767817183e-01,4.592407834969417513e-01,4.939670085785903275e-01,-3.890400462926743574e-01,-7.453535522521601564e-01,9.736657121983127716e-01,7.773736975746377009e-01,-5.308366545934168901e-01,1.499671162913075673e+00,2.763936670962699349e+00,2.645508107351935312e+00,2.823511738417979977e+00,1.724429713424418864e+00,5.512616170703109830e+00
8.005336891260840249e-01,-1.284998320064373312e+00,-2.663404624405309173e-02,-9.764232350178729813e-01,2.363176544100819676e+00,-4.211255781696391365e-01,4.558220251187111716e-01,5.039773804995447692e-01,-3.705038266667692870e-01,-7.275805441541771668e-01,9.922336962398761173e-01,7.889183550436555947e-01,-4.941305325742207932e-01,1.501377635926100629e+00,2.793055974930993557e+00,2.682701094114105622e+00,2.742997536722525886e+00,1.736582929156044397e+00,5.491547565162408162e+00
8.072048032021347241e-01,-1.281602810374365964e+00,-2.904335836391029602e-02,-9.812170414642680250e-01,2.369856282254254598e+00,-4.158238839885648463e-01,4.526476539120934950e-01,5.139979125889546641e-01,-3.517766843063964699e-01,-7.095622079855210540e-01,1.010261152032383869e+00,8.005425631843128276e-01,-4.575715869906002431e-01,1.502715830924138629e+00,2.821173326339323495e+00,2.719055042957546409e+00,2.661467420049332233e+00,1.748277440205473932e+00,5.468494493072109108e+00
8.138759172781854234e-01,-1.278140425570796435e+00,-3.132712141398896755e-02,-9.858898428944429249e-01,2.376654462090586506e+00,-4.104443866183129508e-01,4.497166439703822460e-01,5.240261211321525225e-01,-3.328653425909516295e-01,-6.913041891582859533e-01,1.027741423779814811e+00,8.122432308007422330e-01,-4.211730192856131816e-01,1.503677707113398876e+00,2.848277020572712814e+00,2.754555585965805964e+00,2.578957869219730803e+00,1.759503943722940500e+00,5.443468211725615014e+00
8.205470313542361227e-01,-1.274611122875902947e+00,-3.348412921998224212e-02,-9.904400594527895674e-01,2.383567411760887378e+00,-4.049865864710940344e-01,4.470278815742245171e-01,5.340594691960754981e-01,-3.137766017881115088e-01,-6.728122279114479021e-01,1.044668100206639583e+00,8.240172052083815091e-01,-3.849479534706648498e-01,1.504255351267043572e+00,2.874355711972839345e+00,2.789188662943256070e+00,2.495505707912701876e+00,1.770253309018768428e+00,5.416480677072561534e+00
8.272181454302868220e-01,-1.271014876611203714e+00,-3.551322122271666215e-02,-9.948661498880405629e-01,2.390591417467727631e+00,-3.994500051929108508e-01,4.445801657236881366e-01,5.440953674973195708e-01,-2.945173366426617756e-01,-6.540921572383985305e-01,1.061035016790019547e+00,8.358612733978354470e-01,-3.489094314803112828e-01,1.504440982824835960e+00,2.899398418772115793e+00,2.822940527279404144e+00,2.411148086142015590e+00,1.780516582157553929e+00,5.387544538994262666e+00
8.338892595063375213e-01,-1.267351678543740867e+00,-3.741328296686440014e-02,-9.991666121650220056e-01,2.397722725118425657e+00,-3.938341860620231394e-01,4.423722087012118553e-01,5.541311753040337740e-01,-2.750944939328525685e-01,-6.351499007757490656e-01,1.076836257881375714e+00,8.477721632291410625e-01,-3.130704085594391839e-01,1.504226958939410608e+00,2.923394527894345174e+00,2.855797751695254405e+00,2.325922463613015800e+00,1.790284990477350124e+00,5.356673136319724193e+00
8.405603735823882205e-01,-1.263621538226199270e+00,-3.918324657324834259e-02,-1.003339984062197709e+00,2.404957541992088998e+00,-3.881386943793487809e-01,4.404026366652122881e-01,5.641642013712970805e-01,-2.555150899951796895e-01,-6.159914706542004570e-01,1.092066158716543223e+00,8.597465446559241498e-01,-2.774437486845598433e-01,1.503605779466557379e+00,2.946333799619809568e+00,2.887747233869254693e+00,2.239866592966467174e+00,1.799549947031745534e+00,5.323880491584154662e+00
8.472314876584389198e-01,-1.259824483330672207e+00,-4.082209119453042434e-02,-1.007384843754752568e+00,2.412292038419682871e+00,-3.823631178505985662e-01,4.386699902741211243e-01,5.741917049095905945e-01,-2.357862082185021579e-01,-5.966229653122899768e-01,1.106719307313793310e+00,8.717810309789255641e-01,-2.420422200209203512e-01,1.502570091896949789e+00,2.968206372112720093e+00,2.918776201940400661e+00,2.153018502916887122e+00,1.808303054952732580e+00,5.289181305531992727e+00
8.539026017344896191e-01,-1.255960559975856317e+00,-4.232884345408539917e-02,-1.011299810382966013e+00,2.419722349476386647e+00,-3.765070669599534514e-01,4.371727253405995883e-01,5.842108965859670322e-01,-2.159149965084214695e-01,-5.770505672738428515e-01,1.120790546259033071e+00,8.838721801283635493e-01,-2.068784904171316885e-01,1.501112696226734933e+00,2.989002765808991935e+00,2.948872219886126356e+00,2.065416481292882356e+00,1.816536111732311776e+00,5.252590951366590488e+00
8.605737158105403184e-01,-1.252029833047462626e+00,-4.370257786785997078e-02,-1.015083544605644983e+00,2.427244576685489985e+00,-3.705701753350895689e-01,4.359092135156847903e-01,5.942189395575032673e-01,-1.959086647228611699e-01,-5.572805408899713653e-01,1.134274974377563305e+00,8.960164959745819946e-01,-1.719651229390007918e-01,1.499226549764479444e+00,3.008713887662382014e+00,2.978023192772660366e+00,1.977099057986988706e+00,1.824241113420803195e+00,5.214125468748743941e+00
8.672448298865910177e-01,-1.248032386511625846e+00,-4.494241724903348667e-02,-1.018734749138372697e+00,2.434854789733045699e+00,-3.645521001033709685e-01,4.348777430025880797e-01,6.042129505365980702e-01,-1.757744820797971230e-01,-5.373192300464797455e-01,1.147167948291808459e+00,9.082104296664221810e-01,-1.373145714442242094e-01,1.496904771871949258e+00,3.027331035247052604e+00,3.006217371875564481e+00,1.888104987822588843e+00,1.831410258739885277e+00,5.173801557546440222e+00
8.739159439626417170e-01,-1.243968323721099223e+00,-4.604753309529344141e-02,-1.022252169276355094e+00,2.442549028192546601e+00,-3.584525222390197996e-01,4.340765192998813915e-01,6.141900008876730599e-01,-1.555197745381042274e-01,-5.171730558375491338e-01,1.159465083864497759e+00,9.204503809967464756e-01,-1.029391761996052979e-01,1.494140648636263835e+00,3.044845900714717946e+00,3.033443359668242856e+00,1.798473233345484257e+00,1.838035953108419829e+00,5.131636571338192176e+00
8.805870580386924162e-01,-1.239837767714033090e+00,-4.701714595855194245e-02,-1.025634593401632655e+00,2.450323303258841179e+00,-3.522711469010892382e-01,4.335036659737702136e-01,6.241471177548012506e-01,-1.351519221524940528e-01,-4.968485142065899307e-01,1.171162257526813466e+00,9.327326997945148968e-01,-6.885115954242754244e-02,1.490927637470965461e+00,3.061250574604552632e+00,3.059690114676234085e+00,1.708242947547754298e+00,1.844110812579131231e+00,5.087648510672524438e+00
8.872581721147431155e-01,-1.235640861505127308e+00,-4.785052579693269137e-02,-1.028880853474452461e+00,2.458173599490522498e+00,-3.460077037620625240e-01,4.331572254591593008e-01,6.340812852197905691e-01,-1.146783564035307734e-01,-4.763521735551623504e-01,1.182255607491086824e+00,9.450536873428316831e-01,-3.506262158759454461e-02,1.487259371643603112e+00,3.076537549504114288e+00,3.084946956195194545e+00,1.617453456531517286e+00,1.849627667684307308e+00,5.041856016086192938e+00
8.939292861907938148e-01,-1.231377768368959513e+00,-4.854699230886644346e-02,-1.031989825508582204e+00,2.466095876560026046e+00,-3.396619473269077427e-01,4.330351598892016596e-01,6.439894454902170828e-01,-9.410655750372953765e-02,-4.556906723208871135e-01,1.192741534847659324e+00,9.574095978223292613e-01,-1.585535982150831913e-03,1.483129664727448116e+00,3.090699723559591217e+00,3.109203568870475110e+00,1.526144242120284433e+00,1.854579567188661127e+00,4.994278360883868118e+00
9.006004002668445141e-01,-1.227048672115286454e+00,-4.910591524913759942e-02,-1.034960430030364753e+00,2.474086071010653143e+00,-3.332336572424204890e-01,4.331353519530023455e-01,6.538685001168974553e-01,-7.344405168074175094e-02,-4.348707165252683193e-01,1.202616704545591553e+00,9.697966397792803228e-01,3.156825429124737736e-02,1.478532514974986833e+00,3.103730403833742546e+00,3.132450007136308834e+00,1.434354924425553568e+00,1.858959781747582918e+00,4.944935443682068055e+00
9.072715143428952134e-01,-1.222653777356130123e+00,-4.952671472673320086e-02,-1.037791632521319007e+00,2.482140098019749885e+00,-3.267226385966915392e-01,4.334556057811577157e-01,6.637153112402693900e-01,-5.269840843865281066e-02,-4.138990772923793471e-01,1.211878046256942953e+00,9.822109776177868623e-01,6.438704106034010000e-02,1.473462109610888193e+00,3.115623309509953032e+00,3.154676699512639626e+00,1.342125244376358495e+00,1.862761807469047071e+00,4.893847780720264495e+00
9.139426284189459126e-01,-1.218193309764450616e+00,-4.980886148435167970e-02,-1.040482443844089833e+00,2.490253853167262665e+00,-3.201287222085411610e-01,4.339936478587724800e-01,6.735267028651369392e-01,-3.187723779842338567e-02,-3.927825883393609718e-01,1.220522755124400893e+00,9.946487331154111322e-01,9.685925505720832662e-02,1.467912829042162137e+00,3.126372574940889049e+00,3.175874452757702748e+00,1.249495046219457173e+00,1.865979369377444463e+00,4.841036497942116767e+00
9.206137424949966119e-01,-1.213667516324225426e+00,-4.995187715943530393e-02,-1.043031920651568356e+00,2.498423214208895793e+00,-3.134517649067677381e-01,4.347471279656142107e-01,6.832994621632202392e-01,-1.098818751851338149e-02,-3.715281434397059157e-01,1.228548292392092289e+00,1.007105986961581712e+00,1.289734699586383426e-01,1.461879250983280532e+00,3.135972752540313824e+00,3.196034455874517288e+00,1.156504259997867434e+00,1.868606424777722097e+00,4.786523322849943973e+00
9.272848565710473112e-01,-1.209076665571745979e+00,-4.995533452659839391e-02,-1.045439165778998092e+00,2.506644042853078513e+00,-3.066916497990577195e-01,4.357136201430382161e-01,6.930303408029306889e-01,9.961059703257224562e-03,-3.501426938603061645e-01,1.235952385919454999e+00,1.019578780318100453e+00,1.607184063713951172e-01,1.455356154494045207e+00,3.144418815516652810e+00,3.215148283969497811e+00,1.063192884015473627e+00,1.870637166518187566e+00,4.730330576135585829e+00
9.339559706470980105e-01,-1.204421047827954450e+00,-4.981885772132885193e-02,-1.047703328618903917e+00,2.514912186540978478e+00,-2.998482865304133438e-01,4.368906236873111859e-01,7.027160563057939235e-01,3.096278904555266331e-02,-3.286332457732593082e-01,1.242733030578103692e+00,1.032063116401078950e+00,1.920829357609273313e-01,1.448338523928052179e+00,3.151706160446998695e+00,3.233207901961481223e+00,9.696009672954020164e-01,1.872066026150420281e+00,4.672481163090913547e+00
9.406270847231487098e-01,-1.199700975421644999e+00,-4.954212244484845762e-02,-1.049823605478667821e+00,2.523223480228768967e+00,-2.929216115309601909e-01,4.382755641689492498e-01,7.123532934289001917e-01,5.200925639600037509e-02,-3.070068576434315522e-01,1.248888488531674668e+00,1.044554962083604766e+00,2.230560843220454337e-01,1.440821552789627980e+00,3.157830609690275736e+00,3.250205668139484860e+00,8.757685920398770030e-01,1.872887676984781091e+00,4.612998564801337409e+00
9.472981987991994091e-01,-1.194916782903356678e+00,-4.912485615002604167e-02,-1.051799239920600870e+00,2.531573748171368710e+00,-2.859115882529914554e-01,4.398657944776811490e-01,7.219387055727807256e-01,7.309269119922956470e-02,-2.852706375928005800e-01,1.254417289398687352e+00,1.057050249518439955e+00,2.536270367901385936e-01,1.432800647497149971e+00,3.162788413638376372e+00,3.266134337567614399e+00,7.817358560992635486e-01,1.873097037040030610e+00,4.551906829125745624e+00
9.539693128752501083e-01,-1.190068827249790129e+00,-4.856683820824073128e-02,-1.053629523084359976e+00,2.539958805706887368e+00,-2.788182073971269825e-01,4.416585958926342315e-01,7.314689162140685097e-01,9.420529931938431689e-02,-2.634317407425921798e-01,1.259318230298497987e+00,1.069544877780040482e+00,2.837851401915132410e-01,1.424271431050727177e+00,3.166576252804113700e+00,3.280987065335562836e+00,6.875428554579688933e-01,1.872689271885638274e+00,4.489230561466360570e+00
9.606404269513008076e-01,-1.185157488058590891e+00,-4.786790005710472862e-02,-1.055313793991559335e+00,2.548374461040981309e+00,-2.716414871274520082e-01,4.436511791773339874e-01,7.409405203623021796e-01,1.153392659160163425e-01,-2.414973665342566855e-01,1.263590375780504704e+00,1.082034714525171859e+00,3.135199075314630823e-01,1.415229746602232996e+00,3.169191239744936439e+00,3.294757409653231495e+00,5.932296667449017402e-01,1.871659797375408552e+00,4.424994915332149503e+00
9.673115410273515069e-01,-1.180183167733328098e+00,-4.702792532895899713e-02,-1.056851439832443562e+00,2.556816517030345626e+00,-2.643814732755192520e-01,4.458406856990912992e-01,7.503500860402161354e-01,1.364867583322626476e-01,-2.194747560303217937e-01,1.267233057636771409e+00,1.094515597671399165e+00,3.428210214187148441e-01,1.405671660925741362e+00,3.170630920821380094e+00,3.307439334788055518e+00,4.988363297761422288e-01,1.870004282271083618e+00,4.359225582699439272e+00
9.739826551034022062e-01,-1.175146291658527131e+00,-4.604684996006325193e-02,-1.058241896234490165e+00,2.565280772964577238e+00,-2.570382395330972347e-01,4.482241885723582953e-01,7.596941557868429618e-01,1.576399289941981807e-01,-1.973711891961794085e-01,1.270245874598324942e+00,1.106983337092705577e+00,3.716783376248943283e-01,1.395593467786468977e+00,3.170893277789324394e+00,3.319027213843672719e+00,4.044028301374467116e-01,1.867718650754656817e+00,4.291948784173496456e+00
9.806537691794529055e-01,-1.170047308364599026e+00,-4.492466228041033793e-02,-1.059484647512819455e+00,2.573763026345619487e+00,-2.496118876335491066e-01,4.507986938256047793e-01,7.689692481827490322e-01,1.787909183202561203e-01,-1.751939821638690276e-01,1.272628691915411059e+00,1.119433716331499795e+00,4.000818885777140954e-01,1.384991691206352904e+00,3.169976729225174594e+00,3.329515831378660806e+00,3.099690818142277760e-01,1.864799084828160591e+00,4.223191258954916982e+00
9.873248832555036048e-01,-1.164886689682522292e+00,-4.366140308410082493e-02,-1.060579226902288896e+00,2.582259074664015053e+00,-2.421025475217406242e-01,4.535611415912763622e-01,7.781718593967018593e-01,1.999318576395922309e-01,-1.529504844789273676e-01,1.274381640822052297e+00,1.131862494326248081e+00,4.280218867865770438e-01,1.373863088624456497e+00,3.167880131783155306e+00,3.338900385864104869e+00,2.155749098765846750e-01,1.861242026599747135e+00,4.152980254614723421e+00
9.939959973315543040e-01,-1.159664930888137935e+00,-4.225716568022222508e-02,-1.061525216771174174e+00,2.590764717171213150e+00,-2.345103775123706380e-01,4.565084073183753866e-01,7.872984647530705260e-01,2.210548721182802601e-01,-1.306480763313837834e-01,1.275505117885300965e+00,1.144265407153982395e+00,4.554887281993504899e-01,1.362204653950439326e+00,3.164602781283984534e+00,3.347176491978840929e+00,1.212600332269362369e-01,1.857044180454947568e+00,4.081343516682176542e+00
1.000667111407605114e+00,-1.154382550835920673e+00,-4.071209592418395529e-02,-1.062322248816322867e+00,2.599275756647144053e+00,-2.268355644366313317e-01,4.596373030072012922e-01,7.963455203192286724e-01,2.421520836922010644e-01,-1.082941657719897754e-01,1.275999784239628898e+00,1.156638169786900816e+00,4.824729954890586425e-01,1.350013620509372902e+00,3.160144413634230709e+00,3.354340182741283094e+00,2.706404741779722123e-02,1.852202515112017611e+00,4.008309278049351221e+00
1.007338225483655814e+00,-1.149040092082097120e+00,-3.902639222946799324e-02,-1.062970004239691901e+00,2.607788001162305136e+00,-2.190783237771049552e-01,4.629445784657813534e-01,8.053094645122388373e-01,2.632156140054991433e-01,-8.589618591477304888e-02,1.275866564706948036e+00,1.168976477862291752e+00,5.089654612692955382e-01,1.337287463876234872e+00,3.154505205575772298e+00,3.360387911476796496e+00,-6.697359245281542250e-02,1.846714265560359891e+00,3.933906248196602284e+00
1.014009339559706513e+00,-1.143638120996979701e+00,-3.720030555976078235e-02,-1.063468213906183735e+00,2.616297265833602115e+00,-2.112388997908088706e-01,4.664269225875097291e-01,8.141867197240753029e-01,2.842375873534731534e-01,-6.346159212702048857e-02,1.275106646802803168e+00,1.181276009464999444e+00,5.349570912371746090e-01,1.324023904598466084e+00,3.147685775264796426e+00,3.365316553619677631e+00,-1.608135887609178916e-01,1.840576934881045901e+00,3.858163602243135148e+00
1.020680453635757212e+00,-1.138177227866403740e+00,-3.523413940144190515e-02,-1.063816658482692024e+00,2.624799374573175026e+00,-2.033175656203134174e-01,4.700809646495083816e-01,8.229736939646266070e-01,3.052101336287564304e-01,-4.099785920779092097e-02,1.273721479629329023e+00,1.193532426921635192e+00,5.604390472426578063e-01,1.310220910805031336e+00,3.139687182679878674e+00,3.369123408348811743e+00,-2.544168182836066272e-01,1.833788295948522107e+00,3.781110969826963153e+00
1.027351567711807911e+00,-1.132658026982142019e+00,-3.312824971640968008e-02,-1.064015168558297253e+00,2.633290161829467735e+00,-1.953146233928504116e-01,4.739032756312169248e-01,8.316667825217261001e-01,3.261253912696503443e-01,-1.851247855607665582e-02,1.271712772655616996e+00,1.205741378605743375e+00,5.854026902831518386e-01,1.295876700700457906e+00,3.130510929858738578e+00,3.371806200056218117e+00,-3.477443490262750458e-01,1.826346393012633573e+00,3.702778423818555709e+00
1.034022681787858611e+00,-1.127081156721194022e+00,-3.088304487523477193e-02,-1.064063624745529957e+00,2.641765474319786922e+00,-1.872304043073459157e-01,4.778903695527038087e-01,8.402623696374273976e-01,3.469755102094627675e-01,3.987044670274220159e-03,1.269082494386176041e+00,1.217898500753122004e+00,6.098395834222607448e-01,1.280989744942404140e+00,3.120158960963326233e+00,3.373363079647692775e+00,-4.407574569426775390e-01,1.818249543160163739e+00,3.623196468872627030e+00
1.040693795863909310e+00,-1.121447279613838610e+00,-2.849898557063812454e-02,-1.063961957762661781e+00,2.650221172753602250e+00,-1.790652687093115258e-01,4.820387048321979617e-01,8.487568301997537867e-01,3.677526548257094019e-01,2.649319440375044743e-02,1.265832870918230935e+00,1.229999419286482043e+00,6.337414946316441977e-01,1.265558768901348330e+00,3.108633662172996637e+00,3.373792625674879808e+00,-5.334176425406105260e-01,1.809496337655122744e+00,3.542396029822489023e+00
1.047364909939960009e+00,-1.115757082400350875e+00,-2.597658471129793423e-02,-1.063710148496960439e+00,2.658653133545866076e+00,-1.708196061535344479e-01,4.863446856623138692e-01,8.571465314491221177e-01,3.884490068880275260e-01,4.899844652335691442e-02,1.261966384388642837e+00,1.242039751648654100e+00,6.571003995549411503e-01,1.249582754801037421e+00,3.095937861405555491e+00,3.373093845298138049e+00,-6.256866473659814520e-01,1.800085643157095294e+00,3.460408439921534463e+00
1.054036024016010709e+00,-1.110011276076291686e+00,-2.331640729599843143e-02,-1.063308228048871928e+00,2.667057250519587974e+00,-1.624938354545098773e-01,4.908046634044571643e-01,8.654278346986440384e-01,4.090567685036543000e-01,7.149527171665291669e-02,1.257485771311289469e+00,1.254015108643500520e+00,6.799084841927490741e-01,1.233060943738410797e+00,3.082074827866055244e+00,3.371266175079651539e+00,-7.175264703581456516e-01,1.790016602816996816e+00,3.377265428936413016e+00
1.060707138092061408e+00,-1.104210595926272909e+00,-2.051907026814012158e-02,-1.062756277757093137e+00,2.675429436596969968e+00,-1.540884047245718869e-01,4.954149380008736614e-01,8.735970970674997726e-01,4.295681650593200507e-01,9.397613834651291631e-02,1.252394020805784880e+00,1.265921096283737501e+00,7.021581475076962287e-01,1.215992837581743258e+00,3.067048271423296057e+00,3.368309481606296618e+00,-8.088993840694265192e-01,1.779288637249646587e+00,3.292999111096563514e+00
1.067378252168112107e+00,-1.098355801546119892e+00,-1.758524235063987917e-02,-1.062054429204508432e+00,2.683765625478363059e+00,-1.456037913996749700e-01,5.001717594038070924e-01,8.816506732265607660e-01,4.499754481584077315e-01,1.164335153214728635e-01,1.246694372718472277e+00,1.277753317644826803e+00,7.238420039486501700e-01,1.198378200745833233e+00,3.050862341814025491e+00,3.364224061941864630e+00,-8.997679507418070433e-01,1.767901445382626946e+00,3.207641972904797800e+00
1.074049366244162806e+00,-1.092447676853350202e+00,-1.451564386125531181e-02,-1.061202864204966900e+00,2.692061773308320305e+00,-1.370405022527886874e-01,5.050713290212254236e-01,8.895849171554476298e-01,4.702708985522298657e-01,1.388598749685253098e-01,1.240390315636657137e+00,1.289507374724118582e+00,7.449528858931658837e-01,1.180217061843101378e+00,3.033521627674939936e+00,3.359010643908269422e+00,-9.900950382338589151e-01,1.755855005180952944e+00,3.121226860813692827e+00
1.080720480320213506e+00,-1.086487030085894423e+00,-1.131104650837785885e-02,-1.060201814770892259e+00,2.700313860328069637e+00,-1.283990733948779106e-01,5.101098011785663022e-01,8.973961839101793903e-01,4.904468290642723383e-01,1.612476959072173255e-01,1.233485584797114676e+00,1.301178870304413149e+00,7.654838460072843631e-01,1.161509715209523508e+00,3.015031155402622787e+00,3.352670386195496732e+00,-1.079843835791015838e+00,1.743149574247118139e+00,3.033786968772603121e+00
1.087391594396264205e+00,-1.080474693788991525e+00,-7.972273167343141287e-03,-1.059051563061716106e+00,2.708517892513663927e+00,-1.196800702634354119e-01,5.152832845959463004e-01,9.050808314005857058e-01,5.104955875062603399e-01,1.835894659239112603e-01,1.225984159889932590e+00,1.312763409821108951e+00,7.854281595218364220e-01,1.142256722304392458e+00,2.995396387841646302e+00,3.345204878300054752e+00,-1.168977869652424673e+00,1.729785690296167910e+00,2.945355825650153747e+00
1.094062708472314904e+00,-1.074411524790197747e+00,-4.500197637320541011e-03,-1.057752441313140723e+00,2.716669903199147473e+00,-1.108840875985517838e-01,5.205878438802713504e-01,9.126352221766343975e-01,5.304095595848995481e-01,2.058776848450602215e-01,1.217890262758797748e+00,1.324256603232099705e+00,8.047793264244426092e-01,1.122458912982950752e+00,2.974623222801143996e+00,3.336616140291828181e+00,-1.257461018487618709e+00,1.715764171505473445e+00,2.855967282537124508e+00
1.100733822548365604e+00,-1.068298404162450588e+00,-8.957443788439045651e-04,-1.056304831747240103e+00,2.724765954684034153e+00,-1.020117494065009012e-01,5.260195010316951469e-01,9.200557252228188654e-01,5.501811717981504035e-01,2.281048674083591410e-01,1.209208354998895008e+00,1.335654066889592206e+00,8.235310735664214121e-01,1.102117386640988572e+00,2.952717991400185760e+00,3.326906622409238068e+00,-1.345257528656410795e+00,1.701086116738971477e+00,2.765655499934671635e+00
1.107404936624416303e+00,-1.062136237175137055e+00,2.840111767940134424e-03,-1.054709166463416503e+00,2.732802139824421772e+00,-9.306370891083681762e-02,5.315742369638374321e-01,9.273387177597540720e-01,5.698028943198947260e-01,2.502635461306194631e-01,1.199943135453610088e+00,1.346951425412993508e+00,8.416773566838593457e-01,1.081233513230582588e+00,2.929687456242417998e+00,3.316079204482733189e+00,-1.432332029285417585e+00,1.685752905645654831e+00,2.674454934832890096e+00
1.114076050700467002e+00,-1.055925953233122661e+00,6.706345884226222465e-03,-1.052965927310240524e+00,2.740774583607077375e+00,-8.404064849099465717e-02,5.372479930372054957e-01,9.344805870521174507e-01,5.892672438718560279e-01,2.723462741712277535e-01,1.190099537611286840e+00,1.358144313562039907e+00,8.592123623321302750e-01,1.059808934146195369e+00,2.905538809420446178e+00,3.304137195186680032e+00,-1.518649547154772295e+00,1.669766198632194332e+00,2.582400327684762686e+00
1.120747164776517701e+00,-1.049668505803701635e+00,1.070188329261725912e-02,-1.051075645738205999e+00,2.748679444705818042e+00,-7.494327960839605729e-02,5.430366726052231474e-01,9.414777322220647671e-01,6.085667865816419830e-01,2.943456281900386218e-01,1.179682726903322099e+00,1.369228378109322852e+00,8.761305097331844038e-01,1.037845562980405756e+00,2.880279670350545107e+00,3.291084331119805917e+00,-1.604175521388623959e+00,1.653127936709596790e+00,2.489526689280571858e+00
1.127418278852568401e+00,-1.043364872331430160e+00,1.482559989620815810e-02,-1.049038902633441017e+00,2.756512917019547260e+00,-6.577234272006837745e-02,5.489361425722943943e-01,9.483265660672506314e-01,6.276941408257753485e-01,3.162542111985657822e-01,1.168698097904932398e+00,1.380199279711369353e+00,8.924264525349498989e-01,1.015345586148632684e+00,2.853918083438328868e+00,3.276924775714402660e+00,-1.688875817943147339e+00,1.635840341213878890e+00,2.395869287527894187e+00
1.134089392928619100e+00,-1.037016054140823540e+00,1.907632253658367305e-02,-1.046856328132424574e+00,2.764271231191298472e+00,-5.652860717978808180e-02,5.549422349633112983e-01,9.550235168825811360e-01,6.466419800565930132e-01,3.380646554033217011e-01,1.157151271439960549e+00,1.391052694777440646e+00,9.080950804822480737e-01,9.923114633822465169e-01,2.826462515576086076e+00,3.261663117974581194e+00,-1.772716743885865309e+00,1.617905913400792706e+00,2.301463634142335124e+00
1.140760507004669799e+00,-1.030623076326884879e+00,2.345282937061646256e-02,-1.044528601417763491e+00,2.771950656107641908e+00,-4.721287112676822439e-02,5.610507485040044928e-01,9.615650302848099962e-01,6.654030356118889600e-01,3.597696250401746787e-01,1.145048091591140516e+00,1.401784317335207586e+00,9.231315209986359349e-01,9.687459280895268643e-01,2.797921853472573162e+00,3.245304371043943092e+00,-1.855665061460173071e+00,1.599327433914684793e+00,2.206345471254203439e+00
1.147431621080720499e+00,-1.024186987633459500e+00,2.795385026594851552e-02,-1.042056450495095099e+00,2.779547500377840485e+00,-3.782596136191063163e-02,5.672574502115564909e-01,9.679475710391083343e-01,6.839700995061872568e-01,3.813618191985792549e-01,1.132394622617263646e+00,1.412389860892463211e+00,9.375311406786348556e-01,9.446519875840163616e-01,2.768305400816092110e+00,3.227853970603085543e+00,-1.937688001929101400e+00,1.580107962131644728e+00,2.110550757936322519e+00
1.154102735156771198e+00,-1.017708860319396003e+00,3.257806721502937153e-02,-1.039440651951185624e+00,2.787058113792129532e+00,-2.836873321165556128e-02,5.735580769948646074e-01,9.741676248867064958e-01,7.023360272025368500e-01,4.028339746345536154e-01,1.119197145778746183e+00,1.422865060294031592e+00,9.512895466898333430e-01,9.200329231798352048e-01,2.737622875271781275e+00,3.209317773097440707e+00,-2.018753279192378791e+00,1.560250835377143153e+00,2.014115656658262754e+00
1.160773849232821897e+00,-1.011189790012517520e+00,3.732411476757704905e-02,-1.036682030693302226e+00,2.794478888758521684e+00,-1.884207037946200591e-02,5.799483372638547518e-01,9.802217003727309308e-01,7.204937403637236004e-01,4.241788685712671869e-01,1.105462156073131030e+00,1.433205673573044958e+00,9.644025880843964948e-01,8.948922901536260355e-01,2.705884405314094465e+00,3.189702053796025893e+00,-2.098829103171027555e+00,1.539759668018413352e+00,1.917076519672254342e+00
1.167444963308872596e+00,-1.004630895551397174e+00,4.219058048132076633e-02,-1.033781459669950165e+00,2.801806261717534774e+00,-9.246884784957415393e-03,5.864239125472450187e-01,9.861063306733429679e-01,7.384362295818049926e-01,4.453893214861168737e-01,1.091196358882088324e+00,1.443407483795744906e+00,9.768663570195434964e-01,8.692339175728318601e-01,2.673100526895522577e+00,3.169013504681730709e+00,-2.177884192953820186e+00,1.518638350431907869e+00,1.819469875336091613e+00
1.174116077384923296e+00,-9.980333188149528301e-01,4.717600539087785094e-02,-1.030739859573060579e+00,2.809036714534265844e+00,4.158836091932294199e-04,5.929804591181422335e-01,9.918180754212813088e-01,7.561565570848799434e-01,4.664581998831709986e-01,1.076406666531522838e+00,1.453466300898979879e+00,9.886771898865807096e-01,8.430619079900971702e-01,2.639282179952673779e+00,3.147259232173854837e+00,-2.255887789699984491e+00,1.496891047846195644e+00,1.721332414378356823e+00
1.180787191460973995e+00,-9.913982245398691440e-01,5.227888449460821318e-02,-1.027558198521737909e+00,2.816166775867221528e+00,1.014526698265194593e-02,5.996136096268678273e-01,9.973535225289220651e-01,7.736478594200071335e-01,4.873784190498576807e-01,1.061100194766437799e+00,1.463377963519571612e+00,9.998316683481385247e-01,8.163806370036146287e-01,2.604440704750894398e+00,3.124446754683675831e+00,-2.332809669292736920e+00,1.474522199060727345e+00,1.622700976111329130e+00
1.187458305537024694e+00,-9.847268001258688841e-01,5.749766725928431854e-02,-1.024237491727672200e+00,2.823193022513367012e+00,1.994026985494440352e-02,6.063189747403935348e-01,1.002709290007958165e+00,7.909033501112078257e-01,5.081429457967983065e-01,1.045284259142227556e+00,1.473138340814720060e+00,1.010326620283270138e+00,7.891947526833367199e-01,2.568587838068686402e+00,3.100584000003883567e+00,-2.408620154738275954e+00,1.451536515040968478e+00,1.523612534596919144e+00
1.194129419613075394e+00,-9.780202554288589534e-01,6.283075814240832169e-02,-1.020778801142332881e+00,2.830112080728812707e+00,2.979986929511202476e-02,6.130921447877751840e-01,1.007882027784800627e+00,8.079163222914798048e-01,5.287448011796682668e-01,1.028966371334123497e+00,1.482743334272625058e+00,1.020159120640120820e+00,7.615091748630054003e-01,2.531735709223234654e+00,3.075679302532808634e+00,-2.483290128305007727e+00,1.427938977390431186e+00,1.424104184771043169e+00
1.200800533689126093e+00,-9.712798225419825293e-01,6.827651713199597849e-02,-1.017183235086067228e+00,2.836920627524622596e+00,3.972301514340431661e-02,6.199286914109650715e-01,1.012868419510814633e+00,8.246801513077732793e-01,5.491770632019945531e-01,1.012154235366532040e+00,1.492188879512507782e+00,1.029326492195905995e+00,7.333290942980383864e-01,2.493896835938428147e+00,3.049741400334416319e+00,-2.556791043397888430e+00,1.403734836700217148e+00,1.324213128531836592e+00
1.207471647765176792e+00,-9.645067555646154034e-01,7.383326030364692483e-02,-1.013451947859235425e+00,2.843615391937199366e+00,4.970863024494340254e-02,6.268241692203856408e-01,1.017665184366483899e+00,8.411882972978780293e-01,5.694328694977952576e-01,9.948557437640628276e-01,1.501470948073210909e+00,1.037826306223977202e+00,7.046599716893584553e-01,2.455084120056822528e+00,3.022779432035120450e+00,-2.629094936162911456e+00,1.378929610776715720e+00,1.223976660797106764e+00
1.214142761841227491e+00,-9.577023303593463766e-01,7.949926039470917027e-02,-1.009586139335518773e+00,2.850193156272742279e+00,5.975561069528217972e-02,6.337741174546407397e-01,1.022269078858621505e+00,8.574343077381921807e-01,5.895054199929746774e-01,9.770789736260501179e-01,1.510585549189576549e+00,1.045656383067793405e+00,6.755075365733185233e-01,2.415310843097058680e+00,2.994802933558544211e+00,-2.700174436816850321e+00,1.353529082748171852e+00,1.123432155536458366e+00
1.220813875917278191e+00,-9.508678442969982214e-01,8.527274739533866055e-02,-1.005587054537548930e+00,2.856650757325260415e+00,6.986282609776453545e-02,6.407740616437461734e-01,1.026676898609726551e+00,8.734118199613388756e-01,6.093879795444008263e-01,9.588321826264222247e-01,1.519528731555786161e+00,1.052814792621630469e+00,6.458777860779538749e-01,2.374590661658309010e+00,2.965821834699401194e+00,-2.770002780697529143e+00,1.327539299050896071e+00,1.022617051783536901e+00
1.227484989993328890e+00,-9.440046159897361733e-01,9.115190915625276391e-02,-1.001455983195007171e+00,2.862985087567665232e+00,8.002911983260940776e-02,6.478195152752559416e-01,1.030885480138601151e+00,8.891145636426215360e-01,6.290738805555908808e-01,9.401238049408001674e-01,1.528296585074869984e+00,1.059299854717936196e+00,6.157769835458255514e-01,2.332937602673396782e+00,2.935846455537755695e+00,-2.838553819030008807e+00,1.300966567295933185e+00,9.215688396338107546e-01
1.234156104069379589e+00,-9.371139850123317849e-01,9.713489201296243714e-02,-9.971942592853559884e-01,2.869193096315448166e+00,9.025330933761327445e-02,6.549059814626618792e-01,1.034891702631331789e+00,9.045363632543129695e-01,6.485565255679499597e-01,9.209624471027346715e-01,1.536885242593587719e+00,1.065110139421239221e+00,5.852116570238117266e-01,2.290366058512288916e+00,2.904887502694991852e+00,-2.905802029404193743e+00,1.273817454017056816e+00,8.203250462333551152e-01
1.240827218145430288e+00,-9.301973116116473150e-01,1.032198014262690755e-01,-9.928032605573695601e-01,2.875271790862484966e+00,1.005341864003778674e-01,6.620289546154378701e-01,1.038692489701757093e+00,9.196711404867833339e-01,6.678293898265059703e-01,9.013568837910177489e-01,1.545290881621892209e+00,1.070244467228567142e+00,5.541885976202551856e-01,2.246890781937723069e+00,2.872956065432847872e+00,-2.971722525959515249e+00,1.246098782301037211e+00,7.189232217640637579e-01
1.247498332221480988e+00,-9.232559764044114825e-01,1.094047026387979238e-01,-9.882844080376327334e-01,2.881218237588516473e+00,1.108705174619531442e-01,6.691839221101151258e-01,1.042284811140534284e+00,9.345129166354899652e-01,6.868860238191034639e-01,8.813160535500413895e-01,1.553509726036193861e+00,1.074701909176379644e+00,5.227148577299296495e-01,2.202526880914806640e+00,2.840063611597002602e+00,-3.036291069272474274e+00,1.217817629301152893e+00,6.174009254307581962e-01
1.254169446297531687e+00,-9.162913800633682992e-01,1.156876213473402859e-01,-9.836391655201973672e-01,2.887029563037858182e+00,1.212610439317875211e-01,6.763663659617547008e-01,1.045665684651921223e+00,9.490558149528567355e-01,7.057200557880209946e-01,8.608490544451994353e-01,1.561538047765651527e+00,1.078481786854039948e+00,4.907977491273649573e-01,2.157289813276462631e+00,2.806221983406703480e+00,-3.099484075942941175e+00,1.188981323634982878e+00,5.157957114556189770e-01
1.260840560373582386e+00,-9.093049429918831361e-01,1.220665443907640035e-01,-9.788690390395724528e-01,2.892702954968913609e+00,1.317044825138699859e-01,6.835717644952000738e-01,1.048832177577407876e+00,9.632940629640962538e-01,7.243251942129929066e-01,8.399651396553506899e-01,1.569372168460722916e+00,1.081583672323893408e+00,4.584448409291264070e-01,2.111195381246677272e+00,2.771443393092023477e+00,-3.161278627875294234e+00,1.159597442667575251e+00,4.141451150853810992e-01
1.267511674449633086e+00,-9.022981049870977266e-01,1.285394204532523121e-01,-9.739755763272522904e-01,2.898235663374083337e+00,1.421995255439399419e-01,6.907955940154858476e-01,1.051781408605311885e+00,9.772219947460201173e-01,7.426952302646203652e-01,8.186737130043975075e-01,1.577008461143207585e+00,1.084007387948052514e+00,4.256639574257039538e-01,2.064259725823555325e+00,2.735740418380394168e+00,-3.221652481250556477e+00,1.129673809681130958e+00,3.124866386167308718e-01
1.274182788525683785e+00,-8.952723248917275889e-01,1.351041607826166946e-01,-9.689603662519769012e-01,2.903625001469667399e+00,1.527448413376414349e-01,6.980333304767774028e-01,1.054510549465481617e+00,9.908340531679215024e-01,7.608240402271791991e-01,7.969843244340488742e-01,1.584443351837033109e+00,1.085753006122036624e+00,3.924631757837366841e-01,2.016499321024245006e+00,2.699125997834109114e+00,-3.280584075185873694e+00,1.099218490932396541e+00,2.108577374453294295e-01
1.280853902601734484e+00,-8.882290802346051173e-01,1.417586399234309069e-01,-9.638250382439355057e-01,2.908868346655375525e+00,1.633390745494922580e-01,7.052804511492279937e-01,1.057016826608238924e+00,1.004124792093608054e+00,7.787055878898250239e-01,7.749066654198735193e-01,1.591673321179047251e+00,1.086820848915436288e+00,3.588508236193477252e-01,1.967930967993865021e+00,2.661613426040589481e+00,-3.338052540077828034e+00,1.068239792599005700e+00,1.092958061438529249e-01
1.287525016677785183e+00,-8.811698668600822515e-01,1.485006964647230809e-01,-9.585712617031254545e-01,2.913963141443070004e+00,1.739808465425259076e-01,7.125324362831236824e-01,1.059297522866705199e+00,1.017088878543686681e+00,7.963339269052325253e-01,7.524505643327479287e-01,1.598694906009061834e+00,1.087211487619807571e+00,3.248354764434424613e-01,1.918571788980600212e+00,2.623216348657205543e+00,-3.394037705626141044e+00,1.036746257616081746e+00,7.838164574482942015e-03
1.294196130753835883e+00,-8.740961985463948647e-01,1.553281338019575075e-01,-9.532007453920876561e-01,2.918906894354396098e+00,1.846687557684746073e-01,7.197847707697090369e-01,1.061349979101661622e+00,1.029721094817215743e+00,8.137032031146943512e-01,7.296259817478633058e-01,1.605504700938436224e+00,1.086925742204062573e+00,2.904259549798686724e-01,1.868439221179216458e+00,2.583948757312582334e+00,-3.448520108534603335e+00,1.004746662404423230e+00,-9.347795595881325248e-02
1.300867244829886582e+00,-8.670096066131192103e-01,1.622387209130317087e-01,-9.477152368132472082e-01,2.923697180786939853e+00,1.954013781583390230e-01,7.270329457980664323e-01,1.063171595828096505e+00,1.042016340571855437e+00,8.308076568387329219e-01,7.064430057034345456e-01,1.612099359896477679e+00,1.085964680677617089e+00,2.556313223574080418e-01,1.817551010445276782e+00,2.543824984366314990e+00,-3.501480999886076084e+00,9.722500134916892689e-01,-1.946154265128096084e-01
1.307538358905937281e+00,-8.599116395178387773e-01,1.692301931480099941e-01,-9.421165215710882723e-01,2.928331643848603782e+00,2.061772675232004248e-01,7.342724605074439914e-01,1.064759834822598616e+00,1.053969634861657401e+00,8.476416251322884676e-01,6.829118469113162337e-01,1.618475597653945108e+00,1.084329618361634218e+00,2.204608811766235466e-01,1.765925204882415001e+00,2.502859697529119742e+00,-3.552902352188628932e+00,9.392655440280222034e-01,-2.955372342570342648e-01
1.314209472981987981e+00,-8.528038624421563352e-01,1.763002530323080630e-01,-9.364064227194066614e-01,2.932807995159866898e+00,2.169949559651167537e-01,7.414988236344162154e-01,1.066112220710777159e+00,1.065576118131660754e+00,8.641995440035576959e-01,6.590428339217020426e-01,1.624630191322961270e+00,1.082022117068701661e+00,1.849241704526520813e-01,1.713580148305050788e+00,2.461067894345468687e+00,-3.602766866090048481e+00,9.058027101975909545e-01,-3.962064961699462984e-01
1.320880587058038680e+00,-8.456878568671811758e-01,1.834465710830370799e-01,-9.305868000938827267e-01,2.937124015623655104e+00,2.278529542979449429e-01,7.487075551542639040e-01,1.067226342533867056e+00,1.076831054168466251e+00,8.804759505955709331e-01,6.348464082441602763e-01,1.630559981832643501e+00,1.079043984191349725e+00,1.490309624350887319e-01,1.660534473579019510e+00,2.418464896540865716e+00,-3.651057976758013801e+00,8.718711875276168310e-01,-4.965864726739666057e-01
1.327551701134089379e+00,-8.385652201386420979e-01,1.906667866382104892e-01,-9.246595496302304484e-01,2.941277556162511964e+00,2.387497524779254032e-01,7.558941879159756239e-01,1.068099855293717759e+00,1.087729832005985831e+00,8.964654853296156745e-01,6.103331194272201277e-01,1.636261875379774189e+00,1.075397271699821022e+00,1.127912593061621838e-01,1.606807095842606836e+00,2.375066344235918336e+00,-3.697759859923473780e+00,8.374808670964457580e-01,-5.966405812040940226e-01
1.334222815210140078e+00,-8.314375650217628033e-01,1.979585086985147235e-01,-9.186266026681727537e-01,2.945266538422814939e+00,2.496838200438550315e-01,7.630542692702588781e-01,1.068730481475351324e+00,1.098267967785575561e+00,9.121628940096225824e-01,5.855136200987725026e-01,1.641732844853842188e+00,1.071084275049558165e+00,7.621528975848135268e-02,1.552417205610539863e+00,2.330888190029455576e+00,-3.742857437584879321e+00,8.026418516423263760e-01,-6.963324097048816386e-01
1.340893929286190778e+00,-8.243065192460629076e-01,2.053193167813317510e-01,-9.124899252415145101e-01,2.949088955445789306e+00,2.606536065666854030e-01,7.701833626899636798e-01,1.069116012546292627e+00,1.108441106569783452e+00,9.275630298866481827e-01,5.603986609695574828e-01,1.646969931235797713e+00,1.066107531998913727e+00,3.931350545365286386e-02,1.497384261763560653e+00,2.285946692953000792e+00,-3.786336383371043279e+00,7.673644515745472461e-01,-7.956257300505300556e-01
1.347565043362241477e+00,-8.171737250402300035e-01,2.127467617867067895e-01,-9.062515173545779845e-01,2.952742872305060828e+00,2.716575421083570197e-01,7.772770493823193405e-01,1.069254310431880794e+00,1.118245024108954100e+00,9.426608556826067131e-01,5.349990858020172713e-01,1.651970244969878987e+00,1.060469821337589824e+00,2.096577363174922937e-03,1.441727984426208753e+00,2.240258412298917534e+00,-3.828183127560622179e+00,7.316591808886834247e-01,-8.944845113829485994e-01
1.354236157438292176e+00,-8.100408386572368613e-01,2.202383668749411105e-01,-8.999134122452736584e-01,2.956226426710546029e+00,2.826940376896982521e-01,7.843309298923973882e-01,1.069143308965781358e+00,1.127675628559956733e+00,9.574514455724119077e-01,5.093258263468163349e-01,1.656730967307872726e+00,1.054174161526401088e+00,-3.542460800698021828e-02,1.385468347735530514e+00,2.193840201324663841e+00,-3.868384861756305249e+00,6.955367529876990140e-01,-9.928729333626215015e-01
1.360907271514342876e+00,-8.029095298898658584e-01,2.277916283554895505e-01,-8.934776756350921723e-01,2.959537829578456680e+00,2.937614857671951296e-01,7.913406256972006503e-01,1.068781015314928862e+00,1.136728962156312361e+00,9.719299871237134791e-01,4.833898972493334001e-01,1.661249351625184278e+00,1.047223809248933213e+00,-7.323895250657574962e-02,1.328625572503457697e+00,2.146709200835580589e+00,-3.906929543211988598e+00,6.590080764107381084e-01,-1.090755399327173247e+00
1.367578385590393575e+00,-7.957814815768130545e-01,2.354040165868345191e-01,-8.869464049662969529e-01,2.962675365567231989e+00,3.048582607184455728e-01,7.983017807898000751e-01,1.068165511378139421e+00,1.145401202829028353e+00,9.860917831934257194e-01,4.572023909284508303e-01,1.665522724708118574e+00,1.039622257875744360e+00,-1.113351503445834112e-01,1.271220118775649333e+00,2.098882832648744312e+00,-3.943805898811350907e+00,6.220842504714430010e-01,-1.188096549352574804e+00
1.374249499666444274e+00,-7.886583890995535473e-01,2.430729768870071861e-01,-8.803217286266139530e-01,2.965637393579222625e+00,3.159827193361063880e-01,8.052100632529374247e-01,1.067294955157640057e+00,1.153688665777452993e+00,9.999322537802640687e-01,4.307744724299685801e-01,1.669548488011762810e+00,1.031373235841778424e+00,-1.497016922043028497e-01,1.213272678289629702e+00,2.050378792940422024e+00,-3.979003428696414879e+00,5.847765608077007959e-01,-1.284861273211952426e+00
1.380920613742494973e+00,-7.815419598701506265e-01,2.507959304544193357e-01,-8.736058051617091591e-01,2.968422347227960945e+00,3.271332013301271324e-01,8.120611668215134138e-01,1.066167582102779399e+00,1.161587804989487438e+00,1.013446937832517047e+00,4.041173742569836858e-01,1.673324118887886014e+00,1.022480704937673401e+00,-1.883268694684683275e-01,1.154804166835114554e+00,2.001215045479748156e+00,-4.012512409544815917e+00,5.470964748447716408e-01,-1.381014723227005803e+00
1.387591727818545673e+00,-7.744339128101926928e-01,2.585702752986664965e-01,-8.668008224757589586e-01,2.971028735270873966e+00,3.383080298380785056e-01,8.188508124333951921e-01,1.064781706425191432e+00,1.169095214710518249e+00,1.026631495010312367e+00,3.772423911795769191e-01,1.676847171782301915e+00,1.012948858515717809e+00,-2.271987785526399239e-01,1.095835716519427461e+00,1.951409814751261074e+00,-4.044323897494689568e+00,5.090556371737383623e-01,-1.476522327007131929e+00
1.394262841894596372e+00,-7.673359778210556703e-01,2.663933871809566201e-01,-8.599089970204180089e-01,2.973455142007311203e+00,3.495055119433617130e-01,8.255747497679686298e-01,1.063135722384691784e+00,1.176207630860440556e+00,1.039481707401634480e+00,3.501608750261706593e-01,1.680115279401111383e+00,1.002782119611205003e+00,-2.663053253450957669e-01,1.036388667940993713e+00,1.900981578969017871e+00,-4.074429730716202513e+00,4.706658648473400763e-01,-1.571349800071310865e+00
1.400933955970647071e+00,-7.602498952456875347e-01,2.742626205638178938e-01,-8.529325729724958061e-01,2.975700227641765228e+00,3.607239392010951340e-01,8.322287587718821822e-01,1.061228105545206191e+00,1.182921932398171894e+00,1.051993481191389579e+00,3.228842294589114315e-01,1.683126153845301065e+00,9.919851389799965169e-01,-3.056342297514211825e-01,9.764845622738989039e-01,1.849949062985025927e+00,-4.102822531628957492e+00,4.319391425952069374e-01,-1.665463158347953110e+00
1.407605070046697771e+00,-7.531774153221127976e-01,2.821753095697321911e-01,-8.458738214006563672e-01,2.977762728612200593e+00,3.719615881714615213e-01,8.388086511714204496e-01,1.059057414000036612e+00,1.189235142633073838e+00,1.064162848282811380e+00,2.954239047354411674e-01,1.685877587713155323e+00,9.805627930531081171e-01,-3.451730303419153767e-01,9.161451332665595526e-01,1.798331231094778992e+00,-4.129495708764618023e+00,3.928876179606145547e-01,-1.758828730547884689e+00
1.414276184122748470e+00,-7.461202976288727751e-01,2.901287689483391663e-01,-8.387350394214636573e-01,2.979641457883386746e+00,3.832167209602996838e-01,8.453102719709557622e-01,1.056622289565788630e+00,1.195144430482716569e+00,1.075985967870541460e+00,2.677913924594276796e-01,1.688367455169968334e+00,9.685201818091997428e-01,-3.849090890998958514e-01,8.553922991575821921e-01,1.746147279742741087e+00,-4.154443458274291068e+00,3.535235963608674981e-01,-1.851413170405750153e+00
1.420947298198799169e+00,-7.390803105226014802e-01,2.981202950518495598e-01,-8.315185493450938381e-01,2.981335305205190966e+00,3.944875857667260455e-01,8.517295009369389991e-01,1.053921458944286904e+00,1.200647111676448553e+00,1.087459127964718553e+00,2.399982203222283950e-01,1.690593712984561181e+00,9.558626265658517474e-01,-4.248295962689359051e-01,7.942481545119338682e-01,1.693416630130658795e+00,-4.177660765080345229e+00,3.138595360734857120e-01,-1.943183468785141033e+00
1.427618412274849868e+00,-7.320592305679634038e-01,3.061471668183060046e-01,-8.242266978110475151e-01,2.982843237335765174e+00,4.057724174375534898e-01,8.580622540668865206e-01,1.050953734851834964e+00,1.205740649904242012e+00,1.098578746865442213e+00,2.120559468380510681e-01,1.692554401532101016e+00,9.425956676905475895e-01,-4.649215752970019544e-01,7.327349619805609837e-01,1.640158920731610737e+00,-4.199143403672493058e+00,2.739080431503945201e-01,-2.034106965642807907e+00
1.434289526350900568e+00,-7.250588419601656787e-01,3.142066467623241266e-01,-8.168618549141910545e-01,2.984164298229592394e+00,4.170694380282898850e-01,8.643044850428290848e-01,1.047718017115170763e+00,1.210422657910324995e+00,1.109341374586989337e+00,1.839761560749954561e-01,1.694247645762763099e+00,9.287250622323319771e-01,-5.051718878754349884e-01,6.708751439866560418e-01,1.586393999712768510e+00,-4.218887938548154359e+00,2.336818662623434406e-01,-2.124151361847410602e+00
1.440960640426951267e+00,-7.180809359402726688e-01,3.222959819729436792e-01,-8.094264133214675860e-01,2.985297609190384005e+00,4.283768573704832550e-01,8.704521866687049414e-01,1.044213293733497139e+00,1.214690898531113117e+00,1.119743694231188691e+00,1.557704523843407296e-01,1.695671656135773642e+00,9.142567814751216826e-01,-5.455672390706529651e-01,6.086912743417738358e-01,1.532141917269859821e+00,-4.236891724297250583e+00,1.931938914758163373e-01,-2.213284730848272375e+00
1.447631754503001966e+00,-7.111273102035531313e-01,3.304124051182168453e-01,-8.019227873796161976e-01,2.986242368988805573e+00,4.396928736451791164e-01,8.765013922911637501e-01,1.040438641905976791e+00,1.218543285676986887e+00,1.129782523309367681e+00,1.274504551304517785e-01,1.696824729518388697e+00,8.991970084136796659e-01,-5.860941825464101029e-01,5.462060697950568144e-01,1.477422917876374697e+00,-4.253152905331744726e+00,1.524571369647439445e-01,-2.301475530189699636e+00
1.454302868579052666e+00,-7.041997683010841058e-01,3.385531354561562845e-01,-7.943534122142461573e-01,2.986997853945065895e+00,4.510156739622598332e-01,8.824481772032871651e-01,1.036393229024089369e+00,1.221977885257477192e+00,1.139454815012319822e+00,9.902779342367895588e-02,1.697705250049381220e+00,8.835521351533117684e-01,-6.267391258744070548e-01,4.834423815188402807e-01,1.422257432450594772e+00,-4.267670415260389483e+00,1.114847476593300302e-01,-2.388692612866481824e+00
1.460973982655103365e+00,-6.973001190348593337e-01,3.467153798516690033e-01,-7.867207428206122177e-01,2.987563417976374147e+00,4.623434349454224046e-01,8.882886600307047242e-01,1.032076313628275122e+00,1.224992916049450820e+00,1.148757659427751321e+00,7.051410085860015942e-02,1.698311689966629512e+00,8.673287602343406899e-01,-6.674883359310090913e-01,4.204231865339343455e-01,1.366666070443536274e+00,-4.280443975909347998e+00,7.028998983434764369e-02,-2.474905238516258876e+00
1.467645096731154064e+00,-6.904301758466325767e-01,3.548963337990855282e-01,-7.790272531464482730e-01,2.987938492609326868e+00,4.736743233225578775e-01,8.940190040996123244e-01,1.027487246328296022e+00,1.227586750507898561e+00,1.157688284704690762e+00,4.192101025998662411e-02,1.698642610398408470e+00,8.505336858824837920e-01,-7.083279443777561468e-01,3.571715790779415034e-01,1.310669611850984628e+00,-4.291474095989435078e+00,2.888624563929975686e-02,-2.560083084444484847e+00
1.474316210807204763e+00,-6.835917562007447490e-01,3.630931824499098459e-01,-7.712754351672070907e-01,2.988122586957277171e+00,4.850064965212864121e-01,8.996354187862107832e-01,1.022625470686759908e+00,1.229757915518961298e+00,1.166244058164364272e+00,1.326014843882905581e-02,1.698696662118001299e+00,8.331739151862392889e-01,-7.492439532233428068e-01,2.937107619199372244e-01,1.254288999152761264e+00,-4.300762069410947852e+00,-1.271299242714651889e-02,-2.644196256477822082e+00
1.480987324883255463e+00,-6.767866809611825518e-01,3.713031016453970379e-01,-7.634677979540724913e-01,2.988115287662751918e+00,4.963381032694039741e-01,9.051341608470649946e-01,1.017490524065277846e+00,1.231505093094842351e+00,1.174422487357064115e+00,-1.545686903921961175e-02,1.698472586261272177e+00,8.152566492024589939e-01,-7.902222404646785936e-01,2.300640376249182273e-01,1.197545329182458040e+00,-4.308309973247189895e+00,-5.449412709602463600e-02,-2.727215299641847501e+00
1.487658438959306162e+00,-6.700167737631170795e-01,3.795232589535723622e-01,-7.556068667351019119e-01,2.987916258805027425e+00,5.076672841999911867e-01,9.105115357299246037e-01,1.012082038432730258e+00,1.232827121010291460e+00,1.182221221064557071e+00,-4.421844307064737301e-02,1.697969215006850163e+00,7.967892839912871228e-01,-8.312485658046155912e-01,1.662547997714147185e-01,1.140459844930865607e+00,-4.314120665347930483e+00,-9.644346195775765906e-02,-2.809111208659035963e+00
1.494329553035356861e+00,-6.632838603791777476e-01,3.877508147103013725e-01,-7.476951819498618423e-01,2.987525241772956530e+00,5.189921724609336540e-01,9.157638988645291356e-01,1.006399741135142190e+00,1.233722993380348409e+00,1.189638050247597612e+00,-7.301299621380191729e-02,1.697185472218594393e+00,7.777794075816697461e-01,-8.723085764438736067e-01,1.023065241256952973e-01,1.083053927286365958e+00,-4.318197781604229846e+00,-1.385472071401854244e-01,-2.889855438263036369e+00
1.501000667111407560e+00,-6.565897680807215586e-01,3.959829230640163344e-01,-7.397352982979306102e-01,2.986942055103164240e+00,5.303108943286013455e-01,9.208876569329415007e-01,1.000443455626677469e+00,1.234191861179076977e+00,1.196670908938142874e+00,-1.018289778692056391e-01,1.696120374050026580e+00,7.582347968686869999e-01,-9.133878129446715288e-01,3.824275977601715448e-02,1.025349086715588331e+00,-4.320545732866177602e+00,-1.807914850324283673e-01,-2.969419913325374694e+00
1.507671781187458260e+00,-6.499363249943554965e-01,4.042167330237061984e-01,-7.317297837816322259e-01,2.986166594283762521e+00,5.416215698254347455e-01,9.258792691189612345e-01,9.942131021612857777e-01,1.234233032699028731e+00,1.203317875075876398e+00,-1.306548694381531872e-01,1.694773029510431295e+00,7.381634144439612744e-01,-9.544717151635273567e-01,-2.591287976961831330e-02,9.673669548876461244e-01,-4.321169701515286121e+00,-2.231623360520471611e-01,-3.047777038790753235e+00
1.514342895263508959e+00,-6.433253594539762865e-01,4.124493895097745000e-01,-7.236812187433765420e-01,2.985198831523731222e+00,5.529223133411759195e-01,9.307352483361714945e-01,9.877086984445460072e-01,1.233845973951209540e+00,1.209577171288676034e+00,-1.594791894572966662e-01,1.693142640992348902e+00,7.175734053604378992e-01,-9.955456282506534027e-01,-9.013672551871387828e-02,9.091292762453071497e-01,-4.320075637693399528e+00,-2.656457244529490946e-01,-3.124899709417213067e+00
1.521014009339559658e+00,-6.367586993485985225e-01,4.206780344073643430e-01,-7.155921948979814262e-01,2.984038815488127661e+00,5.642112342574913120e-01,9.354521624341899377e-01,9.809303602452743576e-01,1.233030309005334058e+00,1.215447165616687641e+00,-1.882904987069358160e-01,1.691228504760190710e+00,6.964730938328433929e-01,-1.036594808713338756e+00,-1.544050619590338624e-01,8.506578995264584275e-01,-4.317270255190141626e+00,-3.082275441714700803e-01,-3.200761319317504849e+00
1.527685123415610358e+00,-6.302381714662363965e-01,4.288998076217541144e-01,-7.074653143603537586e-01,2.982686670999314060e+00,5.754864375757212658e-01,9.400266353826934873e-01,9.738783019664735141e-01,1.231785820270189236e+00,1.220926372179677921e+00,-2.170774052907349927e-01,1.689030011399736964e+00,6.748709798751726385e-01,-1.077604430540676228e+00,-2.186941360493436237e-01,7.919747692392764549e-01,-4.312761026991100977e+00,-3.508936247080312043e-01,-3.275335771298092169e+00
1.534356237491661057e+00,-6.237656008341123659e-01,4.371118481354254737e-01,-6.993031886689076160e-01,2.981142598704401792e+00,5.867460245475006886e-01,9.444553484328113147e-01,9.665528371752283299e-01,1.230112448713942985e+00,1.226013451787375086e+00,-2.458285696846232438e-01,1.686546646228284763e+00,6.527757358765542417e-01,-1.118559591386977248e+00,-2.829801662326270617e-01,7.331019170944879093e-01,-4.306556180489032215e+00,-3.936297370417919383e-01,-3.348597485992313327e+00
1.541027351567711756e+00,-6.173428100554699816e-01,4.453112950663972169e-01,-6.911084378051018939e-01,2.979406874709115804e+00,5.979880933079804173e-01,9.487350412554671486e-01,9.589543790911638776e-01,1.228010294024256543e+00,1.230707212492516689e+00,-2.745327097526253923e-01,1.683777989665237396e+00,6.301962031168849565e-01,-1.159445318811137327e+00,-3.472393514682088345e-01,6.740614533981872381e-01,-4.298664692360612882e+00,-4.364215995756308697e-01,-3.420521410784256755e+00
1.547698465643762455e+00,-6.109716186432679885e-01,4.534952887274280586e-01,-6.828836892094805044e-01,2.977479850178321286e+00,6.092107395113904866e-01,9.528625130562845547e-01,9.510834410330972766e-01,1.225479614708093301e+00,1.235006610086359036e+00,-3.031786057274072355e-01,1.680723717562937480e+00,6.071413882236381676e-01,-1.200246576569244716e+00,-4.114478802792583823e-01,6.148755584086331716e-01,-4.289096283111327068e+00,-4.792548841088546396e-01,-3.491083028520062026e+00
1.554369579719813155e+00,-6.046538423510343652e-01,4.616609716856832080e-01,-6.746315767946008402e-01,2.975361950903448793e+00,6.204120569686768505e-01,9.568346236666589455e-01,9.429406368235448976e-01,1.222520828131125503e+00,1.238910748536413919e+00,-3.317551051533327855e-01,1.677383601497572485e+00,5.836204595712785048e-01,-1.240948270957656474e+00,-4.755819398120972874e-01,5.555664736605159248e-01,-4.277861411291261184e+00,-5.221152218349612850e-01,-3.560258366003401065e+00
1.561040693795863854e+00,-5.983912925011621864e-01,4.698054898224628406e-01,-6.663547399552323114e-01,2.973053676837068782e+00,6.315901382869448799e-01,9.606482946106258414e-01,9.345266811507501048e-01,1.219134510496679535e+00,1.242418880366211065e+00,-3.602511277898409747e-01,1.673757509019992540e+00,5.596427436247308762e-01,-1.281535257203747502e+00,-5.396177249037570345e-01,4.961564932601549294e-01,-4.264971267384733977e+00,-5.649882093618050494e-01,-3.628024002271990511e+00
1.567711807871914553e+00,-5.921857753109358580e-01,4.779259933925870674e-01,-6.580558225762185298e-01,2.970555601594897066e+00,6.427430755104424076e-01,9.643005101471522345e-01,9.258423898879294400e-01,1.215321396764169393e+00,1.245530406976900206e+00,-3.886556704729842715e-01,1.669845403866299538e+00,5.352177212283718566e-01,-1.321992345901521482e+00,-6.035314471541995962e-01,4.366679551551449490e-01,-4.250437767376805454e+00,-6.078594147514704282e-01,-3.694357076652068361e+00
1.574382921947965253e+00,-5.860390912165683863e-01,4.860196380830358320e-01,-6.497374720383858326e-01,2.967868371925515447e+00,6.538689607628108691e-01,9.677883182874920109e-01,9.168886803694431542e-01,1.211082380507005229e+00,1.248244878910541367e+00,-4.169578119329759858e-01,1.665647346128082518e+00,5.103550238420394569e-01,-1.362304309489222209e+00,-6.672993439996337539e-01,3.771232323819420640e-01,-4.234273545999872823e+00,-6.507143835771873608e-01,-3.759235296587894570e+00
1.581054036024015952e+00,-5.799530341955411172e-01,4.940835860704393956e-01,-6.414023382228926096e-01,2.964992707148101925e+00,6.649658868903431941e-01,9.711088317872623721e-01,9.076665716236183012e-01,1.206418513709977436e+00,1.250561996054937675e+00,-4.451467175656287356e-01,1.661163492382200735e+00,4.850644297255711224e-01,-1.402455888766104275e+00,-7.308976877833439634e-01,3.175447242949210325e-01,-4.216491949663693006e+00,-6.935386449945815102e-01,-3.822636945243377049e+00
1.587725150100066651e+00,-5.739293910875382654e-01,5.021150070770139529e-01,-6.330530725144056792e-01,2.961929398558496018e+00,6.760319481059637869e-01,9.742592291128948645e-01,8.981771845619805905e-01,1.201331006506147325e+00,1.252481607789907248e+00,-4.732116441555813124e-01,1.656394095780024944e+00,4.593558600733956276e-01,-1.442431799445441420e+00,-7.943027948204391953e-01,2.579548477804309292e-01,-4.197107029072294715e+00,-7.363177178245546850e-01,-3.884540888873032838e+00
1.594396264176117350e+00,-5.679699409142610067e-01,5.101110794245415914e-01,-6.246923268034965115e-01,2.958679308803914498e+00,6.870652406336770213e-01,9.772367553821426078e-01,8.884217421246521917e-01,1.195821226853297059e+00,1.254003713074902882e+00,-5.011419445492402147e-01,1.651339506096063392e+00,4.332393751007315164e-01,-1.482216738740880002e+00,-8.574910344529529382e-01,1.983760284593752976e-01,-4.176133531531430521e+00,-7.790371166450963392e-01,-3.944926583959635913e+00
1.601067378252168050e+00,-5.620764541984212270e-01,5.180689910859886949e-01,-6.163227524886520925e-01,2.955243371226675020e+00,6.980638633531957016e-01,9.800387232783174252e-01,8.784015693817118775e-01,1.189890700150011860e+00,1.255128460477912267e+00,-5.289270722753738330e-01,1.646000169735930996e+00,4.067251700829568328e-01,-1.521795391983190804e+00,-9.204388380916939116e-01,1.388306918818877911e-01,-4.153586892950288600e+00,-8.216823578892941127e-01,-4.003774084115905296e+00
1.607738492328218749e+00,-5.562506922822063604e-01,5.259859407343664417e-01,-6.079469994782821241e-01,2.951622589177267386e+00,7.090259184444969165e-01,9.826625139379543405e-01,8.681180935903169971e-01,1.183541108791497987e+00,1.255856148145603868e+00,-5.565565861113539459e-01,1.640376629703622635e+00,3.798235713497205568e-01,-1.561152439264484659e+00,-9.831227082413032115e-01,7.934125471760278270e-02,-4.129483229541365930e+00,-8.642389659468507901e-01,-4.061064046747791423e+00
1.614409606404269448e+00,-5.504944066455089713e-01,5.338591387884202843e-01,-5.995677151931293469e-01,2.947818035297152139e+00,7.199495120320141828e-01,9.851055778116063477e-01,8.575728442074235236e-01,1.176774291665261263e+00,1.256187223714694046e+00,-5.840201545930150395e-01,1.634469525528079004e+00,3.525450322354220511e-01,-1.600272562106899166e+00,-1.045519227504884796e+00,1.993011594513882656e-02,-4.103839329222515708e+00,-9.066924792663542121e-01,-4.116777739476896514e+00
1.621080720480320148e+00,-5.448093382242238381e-01,5.416858084547628849e-01,-5.911875435694596836e-01,2.943830850771671948e+00,7.308327548282110842e-01,9.873654354974819025e-01,8.467674528579384186e-01,1.169592243586788705e+00,1.256122284164547853e+00,-6.113075604661855067e-01,1.628279593149046800e+00,3.249001289876348730e-01,-1.639140450152781980e+00,-1.107605067564705781e+00,-3.938035195571554237e-02,-4.076672642725336360e+00,-9.490284564555988567e-01,-4.170897046319784529e+00
1.627751834556370847e+00,-5.391972167289020845e-01,5.494631867660354496e-01,-5.828091240634398762e-01,2.939662244553461257e+00,7.416737627762534091e-01,9.894396785476538003e-01,8.357036532581839650e-01,1.161997114675415332e+00,1.255662075611039485e+00,-6.384087050779264638e-01,1.621807664762261902e+00,2.968995566351482207e-01,-1.677740807873381090e+00,-1.169356998135341108e+00,-9.856781180550366894e-02,-4.048001274414138706e+00,-9.912324823772340476e-01,-4.223404473621945598e+00
1.634422948632421546e+00,-5.336597599640691136e-01,5.571885256147129928e-01,-5.744350906570767634e-01,2.935313492556766324e+00,7.524706576915149991e-01,9.913259702465704315e-01,8.243832810945483924e-01,1.153991209670555129e+00,1.254807493041727895e+00,-6.653136127055747640e-01,1.615054668623983947e+00,2.685541248172200746e-01,-1.716058361292992274e+00,-1.230751895885769720e+00,-1.576099705167888221e-01,-4.017843972819955312e+00,-1.033290174236997760e+00,-4.274283155744313945e+00
1.641094062708472245e+00,-5.281986731484995534e-01,5.648590927821428576e-01,-5.660680708661274263e-01,2.930785936823103288e+00,7.632215679016436383e-01,9.930220463616208360e-01,8.128082738572430799e-01,1.145576987188537954e+00,1.253559579992425732e+00,-6.920124348216969423e-01,1.608021628814954695e+00,2.398747535757511373e-01,-1.754077864725582803e+00,-1.291766753326814898e+00,-2.164845878724201977e-01,-3.986220120894054197e+00,-1.075187187661842625e+00,-4.323516860500324022e+00
1.647765176784522945e+00,-5.228156482367519731e-01,5.724721729624355770e-01,-5.577106847503564557e-01,2.926080984658683715e+00,7.739246288849173094e-01,9.945257158655080865e-01,8.009806706290759637e-01,1.136757058920270236e+00,1.251919528165260420e+00,-7.184954542931004662e-01,1.600709664963844148e+00,2.108724691120086314e-01,-1.791784107520812519e+00,-1.352378687660454881e+00,-2.751694852868844521e-01,-3.953149725985663832e+00,-1.116909222765212206e+00,-4.371089994341645024e+00
1.654436290860573644e+00,-5.175123632422627962e-01,5.800250687808001793e-01,-5.493655439265369145e-01,2.921200107744044594e+00,7.845779839066204797e-01,9.958348616302018508e-01,7.889026118292084000e-01,1.127534188770006107e+00,1.249888676988355041e+00,-7.447530895120818561e-01,1.593119991930289858e+00,1.815583995096002878e-01,-1.829161920816426701e+00,-1.412564949587441054e+00,-3.336425545471579657e-01,-3.918653409548646938e+00,-1.158442030196762840e+00,-4.416987607290725038e+00
1.661107404936624343e+00,-5.122904815622991714e-01,5.875151018059422414e-01,-5.410352505845866800e-01,2.916144841216359307e+00,7.951797846531701852e-01,9.969474410922547492e-01,7.765763389118485183e-01,1.117911291935508977e+00,1.247468513117275357e+00,-7.707758984581076778e-01,1.585253919447633386e+00,1.519437704254040788e-01,-1.866196184293966276e+00,-1.472302932069731618e+00,-3.918817665295379893e-01,-3.882752396582016097e+00,-1.199771417173836952e+00,-4.461195397618507030e+00
1.667778519012675043e+00,-5.071516513050753350e-01,5.949396135561301202e-01,-5.327223965072191980e-01,2.910916782724885188e+00,8.057281918637286822e-01,9.978614868892614620e-01,7.640041940198721848e-01,1.107891433929914182e+00,1.244660669878415948e+00,-7.965545826881927916e-01,1.577112851725489762e+00,1.220399007501266064e-01,-1.902871832934712071e+00,-1.531570179044270397e+00,-4.498651798889450326e-01,-3.845468504809318677e+00,-1.240883253491962268e+00,-4.503699716265678887e+00
1.674449633088725742e+00,-5.020975046193243418e-01,6.022959664985398920e-01,-5.244295620935055524e-01,2.905517591460032634e+00,8.162213759590252193e-01,9.985751074672830629e-01,7.511886195933867860e-01,1.097477829545641992e+00,1.241466926654521741e+00,-8.220799912542160470e-01,1.568698287012300963e+00,9.185819824025392988e-02,-1.939173863772819750e+00,-1.590344394084588497e+00,-5.075709497171262408e-01,-3.806824133601986127e+00,-1.281763477511701499e+00,-4.544487571005996429e+00
1.681120747164776441e+00,-4.971296570266367509e-01,6.095815450415020820e-01,-5.161593153867231054e-01,2.899948987156550029e+00,8.266575176671332459e-01,9.990864876590317412e-01,7.381321579332575933e-01,1.086673841760698700e+00,1.237889208212560099e+00,-8.473431245455267380e-01,1.560011817118027722e+00,6.141015512305786350e-02,-1.975087342642562804e+00,-1.648603449006845967e+00,-5.649773361663282811e-01,-3.766842252651870115e+00,-1.322398102119169305e+00,-4.583546630350253892e+00
1.687791861240827140e+00,-4.922497067568587514e-01,6.167937565192539440e-01,-5.079142111068853938e-01,2.894212749071332968e+00,8.370348086459242776e-01,9.993938892326570400e-01,7.248374507196544414e-01,1.075482980587775028e+00,1.233929583974192168e+00,-8.723351380551401801e-01,1.551055126897185943e+00,3.070734367646255070e-02,-2.010597410916603600e+00,-1.706325392416800923e+00,-6.220627130348613809e-01,-3.725546390398334573e+00,-1.362773220657542916e+00,-4.620865227189667301e+00
1.694462975316877840e+00,-4.874592340868518225e-01,6.239300321688299178e-01,-4.996967896883226512e-01,2.888310714936358714e+00,8.473514521019474000e-01,9.994956514109616386e-01,7.113072384856808927e-01,1.063908901866520873e+00,1.229590267229103251e+00,-8.970473460679420086e-01,1.541829993692405809e+00,-2.385882145509166108e-04,-2.045689292232225398e+00,-1.763488458194359954e+00,-6.788055763111447982e-01,-3.682960622215333046e+00,-1.402875012826891421e+00,-4.656432362177442386e+00
1.701134089392928539e+00,-4.827598006829142419e-01,6.309878280987031296e-01,-4.915095763227083636e-01,2.882244779887288555e+00,8.576056634054605166e-01,9.993901913609052334e-01,6.975443600461856963e-01,1.051955405999446480e+00,1.224873614291484003e+00,-9.214712252692882632e-01,1.532338286738755162e+00,-3.141592152319916398e-02,-2.080348299202444906e+00,-1.820071073912266968e+00,-7.351845526727155411e-01,-3.639109558363998520e+00,-1.442689750549705385e+00,-4.690237706847488752e+00
1.707805203468979238e+00,-4.781529489471618155e-01,6.379646262488101183e-01,-4.833550800078933452e-01,2.876016895368265658e+00,8.677956707013622095e-01,9.990760046532447536e-01,6.835517518818571281e-01,1.039626436631879924e+00,1.219782123599971513e+00,-9.455984182724850307e-01,1.522581966529044095e+00,-6.281287056609913266e-02,-2.114559840108932942e+00,-1.876051869185614507e+00,-7.911784079368001654e-01,-3.594018331716438031e+00,-1.482203803799462483e+00,-4.722271606469304217e+00
1.714476317545029938e+00,-4.736402013681660916e-01,6.448579353415804238e-01,-4.752357926029380231e-01,2.869629068013451523e+00,8.779197155157549837e-01,9.985516656922023282e-01,6.693324474787432088e-01,1.026926079276477166e+00,1.214318434761391341e+00,-9.694207370636077625e-01,1.512563084140391423e+00,-9.441758750661061184e-02,-2.148309425573673437e+00,-1.931409683948783984e+00,-8.467660554589632182e-01,-3.547712585256436846e+00,-1.521403646389637654e+00,-4.752525082638161535e+00
1.721147431621080637e+00,-4.692230598761482074e-01,6.516652918236122138e-01,-4.671541878897083611e-01,2.863083358505863707e+00,8.879760533578932025e-01,9.978158281150254494e-01,6.548895766233376881e-01,1.013858559882753196e+00,1.208485327538648901e+00,-9.929301663622234209e-01,1.502283780522294165e+00,-1.262181668745946395e-01,-2.181582675206287458e+00,-1.986123576656554146e+00,-9.019265644764848933e-01,-3.500218459362958612e+00,-1.560275861720534785e+00,-4.780989835599858573e+00
1.727818545697131336e+00,-4.649030052030189708e-01,6.583842607976158057e-01,-4.591127206414081230e-01,2.856381880414083696e+00,8.979629543172482631e-01,9.968672251613506230e-01,6.402263646534165353e-01,1.000428243352176727e+00,1.202285720783158540e+00,-1.016118866896559947e+00,1.491746285746525125e+00,-1.582026501007752772e-01,-2.214365324223970255e+00,-2.040172832406045966e+00,-9.566391683930164369e-01,-3.451562578882334087e+00,-1.598807148481374840e+00,-4.807658246309365779e+00
1.734489659773182035e+00,-4.606814962475714315e-01,6.650124369442775851e-01,-4.511138256984170702e-01,2.849526799007390920e+00,9.078787036554479828e-01,9.957046700122722527e-01,6.253461316648070145e-01,9.866396319993444575e-01,1.195722671312206220e+00,-1.038979178591754149e+00,1.480952918219130776e+00,-1.903590300639615984e-01,-2.246643230040978878e+00,-2.093536970976286327e+00,-1.010883273001205396e+00,-3.401772039995210495e+00,-1.636984326305056303e+00,-4.832523378222849608e+00
1.741160773849232735e+00,-4.565599694461021096e-01,6.715474454336769483e-01,-4.431599170518041308e-01,2.842520330049937538e+00,9.177216023928310706e-01,9.943270560990420392e-01,6.102522916743121639e-01,9.724973639598193387e-01,1.188799372731680570e+00,-1.061503623669811436e+00,1.469906083854884082e+00,-2.226752556493182267e-01,-2.278402378824635921e+00,-2.146195754782137755e+00,-1.064638464639889204e+00,-3.350874396884349515e+00,-1.674794341373071926e+00,-4.855578978822639336e+00
1.747831887925283434e+00,-4.525398381487711896e-01,6.779869428259048814e-01,-4.352533869348690909e-01,2.835364738574532861e+00,9.274899678893703259e-01,9.927333573813208467e-01,5.949483517390141696e-01,9.580062115451866145e-01,1.181519154204605293e+00,-1.083684909659983653e+00,1.458608275214508865e+00,-2.551392363159327159e-01,-2.309628892014790935e+00,-2.198129196739422753e+00,-1.117884518282594941e+00,-3.298897648209500488e+00,-1.712224271968014300e+00,-4.876819480874788226e+00
1.754503002001334133e+00,-4.486224920019745710e-01,6.843286179605362340e-01,-4.273966049230856212e-01,2.828062337636642276e+00,9.371821344197177606e-01,9.909226285949415125e-01,5.794379110322223081e-01,9.431710795459603558e-01,1.173885479165960533e+00,-1.105515932318291261e+00,1.447062070605054984e+00,-2.877388466718661664e-01,-2.340309032803754796e+00,-2.249317568038069481e+00,-1.170601405554012153e+00,-3.245870223395583842e+00,-1.749261333971227961e+00,-4.896240003419039866e+00
1.761174116077384832e+00,-4.448092963370313124e-01,6.905701928346082985e-01,-4.195919170427906408e-01,2.820615487049230818e+00,9.467964537421249549e-01,9.888940054691250925e-01,5.637246598763271388e-01,9.279970034829376768e-01,1.165901943984263944e+00,-1.126989778454968283e+00,1.435270133143776938e+00,-3.204619310549268185e-01,-2.370429212573646804e+00,-2.299741405820166840e+00,-1.222769302671202540e+00,-3.191820968740624487e+00,-1.785892886303070082e+00,-4.913836352491083304e+00
1.767845230153435532e+00,-4.411015915654601383e-01,6.967094234687619680e-01,-4.118416448889813397e-01,2.813026592099042045e+00,9.563312956610006133e-01,9.866467049131266709e-01,5.478123787328623706e-01,9.124891478076655460e-01,1.157572276570444592e+00,-1.148099728668646513e+00,1.423235209785926436e+00,-3.532963081173591258e-01,-2.399975997288198659e+00,-2.349381520759834530e+00,-1.274368598306294897e+00,-3.136779133349808291e+00,-1.822106436303372767e+00,-4.929605021577073032e+00
1.774516344229486231e+00,-4.375006925811393277e-01,7.027441007612112989e-01,-4.041480847525670272e-01,2.805298102244954794e+00,9.657850485828587406e-01,9.841800251722887527e-01,5.317049371500910393e-01,8.966528040526773324e-01,1.148900334934529255e+00,-1.168839259986141910e+00,1.410960130316856187e+00,-3.862297754126764460e-01,-2.428936113836012378e+00,-2.398219004541854993e+00,-1.325379901367471858e+00,-3.080774354902212409e+00,-1.857889645049656702e+00,-4.943543191800550574e+00
1.781187458305536930e+00,-4.340078881696266544e-01,7.086720513292080748e-01,-3.965135067574186989e-01,2.797432509799052003e+00,9.751561200654295103e-01,9.814933459534901372e-01,5.154062926684362944e-01,8.804933889321757690e-01,1.139890105690703370e+00,-1.189202048406754697e+00,1.398447806308853458e+00,-4.192501139828540557e-01,-2.457296456322301648e+00,-2.446235237236078053e+00,-1.375784048695087858e+00,-3.023836645256787303e+00,-1.893230332610698730e+00,-4.955648731841954202e+00
1.787858572381587630e+00,-4.306244404249200408e-01,7.144911383376708613e-01,-3.889401540075672625e-01,2.789432348591029509e+00,9.844429373596921273e-01,9.785861285200025961e-01,4.989204896841286097e-01,8.640164423938900828e-01,1.130545702511324357e+00,-1.209181971350018037e+00,1.385701230043157928e+00,-4.523450929440793744e-01,-2.485044092306195829e+00,-2.493411894564589115e+00,-1.425562112669748416e+00,-2.965996375904229154e+00,-1.928116483233095035e+00,-4.965920197591046303e+00
1.794529686457638329e+00,-4.273515841739385923e-01,7.201992623146586947e-01,-3.814302417448789395e-01,2.781300192616608324e+00,9.936439479446024237e-01,9.754579157557567992e-01,4.822516582714252986e-01,8.472276256228044033e-01,1.120871364530477310e+00,-1.228773110005912494e+00,1.372723473397601701e+00,-4.855024740693130725e-01,-2.512166268980641437e+00,-2.539730955058755235e+00,-1.474695408729296942e+00,-2.907284263271493252e+00,-1.962536250458447373e+00,-4.974356831532681156e+00
1.801200800533689028e+00,-4.241905264089979033e-01,7.257943619533678836e-01,-3.739859565175516209e-01,2.773038654670592518e+00,1.002757620054284482e+00,9.721083321990620085e-01,4.654040129638107315e-01,8.301327189975300502e-01,1.110871454697704985e+00,-1.247969751586555986e+00,1.359517686700355110e+00,-5.187100163658457941e-01,-2.538650419292035831e+00,-2.585174707103226055e+00,-1.523165502791588910e+00,-2.847731353885684324e+00,-1.996477962168899722e+00,-4.980958561866457579e+00
1.807871914609739727e+00,-4.211424457285504186e-01,7.312744149003393979e-01,-3.666094553597529782e-01,2.764650384965234853e+00,1.011782443197468462e+00,9.685370840458022990e-01,4.483818514945699940e-01,8.127376200000581141e-01,1.100550458082532046e+00,-1.266766391478487241e+00,1.346087097550253908e+00,-5.519554806461125507e-01,-2.564484167996669672e+00,-2.629725755864072756e+00,-1.570954218580074446e+00,-2.787369009404212505e+00,-2.029930125558705001e+00,-4.985726001360866633e+00
1.814543028685790427e+00,-4.182084917864634099e-01,7.366374385295694216e-01,-3.593028649827384458e-01,2.756138069734584750e+00,1.020716928668942591e+00,9.647439591221749211e-01,4.311895534971908472e-01,7.950483410797003492e-01,1.089912980130462561e+00,-1.285157735294642167e+00,1.332435009604219234e+00,-5.852266340899633379e-01,-2.589655337651139533e+00,-2.673367030098235730e+00,-1.618043644849151974e+00,-2.726228891518066355e+00,-2.062881432029589845e+00,-4.988660445942713295e+00
1.821214142761841126e+00,-4.153897847500985785e-01,7.418814907022192040e-01,-3.520682809777563871e-01,2.747504429825479821e+00,1.029559610052811935e+00,9.607288268270182119e-01,4.138315791660195919e-01,7.770710074719950899e-01,1.078963744871108688e+00,-1.303138700825225982e+00,1.318564801332273495e+00,-6.185112547966611363e-01,-2.614151954533898703e+00,-2.716081788841576916e+00,-1.664416142506392804e+00,-2.664342946735165363e+00,-2.095320762007709448e+00,-4.989763873022637242e+00
1.827885256837891825e+00,-4.126874147674581828e-01,7.470046705116266672e-01,-3.449077670310702337e-01,2.738752219275858213e+00,1.038309043717344338e+00,9.564916380438222010e-01,3.963124678776595022e-01,7.588118549734204077e-01,1.067707593079168182e+00,-1.320704419886682857e+00,1.304479924740696628e+00,-6.517971363248125094e-01,-2.637962254495119119e+00,-2.757853627972771449e+00,-1.710054351628671476e+00,-2.601743391050799659e+00,-2.127237189679988205e+00,-4.989038939557694619e+00
1.834556370913942525e+00,-4.101024414436578724e-01,7.520051190133278940e-01,-3.378233541514006899e-01,2.729884223881089422e+00,1.046963809301190818e+00,9.520324250224868612e-01,3.786368367735847840e-01,7.402772276727296319e-01,1.056149480388948181e+00,-1.337850240068053642e+00,1.290183904063852527e+00,-6.850720922185161710e-01,-2.661074688732084415e+00,-2.798666486650438046e+00,-1.754941198369388333e+00,-2.538462694512185092e+00,-2.158619987647718119e+00,-4.986488979852077286e+00
1.841227484989993224e+00,-4.076358933269811913e-01,7.568810199398003924e-01,-3.308170399101016956e-01,2.720903259748987058e+00,1.055522510190779695e+00,9.473513012309457970e-01,3.608093793044883091e-01,7.214735756397845368e-01,1.044294475363191976e+00,-1.354571726374016016e+00,1.275680334425263185e+00,-7.183239605179552179e-01,-2.683477929487382063e+00,-2.838504653620852913e+00,-1.799059901753908619e+00,-2.474533565684228442e+00,-2.189458631495289964e+00,-4.982118003097107284e+00
1.847898599066043923e+00,-4.052887674047752631e-01,7.616306003996519136e-01,-3.238907876943680764e-01,2.711812171844217190e+00,1.063983773988676829e+00,9.424484611767501852e-01,3.428348637368751062e-01,7.024074525727364016e-01,1.032147757516942210e+00,-1.370864662763998654e+00,1.260972880468480994e+00,-7.515406082527276155e-01,-2.705160875667133258e+00,-2.877352773393731411e+00,-1.842393980360491401e+00,-2.409988936023615302e+00,-2.219742804271988668e+00,-4.975930690651789945e+00
1.854569713142094622e+00,-4.030620286094280802e-01,7.662521315609736039e-01,-3.170465259737759167e-01,2.702613832522779536e+00,1.072346252972710579e+00,9.373241801987441946e-01,3.247181316224548309e-01,6.830855134044681032e-01,1.019714615297235394e+00,-1.386725053586751244e+00,1.246065274958368940e+00,-7.847099359161540111e-01,-2.726112658376612430e+00,-2.915195852283535505e+00,-1.884927258883919654e+00,-2.344861944168404211e+00,-2.249462400884830515e+00,-4.967932393065304986e+00
1.861240827218145322e+00,-4.009566093346836890e-01,7.707439293185947005e-01,-3.102861475804411517e-01,2.693311140057272901e+00,1.080608624545671859e+00,9.319788142289529009e-01,3.064640962308857186e-01,6.635145118691740951e-01,1.007000444019398255e+00,-1.402149124909864764e+00,1.230961317353369555e+00,-8.178198819188888802e-01,-2.746322646370550125e+00,-2.952019264313888058e+00,-1.926643874579203386e+00,-2.279185920150299083e+00,-2.278607532400411806e+00,-4.958129126842887757e+00
1.867911941294196021e+00,-3.989734089625305846e-01,7.751043549449713188e-01,-3.036115090030955255e-01,2.683907017153642993e+00,1.088769591675392556e+00,9.264127995248436775e-01,2.880777409464532202e-01,6.437012980300305109e-01,9.940107437607734742e-01,-1.417133325743713090e+00,1.215664872349391246e+00,-8.508584270200791888e-01,-2.765780451415536856e+00,-2.987808756982660796e+00,-1.967528283582654414e+00,-2.212994369536844363e+00,-2.307168530253852268e+00,-4.946527570956694930e+00
1.874583055370246720e+00,-3.971132934009075077e-01,7.793318157244557565e-01,-2.970244296953455376e-01,2.674404409460116039e+00,1.096827883325018016e+00,9.206266523720951778e-01,2.695641176292726260e-01,6.236528157688623342e-01,9.807511172126850418e-01,-1.431674329159409620e+00,1.200179868395927940e+00,-8.838135987344268862e-01,-2.784475933561897598e+00,-3.022550456885420456e+00,-2.007565267107802587e+00,-2.146320957510795324e+00,-2.335135950362881019e+00,-4.933135063103320839e+00
1.881254169446297420e+00,-3.953770946324544067e-01,7.834247655706950697e-01,-2.905266913984041466e-01,2.664806284069032749e+00,1.104782254873289959e+00,9.146209687580624248e-01,2.509283449416343514e-01,6.033761002387879602e-01,9.672272674915027846e-01,-1.445769033300351003e+00,1.184510296185052880e+00,-9.166734757134218370e-01,-2.802399206322518932e+00,-3.056230875194924756e+00,-2.046739937513568641e+00,-2.079199492893916368e+00,-2.362500577145223879e+00,-4.917959595709760379e+00
1.887925283522348119e+00,-3.937656102745473174e-01,7.873817056269145631e-01,-2.841200374785551874e-01,2.655115628012287843e+00,1.112631488524659096e+00,9.083964240160958825e-01,2.321756066401169938e-01,5.828782752807839529e-01,9.534449959096520377e-01,-1.459414562287028261e+00,1.168660207113948024e+00,-9.494261920991093895e-01,-2.819540641756070887e+00,-3.088836912994444184e+00,-2.085037744242230762e+00,-2.011663912122558795e+00,-2.389253427437419752e+00,-4.901009811689660545e+00
1.894596397598398818e+00,-3.922796031508368753e-01,7.912011848488501586e-01,-2.778061722796211774e-01,2.645335446751086117e+00,1.120374393709055783e+00,9.019537724409142365e-01,2.133111498341150880e-01,5.621665508051718607e-01,9.394101997074510990e-01,-1.472608267014793082e+00,1.152633711721612109e+00,-9.820599418487209187e-01,-2.835890875452187210e+00,-3.120355866462732219e+00,-2.122444479624743696e+00,-1.943748263182247804e+00,-2.415385754313328359e+00,-4.882294999951857228e+00
1.901267511674449517e+00,-3.909198008745127795e-01,7.948818005700972744e-01,-2.715867604906891941e-01,2.635468762660746034e+00,1.128009807471147763e+00,8.952938468752389412e-01,1.943402832114446976e-01,5.412482201390165226e-01,9.251288697466797384e-01,-1.485347725844324618e+00,1.136434978100445692e+00,-1.014562983028507226e+00,-2.851440811416136256e+00,-3.150775431908527491e+00,-2.158946284551020334e+00,-1.875486689508699456e+00,-2.440889050800541415e+00,-4.861825090663306703e+00
1.907938625750500217e+00,-3.896868954435199761e-01,7.984221990496532806e-01,-2.654634265293487339e-01,2.625518613511240940e+00,1.135536594848919556e+00,8.884175582678707217e-01,1.752683752317035215e-01,5.201306573404380629e-01,9.106070881667613914e-01,-1.497630745184625134e+00,1.120068230283381538e+00,-1.046923642075176852e+00,-2.866181626850580422e+00,-3.180083710652528595e+00,-2.194529654002860042e+00,-1.806913413862549556e+00,-2.465755053493011495e+00,-4.839610650268477698e+00
1.914609739826550916e+00,-3.885815428479231226e-01,8.018210760014354843e-01,-2.594377539406882427e-01,2.615488050944221765e+00,1.142953649241409186e+00,8.813258952034737082e-01,1.561008522880837357e-01,4.988213144808832933e-01,8.958510260045156048e-01,-1.509455359968355115e+00,1.103537746607269554e+00,-1.079130318023283186e+00,-2.880104776832103308e+00,-3.208269213754846749e+00,-2.229181442447238481e+00,-1.738062722185152120e+00,-2.489975746058262551e+00,-4.815662876267615466e+00
1.921280853902601615e+00,-3.876043626896470418e-01,8.050771771055659221e-01,-2.535112848122883511e-01,2.605380138947222868e+00,1.150259892765456371e+00,8.740199234042568266e-01,1.368431968383408970e-01,4.773277188963646611e-01,8.808669407783894512e-01,-1.520819834019441874e+00,1.086847858053218818e+00,-1.111171486696993282e+00,-2.893201998880140291e+00,-3.235320866586000488e+00,-2.262888869087753996e+00,-1.668968947442808659e+00,-2.513543362637543410e+00,-4.789993591756093849e+00
1.927951967978652315e+00,-3.867559378147771287e-01,8.081892985012182340e-01,-2.476855192054474297e-01,2.595197952325775326e+00,1.157454276601299403e+00,8.665007852038284497e-01,1.175009455056511554e-01,4.556574704087494321e-01,8.656611740381464637e-01,-1.531722660312880180e+00,1.070002946564618362e+00,-1.143035704864628022e+00,-2.905465317416095594e+00,-3.261228013239569901e+00,-2.295639522972057645e+00,-1.599666453466771721e+00,-2.536450391137400118e+00,-4.762615239727431060e+00
1.934623082054703014e+00,-3.860368139586373704e-01,8.111562872608280017e-01,-2.419619146028654799e-01,2.584944575174146664e+00,1.164535781326876851e+00,8.587696989934530123e-01,9.807968715009296456e-02,4.338182385181285072e-01,8.502401488809587793e-01,-1.542162561126745324e+00,1.053007443343566552e+00,-1.174711614354425393e+00,-2.916887048110377911e+00,-3.285980420784712308e+00,-2.327421367953186326e+00,-1.530189618796370832e+00,-2.558689576411118161e+00,-4.733540877142422332e+00
1.941294196130753713e+00,-3.854474994038197266e-01,8.139770418454828071e-01,-2.363418853730093749e-01,2.574623099345425992e+00,1.171503417240701062e+00,8.508279586409944750e-01,7.858506091150918582e-02,4.118177595673704339e-01,8.346103674349052426e-01,-1.552138488086441725e+00,1.035865827126449812e+00,-1.206187946129952504e+00,-2.927459802115213172e+00,-3.309568283356777219e+00,-2.358222747502730421e+00,-1.460572820532611837e+00,-2.580253923328609034e+00,-4.702784168767104589e+00
1.947965310206804412e+00,-3.849884646513710429e-01,8.166505125413061617e-01,-2.308268022513693396e-01,2.564236622921675757e+00,1.178356224673154706e+00,8.426769328828033201e-01,5.902275422451613851e-02,3.896638338799172097e-01,8.187784083108506916e-01,-1.561649622101303647e+00,1.018582622439412999e+00,-1.237453524323661291e+00,-2.937176490181070854e+00,-3.331982226084341026e+00,-2.388032389373877074e+00,-1.390850418209576667e+00,-2.601136699733295643e+00,-4.670359380782224790e+00
1.954636424282855112e+00,-3.846601421053071901e-01,8.191757018766583354e-01,-2.254179918388191373e-01,2.553788248684858875e+00,1.185093274286087572e+00,8.343180646888456176e-01,3.939850080645079800e-02,3.673643228719447595e-01,8.027509240237309385e-01,-1.570695373193668587e+00,1.001162397834489237e+00,-1.268497270227047391e+00,-2.946030326654663245e+00,-3.353213308851046293e+00,-2.416839410112392006e+00,-1.321056737690939897e+00,-2.621331439284658060e+00,-4.636281374167085190e+00
1.961307538358905811e+00,-3.844629257706430603e-01,8.215516650199943260e-01,-2.201167361172770010e-01,2.543281082589273989e+00,1.191713667360582818e+00,8.257528706013546049e-01,1.971807861904228965e-02,3.449271461399733285e-01,7.865346383842515277e-01,-1.579275380220638514e+00,9.836097641071508413e-01,-1.299308206235930019e+00,-2.954014833356431780e+00,-3.373253029890677102e+00,-2.444633319413687556e+00,-1.251226055098940693e+00,-2.640831944185102920e+00,-4.600565597860613920e+00
1.967978652434956510e+00,-3.843971709651009538e-01,8.237775101582103243e-01,-2.149242719828643455e-01,2.532718232236191191e+00,1.198216536072771232e+00,8.169829400473257452e-01,-1.269219537292087807e-05,3.223602785250632152e-01,7.701363438620434376e-01,-1.587389510488743660e+00,9.659293724960569261e-01,-1.329875459749374711e+00,-2.961123843335607297e+00,-3.392093329214005415e+00,-2.471404024324176163e+00,-1.181392580783031221e+00,-2.659632287789924554e+00,-4.563228081702716210e+00
1.974649766511007210e+00,-3.844631940446722185e-01,8.258523988553317929e-01,-2.098417907967443929e-01,2.522102805351429833e+00,1.204601043757582035e+00,8.080099346251508052e-01,-1.978795140227618266e-02,2.996717471547062361e-01,7.535628989213083440e-01,-1.595037859261828395e+00,9.481259128657837376e-01,-1.360188267020804975e+00,-2.967351504500836512e+00,-3.409726591865958945e+00,-2.497141833285178247e+00,-1.111590443335548573e+00,-2.677726817099117085e+00,-4.524285429158942051e+00
1.981320880587057909e+00,-3.846612721431897919e-01,8.277755463913964995e-01,-2.048704379538280329e-01,2.511437908266560548e+00,1.210866385160313197e+00,7.988355873657339012e-01,-3.960180078718605889e-02,2.768696284635679961e-01,7.368212253300255865e-01,-1.602220749162464708e+00,9.302041118733302971e-01,-1.390235976959858899e+00,-2.972692283124573898e+00,-3.426145651011780036e+00,-2.521837460017698263e+00,-1.041853673661585766e+00,-2.695110155129908147e+00,-4.483754809831665078e+00
1.987991994663108608e+00,-3.849916429260705764e-01,8.295462220813937249e-01,-2.000113124695110933e-01,2.500726644404464238e+00,1.217011786675917806e+00,7.894617019684013748e-01,-5.944830629083514006e-02,2.539620451942048995e-01,7.199183054437684470e-01,-1.608938729467308759e+00,9.121687311191959413e-01,-1.420008054883590720e+00,-2.977140967219341849e+00,-3.441343790850869055e+00,-2.545482027246491086e+00,-9.722161891103053843e-01,-2.711777203168880490e+00,-4.441653951760986985e+00
1.994663108739159307e+00,-3.854545043583718078e-01,8.311637495741347470e-01,-1.952654665846170756e-01,2.489972112769939461e+00,1.223036506575909899e+00,7.798901520119765340e-01,-7.932150016643618740e-02,2.309571633789329892e-01,7.028611794652280809e-01,-1.615192575296807709e+00,8.940245652838396673e-01,-1.449494086215613375e+00,-2.980692669784157367e+00,-3.455314749357120796e+00,-2.568067070261840890e+00,-9.027117776748627698e-01,-2.727723142902672482e+00,-4.398001133518755879e+00
2.001334222815210229e+00,-3.860500144873153516e-01,8.326275071309243714e-01,-1.906339053886975388e-01,2.479177406446068765e+00,1.228939835222788712e+00,7.701228801413331215e-01,-9.921538315816685882e-02,2.078631893039840084e-01,6.856569426805092515e-01,-1.620983286699764436e+00,8.757764402503300794e-01,-1.478683780131824221e+00,-2.983342831919345350e+00,-3.468052720844568171e+00,-2.589584540317614092e+00,-8.333740822680828497e-01,-2.742943438426207692e+00,-4.352815176099017691e+00
2.008005336891260928e+00,-3.867782912394087669e-01,8.339369278839283695e-01,-1.861175864618443698e-01,2.468345611097040315e+00,1.234721095271897440e+00,7.601618972298289645e-01,-1.191239266999882807e-01,1.846883664571457029e-01,6.683127426733206367e-01,-1.626312087633264181e+00,8.574292112140160516e-01,-1.507566973151355016e+00,-2.985087225808127798e+00,-3.479552358357290931e+00,-2.610026807864137766e+00,-7.642365850810199923e-01,-2.757433838127561820e+00,-4.306115434608503101e+00
2.014676450967311627e+00,-3.876394122323023050e-01,8.350915000741252481e-01,-1.817174195351586308e-01,2.457479803478121116e+00,1.240379641860628546e+00,7.500092815179617567e-01,-1.390410751339135054e-01,1.614409724600370521e-01,6.508357765181430610e-01,-1.631180424838557075e+00,8.389877607800279025e-01,-1.536133632671434324e+00,-2.985921957563366647e+00,-3.489808775882555558e+00,-2.629386665614601881e+00,-6.953325920314097353e-01,-2.771190376448551707e+00,-4.257921789760610309e+00
2.021347565043362327e+00,-3.886334146015076318e-01,8.360907672687438730e-01,-1.774342661700083479e-01,2.446583049953478195e+00,1.245914862784901045e+00,7.396671777286298877e-01,-1.589607479468014284e-01,1.381293159862128084e-01,6.332332879535018666e-01,-1.635589966613515633e+00,8.204569970494584030e-01,-1.564373860444868036e+00,-2.985843469937893957e+00,-3.498817550386256858e+00,-2.647657331443678430e+00,-6.266952173090991618e-01,-2.784209375520212859e+00,-4.208254639176574941e+00
2.028018679119413026e+00,-3.897602948420947344e-01,8.369343285580985725e-01,-1.732689394562096363e-01,2.435658405022525841e+00,1.251326178662834021e+00,7.291377961594008861e-01,-1.788768420247811575e-01,1.147617336662940524e-01,6.155125645364724063e-01,-1.639542601482329109e+00,8.018418516950485131e-01,-1.592277895998835291e+00,-2.984848544896989697e+00,-3.506574723669792171e+00,-2.664832451117157497e+00,-5.583573680253839377e-01,-2.796487446672413224e+00,-4.157134888497571623e+00
2.034689793195463725e+00,-3.910200086654875284e-01,8.376218387317374559e-01,-1.692222037292483994e-01,2.424708909855493921e+00,1.256613043085546444e+00,7.184234117521576257e-01,-1.987832339243689739e-01,9.134658698129423382e-02,5.976809347795301042e-01,-1.643040436763168799e+00,7.831472780272255019e-01,-1.619836119993799173e+00,-2.982934306051525652e+00,-3.513076804047564394e+00,-2.680906100851482954e+00,-4.903517289731884610e-01,-2.808021491816846016e+00,-4.104583942311452738e+00
2.041360907271514424e+00,-3.924124708714616938e-01,8.381530084338304487e-01,-1.652947743066593700e-01,2.413737590838888281e+00,1.261774942755036877e+00,7.075263631405592779e-01,-2.186737821593521258e-01,6.789225914537017070e-02,5.797457652709115949e-01,-1.646085797034560150e+00,7.643782490513383321e-01,-1.647039057521254790e+00,-2.980098220950449850e+00,-3.518320767844404173e+00,-2.695872789702084660e+00,-4.227107475049556307e-01,-2.818808704702788770e+00,-4.050623694898086491e+00
2.048032021347565124e+00,-3.939375552354492660e-01,8.385276042977286570e-01,-1.614873172436649407e-01,2.402747458131517355e+00,1.266811397609058698e+00,6.964490516756859373e-01,-2.385423295024900470e-01,4.440715197917186052e-02,5.617144577796000515e-01,-1.648681222501301225e+00,7.455397555169436252e-01,-1.673877381339166082e+00,-2.976338103231261023e+00,-3.522304060712234897e+00,-2.709727461779539048e+00,-3.554666185350505714e-01,-2.828846572044958485e+00,-3.995276520797112596e+00
2.054703135423615823e+00,-3.955950944112446299e-01,8.387454490596388812e-01,-1.578004491081778649e-01,2.391741504231747140e+00,1.271721960932973960e+00,6.851939404303301062e-01,-2.583827053010844255e-01,2.089968277502469995e-02,5.435944463461170884e-01,-1.650829467260755301e+00,7.266368039599943041e-01,-1.700341915043882324e+00,-2.971652114627266084e+00,-3.525024598765417849e+00,-2.722465498292606867e+00,-2.886512696734517824e-01,-2.838132874522973026e+00,-3.938565265202217613e+00
2.061374249499666522e+00,-3.973848798492009005e-01,8.388064216513606564e-01,-1.542347367752552878e-01,2.380722702556667070e+00,1.276506219458515279e+00,6.737635531823371604e-01,-2.781887278054644974e-01,-2.621718844861620212e-03,5.253931943602586641e-01,-1.652533497470423107e+00,7.076744147387896700e-01,-1.726423636177413901e+00,-2.966038766830410456e+00,-3.526480769534263704e+00,-2.734082719417297191e+00,-2.222963464973726211e-01,-2.846665687651899646e+00,-3.880513234185917870e+00
2.068045363575717221e+00,-3.993066617300035093e-01,8.387104572720439633e-01,-1.507906972410850144e-01,2.369694006033786327e+00,1.281163793449430433e+00,6.621604733774278939e-01,-2.979542065094056280e-01,-2.614861407593990772e-02,5.071181916269423828e-01,-1.653796489417747928e+00,6.886576200645515566e-01,-1.752113679268943125e+00,-2.959496923208544850e+00,-3.526671432736262268e+00,-2.744575385991175231e+00,-1.564331979674831175e-01,-2.854443382523432327e+00,-3.821144184758995088e+00
2.074716477651767921e+00,-4.013601489140875556e-01,8.384575474389350802e-01,-1.474687974565863369e-01,2.358658345705948456e+00,1.285694336773972601e+00,6.503873430719671056e-01,-3.176729445015236131e-01,-4.967255808339950118e-02,4.887769514213453070e-01,-1.654621827493121256e+00,6.695914620274857620e-01,-1.777403338809474320e+00,-2.952025800376108400e+00,-3.525595920864683208e+00,-2.753940201032182511e+00,-9.109286199526289707e-02,-2.861464626417380863e+00,-3.760482314768814227e+00
2.081387591727818620e+00,-4.035450089067835755e-01,8.380477400170791569e-01,-1.442694541806854858e-01,2.347618629350074926e+00,1.290097536964209812e+00,6.384468618560990016e-01,-3.373387408266497745e-01,-7.318510315756843188e-02,4.703770075344860802e-01,-1.655013102067139918e+00,6.504809906191997282e-01,-1.802284072158577777e+00,-2.943624969617176568e+00,-3.523254039594242659e+00,-2.762174311081333489e+00,-2.630605116795781129e-02,-2.867728383283086213e+00,-3.698552252640690430e+00
2.088058705803869319e+00,-4.058608678392396918e-01,8.374811392279711830e-01,-1.411930338533315676e-01,2.336577740110397094e+00,1.294373115262131835e+00,6.263417857577355807e-01,-3.569453928562086320e-01,-9.667780187139837778e-02,4.519259113104500680e-01,-1.654974107273162964e+00,6.313312617523432202e-01,-1.826747502382176425e+00,-2.934294358159993621e+00,-3.519646068003633221e+00,-2.769275307368713079e+00,3.789686136242931269e-02,-2.873233914090558727e+00,-3.635379046966717542e+00
2.094729819879920019e+00,-4.083073104651893104e-01,8.367579056371325930e-01,-1.382398524882998136e-01,2.325538535146782770e+00,1.298520826652539428e+00,6.140749261278322102e-01,-3.764866986665958981e-01,-1.201422102388362001e-01,4.334312286764146482e-01,-1.654508838696309159e+00,6.121473352783393107e-01,-1.850785421020389121e+00,-2.924034250302064653e+00,-3.514772758614749470e+00,-2.775241226802268812e+00,1.014858558198130645e-01,-2.877980777051088790e+00,-3.570988155946313469e+00
2.101400933955970718e+00,-4.108838801736057755e-01,8.358782561206232753e-01,-1.354101755858305167e-01,2.314503844298797741e+00,1.302540459882702617e+00,6.016491485074473289e-01,-3.959564594245659763e-01,-1.435698908728321455e-01,4.149005371666831254e-01,-1.653621490970031527e+00,5.929342730040845222e-01,-1.874389790784442233e+00,-2.912845288385055742e+00,-3.508635337248567687e+00,-2.780070552778972637e+00,1.644312795680913375e-01,-2.881968827707224179e+00,-3.505405436683012521e+00
2.108072048032021417e+00,-4.135900790172927777e-01,8.348424638104888773e-01,-1.327042180651357151e-01,2.303476468766101792e+00,1.306431837468794654e+00,5.890673714770396918e-01,-4.153484817786163852e-01,-1.669524161417876296e-01,3.963414229418889545e-01,-1.652316455281484631e+00,5.736971367084766626e-01,-1.897552748181719151e+00,-2.900728473618714887e+00,-3.501235502697653601e+00,-2.783762215817987773e+00,2.267038606924538513e-01,-2.885198218892005784e+00,-3.438657134341881250e+00
2.114743162108072116e+00,-4.164253677574434320e-01,8.336508580191603901e-01,-1.301221442168061515e-01,2.292459179805788949e+00,1.310194815689086578e+00,5.763325654885054217e-01,-4.346565802553654656e-01,-1.902813713231952253e-01,3.777614778045811361e-01,-1.650598316786905606e+00,5.544409861596586442e-01,-1.920266606068015580e+00,-2.887685166753175103e+00,-3.492575426215391410e+00,-2.786315594015559505e+00,2.882747213918395168e-01,-2.887669400557441257e+00,-3.370769871172167420e+00
2.121414276184122816e+00,-4.193891659242022785e-01,8.323038241428266648e-01,-1.276640676751341630e-01,2.281454717447261249e+00,1.313829284563924782e+00,5.634477516804226038e-01,-4.538745796599055748e-01,-2.135483577532718558e-01,3.591682962123593503e-01,-1.648471851938309918e+00,5.351708771338394843e-01,-1.942523856126137982e+00,-2.873717088599003766e+00,-3.482657750822076181e+00,-2.787730513321418968e+00,3.491153911765731976e-01,-2.889383119472247685e+00,-3.301770635399676301e+00
2.128085390260173515e+00,-4.224808518932477996e-01,8.308018035438147209e-01,-1.253300514103695140e-01,2.270465789225239561e+00,1.317335167822501152e+00,5.504160006770234537e-01,-4.729963174791187441e-01,-2.367449959713388008e-01,3.405694722897751880e-01,-1.645942025722804569e+00,5.158918594365669019e-01,-1.964317171269968076e+00,-2.858826320394479037e+00,-3.471485590428094348e+00,-2.788007247636551167e+00,4.091978198652430621e-01,-2.890340418788962751e+00,-3.231686769993607378e+00
2.134756504336224214e+00,-4.256997629784167736e-01,8.291452934120120410e-01,-1.231201077409070643e-01,2.259495068931466122e+00,1.320712422856426649e+00,5.372404313713605717e-01,-4.920156462869288982e-01,-2.598629288577605223e-01,3.219725968401583316e-01,-1.643013988815882120e+00,4.966089749273231435e-01,-1.985639407973196047e+00,-2.843015304019600897e+00,-3.459062528774479173e+00,-2.787146518732272149e+00,4.684943903750724559e-01,-2.890542637480549182e+00,-3.160545961312361207e+00
2.141427618412274914e+00,-4.290451955403767892e-01,8.273348466053815908e-01,-1.210341983654088238e-01,2.248545195385691642e+00,1.323961040660148747e+00,5.239242096932156256e-01,-5.109264361504735064e-01,-2.828938247641882286e-01,3.033852543585992545e-01,-1.639693074650096616e+00,4.773272555483143442e-01,-2.006483608521909101e+00,-2.826286842056440207e+00,-3.445392618191231549e+00,-2.785149495990604684e+00,5.269779313000069187e-01,-2.889991409646738951e+00,-3.088376227633231608e+00
2.148098732488325613e+00,-4.325164051113531971e-01,8.253710714696224082e-01,-1.190722344148431588e-01,2.237618771226488779e+00,1.327081045758228495e+00,5.104705473622107581e-01,-5.297225770361577712e-01,-3.058293806349313693e-01,2.848150200472412408e-01,-1.635984796400555163e+00,4.580517213583237268e-01,-2.026843003190289760e+00,-2.808644097695470965e+00,-3.430480378173810685e+00,-2.782017795966049700e+00,5.846217292709585678e-01,-2.888688663690334835e+00,-3.015205907570524424e+00
2.154769846564376312e+00,-4.361126065358986725e-01,8.232546316370428219e-01,-1.172340765244257732e-01,2.226718361722453299e+00,1.330072496119523384e+00,4.968827006266869906e-01,-5.483979812145757249e-01,-3.286613251182128326e-01,2.662694568341068546e-01,-1.631894843888686442e+00,4.387873785724879516e-01,-2.046711012338691127e+00,-2.790090594487638853e+00,-3.414330793778352025e+00,-2.777753481768885369e+00,6.413995410926736085e-01,-2.886636621363841471e+00,-2.941063648387094887e+00
2.161440960640427011e+00,-4.398329741277063887e-01,8.209862458047108014e-01,-1.155195349254332926e-01,2.215846493604325396e+00,1.332935483058314885e+00,4.831639689888300726e-01,-5.669465856632588396e-01,-3.513814216661269585e-01,2.477561123966199319e-01,-1.627429080405815798e+00,4.195392176088681424e-01,-2.066081248433392581e+00,-2.770630215941916497e+00,-3.396949313836165274e+00,-2.772359062270233210e+00,6.972856056518206280e-01,-2.883837796686769650e+00,-2.865978394203981594e+00
2.168112074716477711e+00,-4.436766418424372138e-01,8.185666874919700353e-01,-1.139283695568522603e-01,2.205005653918568509e+00,1.335670131122429272e+00,4.693176939165938366e-01,-5.853623544662249767e-01,-3.739814716220783430e-01,2.292825161910329868e-01,-1.622593539458065726e+00,4.003122111426739571e-01,-2.084947517987381538e+00,-2.750267204968255275e+00,-3.378341848988186236e+00,-2.765837491129173653e+00,7.522546555910039068e-01,-2.880294994734083680e+00,-2.789979374113096267e+00
2.174783188792528410e+00,-4.476427034665420024e-01,8.159967847774006744e-01,-1.124602901968265178e-01,2.194198288902919014e+00,1.338276597968407700e+00,4.553472575429450830e-01,-6.036392812092956639e-01,-3.964533172945093886e-01,2.108561764889374524e-01,-1.617394421434177776e+00,3.811113121689960193e-01,-2.103303823421510454e+00,-2.729006163165842658e+00,-3.358514769540121403e+00,-2.758192165642295635e+00,8.062819287435027960e-01,-2.876011310296276768e+00,-2.713096090197859578e+00
2.181454302868579109e+00,-4.517302128220481716e-01,8.132774200153257693e-01,-1.111149566138421863e-01,2.183426802884413931e+00,1.340755074223780152e+00,4.412560813529455839e-01,-6.217713913701474748e-01,-4.187888450157312703e-01,1.924845774220307337e-01,-1.611838090197869722e+00,3.619414520749066888e-01,-2.121144364845460206e+00,-2.706852049956639750e+00,-3.337474903139066917e+00,-2.749426925416105227e+00,8.593431793236749883e-01,-2.870990126411623322e+00,-2.635358305466660056e+00
2.188125416944629809e+00,-4.559381839872673758e-01,8.104095295319653225e-01,-1.098919787376001489e-01,2.172693557200412240e+00,1.343105783336515646e+00,4.270476248592427471e-01,-6.397527447020724400e-01,-4.409799881846496739e-01,1.741751760363435819e-01,-1.605931069606355788e+00,3.428075387217741632e-01,-2.138463541757920083e+00,-2.683810181564322939e+00,-3.315229532272503832e+00,-2.739546050862816884e+00,9.114146888680232372e-01,-2.865235112771250314e+00,-2.556796031704204442e+00
2.194796531020680508e+00,-4.602655915333848102e-01,8.073941033013463109e-01,-1.087909168495044265e-01,2.162000869143061887e+00,1.345328981411709091e+00,4.127253842664642680e-01,-6.575774376104019936e-01,-4.630187302922315062e-01,1.559353993570734842e-01,-1.599680039956739908e+00,3.237144545386424488e-01,-2.155255954665459939e+00,-2.659886229838698490e+00,-3.291786391590587613e+00,-2.728554261520109048e+00,9.624732769221164830e-01,-2.858750223997660100e+00,-2.477439517245617839e+00
2.201467645096731207e+00,-4.647113707768714130e-01,8.042321846010948017e-01,-1.078112817926922262e-01,2.151351010927732510e+00,1.347424957035598503e+00,3.982928911251109594e-01,-6.752396055205829306e-01,-4.848971079285035457e-01,1.377726414652291342e-01,-1.593091834361961334e+00,3.046670546275141445e-01,-2.171516406619609985e+00,-2.635086220925854761e+00,-3.267153665052781264e+00,-2.716456714195509825e+00,1.012496311468579435e+00,-2.851539697797473849e+00,-2.397319234678469968e+00
2.208138759172781906e+00,-4.692744180476656757e-01,8.009248696482271779e-01,-1.069525352015236463e-01,2.140746208685830876e+00,1.349394031086973200e+00,3.837537109754491915e-01,-6.927334252368640977e-01,-5.066072137699533240e-01,1.196942605872202969e-01,-1.586173435058059189e+00,2.856701648813692596e-01,-2.187239904671660629e+00,-2.609416533784267855e+00,-3.241339982899881900e+00,-2.703259000936117928e+00,1.061461719091597367e+00,-2.843608052989147872e+00,-2.316465868477596945e+00
2.214809873248832606e+00,-4.739535909730534513e-01,7.974733072150868018e-01,-1.062140897504407211e-01,2.130188641482500866e+00,1.351236556536079991e+00,3.691114419819892523e-01,-7.100531172905706345e-01,-5.281411995461317010e-01,1.017075761985880844e-01,-1.578931969644513211e+00,2.667285801157648351e-01,-2.202421661244769346e+00,-2.582883898547254198e+00,-3.214354418452643358e+00,-2.688967146824494669e+00,1.109347994873375765e+00,-2.834960087406526164e+00,-2.234910302577939767e+00
2.221480987324883305e+00,-4.787477087771809803e-01,7.938786982255571223e-01,-1.055953094220975497e-01,2.119680440359598350e+00,1.352952918231109969e+00,3.543697135590728742e-01,-7.271929482769430297e-01,-5.494912789843389156e-01,8.381986614300285243e-02,-1.571374707259482584e+00,2.478470622148240265e-01,-2.217057095422972246e+00,-2.555495394732130165e+00,-3.186206484738173472e+00,-2.673587607601562333e+00,1.156134212018240071e+00,-2.825600875679113333e+00,-2.152683607890356843e+00
2.228152101400934004e+00,-4.836555525961087065e-01,7.901422953317110975e-01,-1.050955097946557060e-01,2.109223687404410352e+00,1.354543532672364714e+00,3.395321849881555165e-01,-7.441472331795189188e-01,-5.706497307312221601e-01,6.603836376770527705e-02,-1.563509054691743394e+00,2.290303382924470665e-01,-2.231141834156731285e+00,-2.527258449296594822e+00,-3.156906130945446698e+00,-2.657127267117477487e+00,1.201800031200092711e+00,-2.815535766890034708e+00,-2.069817029765603777e+00
2.234823215476984704e+00,-4.886758658083337203e-01,7.862654024710472589e-01,-1.047139583481309366e-01,2.098820414844511095e+00,1.356008847774214265e+00,3.246025440273104801e-01,-7.609103376810432140e-01,-5.916089012501718480e-01,4.837025507651609990e-02,-1.555342552431220993e+00,2.102830988695471859e-01,-2.244671713384701395e+00,-2.498180834542843343e+00,-3.126463738711267482e+00,-2.639593434611472222e+00,1.246325709629132916e+00,-2.804770382112673932e+00,-1.986341975411517247e+00
2.241494329553035403e+00,-4.938073543806781318e-01,7.822493744044840547e-01,-1.044498747896714930e-01,2.088472604169167024e+00,1.357349342614945442e+00,3.095845055135415524e-01,-7.774766804598854941e-01,-6.123612076933688808e-01,3.082267590156559378e-02,-1.546882870659969544e+00,1.916099960681261205e-01,-2.257642779071403094e+00,-2.468270665870068381e+00,-3.094890118238130761e+00,-2.620993841821758430e+00,1.289692109833834976e+00,-2.793310611827074297e+00,-1.902290001268601038e+00
2.248165443629086102e+00,-4.990486872294446208e-01,7.780956162352772321e-01,-1.043024313976379791e-01,2.078182185277675398e+00,1.358565527174622867e+00,2.944818099584448068e-01,-7.938407354709630104e-01,-6.328991407473887332e-01,1.340270909486035444e-02,-1.538137805185538109e+00,1.730156418229791548e-01,-2.270051288160564340e+00,-2.437536399375974661e+00,-3.062196504245471296e+00,-2.601336639926633332e+00,1.331880708154346671e+00,-2.781162613217198487e+00,-1.817692800349072657e+00
2.254836557705136801e+00,-5.043984965967353018e-01,7.738055829090515481e-01,-1.042707533843499623e-01,2.067951035655025027e+00,1.359657942061085034e+00,2.792982221378034757e-01,-8.099970342101631138e-01,-6.532152674512320401e-01,-3.882618259174713815e-03,-1.529115273318639279e+00,1.545046061118273417e-01,-2.281893709443882923e+00,-2.405986829308112362e+00,-3.028394551755893005e+00,-2.580630396318019493e+00,1.372873602943545990e+00,-2.768332807350239122e+00,-1.732582189544624285e+00
2.261507671781187501e+00,-5.098553784418208279e-01,7.693807786951218919e-01,-1.043539192773541013e-01,2.057780979575235314e+00,1.360627158224188449e+00,2.640375296756570789e-01,-8.259401679612605740e-01,-6.733022339857107630e-01,-2.102633760908589888e-02,-1.519823309697103886e+00,1.360814152046546377e-01,-2.293166724345031326e+00,-2.373631085365786930e+00,-2.993496331717968140e+00,-2.558884091208712519e+00,1.412653522472218981e+00,-2.754827876239191120e+00,-1.646990096907923640e+00
2.268178785857238200e+00,-5.154178928474327792e-01,7.648227566493093210e-01,-1.045509613190641618e-01,2.047673787332726647e+00,1.361473776658450152e+00,2.487035416234366081e-01,-8.416647900243443559e-01,-6.931527684330831551e-01,-3.802154167858554090e-02,-1.510270062058082896e+00,1.177505499330284144e-01,-2.303867227618741520e+00,-2.340478629853484538e+00,-2.957514326467358678e+00,-2.536107114074708679e+00,1.451203832534843752e+00,-2.740654759789971529e+00,-1.560948548913136058e+00
2.274849899933288899e+00,-5.210845644408635957e-01,7.601331180584465219e-01,-1.048608658846145458e-01,2.037631174502060549e+00,1.362198428094201441e+00,2.333000870347059774e-01,-8.571656179247550966e-01,-7.127596835058811475e-01,-5.486138718447516882e-02,-1.500463786960533286e+00,9.951644398016840087e-02,-2.313992327964846218e+00,-2.306539254686706286e+00,-2.920461425027977675e+00,-2.512309259934015770e+00,1.488508543752706359e+00,-2.725820652634411978e+00,-1.474489657700531531e+00
2.281521014009339599e+00,-5.268538828297294474e-01,7.553135118667864134e-01,-1.052825739177607189e-01,2.027654801226383530e+00,1.362801772677417533e+00,2.178310135361085920e-01,-8.724374356015691667e-01,-7.321158792438600127e-01,-7.153909752919657139e-02,-1.490412845459983870e+00,8.138348219251467786e-02,-2.323539348557192241e+00,-2.271823078251272054e+00,-2.882350918255054850e+00,-2.487500725463456686e+00,1.524552318571152920e+00,-2.710333000850517315e+00,-1.387645608310412060e+00
2.288192128085390298e+00,-5.327243030522665901e-01,7.503656340845267225e-01,-1.058149813846554210e-01,2.017746271534866409e+00,1.363284499638346858e+00,2.023001858950480847e-01,-8.874750955746329995e-01,-7.512143456780274731e-01,-8.804796546694826365e-02,-1.480125698737670747e+00,6.335599891355575553e-02,-2.332505827487361572e+00,-2.236340542117137176e+00,-2.843196493821967152e+00,-2.461692104955008453e+00,1.559320477947932382e+00,-2.694199498571401286e+00,-1.300448645911439272e+00
2.294863242161440997e+00,-5.386942460420064416e-01,7.452912271786772402e-01,-1.064569397453178912e-01,2.007907132689459750e+00,1.363647326949108951e+00,1.867114845847091531e-01,-9.022735210892006696e-01,-7.700481654607100879e-01,-1.043813557422891281e-01,-1.469610903686076053e+00,4.543827634063862808e-02,-2.340889518123196122e+00,-2.200102407607905874e+00,-2.803012231052821157e+00,-2.434894386113299447e+00,1.592799007729743366e+00,-2.677428084484411830e+00,-1.212931063028605205e+00
2.301534356237491696e+00,-5.447620991066814966e-01,7.400920794464966868e-01,-1.072072564426128360e-01,1.998138874561233624e+00,1.363891000970406164e+00,1.710688043469701936e-01,-9.168277082372078279e-01,-7.886105164606382889e-01,-1.205327077001827618e-01,-1.458877108452984794e+00,2.763454290549943737e-02,-2.348688389382123098e+00,-2.163119752227213866e+00,-2.761812595602780362e+00,-2.407118945695962076e+00,1.624974564714212200e+00,-2.660026938221960791e+00,-1.125125186775945973e+00
2.308205470313542396e+00,-5.509262164212036517e-01,7.347700243717351087e-01,-1.080646954085414391e-01,1.988442929036573048e+00,1.364016296087511737e+00,1.553760527537642044e-01,-9.311327280542274210e-01,-8.068946743220473117e-01,-1.364955378664445829e-01,-1.447933047946155183e+00,9.948971679226259468e-03,-2.355900625919345792e+00,-2.125403965943283513e+00,-2.719612433988220168e+00,-2.378377544998571569e+00,1.655834482394710427e+00,-2.642004476645640754e+00,-1.037063366099105766e+00
2.314876584389593095e+00,-5.571849195345441874e-01,7.293269399639319417e-01,-1.090279775876467627e-01,1.978820669453495773e+00,1.364024014335703194e+00,1.396371487674843148e-01,-9.451837285911748321e-01,-8.248940149867844962e-01,-1.522634424975453094e-01,-1.436787539300728334e+00,-7.614321197635942617e-03,-2.362524628230970425e+00,-2.086966747332988259e+00,-2.676426967968861703e+00,-2.348682325186003617e+00,1.685366776385536003e+00,-2.623369350025277491e+00,-9.487779590329815660e-01
2.321547698465643794e+00,-5.635364978903518729e-01,7.237647480810081024e-01,-1.100957814773224908e-01,1.969273410068315799e+00,1.363914985015306502e+00,1.238560213009686078e-01,-9.589759369598205296e-01,-8.426020171784586177e-01,-1.678301000987732494e-01,-1.425449477311523605e+00,-2.505127805914481032e-02,-2.368559012672191599e+00,-2.047820099586809217e+00,-2.632271788784058320e+00,-2.318045802472070704e+00,1.713560149525123144e+00,-2.604130438114572677e+00,-8.603013199794445898e-01
2.328218812541694493e+00,-5.699792093611232291e-01,7.180854137354230060e-01,-1.112667436848137625e-01,1.959802405552899529e+00,1.363690064296529503e+00,1.080366077776640926e-01,-9.725046613511971749e-01,-8.600122648476531406e-01,-1.831892739097266132e-01,-1.413927829832361427e+00,-4.235790123150368069e-02,-2.374002611390693573e+00,-2.007976326376185838e+00,-2.587162851245524031e+00,-2.286480863149394249e+00,1.740403996655129681e+00,-2.584296846125096359e+00,-7.716657870103660333e-01
2.334889926617745193e+00,-5.765112807957468721e-01,7.122909443841444199e-01,-1.125394595006867227e-01,1.950408850522707960e+00,1.363350134814260928e+00,9.218285269249688885e-02,-9.857652930259732660e-01,-8.771184495772647027e-01,-1.983348143561683985e-01,-1.402231633144601419e+00,-5.953025452340560131e-02,-2.378854472175437884e+00,-1.967448027584755454e+00,-2.541116467688774971e+00,-2.254000758471482957e+00,1.765888409073362197e+00,-2.563877900600355808e+00,-6.829036692009019527e-01
2.341561040693795892e+00,-5.831309085802297565e-01,7.063833892027131522e-01,-1.139124834885392179e-01,1.941093879095842967e+00,1.362896105253017298e+00,7.629870617405359878e-02,-9.987533082759119107e-01,-8.939143729470203636e-01,-2.132606614672409862e-01,-1.390369987297055410e+00,-7.656446468853117526e-02,-2.383113858221068693e+00,-1.926248094905102404e+00,-2.494149301785705930e+00,-2.220619099389112172e+00,1.790004178658655576e+00,-2.542883145191817906e+00,-5.940472339982435512e-01
2.348232154769846591e+00,-5.898362592114081426e-01,7.003648383436698044e-01,-1.153843300907195779e-01,1.931858564483259988e+00,1.362328909922234654e+00,6.038812254859744766e-02,-1.011464270355498130e+00,-9.103939488562655669e-01,-2.279608472570930910e-01,-1.378352051419499791e+00,-9.345672285954170766e-02,-2.386780247808193423e+00,-1.884389707302644101e+00,-2.446278362220675184e+00,-2.186349851143091882e+00,1.812742801665997661e+00,-2.521322336338694292e+00,-5.051286946307566028e-01
2.354903268845897291e+00,-5.966254698834456693e-01,6.942374221796279166e-01,-1.169534742498115065e-01,1.922703918610336515e+00,1.361649508322083646e+00,4.445505890651176018e-02,-1.023893831382879371e+00,-9.265512058041140975e-01,-2.424294980699570612e-01,-1.366187039011949045e+00,-1.102032859529388231e-01,-2.389853333899801591e+00,-1.841886326348389780e+00,-2.397520996232626711e+00,-2.151207327715618511e+00,1.834096482190301192e+00,-2.499205438853429939e+00,-4.161801975626312489e-01
2.361574382921947990e+00,-6.034966490869040356e-01,6.880033105312813868e-01,-1.186183520456396828e-01,1.913630891769933173e+00,1.360858884700015814e+00,2.850347367170093238e-02,-1.036037734209227068e+00,-9.423802891260784076e-01,-2.566608368877502100e-01,-1.353884213211959286e+00,-1.268004780441639723e-01,-2.392333023654173552e+00,-1.798751691422327825e+00,-2.347894883025740231e+00,-2.115206186142435385e+00,1.854058135297408150e+00,-2.476542621414834056e+00,-3.272338099989600124e-01
2.368245496997998689e+00,-6.104478772201800130e-01,6.816647118806389294e-01,-1.203773613475407900e-01,1.904640372307101481e+00,1.359958047598235353e+00,1.253732517453093331e-02,-1.047891814255680121e+00,-9.578754631863087843e-01,-2.706491855992670947e-01,-1.341452882042134975e+00,-1.432446917123273433e-01,-2.394219437854603338e+00,-1.754999814789291790e+00,-2.297418027051245204e+00,-2.078361420688104477e+00,1.872621389821040871e+00,-2.453344251970849932e+00,-2.383215074463032046e-01
2.374916611074049388e+00,-6.174772072130860767e-01,6.752238725697815580e-01,-1.222288624816427749e-01,1.895733186335547771e+00,1.358948029392305079e+00,-3.439429771159352445e-03,-1.059452001317015668e+00,-9.730311135245932608e-01,-2.843889672300715099e-01,-1.328902393640112312e+00,-1.595323893539783988e-01,-2.395512910256347272e+00,-1.710644976549174245e+00,-2.246108751162986472e+00,-2.040688356886724009e+00,1.889780590824595041e+00,-2.429620893052995445e+00,-1.494751613335965068e-01
2.381587725150100088e+00,-6.245826651623465064e-01,6.686830759854551776e-01,-1.241711789128860099e-01,1.886910097485980264e+00,1.357829885821091320e+00,-1.942283728640643858e-02,-1.070714321331219576e+00,-9.878417489572833832e-01,-2.978747081321845847e-01,-1.316242131473222665e+00,-1.756601044653224031e-01,-2.396213986851194910e+00,-1.665701719463469566e+00,-2.193985689649481152e+00,-2.002202645450502416e+00,1.905530801726778023e+00,-2.405383297004546339e+00,-6.072652669839206929e-02
2.388258839226150787e+00,-6.317622509787890195e-01,6.620446417297987107e-01,-1.262025979415165033e-01,1.878171806686413703e+00,1.356604695508259795e+00,-3.540894784030222675e-02,-1.081674898114134642e+00,-1.002302003631333260e+00,-3.111010401327098940e-01,-1.303481509540118211e+00,-1.916244428923258858e-01,-2.396323425050130851e+00,-1.620184843660112728e+00,-2.141067781145159721e+00,-1.962920256048638734e+00,1.919867806090295836e+00,-2.380642401124584140e+00,2.789277005675572241e-02
2.394929953302201486e+00,-6.390139390459830260e-01,6.553109247775316115e-01,-1.283213714137722006e-01,1.869518951974531884e+00,1.355273559475547618e+00,-5.139381765743422648e-02,-1.092329955058389146e+00,-1.016406639030649428e+00,-3.240627026405214495e-01,-1.290629967561572444e+00,-2.074220840481538763e-01,-2.395842192784562563e+00,-1.574109401218716231e+00,-2.087374261423627697e+00,-1.922857470959028925e+00,1.932788109072910210e+00,-2.355409322730064758e+00,1.163512433328368623e-01
2.401601067378252186e+00,-6.463356788900955774e-01,6.484843146199159580e-01,-1.305257164464811437e-01,1.860952108342154965e+00,1.353837600648015060e+00,-6.737351011907745379e-02,-1.102675816795804842e+00,-1.030150545933984363e+00,-3.367545447101946143e-01,-1.277696966162745085e+00,-2.230497820973942891e-01,-2.394771467526638720e+00,-1.527490690638288795e+00,-2.032924656075731029e+00,-1.882030878595337686e+00,1.944288938540370104e+00,-2.329695354138074048e+00,2.046175604231528222e-01
2.408272181454302885e+00,-6.537253958607089910e-01,6.415672343958224166e-01,-1.328138161652851479e-01,1.852471787611875254e+00,1.352297963351516419e+00,-8.334409715756482817e-02,-1.112708910822514552e+00,-1.043528746323600487e+00,-3.491715270623386158e-01,-1.264691982049134467e+00,-2.385043671065511239e-01,-2.393112635229194041e+00,-1.480344251189636529e+00,-1.977738773075360168e+00,-1.840457366912074955e+00,1.954368245840829132e+00,-2.303511957570540059e+00,2.926605535174247041e-01
2.414943295530353584e+00,-6.611809918223576776e-01,6.345621400102284815e-01,-1.351838204561910672e-01,1.844078438345883253e+00,1.350655812802606048e+00,-9.930166064333369180e-02,-1.122425769086027536e+00,-1.056536395243982351e+00,-3.613087240595392324e-01,-1.251624503178511150e+00,-2.537827461602963908e-01,-2.390867289185918843e+00,-1.432685857154650355e+00,-1.921836695235871195e+00,-1.798154116690307891e+00,1.963024706240591666e+00,-2.276870759983621539e+00,3.804492316166210308e-01
2.421614409606404283e+00,-6.687003458565202729e-01,6.274715192404857200e-01,-1.376338467301555235e-01,1.835772445787011486e+00,1.348912334591115147e+00,-1.152422937640969758e-01,-1.131823029533486791e+00,-1.069168782609859925e+00,-3.731613256371172915e-01,-1.238504023931061404e+00,-2.688819044429749949e-01,-2.388037228812341262e+00,-1.384531511954775418e+00,-1.865238772560131597e+00,-1.755138594706743937e+00,1.970257719021092591e+00,-2.249783547824108609e+00,4.679527923537351031e-01
2.428285523682454983e+00,-6.762813149738089447e-01,6.202978908306977512e-01,-1.401619807003965656e-01,1.827554131832006101e+00,1.347068734155630221e+00,-1.311621023956165699e-01,-1.140897437620402854e+00,-1.081421334962855196e+00,-3.847246391879342031e-01,-1.225340040280013643e+00,-2.837989062849022304e-01,-2.384624458348291398e+00,-1.335897442170985494e+00,-1.807965614487183625e+00,-1.711428546788923200e+00,1.976067407237236395e+00,-2.222262261715133747e+00,5.551406337159099369e-01
2.434956637758505682e+00,-6.839217348360930870e-01,6.130438035745504610e-01,-1.427662771721235069e-01,1.819423755036989832e+00,1.345126236252109031e+00,-1.470572064635731202e-01,-1.149645847779131591e+00,-1.093289617176072870e+00,-3.959940914005009027e-01,-1.212142044965017318e+00,-2.985308961729726818e-01,-2.380631185482497525e+00,-1.286800091457633188e+00,-1.750038082038575027e+00,-1.667041990759326575e+00,1.980454617137358930e+00,-2.194318991073591185e+00,6.419823656633298903e-01
2.441627751834556381e+00,-6.916194204882786245e-01,6.057118353869497263e-01,-1.454447608443704965e-01,1.811381510655133420e+00,1.343086084415878956e+00,-1.629237412959853026e-01,-1.158065224846406949e+00,-1.104769334105963452e+00,-4.069652300496457431e-01,-1.198919522670504278e+00,-3.130750997251434686e-01,-2.376059819900038228e+00,-1.237256114352637049e+00,-1.691477279867484196e+00,-1.621997209271262896e+00,1.983420917245195092e+00,-2.165965968661635266e+00,7.284478216402689998e-01
2.448298865910607081e+00,-6.993721670994749173e-01,5.983045923648115938e-01,-1.481954271236179954e-01,1.803427530706442017e+00,1.340949540417250230e+00,-1.787578589657011219e-01,-1.166152645449239467e+00,-1.115856332190838796e+00,-4.176337257390457802e-01,-1.185681945211314092e+00,-3.274288246283560966e-01,-2.370912971753362797e+00,-1.187282369986450536e+00,-1.632304548213718842e+00,-1.576312742539397238e+00,1.984968597104461274e+00,-2.137215565074700674e+00,8.145070699738908848e-01
2.454969979986657780e+00,-7.071777507132666063e-01,5.908247078373745076e-01,-1.510162429488735025e-01,1.795561884079655002e+00,1.338717883711001200e+00,-1.945557296224210142e-01,-1.173905299348518838e+00,-1.126546600995405933e+00,-4.279953735949111326e-01,-1.172438766727805337e+00,-3.415894615394807765e-01,-2.365193450057667235e+00,-1.136895915692366366e+00,-1.572541454767825364e+00,-1.530007380967891795e+00,1.985100665686717836e+00,-2.108080283168494162e+00,9.001304251562565195e-01
2.461641094062708479e+00,-7.150339290068047360e-01,5.832748414063844145e-01,-1.539051476278874286e-01,1.787784576666140879e+00,1.336392410879973847e+00,-2.103135428137795082e-01,-1.181320490739665940e+00,-1.136836274700737448e+00,-4.380460949101630530e-01,-1.159199418892719269e+00,-3.555544849488904147e-01,-2.358904261011403936e+00,-1.086114000520713940e+00,-1.512209786447447080e+00,-1.483100157679095865e+00,1.983820849463423741e+00,-2.078572752427447323e+00,9.852884590052373159e-01
2.468312208138759178e+00,-7.229384420584298310e-01,5.756576779765274487e-01,-1.568600536841718296e-01,1.780095551525735065e+00,1.333974435073036258e+00,-2.260275087949634998e-01,-1.188395639509705282e+00,-1.146721633539091734e+00,-4.477819387384439076e-01,-1.145973306132014091e+00,-3.693214540062705331e-01,-2.352048606242751472e+00,-1.034954058659589560e+00,-1.451331541089240229e+00,-1.435610340945841390e+00,1.981133590143179468e+00,-2.048705723277136403e+00,1.069952011699923267e+00
2.474983322214809878e+00,-7.308890131235332710e-01,5.679759267764724617e-01,-1.598788477144812425e-01,1.772494689084401776e+00,1.331465285437659407e+00,-2.416938598263986826e-01,-1.195128282450139467e+00,-1.156199105173041142e+00,-4.571990834373319545e-01,-1.132769800861914478e+00,-3.828880133083126802e-01,-2.344629880982890491e+00,-9.834337027647577223e-01,-1.389928919059560508e+00,-1.387557426530359628e+00,1.977044042075351449e+00,-2.018492061343221344e+00,1.154092202686316959e+00
2.481654436290860577e+00,-7.388833494183629780e-01,5.602323203709043131e-01,-1.629593912564195612e-01,1.764981807363611876e+00,1.328866306547374032e+00,-2.573088514589981224e-01,-1.201516074425035940e+00,-1.165265266018367774e+00,-4.662938381601395843e-01,-1.119598238744386354e+00,-3.962518936479362819e-01,-2.336651672166987215e+00,-9.315707172014584536e-01,-1.328024314787294546e+00,-1.338961129932954686e+00,1.971558069321382778e+00,-1.987944741659455117e+00,1.237680441449008573e+00
2.488325550366911276e+00,-7.469191429114694358e-01,5.524296136639181842e-01,-1.660995216658251172e-01,1.757556662241301915e+00,1.326178857824349411e+00,-2.728687638065142584e-01,-1.207556789493738680e+00,-1.173916842510229541e+00,-4.750626442957180395e-01,-1.106467913963256722e+00,-4.094109127247065327e-01,-2.328117756463756738e+00,-8.793830512008495859e-01,-1.265640308222102828e+00,-1.289841378553517659e+00,1.964682242395286771e+00,-1.957076842827356833e+00,1.320688438144786314e+00
2.494996664442961976e+00,-7.549940711224858436e-01,5.445705828941601601e-01,-1.692970530035842192e-01,1.750218947744275111e+00,1.323404312957374707e+00,-2.883699028044961477e-01,-1.213248321987649980e+00,-1.182150712312095786e+00,-4.835020768556775872e-01,-1.093388074523176101e+00,-4.223629758161385195e-01,-2.319032098234577344e+00,-8.268888119338992926e-01,-1.202799656221526625e+00,-1.240218303769099251e+00,1.956423834674924755e+00,-1.925901541130172090e+00,1.403088214093936026e+00
2.501667778519012675e+00,-7.631057979279433079e-01,5.366580246220910011e-01,-1.725497769315256225e-01,1.742968296371878001e+00,1.320544059315480467e+00,-3.038086014554171044e-01,-1.218588687540539839e+00,-1.189963905467005478e+00,-4.916088458084981183e-01,-1.080367917573612724e+00,-4.351060764095897038e-01,-2.309398847423087542e+00,-7.741062575055261963e-01,-1.139525283870260974e+00,-1.190112232930675695e+00,1.946790818485876429e+00,-1.894432104603719580e+00,1.484852112125377266e+00
2.508338892595063374e+00,-7.712519743737958899e-01,5.286947547097697875e-01,-1.758554636170317487e-01,1.735804279450785970e+00,1.317599497357485161e+00,-3.191812210594760502e-01,-1.223576024071863833e+00,-1.197353605490692363e+00,-4.993797973599754525e-01,-1.067416584760062293e+00,-4.476382967944625424e-01,-2.299222337376283232e+00,-7.210537898718945016e-01,-1.075840275735121754e+00,-1.139543681282412013e+00,1.935791860859771507e+00,-1.862681887066824693e+00,1.565952806771472527e+00
2.515010006671114073e+00,-7.794302394943508627e-01,5.206836072935321358e-01,-1.792118626460162956e-01,1.728726407520698061e+00,1.314572040037725875e+00,-3.344841524306551017e-01,-1.228208592722574544e+00,-1.204317150406170711e+00,-5.068119151795221766e-01,-1.054543157604631576e+00,-4.599578086144533451e-01,-2.288507082598097764e+00,-6.677499476837537307e-01,-1.011767867059057302e+00,-1.088533343806616704e+00,1.923436318969228953e+00,-1.830664322113970455e+00,1.646363314308794568e+00
2.521681120747164773e+00,-7.876382211372825459e-01,5.126274337499716616e-01,-1.826167039438968964e-01,1.721734130750751213e+00,1.311463112208229420e+00,-3.497138170975520044e-01,-1.232484778742962472e+00,-1.210852033719376220e+00,-5.139023215718182547e-01,-1.041756652918149006e+00,-4.720628733796089493e-01,-2.277257776436541814e+00,-6.142133990587631542e-01,-9.473314348977667221e-01,-1.037102086997740091e+00,1.909734235241535405e+00,-1.798392917072888064e+00,1.726057002640850380e+00
2.528352234823215472e+00,-7.958735367944064221e-01,5.045291016556023855e-01,-1.860676987042020336e-01,1.714826839386424329e+00,1.308274150017612270e+00,-3.648666684885796818e-01,-1.236403092332041709e+00,-1.216955905335504129e+00,-5.206482785933626012e-01,-1.029066018245941017e+00,-4.839518429379656705e-01,-2.265479288705441796e+00,-5.604629342857925245e-01,-8.825544892023459154e-01,-9.852709405686855826e-01,1.894696332153497753e+00,-1.765881246929774884e+00,1.805007601019159136e+00
2.535023348899266171e+00,-8.041337944378894598e-01,4.963914937406134764e-01,-1.895625403244421692e-01,1.708003864226712354e+00,1.305006600306963582e+00,-3.799391931010711598e-01,-1.239962169428055372e+00,-1.222626572415680624e+00,-5.270471891134763665e-01,-1.016480127349382201e+00,-4.956231599065590299e-01,-2.253176663241880817e+00,-5.065174584642038180e-01,-8.174606638515471424e-01,-9.330610890928294765e-01,1.878334006709914572e+00,-1.733142948224875690e+00,1.883189209598834291e+00
2.541694462975316871e+00,-8.124165933615726809e-01,4.882175068371044091e-01,-1.930989053488706975e-01,1.701264477131308350e+00,1.301661920002990636e+00,-3.949279116538919610e-01,-1.243160772449661167e+00,-1.227862000173656210e+00,-5.330965978193483723e-01,-1.004007775725336948e+00,-5.070753580616217393e-01,-2.240355115400449293e+00,-4.523959840811648814e-01,-7.520737076371301066e-01,-8.804938635850828588e-01,1.860659324608372689e+00,-1.700191712921157450e+00,1.960576308825202396e+00
2.548365577051367570e+00,-8.207195250270677978e-01,4.800100508222082119e-01,-1.966744544177639609e-01,1.694607891557555091e+00,1.298241575508697787e+00,-4.098293802231194327e-01,-1.245997790987405374e+00,-1.232660312612212872e+00,-5.387941921647193544e-01,-9.916576761655585548e-01,-5.183070626877946951e-01,-2.227020029485459851e+00,-3.981176235300722954e-01,-6.864174752059064577e-01,-8.275907330254246297e-01,1.841685014093106920e+00,-1.667041282248843626e+00,2.037143768647797337e+00
2.555036691127418269e+00,-8.290401739143056226e-01,4.717720475565053695e-01,-2.002868332228388004e-01,1.688033263126873296e+00,1.294747042091873412e+00,-4.246401913603854439e-01,-1.248472242445099134e+00,-1.237019793199010564e+00,-5.441378032618358063e-01,-9.794384543581221569e-01,-5.293169908862046524e-01,-2.213176956122276273e+00,-3.437015815731798707e-01,-6.205159179620389764e-01,-7.743732958283183754e-01,1.821424459500882609e+00,-1.633705440528547825e+00,2.112866857558309164e+00
2.561707805203468968e+00,-8.373761183761899707e-01,4.635064298181275078e-01,-2.039336734684326913e-01,1.681539690220389183e+00,1.291179803271657933e+00,-4.393569751935002543e-01,-1.250583272630729548e+00,-1.240938885481619014e+00,-5.491254067163297004e-01,-9.673586445329409589e-01,-5.401039518412660279e-01,-2.198831609568937751e+00,-2.891671477515986854e-01,-5.543930749331597019e-01,-7.208632712614425619e-01,1.799891694501987605e+00,-1.600198008975820985e+00,2.187721251449138649e+00
2.568378919279519668e+00,-8.457249314970274323e-01,4.552161402329656936e-01,-2.076125938380605496e-01,1.675126214603463115e+00,1.287541350203472046e+00,-4.539764005089240162e-01,-1.252330156296578068e+00,-1.244416193641505242e+00,-5.537551234046852455e-01,-9.554266851533564919e-01,-5.506668470461033582e-01,-2.183989864969305472e+00,-2.345336887457760700e-01,-4.880730636039465331e-01,-6.670824908172153789e-01,1.777101395039468734e+00,-1.566532839489836126e+00,2.261683042289142520e+00
2.575050033355570367e+00,-8.540841819543885105e-01,4.469041302013854189e-01,-2.113212009659652946e-01,1.668791822078790066e+00,1.283833181062576267e+00,-4.684951758157392954e-01,-1.253712297628209571e+00,-1.247450482986773856e+00,-5.580252201940021362e-01,-9.436509146558673677e-01,-5.610046704864890543e-01,-2.168657755548947907e+00,-1.798206406897205900e-01,-4.215800707207597031e-01,-6.130528895406002210e-01,1.753068871970080433e+00,-1.532723808429087065e+00,2.334728746613445871e+00
2.581721147431621066e+00,-8.624514348840619515e-01,4.385733588218599377e-01,-2.150570904132788341e-01,1.662535443167772353e+00,1.280056800426545127e+00,-4.829100503907185482e-01,-1.254729230682053220e+00,-1.250040680383476710e+00,-5.619341106037656353e-01,-9.320395672398922304e-01,-5.711165087832250631e-01,-2.152841469755014003e+00,-1.250475014420969755e-01,-3.549383430709532328e-01,-5.587964973166641425e-01,1.727810063410265107e+00,-1.498784810376808663e+00,2.406835313824084999e+00
2.588392261507671765e+00,-8.708242527477496608e-01,4.302267918119305201e-01,-2.188178476484013424e-01,1.656355953819783400e+00,1.276213718656930451e+00,-4.972178153041361126e-01,-1.255380619771276685e+00,-1.252185874625333817e+00,-5.654803554093714713e-01,-9.206007687096107173e-01,-5.810015412929028233e-01,-2.136547348341377273e+00,-7.023382281752266199e-02,-2.881721782405227694e-01,-5.043354301214437729e-01,1.701341526790955738e+00,-1.464729751899015442e+00,2.477980134298472414e+00
2.595063375583722465e+00,-8.792001962031726903e-01,4.218674004269071243e-01,-2.226010490312137213e-01,1.650252176149019423e+00,1.272305451280385746e+00,-5.114153044259496239e-01,-1.255666259799723017e+00,-1.253885316741740308e+00,-5.686626631871738446e-01,-9.093425323697290619e-01,-5.906590401670088752e-01,-2.119781881400333301e+00,-1.539920278122575148e-02,-2.213059153537076107e-01,-4.496918812396061838e-01,1.673680430624755910e+00,-1.430572545297883913e+00,2.548141047302647344e+00
2.601734489659773164e+00,-8.875768249762211459e-01,4.134981603767204916e-01,-2.264042628007288949e-01,1.644222879198516951e+00,1.268333518369544333e+00,-5.254993954120079636e-01,-1.255586076543653729e+00,-1.255138420243941066e+00,-5.714798908008410505e-01,-8.982727549771511999e-01,-6.000883703693518090e-01,-2.102551705342167399e+00,3.943672238956030807e-02,-1.543639257982258872e-01,-3.948881124524930009e-01,1.644844545989558871e+00,-1.396327102363372985e+00,2.617296348706460662e+00
2.608405603735823863e+00,-8.959516987348146166e-01,4.051220507413384464e-01,-2.302250500657916366e-01,1.638266779731011535e+00,1.264299443923913913e+00,-5.394670106699387402e-01,-1.255140126881104212e+00,-1.255944761309297109e+00,-5.739310438288379723e-01,-8.873992127503734784e-01,-6.092889896518005610e-01,-2.084863599823924663e+00,9.425428597423779475e-02,-8.737060393978615669e-02,-3.399464452000681702e-01,1.614852237732442575e+00,-1.362007328125840244e+00,2.685424798497817456e+00
2.615076717811874563e+00,-9.043223779641162974e-01,3.967420528851568484e-01,-2.340609657984362157e-01,1.632382543046203338e+00,1.260204755251071118e+00,-5.533151183043834020e-01,-1.254328598968651676e+00,-1.256304078903582200e+00,-5.760152769328750200e-01,-8.767295574384862400e-01,-6.182604484883659213e-01,-2.066724484628716052e+00,1.490337987041900902e-01,-2.035035782950861405e-02,-2.848892517203260866e-01,1.583722455398061335e+00,-1.327627114612485615e+00,2.752505628093329548e+00
2.621747831887925262e+00,-9.126864248427497550e-01,3.883611493707882500e-01,-2.379095598294989622e-01,1.626568783824048792e+00,1.256050982348440259e+00,-5.670407330412470248e-01,-1.253151812365436824e+00,-1.256216274841272851e+00,-5.777318941671754082e-01,-8.662713124516161489e-01,-6.270023899676450130e-01,-2.048141416496969569e+00,2.037555566814536201e-01,4.667240009199227768e-02,-2.297389461698056135e-01,1.551474723885792439e+00,-1.293200334610479452e+00,2.818518547442624644e+00
2.628418945963975961e+00,-9.210414041196676171e-01,3.799823228726459945e-01,-2.417683778461021393e-01,1.620824066993658441e+00,1.251839657285923835e+00,-5.806409171306629036e-01,-1.251610218104285632e+00,-1.255681413783823475e+00,-5.790803492284594123e-01,-8.560318690545618558e-01,-6.355145496436918062e-01,-2.029121585910942382e+00,2.583998493174541888e-01,1.136732622903365020e-01,-1.745179757286678957e-01,1.518129133839922318e+00,-1.258740835439516870e+00,2.883443751923893572e+00
2.635090060040026660e+00,-9.293848839913163573e-01,3.716085550907564095e-01,-2.456349623906028401e-01,1.615146908627367539e+00,1.247572313589668802e+00,-5.941127812283394372e-01,-1.249704398709817976e+00,-1.254699723175941140e+00,-5.800602456465433487e-01,-8.460184826254425472e-01,-6.437967553453819436e-01,-2.009672313833981150e+00,3.129469672883521403e-01,1.806278354290983268e-01,-1.192488116940654264e-01,1.483706331777492116e+00,-1.224262432736696660e+00,2.947261929028073268e+00
2.641761174116077360e+00,-9.377144369787466793e-01,3.632428256651930587e-01,-2.495068538606201869e-01,1.609535776859546852e+00,1.243250485627239277e+00,-6.074534852550237396e-01,-1.247435068163434080e+00,-1.253271593119894334e+00,-5.806713369154968829e-01,-8.362382689810416991e-01,-6.518489269443621392e-01,-1.989801048405856587e+00,3.673772105037204083e-01,2.475117496540173434e-01,-6.395394056524861259e-02,1.448227509958283088e+00,-1.189778904256443059e+00,3.009954264829420634e+00
2.648432288192128059e+00,-9.460276408043117868e-01,3.548881110915660941e-01,-2.533815915097312188e-01,1.603989092829701146e+00,1.238875707994481434e+00,-6.206602392337614571e-01,-1.244803071815113515e+00,-1.251397576187925686e+00,-5.809135265653051494e-01,-8.266982007706047408e-01,-6.596710760817058317e-01,-1.969515361595697289e+00,4.216708960850796828e-01,3.143006678658790132e-01,-8.655855124151123903e-03,1.411714396001796601e+00,-1.155303983688368064e+00,3.071502450240076953e+00
2.655103402268178758e+00,-9.543220792676010422e-01,3.465473836379592276e-01,-2.572567144484573798e-01,1.598505231649387293e+00,1.234449514904340184e+00,-6.337303041047046559e-01,-1.241809386241956137e+00,-1.249078387172846138e+00,-5.807868681740289141e-01,-8.174051039396987850e-01,-6.672633058533785633e-01,-1.948822945813879937e+00,4.758083663509903305e-01,3.809702949785792603e-01,4.662295448510644924e-02,1.374189242255949850e+00,-1.120851354495777663e+00,3.131888687046550324e+00
2.661774516344229458e+00,-9.625953431202483035e-01,3.382236102637443675e-01,-2.611297626451218323e-01,1.593082523392489014e+00,1.229973439577922933e+00,-6.466609925171737938e-01,-1.238455119053446296e+00,-1.246314902776934019e+00,-5.802915653204573365e-01,-8.083656542658477218e-01,-6.746258104546920542e-01,-1.927731610484419766e+00,5.297699968052118624e-01,4.474963871585708186e-01,1.018600096740530647e-01,1.335674814922566789e+00,-1.086434643777704157e+00,3.191095693725922278e+00
2.668445630420280157e+00,-9.708450309392702149e-01,3.299197515406733228e-01,-2.649982779262023413e-01,1.587719254108360012e+00,1.225449013638058471e+00,-6.594496695987285273e-01,-1.234741508643428354e+00,-1.243108161239262044e+00,-5.794279714772891943e-01,-7.995863739674731185e-01,-6.817588747838863039e-01,-1.906249278579278394e+00,5.835362041246232589e-01,5.138547610421747569e-01,1.570328523215691607e-01,1.296194382944579893e+00,-1.052067416157142610e+00,3.249106711039817519e+00
2.675116744496330856e+00,-9.790687499985634146e-01,3.216387605766599656e-01,-2.688598049757667807e-01,1.582413666857330536e+00,1.220877766505647388e+00,-6.720937537010014395e-01,-1.230669923888797701e+00,-1.239459361901624312e+00,-5.781965898448940822e-01,-7.910736283877806141e-01,-6.886628740050408926e-01,-1.884383983116109773e+00,6.370874541433925176e-01,5.800213029270602227e-01,2.121190536757909806e-01,1.255771706660291365e+00,-1.017763167698371385e+00,3.305905507404257371e+00
2.681787858572381555e+00,-9.872641171382235958e-01,3.133835819426663560e-01,-2.727118923336038780e-01,1.577163962768096450e+00,1.216261224799057405e+00,-6.845907171220402265e-01,-1.226241863794955922e+00,-1.235369864713238508e+00,-5.765980731257296377e-01,-7.828336227550787285e-01,-6.953382730705095494e-01,-1.862143863620938866e+00,6.904042698300724146e-01,6.459719779342912860e-01,2.670962232426634664e-01,1.214431026229790822e+00,-9.835353198560171650e-01,3.361476384033509568e+00
2.688458972648432255e+00,-9.954287596313137199e-01,3.051571506030900660e-01,-2.765520933916543189e-01,1.571968302116448113e+00,1.211600911736839370e+00,-6.969380868049507294e-01,-1.221458957088080055e+00,-1.230841189674435787e+00,-5.746332232395174877e-01,-7.748723990210533152e-01,-7.017856262031012538e-01,-1.839537162557261407e+00,7.434672392541640251e-01,7.116828391373755114e-01,3.219420176575841785e-01,1.172197049839024841e+00,-9.493972134586574629e-01,3.415804179856316125e+00
2.695130086724482954e+00,-1.003560316047740208e+00,2.969623908500746978e-01,-2.803779673883379231e-01,1.566824805424837486e+00,1.206898346544034384e+00,-7.091334450125961197e-01,-1.216322961754293441e+00,-1.225875016219572178e+00,-5.723029909793008185e-01,-7.671958327784740295e-01,-7.080055763382547829e-01,-1.816572221723156577e+00,7.962570235387211870e-01,7.771300366546258775e-01,3.766341495364877723e-01,1.129094941686984432e+00,-9.153621027297105250e-01,3.468874276202763340e+00
2.701801200800533653e+00,-1.011656437114876628e+00,2.888022152421282351e-01,-2.841870804003966411e-01,1.561731554582230341e+00,1.202155043862330963e+00,-7.211744299781763790e-01,-1.210835764525835856e+00,-1.220473182539411727e+00,-5.696084756085348921e-01,-7.598096302597259211e-01,-7.139988545264444042e-01,-1.793257478617841461e+00,8.487543647956405923e-01,8.422898267014057305e-01,4.311503963029397202e-01,1.085150309761505394e+00,-8.814431493482577373e-01,3.520672601260399937e+00
2.708472314876584353e+00,-1.019714786574579923e+00,2.806795235474739414e-01,-2.879770063318475293e-01,1.556686593983715783e+00,1.197372513164344454e+00,-7.330587365314507053e-01,-1.204999380314367263e+00,-1.214637684843270282e+00,-5.665509243993811506e-01,-7.527193254176023363e-01,-7.197662792961200262e-01,-1.769601462779329726e+00,9.009400940401510738e-01,9.071385805985319184e-01,4.854686089875351329e-01,1.040389193409479773e+00,-8.476534165525870801e-01,3.571185634298046807e+00
2.715143428952635052e+00,-1.027733042036257816e+00,2.725972016925143349e-01,-2.917453278996655075e-01,1.551687931689303745e+00,1.192552258172273838e+00,-7.447841167004548568e-01,-1.198815951591549078e+00,-1.208370676561212553e+00,-5.631317321123994191e-01,-7.459302770896671930e-01,-7.253087559774513693e-01,-1.745612792094648036e+00,9.527951390811882915e-01,9.716527937334646925e-01,5.395667209962200506e-01,9.948380507070995193e-01,-8.140058632890494472e-01,3.620400409656090890e+00
2.721814543028685751e+00,-1.035708895825618425e+00,2.645581207158241854e-01,-2.954896376157941096e-01,1.546733540601367807e+00,1.187695776281203264e+00,-7.563483802885012652e-01,-1.192287747717081903e+00,-1.201674467486643749e+00,-5.593524404178618070e-01,-7.394476662475408801e-01,-7.306272759872023403e-01,-1.721300169084248211e+00,1.004300532384152511e+00,1.035809094470600211e+00,5.934227568438597000e-01,9.485237456361339525e-01,-7.805133384089755211e-01,3.668304520501927790e+00
2.728485657104736450e+00,-1.043640055828773949e+00,2.565651357280533396e-01,-2.992075387651088603e-01,1.541821359660137558e+00,1.182804557987299221e+00,-7.677493954263223674e-01,-1.185417164214384478e+00,-1.194551522859629511e+00,-5.552147372589284480e-01,-7.332764933323485668e-01,-7.357229160750564656e-01,-1.696672377162120160e+00,1.055437418902769542e+00,1.099584253007327650e+00,6.470148408496876336e-01,9.014735350720222140e-01,-7.471885749162119339e-01,3.714886122349524200e+00
2.735156771180787150e+00,-1.051524246331325463e+00,2.486210848781507665e-01,-3.028966463789313779e-01,1.536949295056689868e+00,1.177880086321166253e+00,-7.789850890991770749e-01,-1.178206721994147665e+00,-1.187004462391336501e+00,-5.507204561569518653e-01,-7.274215756775990194e-01,-7.405968375317464325e-01,-1.671738276873250495e+00,1.106187063876558963e+00,1.162955190172217046e+00,7.003212057910062072e-01,8.537150555899710724e-01,-7.140441842679763340e-01,3.760133936341965466e+00
2.741827885256837849e+00,-1.059359208852109324e+00,2.407287883262819450e-01,-3.065545882037239989e-01,1.532115221462827526e+00,1.172923836286610344e+00,-7.900534476487971469e-01,-1.170659066525983283e+00,-1.179036059229972899e+00,-5.458715754592002867e-01,-7.218875450206592159e-01,-7.452502853593472310e-01,-1.646506802109943601e+00,1.156530860590654797e+00,1.225898986162037296e+00,7.533202015117883565e-01,8.052763100950017794e-01,-6.810926507315531175e-01,3.804037252296160077e+00
2.748498999332888548e+00,-1.067142702971229706e+00,2.328910472238480966e-01,-3.101790056645690186e-01,1.527316983277264173e+00,1.167937274305062667e+00,-8.009525172500131518e-01,-1.162776966958452229e+00,-1.170649238868663566e+00,-5.406702175293122137e-01,-7.166788451039964869e-01,-7.496845874041142554e-01,-1.620986956308652083e+00,1.206450338094494645e+00,1.288392889214029946e+00,8.059903034826072510e-01,7.561856542822729121e-01,-6.483463257994803719e-01,3.846585931508767153e+00
2.755170113408939248e+00,-1.074872507152061729e+00,2.251106427009751665e-01,-3.137675548230616229e-01,1.522552395887506904e+00,1.162921857665911940e+00,-8.116804043619623155e-01,-1.154563315187737693e+00,-1.161847077995693311e+00,-5.351186478808198643e-01,-7.117997293672981840e-01,-7.539011534522703784e-01,-1.595187808628866666e+00,1.255927168876143085e+00,1.350414324210177597e+00,8.583101213085616576e-01,7.064717829338549304e-01,-6.158174226657111561e-01,3.887770409322725662e+00
2.761841227484989947e+00,-1.082546419556865036e+00,2.173903348618704823e-01,-3.173179073292303753e-01,1.517819246946837008e+00,1.157879033982992745e+00,-8.222352761537383703e-01,-1.146021124875286512e+00,-1.152632803287587437e+00,-5.292192742540940964e-01,-7.072542587315229223e-01,-7.579014742891483358e-01,-1.569118490115700482e+00,1.304943176488854828e+00,1.411940901209985277e+00,9.102584071817094724e-01,6.561637160582667327e-01,-5.835180107653026305e-01,3.927581697453628173e+00
2.768512341561040646e+00,-1.090162258855675415e+00,2.097328617884161028e-01,-3.208277513671138337e-01,1.513115297665746928e+00,1.152810240657468288e+00,-8.326153609043993598e-01,-1.137153530414735325e+00,-1.143009790145516735e+00,-5.229746456371032748e-01,-7.030462994759405504e-01,-7.616871207221316276e-01,-1.542788189847749791e+00,1.353480343126551855e+00,1.472950423908490514e+00,9.618140642746474400e-01,6.052907848793355194e-01,-5.514600103801510222e-01,3.966011386075539491e+00
2.775183455637091345e+00,-1.097717865028139173e+00,2.021409385523813274e-01,-3.242947925936182640e-01,1.508438284117250561e+00,1.147716904347354072e+00,-8.428189483772254853e-01,-1.127963785848485667e+00,-1.132981561375536517e+00,-5.163874512303761044e-01,-6.991795212091080902e-01,-7.652597425678315801e-01,-1.516206151071841868e+00,1.401520817144983333e+00,1.533420898016180089e+00,1.012956155071881970e+00,5.538826176806009860e-01,-5.196551873131759480e-01,4.003051645665706815e+00
2.781854569713142045e+00,-1.105211100157946991e+00,1.946172562366246805e-01,-3.277167550702843046e-01,1.503785918555387457e+00,1.142600440443915621e+00,-8.528443901681623807e-01,-1.118455263734288607e+00,-1.122551785813193037e+00,-5.094605193566089651e-01,-6.956573949347601982e-01,-7.686210676039724188e-01,-1.489381667326284742e+00,1.449046920525192350e+00,1.593330539557519465e+00,1.063663909635621518e+00,5.019691255120911633e-01,-4.881151476334781858e-01,4.038695228607934062e+00
2.788525683789192744e+00,-1.112639849219550170e+00,1.871644809656552444e-01,-3.310913821875982044e-01,1.499155890746333153e+00,1.137462252555171416e+00,-8.626901000283581089e-01,-1.108631453962244162e+00,-1.111724276893046870e+00,-5.021968163153510689e-01,-6.924831912134785661e-01,-7.717729004864650744e-01,-1.462324078554226636e+00,1.496041156276143091e+00,1.652657783084873433e+00,1.113916733802718717e+00,4.495804877657795240e-01,-4.568513324947862664e-01,4.072935470554316595e+00
2.795196797865243443e+00,-1.120002020856809555e+00,1.797852529459205428e-01,-3.344164375814774881e-01,1.494545869311437070e+00,1.132303731996739948e+00,-8.723545541607461429e-01,-1.098495962522632929e+00,-1.100502991163697430e+00,-4.945994451832548267e-01,-6.896599784210168949e-01,-7.747171216321635523e-01,-1.435042767208738912e+00,1.542486215773154479e+00,1.711381289804565498e+00,1.163694217309425794e+00,3.967471376266398231e-01,-4.258750130296581338e-01,4.105766291545235092e+00
2.801867911941294143e+00,-1.127295548153271820e+00,1.724821855161767781e-01,-3.376897060415777752e-01,1.489953503081561381e+00,1.127126257290249622e+00,-8.818362914906296979e-01,-1.088052510225005598e+00,-1.088892026748890629e+00,-4.866716445603657126e-01,-6.871906211040741397e-01,-7.774556860678201176e-01,-1.407547154351220797e+00,1.588364986029040526e+00,1.769479955611976241e+00,1.212976141840788724e+00,3.434997474057959188e-01,-3.951972853216970671e-01,4.137182196887605912e+00
2.808539026017344842e+00,-1.134518389393732951e+00,1.652578642083107618e-01,-3.409089944110502701e-01,1.485376422462057366e+00,1.121931193669539528e+00,-8.911339139102061324e-01,-1.077304931369008845e+00,-1.076895621755346699e+00,-4.784167872629823126e-01,-6.850777784342920729e-01,-7.799906222457662075e-01,-1.379846695744779472e+00,1.633660556894666271e+00,1.826932919032430824e+00,1.261742489001356216e+00,2.898692137627173482e-01,-3.648290654581719528e-01,4.167178277791389718e+00
2.815210140093395541e+00,-1.141668528816778050e+00,1.581148458189493011e-01,-3.440721324774109191e-01,1.480812240807730440e+00,1.116719892594869812e+00,-9.002460864970305288e-01,-1.066257172367413020e+00,-1.064518152627923264e+00,-4.698383789636059182e-01,-6.833239027611859306e-01,-7.823240308268626375e-01,-1.351950877944131157e+00,1.678356228185857724e+00,1.883719569064910893e+00,1.309973448204133417e+00,2.358866428231002343e-01,-3.347810846652350403e-01,4.195750211764618598e+00
2.821881254169446240e+00,-1.148743977357975066e+00,1.510556574922259088e-01,-3.471769738541530259e-01,1.476258555807122175e+00,1.111493691275361240e+00,-9.091715377063795955e-01,-1.054913290321854769e+00,-1.051764132452799538e+00,-4.609400567785526537e-01,-6.819312382646816051e-01,-7.844580834312786521e-01,-1.323869214383713189e+00,1.722435516733430205e+00,1.939819552925396762e+00,1.357649424474512090e+00,1.815833351994635692e-01,-3.050638845280597700e-01,4.222894262767118434e+00
2.828552368245496940e+00,-1.155742773383414024e+00,1.440827958140308007e-01,-3.502213968527707610e-01,1.471712950875448511e+00,1.106253912199871792e+00,-9.179090595375229977e-01,-1.043277451551809509e+00,-1.038638209209333141e+00,-4.517255878037892414e-01,-6.809018197078910983e-01,-7.863950213576762494e-01,-1.295611241465541852e+00,1.765882163353317269e+00,1.995212783686936220e+00,1.404751046166148098e+00,1.269907709212422242e-01,-2.756878122980261914e-01,4.248607281123389257e+00
2.835223482321547639e+00,-1.162662983413275120e+00,1.371987259180956487e-01,-3.532033053448427329e-01,1.467172996555530018e+00,1.101001862676519671e+00,-9.264575076738902348e-01,-1.031353930077341552e+00,-1.025145163971310502e+00,-4.421988675996001983e-01,-6.802374712907042209e-01,-7.881371542713752065e-01,-1.267186514648469764e+00,1.808680139733688463e+00,2.049879447813395039e+00,1.451259172585666946e+00,7.214059428133301477e-02,-2.466630162891574329e-01,4.272886703195031721e+00
2.841894596397598338e+00,-1.169502702835121477e+00,1.304058806042441843e-01,-3.561206296138350047e-01,1.462636251926013653e+00,1.095738834381066562e+00,-9.348158015971735901e-01,-1.019147106056195851e+00,-1.011289909058299852e+00,-4.323639186247049127e-01,-6.799398056047232242e-01,-7.896868588621237528e-01,-1.238604604540421095e+00,1.850813655235979072e+00,2.103800012583974866e+00,1.497154901523140014e+00,1.706459860621334368e-02,-2.179994413659487318e-01,4.295730550813358306e+00
2.848565710473649037e+00,-1.176260056606622806e+00,1.237066594691398763e-01,-3.589713271962948760e-01,1.458100266016252089e+00,1.090466102914344759e+00,-9.429829246753587135e-01,-1.006661464175813370e+00,-9.970774861378433052e-01,-4.222248886204552631e-01,-6.800102226900448521e-01,-7.910465774720669696e-01,-1.209875092995220225e+00,1.892267163606918601e+00,2.156955233405625005e+00,1.542419576685367444e+00,-3.820528904359943301e-02,-1.897068245246105178e-01,4.317137430472790527e+00
2.855236824549699737e+00,-1.182933199947391101e+00,1.171034280498557678e-01,-3.617533837120974760e-01,1.453562579227109186e+00,1.085184927368945340e+00,-9.509579242247512276e-01,-9.939015920008759108e-01,-9.825130642792552216e-01,-4.117860489457844109e-01,-6.804499091943070344e-01,-7.922188166945646204e-01,-1.181007569215586805e+00,1.933025369598456944e+00,2.209326161010491951e+00,1.587034795028968714e+00,-9.363702323540434858e-02,-1.617946905698539606e-01,4.337106532285882388e+00
2.861907938625750436e+00,-1.189520319019657046e+00,1.105985169805870916e-01,-3.644648136834244267e-01,1.449020724757055234e+00,1.079896549905340342e+00,-9.587399115460182308e-01,-9.808721782770039033e-01,-9.676019379597902148e-01,-4.010517928635705109e-01,-6.812598376344154438e-01,-7.932061459444823548e-01,-1.152011625863898825e+00,1.973073235492781130e+00,2.260894148535614434e+00,1.630982413990381907e+00,-1.491984555817222891e-01,-1.342723478891352240e-01,4.355637628700751662e+00
2.868579052701801135e+00,-1.196019631597479149e+00,1.041942211628209825e-01,-3.671036613421500006e-01,1.444472230032823212e+00,1.074602195337642563e+00,-9.663280619343276312e-01,-9.675780111912491988e-01,-9.523495250239859544e-01,-3.900266337791267190e-01,-6.824407657612796552e-01,-7.940111960006321912e-01,-1.122896855182301756e+00,2.012395987529392638e+00,2.311640858482126859e+00,1.674244558609883082e+00,-2.048573502058456119e-01,-1.071488843264045698e-01,4.372731072981967060e+00
2.875250166777851835e+00,-1.202429387724209597e+00,9.789279894927517545e-02,-3.696680014253166391e-01,1.439914618143982361e+00,1.069303070729173522e+00,-9.737216146636262781e-01,-9.540239765900470070e-01,-9.367613645969897762e-01,-3.787152034315223181e-01,-6.839932360278671020e-01,-7.946366575210188632e-01,-1.093672845123742965e+00,2.050979122231511909e+00,2.361548269551262180e+00,1.716803628546793359e+00,-2.605813992487117092e-01,-8.043316315719173382e-02,4.388387797455852279e+00
2.881921280853902534e+00,-1.208747870357928633e+00,9.169647134190611615e-02,-3.721559399583924121e-01,1.435345409280687212e+00,1.064000364998034298e+00,-9.809198729451625853e-01,-9.402150561553073160e-01,-9.208431149526981052e-01,-3.671222500384792031e-01,-6.859175751608193039e-01,-7.950852795315779264e-01,-1.064349175495479027e+00,2.088808412628849531e+00,2.410598683354518101e+00,1.758642304983085047e+00,-3.163382384096630195e-01,-5.413381916698334351e-02,4.402609311521480606e+00
2.888592394929953233e+00,-1.214973396004577877e+00,8.560742120428946333e-02,-3.745656150259979444e-01,1.430762122173965700e+00,1.058695248532833588e+00,-9.879222038603125977e-01,-9.261563255393474581e-01,-9.046005513375590112e-01,-3.552526363955904598e-01,-6.882138938358381974e-01,-7.953598678891031781e-01,-1.034935414116650687e+00,2.125869914374104219e+00,2.458774730995386903e+00,1.799743557412652795e+00,-3.720954625142445238e-01,-2.825925483463631593e-02,4.415397699428462275e+00
2.895263509006003932e+00,-1.221104315338511492e+00,7.962779248866183601e-02,-3.768951975298028279e-01,1.426162275537804280e+00,1.053388872818764144e+00,-9.947280382678387323e-01,-9.118529524593816937e-01,-8.880395637509032047e-01,-3.431113379306388045e-01,-6.908820864569966691e-01,-7.954632837190710459e-01,-1.005441112991437569e+00,2.162149971750312538e+00,2.506059379520107377e+00,1.840090650313531917e+00,-4.278206411015739175e-01,-2.817636622684638326e-03,4.426755617823036282e+00
2.901934623082054632e+00,-1.227139013810206736e+00,7.375968947791461394e-02,-3.791428919332948677e-01,1.421543389512374134e+00,1.048082370074175262e+00,-1.001336870685667790e+00,-8.973101947523092203e-01,-8.711661546826880986e-01,-3.307034407138002008e-01,-6.939218310400800949e-01,-7.953984418290760416e-01,-9.758758044993726122e-01,2.197635223566460461e+00,2.552435938234939528e+00,1.879667149700440021e+00,-4.834813340243635515e-01,2.218310862378491954e-02,4.436686293063749176e+00
2.908605737158105331e+00,-1.233075912240865435e+00,6.800517604281733353e-02,-3.813069369931317287e-01,1.416902987107678369e+00,1.042776852897810969e+00,-1.007748259147313030e+00,-8.825333983905466750e-01,-8.539864368095413383e-01,-3.180341394245369546e-01,-6.973325892000168391e-01,-7.951683090986050306e-01,-9.462489976042998130e-01,2.232312608938653131e+00,2.597888064887561299e+00,1.918456929555051316e+00,-5.390451070542877643e-01,4.673529716797819589e-02,4.445193518308356850e+00
2.915276851234156030e+00,-1.238913467403651714e+00,6.236627491474908136e-02,-3.833856064767845462e-01,1.412238595646937656e+00,1.037473413926869981e+00,-1.013961825033080411e+00,-8.675279954596899490e-01,-8.365066306500400506e-01,-3.051087352760196714e-01,-7.011136062424141446e-01,-7.947759028459080444e-01,-9.165701740835539013e-01,2.266169372954223604e+00,2.642399771710156386e+00,1.956444178131414358e+00,-5.944795474854769335e-01,7.083149176030945071e-02,4.452281650373550725e+00
2.921947965310206730e+00,-1.244650172591312609e+00,5.684496697420446387e-02,-3.853772098661978340e-01,1.407547748209027949e+00,1.032173125506028466e+00,-1.019977252876182794e+00,-8.522995020987815806e-01,-8.187330621801335306e-01,-2.919326338978948665e-01,-7.052639113591641085e-01,-7.942242891726929432e-01,-8.868487847788285583e-01,2.299193072216285660e+00,2.685955431321914944e+00,1.993613404134075173e+00,-6.497522797291361840e-01,9.446450490383995202e-02,4.457955606369182533e+00
2.928619079386257429e+00,-1.250284558169935334e+00,5.144319055533697060e-02,-3.872800930471879122e-01,1.402827985069245997e+00,1.026877039367585231e+00,-1.025794290143927645e+00,-8.368535164040000751e-01,-8.006721604096711520e-01,-2.785113431782810789e-01,-7.097823179280238204e-01,-7.935165812874277469e-01,-8.570942458702375255e-01,2.331371580266126120e+00,2.728539782488659249e+00,2.029949442766425527e+00,-7.048309808918662434e-01,1.176274020046470525e-01,4.462220860108875975e+00
2.935290193462308128e+00,-1.255815192118603152e+00,4.616284076679832982e-02,-3.890926389843118449e-01,1.398076855137755370e+00,1.021586186322853473e+00,-1.031412746994119889e+00,-8.211957162965850543e-01,-7.823304549209850745e-01,-2.648504710658450279e-01,-7.146674239160570874e-01,-7.926559378080073603e-01,-8.273159351750772883e-01,2.362693092881087864e+00,2.770137935737397861e+00,2.065437461646904449e+00,-7.596833963307976223e-01,1.403135044057008951e-01,4.465083438298833585e+00
2.941961307538358827e+00,-1.261240680554704729e+00,4.100576882912088106e-02,-3.908132683809424357e-01,1.393291917394968493e+00,1.016301575964949189e+00,-1.036832496006872439e+00,-8.053318573558484461e-01,-7.637145733705125172e-01,-2.509557233328669756e-01,-7.199176123867390142e-01,-7.916455610445816138e-01,-7.975231884727362885e-01,2.393146133245415363e+00,2.810735378823644659e+00,2.100062966590717117e+00,-8.142773551780970731e-01,1.625163923027401758e-01,4.466549916506916240e+00
2.948632421614409527e+00,-1.266559668244681136e+00,3.597378142888799091e-02,-3.924404403242927053e-01,1.388470742323227425e+00,1.011024196383094598e+00,-1.042053471891977834e+00,-7.892677706181132624e-01,-7.448312389544364809e-01,-2.368329013001809757e-01,-7.255310521105142740e-01,-7.904886952633196628e-01,-7.677252958572327035e-01,2.422719556991816070e+00,2.850317982049434207e+00,2.133811807254793358e+00,-8.685807858279972482e-01,1.842299075408444509e-01,4.466627414913985739e+00
2.955303535690460226e+00,-1.271770839099969352e+00,3.106864008992760162e-02,-3.939726529151401646e-01,1.383610913334039516e+00,1.005755013888567584e+00,-1.047075671172057243e+00,-7.730093603424641469e-01,-7.256872678393587739e-01,-2.224878995249296443e-01,-7.315056982785170803e-01,-7.891886249319290947e-01,-7.379314981188056510e-01,2.451402557111327152e+00,2.888872003429991508e+00,2.166670182643767095e+00,-9.225617313789320484e-01,2.054481562902852332e-01,4.465323593849761963e+00
2.961974649766510925e+00,-1.276872916657941781e+00,2.629206056176233708e-02,-3.954084438820018588e-01,1.378710028190236914e+00,1.000494972752413281e+00,-1.051899151841656277e+00,-7.565626017441824391e-01,-7.062895665590104288e-01,-2.079267034520462243e-01,-7.378392933191417757e-01,-7.877486729477199967e-01,-7.081509831560056645e-01,2.479184668729332408e+00,2.926384093707093736e+00,2.198624646474812039e+00,-9.761883650239743249e-01,2.261655116004688271e-01,4.462646649115353803e+00
2.968645763842561625e+00,-1.281864664547611721e+00,2.164571222553360319e-02,-3.967463911795253151e-01,1.373765700422321157e+00,9.952449949550328245e-01,-1.056524033002525620e+00,-7.399335386967789141e-01,-6.866451293780381215e-01,-1.931553870304333620e-01,-7.445293678170983309e-01,-7.861721988490540936e-01,-6.783928824196950869e-01,2.506055773745446302e+00,2.962841301207226330e+00,2.229662112399225293e+00,-1.029429005382202167e+00,2.463766158306641696e-01,4.458605307094893888e+00
2.975316877918612324e+00,-1.286744886939912735e+00,1.713121751762280986e-02,-3.979851135708624144e-01,1.368775560738352715e+00,9.900059799477564093e-01,-1.060950494475279893e+00,-7.231282814035305817e-01,-6.667610356239046521e-01,-1.781801102947891402e-01,-7.515732415345166562e-01,-7.844625970109790902e-01,-6.486662673903549337e-01,2.532006105335183666e+00,2.998231076542674067e+00,2.259769859078723631e+00,-1.082252131764201319e+00,2.660763829564094518e-01,4.453208819658609485e+00
2.981987991994663023e+00,-1.291512428982340310e+00,1.275015137117083142e-02,-3.991232711937980904e-01,1.363737258426682919e+00,9.847788044265041174e-01,-1.065178776387674775e+00,-7.061530040394481400e-01,-6.466444469879467638e-01,-1.630071169140506482e-01,-7.589680245336583031e-01,-7.826232948259026490e-01,-6.189801460900701269e-01,2.557026252311306536e+00,3.032541277153811610e+00,2.288935535114468678e+00,-1.134626399364534466e+00,2.852600007504522139e-01,4.446466958859893737e+00
2.988659106070713722e+00,-1.296166177217772608e+00,8.504040675706786567e-03,-4.001595661104157542e-01,1.358648462750860153e+00,9.795643221176322246e-01,-1.069209178739735311e+00,-6.890139423646344241e-01,-6.263026047966857579e-01,-1.476427317074690271e-01,-7.667106184007130842e-01,-7.806577508701398882e-01,-5.893434596306026396e-01,2.581107163342808875e+00,3.065760171690814495e+00,2.317147163826858147e+00,-1.186520654374184414e+00,3.039229328371717553e-01,4.438390011428943183e+00
2.995330220146764422e+00,-1.300705059987270484e+00,4.394363755072877575e-03,-4.010927428400884454e-01,1.353506864336034399e+00,9.743633635760534650e-01,-1.073042060945976317e+00,-6.717173913099627747e-01,-6.057428272544206349e-01,-1.320933581292800252e-01,-7.747977175701312724e-01,-7.785694530571707350e-01,-5.597650787988280863e-01,2.604240151029602046e+00,3.097876444233221616e+00,2.344393147884294315e+00,-1.237903949006150750e+00,3.220609206194897656e-01,4.428988773065611895e+00
3.002001334222815121e+00,-1.305128047816686454e+00,4.225498638400493334e-04,-4.019215888755858779e-01,1.348310176546196448e+00,9.691767359957204064e-01,-1.076677841354978682e+00,-6.542697025360743046e-01,-5.849725066582462940e-01,-1.163654757230254966e-01,-7.832258107488698773e-01,-7.763619167784854280e-01,-5.302538006809491833e-01,2.626416895830955944e+00,3.128879198345690948e+00,2.370662273779045037e+00,-1.288745556427107308e+00,3.396699850773110541e-01,4.418274542534263105e+00
3.008672448298865820e+00,-1.309434153786903199e+00,-3.410021297612003677e-03,-4.026449351821035361e-01,1.343056136851580984e+00,9.640052230325512062e-01,-1.080116996746570246e+00,-6.366772819666456362e-01,-5.639991065865370690e-01,-1.004656375465105833e-01,-7.919911824399377132e-01,-7.740386830328460643e-01,-5.008183453267135432e-01,2.647629449845878113e+00,3.158757960968509693e+00,2.395943716148533742e+00,-1.339014985588443674e+00,3.567464284366237415e-01,4.406259115563386786e+00
3.015343562374916520e+00,-1.313622433887528418e+00,-7.102020049169321947e-03,-4.032616566790137025e-01,1.337742508185580492e+00,9.588495846398681355e-01,-1.083360061806900143e+00,-6.189465872969537319e-01,-5.428301590620594475e-01,-8.440046756847299769e-02,-8.010899145645089536e-01,-7.716033165448659137e-01,-4.714673524550188066e-01,2.667870240443623420e+00,3.187502686141332031e+00,2.420227041940315793e+00,-1.388681995949684778e+00,3.732868357084089261e-01,4.392954778552969231e+00
3.022014676450967219e+00,-1.317691987353894145e+00,-1.065216717805564373e-02,-4.037706727041643351e-01,1.332367080290506545e+00,9.537105569164257002e-01,-1.086407628581665286e+00,-6.010841254787059329e-01,-5.214732616907756801e-01,-6.817665803797279267e-02,-8.105178881818868586e-01,-7.690594038737387228e-01,-4.422093782020759534e-01,2.687132073742615646e+00,3.215103758558841562e+00,2.443502214419211782e+00,-1.437716612087696966e+00,3.892880760966077602e-01,4.378374302092471915e+00
3.028685790527017918e+00,-1.321641956987199329e+00,-1.405923436673536808e-02,-4.041709474605343910e-01,1.326927671051557622e+00,9.485888519670819807e-01,-1.089260345907801630e+00,-5.830964501821926937e-01,-4.999360747775192793e-01,-5.180096682760204629e-02,-8.202707853065271948e-01,-7.664105515130337221e-01,-4.130528919134900390e-01,2.705408137936117008e+00,3.241551996956954174e+00,2.465759597014959947e+00,-1.486089138184780722e+00,4.047473042744178517e-01,4.362530934292609963e+00
3.035356904603068617e+00,-1.325471529457648456e+00,-1.732204460150407743e-02,-4.044614904450847814e-01,1.321422127818340009e+00,9.434851577761740327e-01,-1.091918918823915341e+00,-5.649901592367505554e-01,-4.782263184196232086e-01,-3.528021475154169417e-02,-8.303440908212960103e-01,-7.636603839824015472e-01,-3.840062729813946696e-01,2.722692006463057535e+00,3.266838657328384521e+00,2.486989957008999053e+00,-1.533770172389165465e+00,4.196619615282672910e-01,4.345438393933911847e+00
3.042028018679119317e+00,-1.329179935590446782e+00,-2.043947256161718351e-02,-4.046413568596367583e-01,1.315848328713305371e+00,9.384001380936511927e-01,-1.094384107959773589e+00,-5.467718920506086100e-01,-4.563517695796893703e-01,-1.862128285958242202e-02,-8.407330944860689215e-01,-7.608125419121013477e-01,-3.550778077279245215e-01,2.738977641022464660e+00,3.290955435966344211e+00,2.507184469058901577e+00,-1.580730621041122719e+00,4.340297767688765518e-01,4.327110863435390975e+00
3.048699132755170016e+00,-1.332766450634518041e+00,-2.341044498882557945e-02,-4.047096480036187494e-01,1.310204183926483967e+00,9.333344323340049264e-01,-1.096656728905158307e+00,-5.284483270111441922e-01,-4.343202591386222666e-01,-1.831109708167771855e-03,-8.514328930407848439e-01,-7.578706801212261590e-01,-3.262756863361800930e-01,2.754259394430058183e+00,3.313894472335296548e+00,2.526334718559143155e+00,-1.626941712758307679e+00,4.478487674088655890e-01,4.307562981646469780e+00
3.055370246831220715e+00,-1.336230394513812314e+00,-2.623394103719040027e-02,-4.046655116485381454e-01,1.304487636995858679e+00,9.282886554880406260e-01,-1.098737651558410411e+00,-5.100261788666062834e-01,-4.121396689300823590e-01,1.508331139043533886e-02,-8.624383924019696224e-01,-7.548384656905124945e-01,-2.976079998298369889e-01,2.768532013315581519e+00,3.335648351767747322e+00,2.544432704836943060e+00,-1.672375012373765513e+00,4.611172401064260740e-01,4.286809836465576673e+00
3.062041360907271415e+00,-1.339571132061095682e+00,-2.890899260305171414e-02,-4.045081423940277698e-01,1.298696666072790329e+00,9.232633980475164481e-01,-1.100627799454991118e+00,-4.915121960903962028e-01,-3.898179287575524454e-01,3.211493513971754032e-02,-8.737443099517299139e-01,-7.517195760306518704e-01,-2.690827371026069947e-01,2.781790640659538738e+00,3.356210107986051128e+00,2.561470844181910067e+00,-1.717002434720155790e+00,4.738337913746584196e-01,4.264866957288805160e+00
3.068712474983322114e+00,-1.342788073234093105e+00,-3.143468463504853205e-02,-4.042367820053411887e-01,1.292829285171863907e+00,9.182592259426879400e-01,-1.102328149076391872e+00,-4.729131582289441971e-01,-3.673630133951417687e-01,4.925666705018247327e-02,-8.853451769181768238e-01,-7.485176969469684582e-01,-2.407077819985816713e-01,2.794030818168076635e+00,3.375573225448414760e+00,2.577441972708430118e+00,-1.760796258253980229e+00,4.859973080561841297e-01,4.241750307292027955e+00
3.075383589059372813e+00,-1.345880673313893050e+00,-3.381015542407417307e-02,-4.038507197321609121e-01,1.286883545404548190e+00,9.132766804927699988e-01,-1.103839729139743042e+00,-4.542358732343074190e-01,-3.447829395733543190e-01,6.650136624911594241e-02,-8.972353408461850588e-01,-7.452365207013975645e-01,-2.124909104446623953e-01,2.805248488484800795e+00,3.393731641518194841e+00,2.592339349049643360e+00,-1.803729138513373131e+00,4.976069676627767890e-01,4.217476275550122722e+00
3.082054703135423512e+00,-1.348848433085507503e+00,-3.603459687308105397e-02,-4.033492926086064689e-01,1.280857536196080559e+00,9.083162783693299325e-01,-1.105163619868468006e+00,-4.354871747825369011e-01,-3.220857629509510378e-01,8.384184830778045050e-02,-9.094089681573604977e-01,-7.418797440726341286e-01,-1.844397876360447386e-01,2.815439997238399883e+00,3.410679748455818672e+00,2.606156656882069989e+00,-1.845774121403430224e+00,5.086622385797447965e-01,4.192061668996762691e+00
3.088725817211474212e+00,-1.351690899000497437e+00,-3.810725474663761991e-02,-4.027318857343247238e-01,1.274749386484975266e+00,9.033785115726318260e-01,-1.106300952244342550e+00,-4.166739195789594952e-01,-2.992795750741435445e-01,1.012708880848680326e-01,-9.218600467980400115e-01,-7.384510664153843829e-01,-1.565619652759101532e-01,2.824602094925010132e+00,3.426412395232567576e+00,2.618888007279903452e+00,-1.886904656302794248e+00,5.191628801349048583e-01,4.165523704228560220e+00
3.095396931287524911e+00,-1.354407663321582467e+00,-4.002742890016414146e-02,-4.019979325365618528e-01,1.268557265904579401e+00,8.984638474209255543e-01,-1.107252907241320861e+00,-3.978029846514326007e-01,-2.763725003242569755e-01,1.187812225851047621e-01,-9.345823889741169399e-01,-7.349541877195950867e-01,-1.288648788702595471e-01,2.832731938624325707e+00,3.440924889165689393e+00,2.630527940898140571e+00,-1.927094608985621571e+00,5.291089425320232298e-01,4.137879999157142663e+00
3.102068045363575610e+00,-1.356998364249155431e+00,-4.179447348876844104e-02,-4.011469150131172223e-01,1.262279385946096788e+00,8.935727285526798847e-01,-1.108020715041504900e+00,-3.788812646327296418e-01,-2.533726928551093827e-01,1.363655538318279126e-01,-9.475696339714336780e-01,-7.313928066705912556e-01,-1.013558450789695531e-01,2.839827093548532133e+00,3.454212997374239258e+00,2.641071429983723018e+00,-1.966318274352818474e+00,5.385007666486794076e-01,4.109148564513064983e+00
3.108739159439626309e+00,-1.359462686029633716e+00,-4.340779715562015362e-02,-4.001783639560900774e-01,1.255914001102515609e+00,8.887055729417496774e-01,-1.108605654233631999e+00,-3.599156690331313246e-01,-2.302883335212518867e-01,1.540165517524232086e-01,-9.608152510604626162e-01,-7.277706187110053460e-01,-7.404205912398142964e-02,2.845885534423212793e+00,3.466272948055234782e+00,2.650513880213998696e+00,-2.004550388966841901e+00,5.473389836985556034e-01,4.079347795205266358e+00
3.115410273515677009e+00,-1.361800359045589381e+00,-4.486686319980670579e-02,-3.990918591563384910e-01,1.249459409992877745e+00,8.838627739254681925e-01,-1.109009050994463452e+00,-3.409131195043884066e-01,-2.071276267983200303e-01,1.717268570754310608e-01,-9.743125424839234050e-01,-7.240913141054163837e-01,-4.693059225562579151e-02,2.850905646699431806e+00,3.477101431579701085e+00,2.658851132361816028e+00,-2.041766143384133869e+00,5.556245147582115074e-01,4.048496461540029401e+00
3.122081387591727708e+00,-1.364011159887595248e+00,-4.617118972362058149e-02,-3.978870295885750252e-01,1.242913956466351610e+00,8.790447002456351910e-01,-1.109232278253468040e+00,-3.218805470961469406e-01,-1.838987976966559856e-01,1.894890842381924956e-01,-9.880546465259900657e-01,-7.203585760085988721e-01,-2.002838927796446455e-02,2.854886227596296955e+00,3.486695601408304590e+00,2.666079463786695580e+00,-2.077941194279621318e+00,5.633585701584840066e-01,4.016613700303348189e+00
3.128752501667778407e+00,-1.366094911407753631e+00,-4.732034975923771203e-02,-3.965635535770328790e-01,1.236276030685556249e+00,8.742516961023784061e-01,-1.109276754841196588e+00,-3.028248895059912904e-01,-1.606100886694360186e-01,2.072958243038600379e-01,-1.002034540661676187e+00,-7.165760785382727649e-01,6.657733865911064086e-03,2.857826486973364055e+00,3.495053074826318884e+00,2.672195589751548805e+00,-2.113051676357669884e+00,5.705426487407025959e-01,3.983719005710669059e+00
3.135423615743829107e+00,-1.368051482754854886e+00,-4.831397137475673675e-02,-3.951211589416456227e-01,1.229544070188609783e+00,8.694840812208540770e-01,-1.109143944621751698e+00,-2.837530883242421753e-01,-1.372697565164940903e-01,2.251396478866016793e-01,-1.016245044784933826e+00,-7.127474848532846519e-01,3.312109244779770645e-02,2.859726048032288581e+00,3.502171933497755241e+00,2.677196664564519324e+00,-2.147074214043895424e+00,5.771785369779547370e-01,3.949832220228090218e+00
3.142094729819879806e+00,-1.369880789391146880e+00,-4.915173775956901969e-02,-3.935596231246866195e-01,1.222716560929395291e+00,8.647421509307476883e-01,-1.108835355609755657e+00,-2.646720862746337333e-01,-1.138860692850531542e-01,2.430131080838488500e-01,-1.030678824514031255e+00,-7.088764452380773573e-01,5.935513524662561213e-02,2.860584947847272019e+00,3.508050723838551210e+00,2.681080282545560856e+00,-2.179985932952636318e+00,5.832683079617344557e-01,3.914973525269024535e+00
3.148765843895930505e+00,-1.371582793090681207e+00,-4.983338728904879167e-02,-3.918787732978292748e-01,1.215792038295506750e+00,8.600261762585322822e-01,-1.108352539072239518e+00,-2.455888244520376407e-01,-9.046730316857051757e-02,2.609087434143967932e-01,-1.045328394572637709e+00,-7.049665951943880904e-01,8.535344677825729143e-02,2.860403637723831771e+00,3.512688457208798187e+00,2.683844478817474233e+00,-2.211764471124563425e+00,5.888143202543267840e-01,3.879163431770543013e+00
3.155436957971981204e+00,-1.373157501919231027e+00,-5.035871356855145531e-02,-3.900784864495872029e-01,1.208769088103406775e+00,8.553364040324250572e-01,-1.107697088615860359e+00,-2.265102395583498407e-01,-6.702173940490133153e-02,2.788190807612056510e-01,-1.060186122245124984e+00,-7.010215535410345700e-01,1.111097494620137960e-01,2.859182983385591736e+00,3.516084609924035931e+00,2.685487729921161915e+00,-2.242387990029464540e+00,5.938192166073759104e-01,3.842422770653464603e+00
3.162108072048031904e+00,-1.374604970195759890e+00,-5.072756545671996964e-02,-3.881586894531142695e-01,1.201646347570278994e+00,8.506730569999974012e-01,-1.106870639259887712e+00,-2.074432611377276525e-01,-4.355766117499990098e-02,2.967366383177076905e-01,-1.075244230904444098e+00,-6.970449205227045031e-01,1.366179057231879934e-01,2.856924264988778273e+00,3.518239123085747266e+00,2.686008954254955228e+00,-2.271835185328927587e+00,5.982859225471144349e-01,3.804772683170504877e+00
3.168779186124082603e+00,-1.375925298435452193e+00,-5.093984706810694707e-02,-3.861193591143379233e-01,1.194422506262114547e+00,8.460363339583649722e-01,-1.105874866495370146e+00,-1.883948088122833209e-01,-2.008335050333581728e-02,3.146539285364734484e-01,-1.090494803611011143e+00,-6.930402759286178327e-01,1.618719200308184059e-01,2.853629176964235903e+00,3.519152402231234156e+00,2.685407512337932623e+00,-2.300085297394108608e+00,6.022176448268217186e-01,3.766234611146633160e+00
3.175450300200133302e+00,-1.377118633274303949e+00,-5.099551775512883856e-02,-3.839605222004183194e-01,1.187096307017555086e+00,8.414264098968944339e-01,-1.104711485330930776e+00,-1.693717895194255529e-01,3.392914838727528748e-03,3.325634610790283441e-01,-1.105929786780905921e+00,-6.890111772219638109e-01,1.868659408699844260e-01,2.849299827686842868e+00,3.518825316803136261e+00,2.683683206897215179e+00,-2.327118121573592546e+00,6.056178697471197303e-01,3.726830287116041696e+00
3.182121414276184002e+00,-1.378185167375297837e+00,-5.089459206937615998e-02,-3.816822554485280738e-01,1.179666546847037312e+00,8.368434361523493514e-01,-1.103382249325627562e+00,-1.503810947519668151e-01,2.686286442544282005e-02,3.504577457656860018e-01,-1.121540993921742224e+00,-6.849611576809720992e-01,2.115942626480015187e-01,2.843938738972237701e+00,3.517259199438930839e+00,2.680836282779301527e+00,-2.352914018206719415e+00,6.084903613447667503e-01,3.686581724359922596e+00
3.188792528352234701e+00,-1.379125139316171644e+00,-5.063713970230737660e-02,-3.792846855549564800e-01,1.172132077806798067e+00,8.322875405763980883e-01,-1.101888949609313828e+00,-1.314295978021784994e-01,5.031823826382242348e-02,3.683292955241829203e-01,-1.137320109434459381e+00,-6.808937245525120696e-01,2.360513275338067540e-01,2.837548845400912789e+00,3.514455845080814989e+00,2.676867426685583418e+00,-2.377453922377624984e+00,6.108391594507089906e-01,3.645511206849540109e+00
3.195463642428285400e+00,-1.379938833458822955e+00,-5.022328540537335240e-02,-3.767679891445510076e-01,1.164491807847298110e+00,8.277588277153926644e-01,-1.100233413890956413e+00,-1.125241510109210030e-01,7.375078987426442190e-02,3.861706293359771225e-01,-1.153258692479313341e+00,-6.768123572190760662e-01,2.602317272299744522e-01,2.830133493469735306e+00,3.510417509906451627e+00,2.671777766732239989e+00,-2.400719353405587508e+00,6.126685776181488574e-01,3.603641279098888983e+00
3.202134756504336099e+00,-1.380626579800383169e+00,-4.965320888961158308e-02,-3.741323927205130184e-01,1.156744701635646688e+00,8.232573790023300919e-01,-1.098417505455356880e+00,-9.367158302300720996e-02,9.715228936344733057e-02,4.039742751790228459e-01,-1.169348180904296930e+00,-6.727205053800162649e-01,2.841302046767375522e-01,2.821696440571076270e+00,3.505146910081122336e+00,2.665568871834780751e+00,-2.422692424067224959e+00,6.139832009215112629e-01,3.560994735931397592e+00
3.208805870580386799e+00,-1.381188753805999481e+00,-4.892714470477391164e-02,-3.713781725945792256e-01,1.148889781351619455e+00,8.187832529608977117e-01,-1.096443122148736737e+00,-7.487869604996510997e-02,1.205145264882955536e-01,4.217327729658485458e-01,-1.185579895234151193e+00,-6.686215872478961098e-01,3.077416556874684739e-01,2.812241853799777314e+00,3.498647220331926100e+00,2.658242750917611197e+00,-2.443355849546259506e+00,6.147878836271913894e-01,3.517594612165178436e+00
3.215476984656437498e+00,-1.381625776223391666e+00,-4.804538209804343207e-02,-3.685056547976198749e-01,1.140926127456864059e+00,8.143364854214969473e-01,-1.094312195353636774e+00,-5.615226314131321894e-02,1.438293137098572427e-01,4.394386774757916836e-01,-1.201945042718191470e+00,-6.645189877607997619e-01,3.310611305150946149e-01,2.801774308588277584e+00,3.490922072344687432e+00,2.649801851949004750e+00,-2.462692956106761866e+00,6.150877467370690077e-01,3.473464172221185642e+00
3.222148098732488197e+00,-1.381938112879234293e+00,-4.700826485241824115e-02,-3.655152149706991649e-01,1.132852879436914595e+00,8.099170897491358989e-01,-1.092026688953604774e+00,-3.749902546553246507e-02,1.670884892358767138e-01,4.570845612801959224e-01,-1.218434721435036394e+00,-6.604160568114587626e-01,3.540838353489225154e-01,2.790298787170288008e+00,3.481975552984363453e+00,2.640249060801999281e+00,-2.480687689485781000e+00,6.148881754058165283e-01,3.428626899658935301e+00
3.228819212808538897e+00,-1.382126274457432524e+00,-4.581619110483803325e-02,-3.624072782366485335e-01,1.124669236515634996e+00,8.055250570830818635e-01,-1.089588598288123489e+00,-1.892568960183893534e-02,1.902839200509387207e-01,4.746630176594567319e-01,-1.235039924452393301e+00,-6.563161074940162543e-01,3.768051337414666246e-01,2.777820676873437034e+00,3.471812202339770170e+00,2.629587699941771106e+00,-2.497324623001513810e+00,6.141948162330569394e-01,3.383106486644138933e+00
3.235490326884589596e+00,-1.382190816259375232e+00,-4.446961314414016320e-02,-3.591823190522094311e-01,1.116374458341734988e+00,8.011603565881432187e-01,-1.086999949098265583e+00,-4.389248439348736319e-04,2.134075049329553775e-01,4.921666635107052601e-01,-1.251751544039957365e+00,-6.522224143692811893e-01,3.992205479647610300e-01,2.764345768241481593e+00,3.460437011593531231e+00,2.617821526940112165e+00,-2.512588965373191652e+00,6.130135744315525770e-01,3.336926823352984961e+00
3.242161440960640295e+00,-1.382132337946237577e+00,-4.296903718894262703e-02,-3.558408610408130279e-01,1.107967865647010886e+00,7.968229357174636540e-01,-1.084262796463524525e+00,1.795463948316627922e-02,2.364511774548852807e-01,5.095881422450297960e-01,-1.268560375933535322e+00,-6.481382117492709982e-01,4.213257602958057069e-01,2.749880252986639739e+00,3.447855420718221708e+00,2.604954732817709839e+00,-2.526466568249130074e+00,6.113506108725840216e-01,3.290111987317454911e+00
3.248832555036690994e+00,-1.381951483263441860e+00,-4.131502314555318689e-02,-3.523834768060718492e-01,1.099448840875976385e+00,7.925127204866928565e-01,-1.081379223730317252e+00,3.624841669206957384e-02,2.594069089704848508e-01,5.269201266730465516e-01,-1.285457123648372946e+00,-6.440666920018844888e-01,4.431166142307386702e-01,2.734430721772749262e+00,3.434073315999762954e+00,2.590991940215024769e+00,-2.538943933439336220e+00,6.092123390097973212e-01,3.242686232716413208e+00
3.255503669112741694e+00,-1.381648939747348814e+00,-3.950818434601816032e-02,-3.488107877260613332e-01,1.090816828786551840e+00,7.882296157593975394e-01,-1.078351341432619348e+00,5.443586538659772600e-02,2.822667115829938234e-01,5.441553218777206435e-01,-1.302432402839763359e+00,-6.400110038764854625e-01,4.645891156274255529e-01,2.718004161829980614e+00,3.419097027389154331e+00,2.575938201392567350e+00,-2.550008219849385860e+00,6.066054216828045131e-01,3.194673979616923898e+00
3.262174783188792393e+00,-1.381225438414315221e+00,-3.754918726642569871e-02,-3.451234637284837925e-01,1.082071337021518698e+00,7.839735055435694822e-01,-1.075181286205222353e+00,7.251049209889942615e-02,3.050226410955552137e-01,5.612864680732596590e-01,-1.319476745708888510e+00,-6.359742508512173931e-01,4.857394337760926328e-01,2.700607954401964328e+00,3.402933325683744847e+00,2.559798996061524612e+00,-2.559647250112267791e+00,6.035367678019284421e-01,3.146099803170547382e+00
3.268845897264843092e+00,-1.380681753432206449e+00,-3.543875122559114743e-02,-3.413222230468092588e-01,1.073211936650435572e+00,7.797442532990874753e-01,-1.071871219690085475e+00,9.046585390898254087e-02,3.276667999422844813e-01,5.783063434489836840e-01,-1.336580605451896053e+00,-6.319594895028235459e-01,5.065639023977692723e-01,2.682249872026201576e+00,3.385589419539276168e+00,2.542580229045682927e+00,-2.567849516915155395e+00,6.000135289154844287e-01,3.096988422769118898e+00
3.275517011340893792e+00,-1.380018701774504919e+00,-3.317764806425599344e-02,-3.374078319574976836e-01,1.064238262681736824e+00,7.755417022559729645e-01,-1.068423327436271997e+00,1.082955610455517137e-01,3.501913400988356240e-01,5.952077669970347040e-01,-1.353734360750167953e+00,-6.279697278997459220e-01,5.270590205702460063e-01,2.662938075648738856e+00,3.367072952314013712e+00,2.524288227775705273e+00,-2.574604189018116607e+00,5.960430956610766051e-01,3.047364691164704542e+00
3.282188125416944491e+00,-1.379237142857122844e+00,-3.076670180494267548e-02,-3.333811044984149041e-01,1.055150014544736781e+00,7.713656757432886257e-01,-1.064839817793947097e+00,1.259932794670352019e-01,3.725884659713653013e-01,6.119836013228137084e-01,-1.370928320299667158e+00,-6.240079240193007193e-01,5.472214535813777481e-01,2.642681111574136210e+00,3.347391998746360731e+00,2.504929739616897688e+00,-2.579901116961901941e+00,5.916330941024474654e-01,2.997253583558372014e+00
3.288859239492995190e+00,-1.378337978158076904e+00,-2.820678829261047404e-02,-3.292429021685586155e-01,1.045946956541302653e+00,7.672159775285118943e-01,-1.061122920802928027e+00,1.435527334217376050e-01,3.948504372627770764e-01,6.286267554370410515e-01,-1.388152727377367945e+00,-6.200769841896462964e-01,5.670480337094682133e-01,2.621487908251857402e+00,3.326555061467370678e+00,2.484511929031596900e+00,-2.583730838462219292e+00,5.867913819534325004e-01,2.946680186662379075e+00
3.295530353569045889e+00,-1.377322150820146529e+00,-2.549883481627104875e-02,-3.249941336092260769e-01,1.036628918266941701e+00,7.630923921672195798e-01,-1.057274887076272263e+00,1.609677079859890836e-01,4.169695718151504860e-01,6.451301875283330656e-01,-1.405397764442570807e+00,-6.161797615573313402e-01,5.865357609306365294e-01,2.599367772900258444e+00,3.304571067349712177e+00,2.463042374577489646e+00,-2.586084583487866517e+00,5.815260446906745928e-01,2.895669687740484832e+00
3.302201467645096589e+00,-1.376190645236683441e+00,-2.264381971172174657e-02,-3.206357542667496729e-01,1.027195795001083711e+00,7.589946853629070400e-01,-1.053297986679389897e+00,1.782320515792585047e-01,4.389382484272838503e-01,6.614869077152205623e-01,-1.422653557771076382e+00,-6.123190545811287855e-01,6.056818035530003863e-01,2.576330387969415270e+00,3.281449363694612043e+00,2.440529065743120896e+00,-2.586954279020400094e+00,5.758453915567514070e-01,2.844247363630958869e+00
3.308872581721147288e+00,-1.374944486620721440e+00,-1.964277194557212392e-02,-3.161687660369481567e-01,1.017647548066345609e+00,7.549226043367647243e-01,-1.049194508005171667e+00,1.953396784551138521e-01,4.607489096462428768e-01,6.776899807765005557e-01,-1.439910182120004434e+00,-6.084976055529042194e-01,6.244834987775770285e-01,2.552385807444145449e+00,3.257199714258477208e+00,2.416980399622015163e+00,-2.586332553493020825e+00,5.697579514554815816e-01,2.792438569757038191e+00
3.315543695797197987e+00,-1.373584740557545425e+00,-1.649677068073279740e-02,-3.115942168914365151e-01,1.007984205156574387e+00,7.508758782072317839e-01,-1.044966756645614447e+00,2.122845711670096058e-01,4.823940645319028109e-01,6.937325288588896965e-01,-1.457157665421182413e+00,-6.047180991462131061e-01,6.429383531858701151e-01,2.527544452988562451e+00,3.231832295120831589e+00,2.392405177426820018e+00,-2.584212740906635997e+00,5.632724687411403419e-01,2.740268729129330616e+00
3.322214809873248687e+00,-1.372112512540907492e+00,-1.320694482356063459e-02,-3.069132004859530527e-01,9.982058606334993645e-01,7.468542183791356814e-01,-1.040617054260445595e+00,2.290607830078116858e-01,5.038662913933701359e-01,7.096077341608700850e-01,-1.474385993500878067e+00,-6.009831609933478092e-01,6.610440431540478556e-01,2.501817109933694994e+00,3.205357690395403303e+00,2.366812600845020320e+00,-2.580588884621078716e+00,5.563978989034745748e-01,2.687763321344980305e+00
3.328885923949299386e+00,-1.370528947493052208e+00,-9.774472552839169603e-03,-3.021268557508631769e-01,9.883126757918089256e-01,7.428573189422302825e-01,-1.036147737443222194e+00,2.456624404220528191e-01,5.251582404962983341e-01,7.253088415917198217e-01,-1.491585114823769764e+00,-5.972953562914993242e-01,6.787984151937536126e-01,2.475214923109630760e+00,3.177786887786123060e+00,2.340212268237747750e+00,-2.575455740819737382e+00,5.491434041503298058e-01,2.634947871588046553e+00
3.335557038025350085e+00,-1.368835229268748899e+00,-6.200580830804214294e-03,-2.972363664640111369e-01,9.783048790925119587e-01,7.388848570789301462e-01,-1.031561156585412586e+00,2.620837453898565705e-01,5.462626367400204019e-01,7.408291614046456086e-01,-1.508744945258908343e+00,-5.936571884387369380e-01,6.961994862195294287e-01,2.447749392523849821e+00,3.149131273989991708e+00,2.312614170683370940e+00,-2.568808781645862016e+00,5.415183488898833719e-01,2.581847939635911526e+00
3.342228152101400784e+00,-1.367032580143510367e+00,-2.486544896409120797e-03,-2.922429608060950201e-01,9.681827663644313464e-01,7.349364934810455052e-01,-1.026859674738922035e+00,2.783189777815275878e-01,5.671722823035376670e-01,7.561620718030304111e-01,-1.525855372865508208e+00,-5.900710977004499647e-01,7.132454437429769367e-01,2.419432368887338480e+00,3.119402629948698102e+00,2.284028687867532881e+00,-2.560644198009086381e+00,5.335322951143821602e-01,2.528489108876131652e+00
3.348899266177451484e+00,-1.365122260286211198e+00,1.366312258953672476e-03,-2.871479108987465834e-01,9.579467009737141492e-01,7.310118727753103229e-01,-1.022045666477580106e+00,2.943624976817981187e-01,5.878800592593103058e-01,7.713010215187429131e-01,-1.542906262696375652e+00,-5.865394599069029269e-01,7.299346459936493225e-01,2.390276048990278568e+00,3.088613125951042981e+00,2.254466583821394643e+00,-2.550958902060777245e+00,5.251949976874565884e-01,2.474896975338483962e+00
3.355570380253502183e+00,-1.363105567216301717e+00,5.356620433056374919e-03,-2.819525323255090976e-01,9.475971139612442418e-01,7.271106239574911534e-01,-1.017121516758061839e+00,3.102087476827152246e-01,6.083789321538907169e-01,7.862395323615143372e-01,-1.559887461616707327e+00,-5.830645851825594361e-01,7.462656219668712954e-01,2.360292970929086298e+00,3.056775316588232094e+00,2.223939002509934149e+00,-2.539750529336992635e+00,5.165163995370657402e-01,2.421097136746753975e+00
3.362241494329552882e+00,-1.360983835245835438e+00,9.482962771543090863e-03,-2.766581836359042201e-01,9.371345041478671423e-01,7.232323608348683042e-01,-1.012089619780734528e+00,3.258522551442144533e-01,6.286619505544150943e-01,8.009712017383943117e-01,-1.576788803136119022e+00,-5.796487167077655212e-01,7.622370713985684443e-01,2.329496009186651229e+00,3.023902135564126681e+00,2.192457463272139861e+00,-2.527017440567998818e+00,5.075066267561434419e-01,2.367115181594799722e+00
3.368912608405603581e+00,-1.358758434906522261e+00,1.374387634351006970e-02,-2.712662658327972265e-01,9.265594382073312207e-01,7.193766824768643708e-01,-1.006952377850911073e+00,3.412876344213685575e-01,6.487222515600049588e-01,8.154897051422987930e-01,-1.593600112251577494e+00,-5.762940295134364455e-01,7.778478646673597785e-01,2.297898369567712429e+00,2.990006890362686853e+00,2.160033856115081807e+00,-2.512758723153411644e+00,4.981759836131454122e-01,2.312976678251484675e+00
3.375583722481654281e+00,-1.356430772362041903e+00,1.813785273371759654e-02,-2.657782218432634402e-01,9.158725507069034322e-01,7.155431736736064252e-01,-1.001712200241002382e+00,3.565095890573919402e-01,6.685530622771167497e-01,8.297887986086813772e-01,-1.610311210299107065e+00,-5.730026293093103407e-01,7.930970426240364635e-01,2.265513583991358271e+00,2.955103256774792353e+00,2.126680436863814805e+00,-2.496974192302229056e+00,4.885349474746393250e-01,2.258707164098977316e+00
3.382254836557704980e+00,-1.354002288805840060e+00,2.266333865119248003e-02,-2.601955359731774609e-01,9.050745441155852999e-01,7.117314054021868230e-01,-9.963715020540500067e-01,3.715129139414170556e-01,6.881477022579152170e-01,8.438623211393698753e-01,-1.626911919811939056e+00,-5.697765513463685094e-01,8.079838163487267355e-01,2.232355505142720631e+00,2.919205273286780589e+00,2.092409822169210010e+00,-2.479664391837110848e+00,4.785941636422279544e-01,2.204332134708999469e+00
3.388925950633755679e+00,-1.351474459844656639e+00,2.731873655397371037e-02,-2.545197333457429600e-01,8.941661887799166042e-01,7.079409353004022520e-01,-9.909327030891148524e-01,3.862924974301421566e-01,7.074995859007602306e-01,8.577041970926380099e-01,-1.643392069382950238e+00,-5.666177593139716251e-01,8.225075668359734804e-01,2.198438300985942728e+00,2.882327335332998786e+00,2.057234984375789999e+00,-2.460830594662480220e+00,4.683644401060014228e-01,2.149877033061392773e+00
3.395597064709806379e+00,-1.348848794868013234e+00,3.210240528974031560e-02,-2.487523793241952219e-01,8.831483228673168151e-01,7.041713081477281033e-01,-9.853982267090102276e-01,4.008433234324038641e-01,7.266022248119088367e-01,8.713084385385754249e-01,-1.659741498529043735e+00,-5.635281442722795964e-01,8.366678446080785259e-01,2.163776449140627278e+00,2.844484189414826503e+00,2.021169246251767859e+00,-2.440474802896114959e+00,4.578567422169214085e-01,2.095367238809586752e+00
3.402268178785857078e+00,-1.346126836403929383e+00,3.701266075206569028e-02,-2.428950789189063542e-01,8.720218522769902503e-01,7.004220563532992383e-01,-9.797704987108480923e-01,4.151604734558001497e-01,7.454492301275399413e-01,8.846691475788499570e-01,-1.675950062555349174e+00,-5.605095236204618026e-01,8.504643692569605617e-01,2.128384731123980078e+00,2.805690927088547948e+00,1.984226275583477639e+00,-2.418599747664094579e+00,4.470821872803993902e-01,2.040828057597304124e+00
3.408939292861907777e+00,-1.343310159461110764e+00,4.204777655202350528e-02,-2.369494761791389181e-01,8.607877505183800793e-01,6.966927004506499044e-01,-9.740519461998871087e-01,4.292391286144462970e-01,7.640343147952415315e-01,8.977805186299578910e-01,-1.692007637416876875e+00,-5.575636401012435961e-01,8.638970289149555670e-01,2.092278226460968060e+00,2.765962978824656471e+00,1.946420079636512979e+00,-2.395208888559094529e+00,4.360520390735352914e-01,1.986284710430986422e+00
3.415610406937958476e+00,-1.340400370857875556e+00,4.720598470488054921e-02,-2.309172535696912831e-01,8.494470585572068133e-01,6.929827495989757669e-01,-9.682449964671391296e-01,4.430745715970144660e-01,7.823512958141151108e-01,9.106368406690910078e-01,-1.707904124575470028e+00,-5.546921608422699101e-01,8.769658796549105739e-01,2.055472306664815729e+00,2.725316107741070581e+00,1.907764999485861424e+00,-2.370306412762180681e+00,4.247777022883800768e-01,1.931762323112244051e+00
3.422281521014009176e+00,-1.337399108538086967e+00,5.248547633158950898e-02,-2.248001313326856987e-01,8.380008846291308044e-01,6.892917020906639269e-01,-9.623520758712158507e-01,4.566621885941901660e-01,8.003940964326523577e-01,9.232324994417457908e-01,-1.723629455849773562e+00,-5.518966764347753573e-01,8.896711448199750016e-01,2.017982629090274482e+00,2.683766403212901164e+00,1.868275704217439603e+00,-2.343897233828415416e+00,4.132707169037053152e-01,1.877285915734713928e+00
3.428952635090059875e+00,-1.334308040874366608e+00,5.788440237480335648e-02,-2.185998668347630125e-01,8.264504040210807201e-01,6.856190458648414587e-01,-9.563756087248798110e-01,4.699974711846985898e-01,8.181567483035883104e-01,9.355619796302292457e-01,-1.739173598255953523e+00,-5.491787000500454319e-01,9.020132142835903810e-01,1.979825130662119959e+00,2.641330274361413544e+00,1.827967185003462891e+00,-2.315986990136716717e+00,4.015427524878023569e-01,1.822880392249621950e+00
3.435623749166110574e+00,-1.331128865958862040e+00,6.340087432911879761e-02,-2.123182538999389135e-01,8.147968588203345908e-01,6.819642590266989934e-01,-9.503180161867613718e-01,4.830760181790934027e-01,8.356333935949162850e-01,9.476198669822296639e-01,-1.754526558836997818e+00,-5.465396665940900345e-01,9.139926436400702681e-01,1.941016021481396070e+00,2.598024443424856500e+00,1.786854749054105129e+00,-2.286582043004607989e+00,3.896056024347609448e-01,1.768570530104279559e+00
3.442294863242161274e+00,-1.327863310881864045e+00,6.903296498525324232e-02,-2.059571221284009768e-01,8.030415576314262616e-01,6.783268103723153475e-01,-9.441817151587091894e-01,4.958935374204813673e-01,8.528182870562920348e-01,9.594008503986264369e-01,-1.769678389478286151e+00,-5.439809319009981659e-01,9.256101533263413339e-01,1.901571778312008743e+00,2.553865939013931552e+00,1.744954013448016372e+00,-2.255689474468601574e+00,3.774711781368876862e-01,1.714380969957820078e+00
3.448965977318211973e+00,-1.324513130998550503e+00,7.477870918785596566e-02,-1.995183362015112705e-01,7.911858752609763901e-01,6.747061599187397229e-01,-9.379691171892268198e-01,5.084458475414156409e-01,8.697057980400655364e-01,9.708997239797487744e-01,-1.784619191707279784e+00,-5.415037719653621462e-01,9.368666276753196964e-01,1.861509137950261517e+00,2.508872089254650550e+00,1.702280898844229506e+00,-2.223317084731115223e+00,3.651515030957512287e-01,1.660336205478296412e+00
3.455637091394262672e+00,-1.321080109184162632e+00,8.063610460665046609e-02,-1.930037951733022117e-01,7.792312523705646754e-01,6.711017594390592533e-01,-9.316826273834475369e-01,5.207288796761593286e-01,8.862904124762105429e-01,9.821113890292996196e-01,-1.799339121475020953e+00,-5.391093822141943548e-01,9.477631139015408879e-01,1.820845090480047501e+00,2.463060514821439284e+00,1.658851623078132498e+00,-2.189473389275037984e+00,3.526587069745638625e-01,1.606460573225296784e+00
3.462308205470313371e+00,-1.317566055077906251e+00,8.660311252059378628e-02,-1.864154317487445311e-01,7.671791950977705499e-01,6.675130530021928799e-01,-9.253246433201022247e-01,5.327386791275938727e-01,9.025667348004086099e-01,9.930308560151778208e-01,-1.813828393917330972e+00,-5.367988768187048620e-01,9.583008210195576027e-01,1.779596872416402409e+00,2.416449121863313731e+00,1.614682694644111738e+00,-2.154167615647099687e+00,3.400050195944674947e-01,1.552778242622207872e+00
3.468979319546364071e+00,-1.313972804315889364e+00,9.267765861474107358e-02,-1.797552115490834712e-01,7.550312746455263291e-01,6.639394775171427732e-01,-9.188975539759287603e-01,5.444714069880088880e-01,9.185294898345980341e-01,1.003653246486446493e+00,-1.828077288093399755e+00,-5.345732880463122116e-01,9.684811186957769102e-01,1.737781959740242410e+00,2.369056094826101244e+00,1.569790906067656255e+00,-2.117409699911463328e+00,3.272027648774737396e-01,1.499313206022180101e+00
3.475650433622414770e+00,-1.310302217753401832e+00,9.885763378949423419e-02,-1.730251323645317363e-01,7.427891268399399172e-01,6.603804632814312958e-01,-9.124037386579604281e-01,5.559233417130873267e-01,9.341735246192952591e-01,1.013973794945729257e+00,-1.842076151699670650e+00,-5.324335656532284133e-01,9.783055360343204665e-01,1.695418060827076800e+00,2.320899889173583919e+00,1.524193327169593992e+00,-2.079210282775008967e+00,3.142643547386904657e-01,1.446089268871791678e+00
3.482321547698465469e+00,-1.306556180676849532e+00,1.051408949819134520e-01,-1.662272233946245903e-01,7.304544516567575974e-01,6.568354345334556088e-01,-9.058455659441227992e-01,5.670908806483521136e-01,9.494938101970430422e-01,1.023987850676322475e+00,-1.855815405756731984e+00,-5.303805763179562094e-01,9.877757602976462437e-01,1.652523109272596713e+00,2.271999224010598617e+00,1.477907298225340504e+00,-2.039580705386033088e+00,3.012022829306179594e-01,1.393130039976345769e+00
3.488992661774516169e+00,-1.302736602005672983e+00,1.115252659987585604e-01,-1.593635444765377218e-01,7.180290127166579772e-01,6.533038100084844757e-01,-8.992253926325953772e-01,5.779705415074305463e-01,9.644854433463121435e-01,1.033690879523321726e+00,-1.869285549267139412e+00,-5.284151031160031486e-01,9.968936355625408474e-01,1.609115256618072642e+00,2.222373074611102339e+00,1.430950423021934093e+00,-1.998533004808112246e+00,2.880291188422305915e-01,1.340458921870796072e+00
3.495663775850566868e+00,-1.298845413484558176e+00,1.180085383609342370e-01,-1.524361853016779067e-01,7.055146367495738202e-01,6.497850034980187095e-01,-8.925455627003409109e-01,5.885589638014601110e-01,9.791436482652605688e-01,1.043078465628107132e+00,-1.882477163841954848e+00,-5.265378450360990170e-01,1.005661161312250140e+00,1.565212864978501761e+00,2.172040664854239633e+00,1.383340561815763259e+00,-1.956079909171136499e+00,2.747575012556182639e-01,1.288099101300060889e+00
3.502334889926617567e+00,-1.294884568866286889e+00,1.245884721589931438e-01,-1.454472646208627151e-01,6.929132130282655844e-01,6.462784244122429245e-01,-8.858084062712496820e-01,5.988529102189936726e-01,9.934637782047197607e-01,1.052146313115513987e+00,-1.895380918293851025e+00,-5.247494165382079467e-01,1.014080490965478365e+00,1.520834499576588561e+00,2.121021459571572176e+00,1.335095824193928138e+00,-1.912234832501624737e+00,2.614001320630219283e-01,1.236073539812649447e+00
3.509006004002668266e+00,-1.290856043085536253e+00,1.312627969193693733e-01,-1.383989294384003754e-01,6.802266927713604971e-01,6.427834783452822665e-01,-8.790162385942930090e-01,6.088492679558000775e-01,1.007441317049861951e+00,1.060890247733082159e+00,-1.907987573194688480e+00,-5.230503471535699056e-01,1.022153930343034034e+00,1.475998921185506019e+00,2.069335156808482346e+00,1.286234561842115820e+00,-1.867011869234519672e+00,2.479697699470060357e-01,1.184404964471192034e+00
3.515677118078718966e+00,-1.286761831423987479e+00,1.380292124809835985e-01,-1.312933541953996142e-01,6.674570885161261735e-01,6.392995676429902296e-01,-8.721713590321164000e-01,6.185450499939459945e-01,1.021071880849945934e+00,1.069306218441742784e+00,-1.920287985395396024e+00,-5.214410811270242530e-01,1.029883936072893302e+00,1.430725078483668700e+00,2.017001680003045472e+00,1.236775361222079983e+00,-1.820425788408953860e+00,2.344792240266875272e-01,1.133115858683749089e+00
3.522348232154769665e+00,-1.282603948667061955e+00,1.448853898818838748e-01,-1.241327399426278288e-01,6.546064734612083713e-01,6.358260919729764593e-01,-8.652760500604831373e-01,6.279373963296023264e-01,1.034351219295629676e+00,1.077390298957370707e+00,-1.932273112506120771e+00,-5.199219771018201985e-01,1.037273113934508828e+00,1.385032100324538717e+00,1.964041170085430554e+00,1.186737036161643832e+00,-1.772492027550417681e+00,2.209413474727902060e-01,1.082228453159403081e+00
3.529019346230820364e+00,-1.278384428252649307e+00,1.518289722555616617e-01,-1.169193135032549902e-01,6.416769807796323111e-01,6.323624488965996493e-01,-8.583325762789504321e-01,6.370235751489908838e-01,1.047275217143320170e+00,1.085138689242615140e+00,-1.943934017334482123e+00,-5.184933078471219980e-01,1.044324217143224098e+00,1.338939287924744370e+00,1.910473977501152554e+00,1.136138620360377827e+00,-1.723226686242138150e+00,2.073690310944645843e-01,1.031764716991771413e+00
3.535690460306871064e+00,-1.274105321412155822e+00,1.588575757365938701e-01,-1.096553266258088188e-01,6.286708029023337918e-01,6.289080344426334346e-01,-8.513431834332012560e-01,6.458009839519724959e-01,1.059839895586059955e+00,1.092547716948465863e+00,-1.955261872279961954e+00,-5.171552600283789713e-01,1.051040144575610125e+00,1.292466106973638951e+00,1.856320654161339956e+00,1.084999359813964004e+00,-1.672646519388361508e+00,1.937751969006925590e-01,9.817463488739590627e-01
3.542361574382921763e+00,-1.269768696304240718e+00,1.659687903752503080e-01,-1.023430551276844624e-01,6.155901907725276345e-01,6.254622436823177312e-01,-8.443100974493962241e-01,6.542671506227247802e-01,1.072041413570488100e+00,1.099613838805017840e+00,-1.966247963682278055e+00,-5.159079340207308739e-01,1.057423938936688401e+00,1.245632179667628403e+00,1.801601945323339837e+00,1.033338705160426585e+00,-1.620768930172634459e+00,1.801727916392406037e-01,9.321947684483644636e-01
3.549032688458972462e+00,-1.265376637141581107e+00,1.731601810607052150e-01,-9.498479802954692963e-02,6.024374530712295339e-01,6.220244713055164132e-01,-8.372355234809548685e-01,6.624197344470531545e-01,1.083876069059402258e+00,1.106333641960924652e+00,-1.976883696121817025e+00,-5.147513437655776292e-01,1.063478784869865912e+00,1.198457276672503680e+00,1.746338781404940033e+00,9.811763039513362594e-01,-1.567611962714094975e+00,1.665747803160126939e-01,8.831311077947834320e-01
3.555703802535023161e+00,-1.260931243311035788e+00,1.804292884524903995e-01,-8.758287668096835510e-02,5.892149554142517287e-01,6.185941121976833434e-01,-8.301216449681261267e-01,6.702565270758447102e-01,1.095340300239508791e+00,1.112703845271051595e+00,-1.987160596670063839e+00,-5.136854166704398761e-01,1.069208007010576278e+00,1.150961309017114687e+00,1.690552269735507540e+00,9.285319928511764909e-01,-1.513194294425042052e+00,1.529941396977479440e-01,8.345762030600969439e-01
3.562374916611073861e+00,-1.256434628487559602e+00,1.877736299198161651e-01,-8.013963387765457580e-02,5.759251195210208785e-01,6.151705620173543165e-01,-8.229706227107393968e-01,6.777754534342229631e-01,1.106430686673930630e+00,1.118721300531854812e+00,-1.997070319088050327e+00,-5.127099935522124730e-01,1.074615067984558081e+00,1.103164319921775549e+00,1.634263686247457992e+00,8.754257897681185785e-01,-1.457535228073221223e+00,1.394438518010245320e-01,7.865505862328578957e-01
3.569046030687124560e+00,-1.251888919742232709e+00,1.951907004884037844e-01,-7.265743297059749917e-02,5.625704223555564321e-01,6.117532177738697063e-01,-8.157845939544738911e-01,6.849745725759850412e-01,1.117143950399116292e+00,1.124382993664052144e+00,-2.006604647970891442e+00,-5.118248286238924472e-01,1.079703566351758459e+00,1.055086476564692788e+00,1.577494467111292487e+00,8.218778859193323072e-01,-1.400654683552213786e+00,1.259368973704471650e-01,7.390744770658623786e-01
3.575717144763175259e+00,-1.247296256644779167e+00,2.026779737944418569e-01,-6.513865696752417500e-02,5.491533952399980656e-01,6.083414784050436008e-01,-8.085656714910394172e-01,6.918520784829068626e-01,1.127476956965750343e+00,1.129686045842144493e+00,-2.015755502836441337e+00,-5.110295895248391229e-01,1.084477234496849629e+00,1.006748061789958681e+00,1.520266200317733407e+00,7.679086378342188102e-01,-1.342573189363729380e+00,1.124862493490360049e-01,6.921677751499690778e-01
3.582388258839225958e+00,-1.242658790360932519e+00,2.102329030453035652e-01,-5.758570762698071721e-02,5.356766229410386826e-01,6.049347453544846598e-01,-8.013159427725934369e-01,6.984063008085563684e-01,1.137426716423350026e+00,1.134627714570397128e+00,-2.024514942156193431e+00,-5.103238573946150547e-01,1.088939936467377745e+00,9.581694657604118426e-01,1.462600617210230602e+00,7.135385592987137926e-01,-1.283311873815431881e+00,9.910486634370335723e-02,6.458500521420953433e-01
3.589059372915276658e+00,-1.237978682745030978e+00,2.178529219866380817e-01,-5.000100454542543565e-02,5.221427427296732038e-01,6.015324231482767070e-01,-7.940374690407669966e-01,7.046357055662393343e-01,1.146990384248206984e+00,1.139205394704883467e+00,-2.032875167326508858e+00,-5.097071269904244195e-01,1.093095665760588808e+00,9.093711775589734536e-01,1.404519583971365559e+00,6.587883132440717215e-01,-1.222892455938330958e+00,8.580568608885474902e-02,6.001405441504994442e-01
3.595730486991327357e+00,-1.233258105428203022e+00,2.255354458754713354e-01,-4.238698423767715828e-02,5.085544434146488380e-01,5.981339199707356169e-01,-7.867322844705996188e-01,7.105388957607585709e-01,1.156165262214408074e+00,1.143416619421258051e+00,-2.040828526578336799e+00,-5.091788068481585272e-01,1.096948543059997228e+00,8.603737767418049298e-01,1.346045093066464693e+00,6.036787035833320880e-01,-1.161337236127665928e+00,7.260161891099298215e-02,5.550581442800890386e-01
3.602401601067378056e+00,-1.228499238902536206e+00,2.332778724589177899e-01,-3.474609921109640676e-02,4.949144643500552054e-01,5.947386482389392937e-01,-7.794023953297612994e-01,7.161146119636701002e-01,1.164948799207623953e+00,1.147259061127889446e+00,-2.048367518823577704e+00,-5.087382194870242458e-01,1.100502813922755063e+00,8.111979248469465276e-01,1.287199254648009994e+00,5.482306669989275294e-01,-1.098669086511556259e+00,5.950554119737572201e-02,5.106213953407845452e-01
3.609072715143428756e+00,-1.223704271601588012e+00,2.410775829581355556e-01,-2.708081703385183808e-02,4.812255944174593791e-01,5.913460251757537423e-01,-7.720497791533508236e-01,7.213617328317577515e-01,1.173338591981444967e+00,1.150730532324060196e+00,-2.055484797436319511e+00,-5.083846016577250326e-01,1.103762846418929744e+00,7.618643568618496120e-01,1.228004287924168381e+00,4.924652646846638948e-01,-1.034911441051562964e+00,4.653028887161825278e-02,4.668484827215553246e-01
3.615743829219479455e+00,-1.218875398977636415e+00,2.489319430571294567e-01,-1.939361939765258530e-02,4.674906709830506379e-01,5.879554733810556932e-01,-7.646763839346072400e-01,7.262792755684552848e-01,1.181332385856018963e+00,1.153828986402933632e+00,-2.062173173967130069e+00,-5.081171046341318442e-01,1.106733128723806248e+00,7.123938726534676524e-01,1.168482512495034875e+00,4.364036740455577990e-01,-9.700882853797367922e-01,3.368865087926564694e-02,4.237572274329064470e-01
3.622414943295530154e+00,-1.214014822576037655e+00,2.568383038960295739e-01,-1.168700117530154653e-02,4.537125788302235341e-01,5.845664214008632342e-01,-7.572841273318263733e-01,7.308663963279824483e-01,1.188928075358802960e+00,1.156552518399018847e+00,-2.068425621788689384e+00,-5.079347945483765336e-01,1.109418266664352393e+00,6.628073283643896030e-01,1.108656339659952694e+00,3.800671803588027142e-01,-9.042241463765301468e-01,2.099336268627072233e-02,3.813650793203291478e-01
3.629086057371580853e+00,-1.209124749107080232e+00,2.647940030684428070e-01,-3.963469473452073399e-03,4.398942490680793904e-01,5.811783042940898980e-01,-7.498748958918055596e-01,7.351223905619852506e-01,1.196123704807229071e+00,1.158899365679881388e+00,-2.074235279671061249e+00,-5.078366527692613763e-01,1.111822981220966788e+00,6.131256277786681919e-01,1.048548263699483174e+00,3.234771683993362679e-01,-8.373440814942827437e-01,8.457099793329314608e-03,3.396891104513630744e-01
3.635757171447631553e+00,-1.204207389515722815e+00,2.727963656225020905e-01,3.774457319062195226e-03,4.260386580163180170e-01,5.777905641966258887e-01,-7.424505442900952712e-01,7.390466933084802736e-01,1.202917468833143211e+00,1.160867908581883601e+00,-2.079595455284874106e+00,-5.078215763238759228e-01,1.113952105985724916e+00,5.633697136609591150e-01,9.881808531355019687e-01,2.666551140334031400e-01,-7.694736678310993838e-01,-3.907528730911602466e-03,2.987460086786404290e-01
3.642428285523682252e+00,-1.199264958049592211e+00,2.808427050652161361e-01,1.152425048695403936e-02,4.121488260670008175e-01,5.744026508824680022e-01,-7.350128945883541709e-01,7.426388794229483725e-01,1.209307712848866290e+00,1.162456670989739704e+00,-2.084499628630831047e+00,-5.078883783622830661e-01,1.115810584578242226e+00,5.135605590725397240e-01,9.275767419728904173e-01,2.096225757834904169e-01,-7.006389909598520482e-01,-1.608798669491451339e-02,2.585520713813309612e-01
3.649099399599732951e+00,-1.194299671325637746e+00,2.889303243697376455e-01,1.928337194788650594e-02,3.982278165236873280e-01,5.710140223216009225e-01,-7.275637355090689429e-01,7.458986637514195550e-01,1.215292933454792390e+00,1.163664320859724377e+00,-2.088941455393850344e+00,-5.080357886651227783e-01,1.117403468020429225e+00,4.637191586679131339e-01,8.667586209263546948e-01,1.524011863681120627e-01,-6.308666335174808459e-01,-2.807181720452422979e-02,2.191231993872206907e-01
3.655770513675783651e+00,-1.189313747395819298e+00,2.970565169851521192e-01,2.704927521517962868e-02,3.842787344184482867e-01,5.676241452343526728e-01,-7.201048217279366614e-01,7.488259012454558938e-01,1.220871778788402917e+00,1.164489670686356337e+00,-2.092914770220343446e+00,-5.082624541939492202e-01,1.118735912071267657e+00,4.138665199755811042e-01,8.057492286358645117e-01,9.501264421982469344e-02,-5.601836635594894531e-01,-3.984664905562063097e-02,1.804748910777300708e-01
3.662441627751834350e+00,-1.184309404812229349e+00,3.052185678483989584e-01,3.481940636343885259e-02,3.703047253072855316e-01,5.642324956419366710e-01,-7.126378731841456204e-01,7.514205870189100134e-01,1.226043048814660530e+00,1.164931677912445895e+00,-2.096413589916996223e+00,-5.085669396841209222e-01,1.119813174522910515e+00,3.640236546667185991e-01,7.445713428742495310e-01,3.747870498497785086e-02,-4.886176226850520443e-01,-5.140020309613424487e-02,1.426222366779179573e-01
3.669112741827885049e+00,-1.179288861692022738e+00,3.134137543979390039e-01,4.259120499673418186e-02,3.563089740444645437e-01,5.608385594128982854e-01,-7.051645744088234080e-01,7.536828563464172959e-01,1.230805695557728008e+00,1.164989445282374358e+00,-2.099432116569610152e+00,-5.089477282800186630e-01,1.120640612459284924e+00,3.142115698153272740e-01,6.832477717503941950e-01,-2.017882699144835090e-02,-4.161965139378271950e-01,-6.272029855458216563e-02,1.055799127335519394e-01
3.675783855903935748e+00,-1.174254334782561138e+00,3.216393475887620035e-01,5.036210521894039088e-02,3.422947035363269608e-01,5.574418328051791161e-01,-6.976865738719035814e-01,7.556129846035615216e-01,1.235158823273995399e+00,1.164662221138534903e+00,-2.101964740580482438e+00,-5.094032222123594522e-01,1.121223679478501101e+00,2.644512591536456458e-01,6.218013449116374103e-01,-7.793810719236049511e-02,-3.429487894881084742e-01,-7.379485933214247062e-02,6.936217677725142750e-02
3.682454969979986448e+00,-1.169208038527137727e+00,3.298926129083672998e-01,5.812953660587303478e-02,3.282651734751012018e-01,5.540418230035261127e-01,-6.902054833476169993e-01,7.572113871486947367e-01,1.239101688566430770e+00,1.163949399660861861e+00,-2.104006043622896449e+00,-5.099317435173631452e-01,1.121567922880303492e+00,2.147636943263744325e-01,5.602549047487412892e-01,-1.357772594631113661e-01,-2.689033381016123769e-01,-8.461192025545716255e-02,3.398286218545809589e-02
3.689126084056037147e+00,-1.164152184131699297e+00,3.381708113932979098e-01,6.589092517882406963e-02,3.142236790532959567e-01,5.506380486519649731e-01,-6.827228772988844785e-01,7.584786191464254479e-01,1.242633700440271216e+00,1.162850521049407115e+00,-2.105550801511321346e+00,-5.105315347974850315e-01,1.121678980819860394e+00,1.651698161475262383e-01,4.986312976070791936e-01,-1.936743845505142225e-01,-1.940894724007233840e-01,-9.515963328720322689e-02,-5.446267718167696614e-04
3.695797198132087846e+00,-1.159088978632931477e+00,3.464712006458582905e-01,7.364369437913181882e-02,3.001735496592246033e-01,5.472300403810582692e-01,-6.752402922807861918e-01,7.594153753327942402e-01,1.245754420300115184e+00,1.161365271649946962e+00,-2.106593986985955791e+00,-5.112007600234379501e-01,1.121562579429172812e+00,1.156905258634829403e-01,4.369533650074085562e-01,-2.516075686429800617e-01,-1.185369159237290582e-01,-1.054262736916335985e-01,-3.420731968687729108e-02
3.702468312208138546e+00,-1.154020623968104564e+00,3.547910358506142225e-01,8.138526604339482717e-02,2.861181475542433073e-01,5.438173413296790715e-01,-6.677592263633569392e-01,7.600224897222036535e-01,1.248463561888484508e+00,1.159493484022618759e+00,-2.107130772410292341e+00,-5.119375053771819672e-01,1.121224529907401513e+00,6.634667642598313098e-02,3.752439348797848018e-01,-3.095548919082735662e-01,-4.227578998792003162e-02,-1.154002461522224410e-01,-6.699268457414220279e-02
3.709139426284189245e+00,-1.148949316047073843e+00,3.631275707902915095e-01,8.911306137895616541e-02,2.720608665322912234e-01,5.403995076610214054e-01,-6.602811385738680539e-01,7.603009352561579393e-01,1.250760991165972946e+00,1.157235136953629340e+00,-2.107156532380380476e+00,-5.127397801355619844e-01,1.120670725581458749e+00,1.715906377875198174e-02,3.135258128140520073e-01,-3.674944370254642489e-01,3.466339963748410469e-02,-1.250700908385569132e-01,-9.888863223246824319e-02
3.715810540360239944e+00,-1.143877243826812773e+00,3.714780588606764189e-01,9.682450193927558124e-02,2.580051305623154434e-01,5.369761090725866381e-01,-6.528074483588379717e-01,7.602518233939448145e-01,1.252646726133074484e+00,1.154590355410062719e+00,-2.106666846244596325e+00,-5.136055175942390028e-01,1.119907138938129876e+00,-3.185158183861924730e-02,2.518217733303892425e-01,-4.254042977076620824e-01,1.122497762427863144e-01,-1.344244894197341722e-01,-1.298835204083621520e-01
3.722481654436290643e+00,-1.138806588388873164e+00,3.798397540841357278e-01,1.045170105988085657e-01,2.439543924141965303e-01,5.335467292998663513e-01,-6.453395350659181240e-01,7.598764036453643511e-01,1.254120936593867919e+00,1.151559410437878350e+00,-2.105657500532652548e+00,-5.145325760315520025e-01,1.118939818629117511e+00,-8.066460456577195792e-02,1.901545511733792049e-01,-4.832625872120572819e-01,1.904521058673585010e-01,-1.434522710213974594e-01,-1.599661577588697980e-01
3.729152768512341343e+00,-1.133739522020150492e+00,3.882099121213648529e-01,1.121880125270180995e-01,2.299121322687667779e-01,5.301109666134692366e-01,-6.378787374458553261e-01,7.591760630456709791e-01,1.255183943861695184e+00,1.148142719003185874e+00,-2.104124491292732380e+00,-5.155187397119231907e-01,1.117774886450291438e+00,-1.292594315720917431e-01,1.285468326330032607e-01,-5.410474468339212528e-01,2.692388111613612800e-01,-1.521424181237363005e-01,-1.891258076127706467e-01
3.735823882588392042e+00,-1.128678207297351799e+00,3.965857912809834240e-01,1.198349361611378561e-01,2.158818563125548817e-01,5.266684343094188980e-01,-6.304263531746752136e-01,7.581523255728911392e-01,1.255836220407058779e+00,1.144340843776926464e+00,-2.102064026335560776e+00,-5.165617199284052719e-01,1.116418534296557130e+00,-1.776155816788715924e-01,6.702124689600719165e-02,-5.987370543810941470e-01,3.485779854131787481e-01,-1.604840723976123096e-01,-2.173521915290121953e-01
3.742494996664442741e+00,-1.123624796175532792e+00,4.049646535265864489e-01,1.274552141773112601e-01,2.018670953178663963e-01,5.232187611923697634e-01,-6.229836383962693569e-01,7.568068515077335245e-01,1.256078389447918608e+00,1.140154492863083124e+00,-2.099472527384396159e+00,-5.176591560839518547e-01,1.114877021093634513e+00,-2.257126739495626255e-01,5.600357431036151468e-03,-6.563096326256249169e-01,4.284374067365146477e-01,-1.684665404762013541e-01,-2.446354926511444816e-01
3.749166110740493441e+00,-1.118581429081107803e+00,4.133437654808709283e-01,1.350462844597273004e-01,1.878714032088450447e-01,5.197615920514786492e-01,-6.155518072855217238e-01,7.551414367363082913e-01,1.255911224482648469e+00,1.135584519470604903e+00,-2.096346632129833409e+00,-5.188086168109599106e-01,1.113156669708164737e+00,-2.735304362443775616e-01,-5.569334658904045998e-02,-7.137434577291076332e-01,5.087845524105267803e-01,-1.760792996593465443e-01,-2.709663588568553827e-01
3.755837224816544140e+00,-1.113550234009687667e+00,4.217203994264570599e-01,1.426055910673828531e-01,1.738983556141403264e-01,5.162965881286888381e-01,-6.081320316321143782e-01,7.531580119959037090e-01,1.255335648765897538e+00,1.130631921529211770e+00,-2.092683196188479755e+00,-5.200076011286466349e-01,1.111263863837467225e+00,-3.210487137357165288e-01,-1.168374588242959700e-01,-7.710168676384265840e-01,5.895866133667968523e-01,-1.833120035480871879e-01,-2.963359057016412557e-01
3.762508338892594839e+00,-1.108533325629151411e+00,4.300918343030244451e-01,1.501305851980945238e-01,1.599515484068367299e-01,5.128234275791575536e-01,-6.007254404451409791e-01,7.508586420640961379e-01,1.254352734727652408e+00,1.125297841249311537e+00,-2.088479294964479926e+00,-5.212535396377625529e-01,1.109205044880380964e+00,-3.682474773807018487e-01,-1.778096642610175193e-01,-8.281082704484953316e-01,6.708105088163733853e-01,-1.901544876065952572e-01,-3.207357191558464216e-01
3.769179452968645538e+00,-1.103532804388306143e+00,4.384553567003812713e-01,1.576187261493884051e-01,1.460345962322891489e-01,5.093418059235979012e-01,-5.933331195786659684e-01,7.482455248914953172e-01,1.252963703335787660e+00,1.119583564626234207e+00,-2.083732225413046812e+00,-5.225437957521683607e-01,1.106986708790510754e+00,-4.151068323472880683e-01,-2.385877476577535905e-01,-8.849961527286842600e-01,7.524229010105338844e-01,-1.965967746490254742e-01,-3.441578581342352727e-01
3.775850567044696238e+00,-1.098550755631524822e+00,4.468082618470974876e-01,1.650674822758991800e-01,1.321511310245184201e-01,5.058514364922834794e-01,-5.859561113783229302e-01,7.453209906784401539e-01,1.251169923402437600e+00,1.113490520889057755e+00,-2.078439507705072131e+00,-5.238756669667552490e-01,1.104615402913298849e+00,-4.616070263903502280e-01,-2.991496019408548257e-01,-9.416590878096176009e-01,8.343902101285061157e-01,-2.026290802486514497e-01,-3.665948568175458888e-01
3.782521681120746937e+00,-1.093589248719727847e+00,4.551478545943188903e-01,1.724743319429050681e-01,1.183048005118455814e-01,5.023520508604674140e-01,-5.785954143490648072e-01,7.420875008959941788e-01,1.248972910834548644e+00,1.107020281894293579e+00,-2.072598886792020423e+00,-5.252463861611791351e-01,1.102097722808316860e+00,-5.077284581741323688e-01,-3.594732365461842383e-01,-9.980757440270123793e-01,9.166786292853998930e-01,-2.082418180667272578e-01,-3.880397267654318583e-01
3.789192795196797636e+00,-1.088650336158078380e+00,4.634714503943998531e-01,1.798367644756377892e-01,1.044992667124080288e-01,4.988433992749967683e-01,-5.712519828441637859e-01,7.385476472516108171e-01,1.246374327828955408e+00,1.100174561464719813e+00,-2.066208333870333647e+00,-5.266531229388793367e-01,1.099440309058137277e+00,-5.534516855375981592e-01,-4.195367857037876624e-01,-1.054224892919330081e+00,9.992541396537739651e-01,-2.134256050986382824e-01,-4.084859588202960357e-01
3.795863909272848336e+00,-1.083736052730767563e+00,4.717763762739836109e-01,1.871522811039988687e-01,9.073820442025486155e-02,4.953252510718663126e-01,-5.639267267755289081e-01,7.347041505998574973e-01,1.243375982012406400e+00,1.092955214673705377e+00,-2.059266047744569672e+00,-5.280929850007984871e-01,1.096649844065231028e+00,-5.987574336990710844e-01,-4.793185166622636606e-01,-1.110085417375945793e+00,1.082082525691783870e+00,-2.181712668347562945e-01,-4.279275248017424538e-01
3.802535023348899035e+00,-1.078848414643240661e+00,4.800599718011603900e-01,1.944183959023207398e-01,7.702529968267878002e-02,4.917973950845053732e-01,-5.566205113454374409e-01,7.305598597986191489e-01,1.239979825526917434e+00,1.085364237075335581e+00,-2.051770456088647165e+00,-5.295630195532572415e-01,1.093733048838228417e+00,-6.436266033967411593e-01,-5.387968378496502675e-01,-1.165636319732634263e+00,1.165129390471302706e+00,-2.224698423336864961e-01,-4.463588789912287247e-01
3.809206137424949734e+00,-1.073989418672239404e+00,4.883195900463432326e-01,2.016326367238112927e-01,6.336424826948652833e-02,4.882596400425515681e-01,-5.493341567997322983e-01,7.261177505112187403e-01,1.236187954060916860e+00,1.077403763880728338e+00,-2.043720216604494766e+00,-5.310602147493563852e-01,1.090696679769006083e+00,-6.880402789614724623e-01,-5.979503069676224136e-01,-1.220856729811124364e+00,1.248360171098867211e+00,-2.263125892053735599e-01,-4.637749594068449888e-01
3.815877251501000433e+00,-1.069161041324012906e+00,4.965525985364999673e-01,2.087925461293254625e-01,4.975875413487050591e-02,4.847118149609046522e-01,-5.420684382025582337e-01,7.213809239549227037e-01,1.232002605826612029e+00,1.069076069080901803e+00,-2.035114218077559656e+00,-5.325815011633276974e-01,1.087547525401944215e+00,-7.319797363185662764e-01,-6.567576390159005628e-01,-1.275725912899594583e+00,1.331740154222732953e+00,-2.296909885018169062e-01,-4.801711888680015861e-01
3.822548365577051133e+00,-1.064365238001057090e+00,5.047563802023888879e-01,2.158956823101097211e-01,3.621252787259940376e-02,4.811537695188295993e-01,-5.348240852326491268e-01,7.163526055963028716e-01,1.227426160484079265e+00,1.060383564516621302e+00,-2.025951581328572004e+00,-5.341237532971891966e-01,1.084292403196805976e+00,-7.754264509149432216e-01,-7.151977142437430102e-01,-1.330223277670919968e+00,1.415234491618789336e+00,-2.325967495129577234e-01,-4.955434758501695569e-01
3.829219479653101832e+00,-1.059603942177728131e+00,5.129283343184372068e-01,2.229396200041641740e-01,2.272928516519073794e-02,4.775853744289126901e-01,-5.276017820012517401e-01,7.110361437939822782e-01,1.222461138012546300e+00,1.051328798895627248e+00,-2.016231660061112763e+00,-5.356837911190774904e-01,1.080938156286594065e+00,-8.183621055684545675e-01,-7.732495860254444686e-01,-1.384328384035569126e+00,1.498808215848586700e+00,-2.350218144655524810e-01,-5.098882151295702769e-01
3.835890593729152531e+00,-1.054879064585089399e+00,5.210658774349148370e-01,2.299219514058743197e-01,9.312745227794863578e-03,4.740065217956404564e-01,-5.204021668916747334e-01,7.054350083892817480e-01,1.217110197529410964e+00,1.041914456757712770e+00,-2.005954041604490978e+00,-5.372583816325906536e-01,1.077491650231820142e+00,-8.607685982358629362e-01,-8.308924886567876644e-01,-1.438020950926027552e+00,1.582426255982126495e+00,-2.369583631226929166e-01,-5.232022882181288637e-01
3.842561707805203230e+00,-1.050192492405333189e+00,5.291664443020566155e-01,2.368402870685647754e-01,-4.033370752539983117e-03,4.704171254634159638e-01,-5.132258324205175581e-01,6.995527892453330399e-01,1.211376136057511044e+00,1.032143357388096927e+00,-1.995118547551546273e+00,-5.388442404764794968e-01,1.073959769772567796e+00,-9.026280496962348909e-01,-8.881058450694515605e-01,-1.491280864009715046e+00,1.666053453378551819e+00,-2.383988172818328755e-01,-5.354830635888361279e-01
3.849232821881253930e+00,-1.045546088476111413e+00,5.372274887857949599e-01,2.436922567996377964e-01,-1.730534118150114931e-02,4.668171213538009345e-01,-5.060733251205415950e-01,6.933931947352105496e-01,1.205261887241216190e+00,1.022018453679599537e+00,-1.983725234290991901e+00,-5.404380335540081015e-01,1.070349415579744168e+00,-9.439228111464194049e-01,-9.448692744604527682e-01,-1.544088183327384067e+00,1.749654577517492759e+00,-2.393358451691289801e-01,-5.467283966919911364e-01
3.855903935957304629e+00,-1.040941690505130524e+00,5.452464847747506838e-01,2.504755105479456456e-01,-3.049944562533890569e-02,4.632064677917897000e-01,-4.989451454452374368e-01,6.869600501797141767e-01,1.198770520011919416e+00,1.011542830944114124e+00,-1.971774393434003958e+00,-5.420363786912653081e-01,1.066667501006933527e+00,-9.846354717053055206e-01,-1.001162599833580025e+00,-1.596423150853927275e+00,1.833194341873883859e+00,-2.397623657279587261e-01,-5.569366297626370255e-01
3.862575050033355328e+00,-1.036381110295324426e+00,5.532209270781603960e-01,2.571877192830714365e-01,-4.361196638119610447e-02,4.595851458209297413e-01,-4.918417476950452394e-01,6.802572962353892194e-01,1.191905237203508605e+00,1.000719705673904336e+00,-1.959266552134781403e+00,-5.436358473237384858e-01,1.062920948844212621e+00,-1.024748865823722932e+00,-1.056965855450054281e+00,-1.648266197978739189e+00,1.916637419829239963e+00,-2.396715527995849637e-01,-5.661065914197760396e-01
3.869246164109406028e+00,-1.031866132980953532e+00,5.611483323143950930e-01,2.638265758661750837e-01,-5.663919004921116884e-02,4.559531595070933085e-01,-4.847635399652260313e-01,6.732889872334505421e-01,1.184669374118457963e+00,9.895524242532823811e-01,-1.946202473304859515e+00,-5.452329662104010710e-01,1.059116688075349533e+00,-1.064246080596686461e+00,-1.112259294185442338e+00,-1.699597952902593967e+00,1.999948460611990164e+00,-2.390568391938846515e-01,-5.742375960579657601e-01
3.875917278185456727e+00,-1.027398516274942386e+00,5.690262397897611901e-01,2.703897959120885597e-01,-6.957740910570701931e-02,4.523105362307310306e-01,-4.777108841153383523e-01,6.660592894702437317e-01,1.177066397045150037e+00,9.780444616212196074e-01,-1.932583155721000256e+00,-5.468242191745953384e-01,1.055261650639739424e+00,-1.103110462974936201e+00,-1.167023394790152713e+00,-1.750399247948283943e+00,2.083092105259868099e+00,-2.379119206482021021e-01,-5.813294430320339323e-01
3.882588392261507426e+00,-1.022979989727782923e+00,5.768522123672377155e-01,2.768751186423195620e-01,-8.242292347673244035e-02,4.486573269674176689e-01,-4.706840957603090625e-01,6.585724794499584478e-01,1.169099901727101321e+00,9.661994198854930715e-01,-1.918409834026550520e+00,-5.484060488709348036e-01,1.051362768200476028e+00,-1.141325626872566446e+00,-1.221238869050593978e+00,-1.800651126782030875e+00,2.166033002596944534e+00,-2.362307596723522973e-01,-5.873824156356315385e-01
3.889259506337558125e+00,-1.018612253998317119e+00,5.846238373248504594e-01,2.832803077286553117e-01,-9.517204211126881197e-02,4.449936065565309740e-01,-4.636834442830385372e-01,6.508329420802712040e-01,1.160773611784742254e+00,9.540210268889491863e-01,-1.903683978626180773e+00,-5.499748585774817400e-01,1.047426968919913381e+00,-1.178875460167760902e+00,-1.274886668848396853e+00,-1.850334851542982051e+00,2.248735825218286521e+00,-2.340075892779172051e-01,-5.923972798745360535e-01
3.895930620413608825e+00,-1.014296980136713655e+00,5.923387272033592277e-01,2.896031521270402420e-01,-1.078210845533695006e-01,4.413194739578908399e-01,-4.567091528684802393e-01,6.428451688216528792e-01,1.152091377090464830e+00,9.415131347285364827e-01,-1.888407295473987890e+00,-5.515270140124065579e-01,1.043461174244104450e+00,-1.215744131593523791e+00,-1.327947993114943825e+00,-1.899431909877935531e+00,2.331165285474768645e+00,-2.312369165899696988e-01,-5.963752830357051948e-01
3.902601734489659524e+00,-1.010035808879940600e+00,5.999945206429484479e-01,2.958414669014199916e-01,-1.203663825125361464e-01,4.376350524962014377e-01,-4.497613985591528696e-01,6.346137557910846994e-01,1.143057172097620811e+00,9.286797182277153340e-01,-1.872581725754980386e+00,-5.530588451743482237e-01,1.039472295697448700e+00,-1.251916097515506587e+00,-1.380404294678605703e+00,-1.947924021878629119e+00,2.413286151451070616e+00,-2.279135263394653776e-01,-5.993181520530237449e-01
3.909272848565710223e+00,-1.005830349960042280e+00,6.075888832086251412e-01,3.019930940372418382e-01,-1.328042814316098275e-01,4.339404900931340681e-01,-4.428403123319768486e-01,6.261434018209390828e-01,1.133675094124214855e+00,9.155248733629357538e-01,-1.856209445460008212e+00,-5.545666482056642588e-01,1.035467231688935730e+00,-1.287376108593909496e+00,-1.432237287002110726e+00,-1.995793146918884098e+00,2.495063262929342329e+00,-2.240324842345122747e-01,-6.012280916710448508e-01
3.915943962641760923e+00,-1.001682181425507689e+00,6.151195082040104012e-01,3.080559032443040968e-01,-1.451311420514752315e-01,4.302359594869131776e-01,-4.359459791963935515e-01,6.174389064738174948e-01,1.123949361592020635e+00,9.020528156448351931e-01,-1.839292864854273901e+00,-5.560466872777670710e-01,1.031452864331294794e+00,-1.322109216326643022e+00,-1.483428950807461844e+00,-2.043021490388959638e+00,2.576461547331546420e+00,-2.195891402088925304e-01,-6.021077824077492036e-01
3.922615076717811622e+00,-9.975928489760323981e-01,6.225841174732440475e-01,3.140277927486604392e-01,-1.573433419718658632e-01,4.265216584392481081e-01,-4.290784383136474478e-01,6.085051680141364550e-01,1.113884312221882666e+00,8.882678784548634354e-01,-1.821834627839577170e+00,-5.574951964977197250e-01,1.027436056274402265e+00,-1.356100779470867046e+00,-1.533961540585971450e+00,-2.089591510324555479e+00,2.657446035633151293e+00,-2.145791315461662574e-01,-6.019603783177744916e-01
3.929286190793862321e+00,-9.935638653109495344e-01,6.299804621906981428e-01,3.199066900732756569e-01,-1.694372772075523059e-01,4.227978099294815717e-01,-4.222376831371494887e-01,5.993471813372986956e-01,1.103484401185985675e+00,8.741745113380487986e-01,-1.803837611210519665e+00,-5.589083818352433841e-01,1.023423647554288163e+00,-1.389336470340100105e+00,-1.583817590990896029e+00,-2.135485923927859631e+00,2.737981878240888900e+00,-2.089983858777693104e-01,-6.007895045574296322e-01
3.935957304869913020e+00,-9.895967094916170437e-01,6.373063236382334740e-01,3.256905528071558087e-01,-1.814093637392288905e-01,4.190646623358114109e-01,-4.154236615737931793e-01,5.899700358572629311e-01,1.092754199217865541e+00,8.597772782526152957e-01,-1.785304923804912569e+00,-5.602824230693121965e-01,1.019422452459018302e+00,-1.421802280974215682e+00,-1.632979923110398746e+00,-2.180687713978230580e+00,2.818034360827567308e+00,-2.028431240535977231e-01,-5.985992547529905838e-01
3.942628418945963720e+00,-9.856928263180346761e-01,6.445595139696979059e-01,3.313773693626520522e-01,-1.932560390583658028e-01,4.153224896034699576e-01,-4.086362761661281873e-01,5.803789133533986400e-01,1.081698390680990052e+00,8.450808557772269136e-01,-1.766239905548727451e+00,-5.616134757534614330e-01,1.015439256412812297e+00,-1.453484529179557283e+00,-1.681431650618365747e+00,-2.225180135129961823e+00,2.897568920116530222e+00,-1.961098628835944435e-01,-5.953941881738302744e-01
3.949299533022014419e+00,-9.818536257199543815e-01,6.517378769624132540e-01,3.369651597206708704e-01,-2.049737637053540840e-01,4.115715913997272657e-01,-4.018753842952554889e-01,5.705790857774754032e-01,1.070321771596709493e+00,8.300900312765828737e-01,-1.746646126395925869e+00,-5.628976731989567828e-01,1.011480812879641311e+00,-1.484369864436616560e+00,-1.729156185800907242e+00,-2.268946720094812353e+00,2.976551159608824548e+00,-1.887954177489277185e-01,-5.911793267119651585e-01
3.955970647098065118e+00,-9.780804821627553380e-01,6.588392887553633503e-01,3.424519761635042014e-01,-2.165590228002142181e-01,4.078122932556114133e-01,-3.951407984043114330e-01,5.605759130217060626e-01,1.058629247632435710e+00,8.148097010261776685e-01,-1.726527385163589834e+00,-5.641311284749355170e-01,1.007553840287639169e+00,-1.514445273672615722e+00,-1.776137245456214986e+00,-2.311971285706880153e+00,3.054946865245734777e+00,-1.808969050813828972e-01,-5.859601516697952039e-01
3.962641761174115818e+00,-9.743747340683328595e-01,6.658616585738433846e-01,3.478359039950240095e-01,-2.280083275651984542e-01,4.040449466942277468e-01,-3.884322862423849054e-01,5.503748406487150024e-01,1.046625832050878779e+00,7.992448682969823803e-01,-1.705887708262786351e+00,-5.653099364246552128e-01,1.003665018975555601e+00,-1.543698086896533095e+00,-1.822358856665714733e+00,-2.354237938867600910e+00,3.132722020999748835e+00,-1.724117447096813471e-01,-5.797426003578123321e-01
3.969312875250166517e+00,-9.707376832512581988e-01,6.728029294402884108e-01,3.531150622479599654e-01,-2.393182168385697139e-01,4.002699293455777019e-01,-3.817495711287435811e-01,5.399813975844049985e-01,1.034316643621231879e+00,7.834006414008891639e-01,-1.684731348325701594e+00,-5.664301756969384316e-01,9.998209881625566009e-01,-1.572115982694033853e+00,-1.867805362434260097e+00,-2.395731082368527165e+00,3.209842824386697657e+00,-1.633376620714601657e-01,-5.725330625041169519e-01
3.975983989326217216e+00,-9.671705943704469455e-01,6.796610788710527595e-01,3.582876043780148789e-01,-2.504852585788869823e-01,3.964876450477803349e-01,-3.750923322371830793e-01,5.294011937746188057e-01,1.021706904493159707e+00,7.672822316977112589e-01,-1.663062782729553213e+00,-5.674879107919312826e-01,9.960283429425804691e-01,-1.599686993579969574e+00,-1.912461427197413855e+00,-2.436435420589782463e+00,3.286275701892225065e+00,-1.536726902897456171e-01,-5.643383764777050171e-01
3.982655103402267915e+00,-9.636746943965808221e-01,6.864341195588739009e-01,3.633517189445534257e-01,-2.615060513590918845e-01,3.926985239345955891e-01,-3.684602049003542490e-01,5.186399178065972393e-01,1.008801938034508572e+00,7.508949515645998440e-01,-1.640886712017918914e+00,-5.684791941202478327e-01,9.922936313045225276e-01,-1.626399511206011006e+00,-1.956312042193720568e+00,-2.476335965071966960e+00,3.361987324305354186e+00,-1.434151721127583379e-01,-5.551658253275539856e-01
3.989326217478318615e+00,-9.602511720955132501e-01,6.931201000408063750e-01,3.683056302776287483e-01,-2.723772258497287324e-01,3.889030225091723025e-01,-3.618527809338566437e-01,5.077033344961647821e-01,9.956071666336223647e-01,7.342442123287109546e-01,-1.618208058220080403e+00,-5.694000680746079679e-01,9.886233511794356721e-01,-1.652242291421176290e+00,-1.999342530700110920e+00,-2.515418039959512964e+00,3.436944621952347845e+00,-1.325637617159971526e-01,-5.450231326396481890e-01
3.995997331554369314e+00,-9.569011775278770671e-01,6.997171053513691064e-01,3.731475991310915785e-01,-2.830954462906156710e-01,3.851016237039382450e-01,-3.552696089799616264e-01,4.965972824416639009e-01,9.821281094671994172e-01,7.173355221639928780e-01,-1.595031963069104330e+00,-5.702465671130309000e-01,9.850239475159772162e-01,-1.677204459183005092e+00,-2.041538553128456890e+00,-2.553667287313385881e+00,3.511114799823876087e+00,-1.211174263655923067e-01,-5.339184582139986368e-01
4.002668445630420457e+00,-9.536258215651256531e-01,7.062232576606928269e-01,3.778759233215537860e-01,-2.936574119502872726e-01,3.812948369265525272e-01,-3.487101948707326815e-01,4.853276715456328883e-01,9.683703802346190770e-01,7.001744839529799869e-01,-1.571363786119381878e+00,-5.710147198526522860e-01,9.815018093852964087e-01,-1.701275513317179078e+00,-2.082886111981490984e+00,-2.591069672291186343e+00,3.584465352588540377e+00,-1.090754479419457912e-01,-5.218603935640526714e-01
4.009339559706471157e+00,-9.504261754222048664e-01,7.126367168974417909e-01,3.824889383529713749e-01,-3.040598585725489689e-01,3.774831980918608720e-01,-3.421740020103677393e-01,4.739004805052389191e-01,9.543396848596809035e-01,6.827667931144736357e-01,-1.547209102764413480e+00,-5.717005511732502487e-01,9.780632671165179204e-01,-1.724445331123517722e+00,-2.123371556666299398e+00,-2.627611488192728828e+00,3.656964079486032304e+00,-9.643742432280610899e-02,-5.088579572406803919e-01
4.016010673782521856e+00,-9.473032702070736111e-01,7.189556813563040549e-01,3.869850180266293238e-01,-3.142995598094812104e-01,3.736672696397864701e-01,-3.356604517765321427e-01,4.623217542724953333e-01,9.400418191607033958e-01,6.651182353980101825e-01,-1.522573702155643804e+00,-5.723000843295176221e-01,9.747145894640064645e-01,-1.746704172826281543e+00,-2.162981588163716218e+00,-2.663279361369266240e+00,3.728579099093082938e+00,-8.320327062490484593e-02,-4.949205899832374023e-01
4.022681787858572555e+00,-9.442580964872612226e-01,7.251783882898243938e-01,3.913625750362976774e-01,-3.243733286402238347e-01,3.698476405391032951e-01,-3.291689239405015677e-01,4.505976014853356748e-01,9.254826664899740152e-01,6.472346846460526049e-01,-1.497463585023256272e+00,-5.728093430711433953e-01,9.714619808075545260e-01,-1.768042685866789698e+00,-2.201703263551867629e+00,-2.698060255994481516e+00,3.799278863955427354e+00,-6.937322030341053214e-02,-4.800581497000591114e-01
4.029352901934623254e+00,-9.412916038736612867e-01,7.313031144844034381e-01,3.956200615483607685e-01,-3.342780187749039289e-01,3.660249262770438605e-01,-3.226987571058417270e-01,4.387341918705571775e-01,9.106681953435000754e-01,6.291221005248115450e-01,-1.471884961399807068e+00,-5.732243537697581104e-01,9.683115783866009796e-01,-1.788451909036455900e+00,-2.239524000382411728e+00,-2.731941478695603109e+00,3.869032175079200719e+00,-5.494782610848059079e-02,-4.642809062810473453e-01
4.036024016010673954e+00,-9.384047006217357545e-01,7.373281768202444297e-01,3.997559697667028011e-01,-3.440105260430575407e-01,3.621997688346952904e-01,-3.162492491654470550e-01,4.267377536197458632e-01,8.956044569420621437e-01,6.107865262246394700e-01,-1.445844248247672326e+00,-5.735411475517804281e-01,9.652694495696227950e-01,-1.807923276448386130e+00,-2.276431580907817498e+00,-2.764910683042877793e+00,3.937808196275138783e+00,-3.992796089826655681e-02,-4.475995362447700021e-01
4.042695130086724653e+00,-9.355982532503180904e-01,7.432519328150747340e-01,4.037688324821531172e-01,-3.535677897659006419e-01,3.583728366481533367e-01,-3.098196577766603177e-01,4.146145707392487889e-01,8.802975827845764822e-01,5.922340861309651761e-01,-1.419348066991325430e+00,-5.737557624361990793e-01,9.623415891597801863e-01,-1.826448621345730494e+00,-2.312414156158292933e+00,-2.796955873895812239e+00,4.005576468348922781e+00,-2.431481830777926234e-02,-4.300251172229307972e-01
4.049366244162775352e+00,-9.328730861781723283e-01,7.490727811514540369e-01,4.076572236062998567e-01,-3.629467941118292296e-01,3.545448245553972644e-01,-3.034092008542576546e-01,4.023709803752846259e-01,8.647537821747544040e-01,5.734709834667000017e-01,-1.392403240955465638e+00,-5.738642454763501766e-01,9.595339167378822420e-01,-1.844020179745122112e+00,-2.347460249866923476e+00,-2.828065411604626433e+00,4.072306923131401746e+00,-8.109913273114832677e-03,-4.115691222847392972e-01
4.056037358238826052e+00,-9.302299813784813409e-01,7.547891621874994739e-01,4.114197586894838832e-01,-3.721445694345089095e-01,3.507164537288695039e-01,-2.970170570810067856e-01,3.900133701153066235e-01,8.489793397220964932e-01,5.545034979071181702e-01,-1.365016792710109561e+00,-5.738626549046882408e-01,9.568522740437519492e-01,-1.860630593913483954e+00,-2.381558762241723581e+00,-2.858228016065408106e+00,4.137969897342017589e+00,8.684917589465435128e-03,-3.922434141041897249e-01
4.062708472314876751e+00,-9.276696780514125384e-01,7.603995584508534966e-01,4.150550954227916201e-01,-3.811581935929586606e-01,3.468884715937367025e-01,-2.906423664355891057e-01,3.775481752667268487e-01,8.329806128182253300e-01,5.353379831681619461e-01,-1.337195941323766846e+00,-5.737470622796223552e-01,9.543024223970080211e-01,-1.876272915676706843e+00,-2.414698973583268682e+00,-2.887432770627528011e+00,4.202536146279375551e+00,2.606751574993215748e-02,-3.720602389728764336e-01
4.069379586390927450e+00,-9.251928723149078770e-01,7.659024951157387129e-01,4.185619341238719371e-01,-3.899847932529941219e-01,3.430616517318286762e-01,-2.842842307375789135e-01,3.649818761141436774e-01,8.167640290896177602e-01,5.159808645691902340e-01,-1.308948099525888420e+00,-5.735135546334012568e-01,9.518900401583088033e-01,-1.890940609558611873e+00,-2.446870547746736513e+00,-2.915669125851946042e+00,4.265976857332421268e+00,4.403540067675915104e-02,-3.510322206614433505e-01
4.076050700466978149e+00,-9.228002169138431743e-01,7.712965404629402721e-01,4.219390182064122197e-01,-3.986215451694524736e-01,3.392367937712451043e-01,-2.779417142092309723e-01,3.523209951561848685e-01,8.003360838277503442e-01,4.964386365711460636e-01,-1.280280870779782809e+00,-5.731582366201216638e-01,9.496207202320271490e-01,-1.904627555748830803e+00,-2.478063535447194710e+00,-2.942926903119079007e+00,4.328263663306306519e+00,6.258576989527542267e-02,-3.291723541325113356e-01
4.082721814543028849e+00,-9.204923209476831847e-01,7.765803063225789060e-01,4.251851346331146919e-01,-4.070656774485868490e-01,3.354147232616347951e-01,-2.716138440537714249e-01,3.395720943231385069e-01,7.837033373977300155e-01,4.767178602911680274e-01,-1.251202046267278600e+00,-5.726772326628346566e-01,9.474999676113671221e-01,-1.917328052898161106e+00,-2.508268377407088856e+00,-2.969196298085024388e+00,4.389368655556580734e+00,8.171549919237719450e-02,-3.064939991082438198e-01
4.089392928619079548e+00,-9.182697496167601114e-01,7.817524484995213019e-01,4.282991143520122335e-01,-4.153144707900605637e-01,3.315962915351581275e-01,-2.652996110499388216e-01,3.267417721765029093e-01,7.668724126264484520e-01,4.568251609946452074e-01,-1.221719601786416476e+00,-5.720666890988196362e-01,9.455331969668624437e-01,-1.929036820740182234e+00,-2.537475907344854509e+00,-2.994467883984895273e+00,4.449264396925938669e+00,1.014211429676632470e-01,-2.830108734954904781e-01
4.096064042695130247e+00,-9.161330239872912395e-01,7.868116671813039087e-01,4.312798327159840794e-01,-4.233652597079552438e-01,3.277823755531472649e-01,-2.589979701624558484e-01,3.138366610916443200e-01,7.498499921713419614e-01,4.367672255657605307e-01,-1.191841694563522625e+00,-5.713227763220091182e-01,9.437257302792038116e-01,-1.939749002537844103e+00,-2.565677354803769461e+00,-3.018732614782190904e+00,4.507923934477368277e+00,1.216989347311276948e-01,-2.587370466717896500e-01
4.102735156771180947e+00,-9.140826207752437149e-01,7.917567073284419443e-01,4.341262098853275742e-01,-4.312154337302305240e-01,3.239738777384841839e-01,-2.527078411681411563e-01,3.008634244247088141e-01,7.326428158708051530e-01,4.165507999575297493e-01,-1.161576659981025550e+00,-5.704416909216153408e-01,9.420827945173118056e-01,-1.949460167353915141e+00,-2.592864347820120763e+00,-3.041981828163129897e+00,4.565320812018024199e+00,1.425447877473975389e-01,-2.336869326353492315e-01
4.109406270847231646e+00,-9.121189721491482771e-01,7.965863590470018130e-01,4.368372112132518081e-01,-4.388624385760839797e-01,3.201717257937314876e-01,-2.464281092973703846e-01,2.878287536649813960e-01,7.152576780773485243e-01,3.961826866223886467e-01,-1.130933008222439140e+00,-5.694196578159720357e-01,9.406095193625528816e-01,-1.958166312144212551e+00,-2.619028915429886695e+00,-3.064207248374947845e+00,4.621429082408017308e+00,1.639542958264619266e-01,-2.078752830222458936e-01
4.116077384923282345e+00,-9.102424655519575358e-01,8.012994579433337927e-01,4.394118476141715690e-01,-4.463037773106431350e-01,3.163768725050396524e-01,-2.401576258905396832e-01,2.747393655738799012e-01,6.977014249745754348e-01,3.756697419243731906e-01,-1.099919420835972383e+00,-5.682529323805978194e-01,9.393109349799714236e-01,-1.965863863672587808e+00,-2.644163490013214712e+00,-3.085400988907268882e+00,4.676223319648370236e+00,1.859227342608040789e-01,-1.813171799942639995e-01
4.122748498999333044e+00,-9.084534435420286158e-01,8.058948854608490864e-01,4.418491759146767617e-01,-4.535370114764823435e-01,3.125902955318871079e-01,-2.338952090692613395e-01,2.616019993117597586e-01,6.799809518790540519e-01,3.550188735339271373e-01,-1.068544747218238999e+00,-5.669378025695428480e-01,9.381919698373846206e-01,-1.972549680246776571e+00,-2.668260909475953291e+00,-3.105555555015643954e+00,4.729678630742792045e+00,2.084450609087140638e-01,-1.540280290005321406e-01
4.129419613075383744e+00,-9.067522036533125496e-01,8.103715691987541936e-01,4.441482991870681629e-01,-4.605597622014047654e-01,3.088129971826886200e-01,-2.276396444219301873e-01,2.484234135537537469e-01,6.621032005281942689e-01,3.342370378064176140e-01,-1.036818001019623292e+00,-5.654705910289982151e-01,9.372574485731866023e-01,-1.978221053274230590e+00,-2.691314419267686553e+00,-3.124663846086497720e+00,4.781770667327556623e+00,2.315159174235736916e-01,-1.260235514165576332e-01
4.136090727151434443e+00,-9.051389982748162533e-01,8.147284832126432397e-01,4.463083670653514856e-01,-4.673697112820001665e-01,3.050460041763359831e-01,-2.213896857033672838e-01,2.352103835958204714e-01,6.440751563551960768e-01,3.133312371453915723e-01,-1.004748356472829229e+00,-5.638476572022396160e-01,9.365120899136536448e-01,-1.982875708637189094e+00,-2.713317674235675270e+00,-3.142719157842741140e+00,4.832475637064389318e+00,2.551296306287851312e-01,-9.731977706391070626e-02
4.142761841227485142e+00,-9.036140345494012571e-01,8.189646482968800933e-01,4.483285760435985479e-01,-4.739646022424465199e-01,3.012903673897225909e-01,-2.151440555481646810e-01,2.219696984522366301e-01,6.259038457521874932e-01,2.923085173516613011e-01,-9.723451446462512138e-01,-5.620653994248944185e-01,9.359605046405332640e-01,-1.986511807886241598e+00,-2.734264740314290343e+00,-3.159715184389414677e+00,4.881770314790833787e+00,2.792802140379886389e-01,-6.793303661426475237e-02
4.149432955303535842e+00,-9.021774742919668189e-01,8.230791322486773476e-01,4.502081697565736840e-01,-4.803422413680808467e-01,2.975471615913316548e-01,-2.089014461974438297e-01,2.087081579457217007e-01,6.075963333226355179e-01,2.711759649592703769e-01,-9.396178496237620470e-01,-5.601202570096015521e-01,9.356071936096945763e-01,-1.989127949251812133e+00,-2.754150096049450269e+00,-3.175646020098727540e+00,4.929632053423235405e+00,3.039613695201095478e-01,-3.787995388108911232e-02
4.156104069379586541e+00,-9.008294339270733753e-01,8.270710501138189841e-01,4.519464392425518451e-01,-4.865004987132376391e-01,2.938174851609509641e-01,-2.026605202386411175e-01,1.954325697914387205e-01,5.891597191241454423e-01,2.499407045594311816e-01,-9.065761046126311617e-01,-5.580087123190674570e-01,9.354565458215540197e-01,-1.990723168472976257e+00,-2.772968633957793028e+00,-3.190506161334011992e+00,4.976038794607038795e+00,3.291664891087486833e-01,-7.177438002786806770e-03
4.162775183455637240e+00,-8.995699844460268713e-01,8.309395644139542236e-01,4.535427231882425136e-01,-4.924373090828924049e-01,2.901024597956001205e-01,-1.964199113580118450e-01,1.821497466760622908e-01,5.706011359027394203e-01,2.286098961134894192e-01,-8.732296879812192492e-01,-5.557272928265823975e-01,9.355128365440195104e-01,-1.991296939443172320e+00,-2.790715661720246654e+00,-3.204290508012085148e+00,5.020969079109717015e+00,3.548886569553528769e-01,2.415732447930651894e-02
4.169446297531687939e+00,-8.983991513834705955e-01,8.346838853554248150e-01,4.549964081557613116e-01,-4.981506729876383766e-01,2.864032302017588960e-01,-1.901782251054487394e-01,1.688665033331604171e-01,5.519277463197282962e-01,2.071907322560156139e-01,-8.395885192282422915e-01,-5.532725731630210309e-01,9.357802254885946303e-01,-1.990849174672369326e+00,-2.807386903209870610e+00,-3.216994365003703393e+00,5.064402056951283981e+00,3.811206514255331967e-01,5.610687764419519663e-02
4.176117411607738639e+00,-8.973169148134901851e-01,8.383032710195624793e-01,4.563069287915736960e-01,-5.036386575715522396e-01,2.827209637739835912e-01,-1.839340396713172177e-01,1.555896536161020527e-01,5.331467401722801425e-01,1.856904355890903191e-01,-8.056626548853228487e-01,-5.506411771493868734e-01,9.362627550403594956e-01,-1.989380225565434479e+00,-2.822978499353741455e+00,-3.228613443371686209e+00,5.106317497267912842e+00,4.078549473378367818e-01,8.865350431229546135e-02
4.182788525683789338e+00,-8.963232093652542254e-01,8.417970275344308639e-01,4.574737680173656673e-01,-5.088993975125117863e-01,2.790568502600179190e-01,-1.776859066749027494e-01,1.423260075697184157e-01,5.142653316087865134e-01,1.641162559688676692e-01,-7.714622843546413700e-01,-5.478297798139509789e-01,9.369643485424342666e-01,-1.986890882516407331e+00,-2.837487008828879276e+00,-3.239143861446538875e+00,5.146695797903940495e+00,4.350837183442277656e-01,1.217792342604421263e-01
4.189459639759840037e+00,-8.954179242581885578e-01,8.451645092279724825e-01,4.584964572027883101e-01,-5.139310958945271235e-01,2.754121014125015532e-01,-1.714323519641274829e-01,1.290823685019633627e-01,4.952907563401561242e-01,1.424754677855198937e-01,-7.369977256835398283e-01,-5.448351093930313693e-01,9.378888086355552378e-01,-1.983382374818560168e+00,-2.850909408592176675e+00,-3.248582145739330684e+00,5.185517994727831592e+00,4.627988394514397363e-01,1.554658525271046532e-01
4.196130753835890737e+00,-8.946009033566839630e-01,8.484051187625490931e-01,4.593745763200397514e-01,-5.187320250516850306e-01,2.717879506273844226e-01,-1.651718764261451144e-01,1.158655300567668633e-01,4.762302688481022117e-01,1.207753672376151444e-01,-7.022794212778760148e-01,-5.416539493144942874e-01,9.390398156533295015e-01,-1.978856370390121855e+00,-2.863243094244434239e+00,-3.256925231691747857e+00,5.222765770667823659e+00,4.909918896823566303e-01,1.896949078040532921e-01
4.202801867911941436e+00,-8.938719452443231184e-01,8.515183072508425433e-01,4.601077540802469557e-01,-5.233005273832913584e-01,2.681856525691752591e-01,-1.589029568084661670e-01,1.026822732893552526e-01,4.570911395915789877e-01,9.902326960205562467e-02,-6.673179335560812664e-01,-5.382831401630281398e-01,9.404209260737692588e-01,-1.973314975315698439e+00,-2.874485880228595747e+00,-3.264170464263229654e+00,5.258421464462937678e+00,5.196541548764328500e-01,2.244477209106097160e-01
4.209472981987992135e+00,-8.932308033176055151e-01,8.545035743531216310e-01,4.606956680516225422e-01,-5.276350161398387639e-01,2.646064827831361987e-01,-1.526240465502231858e-01,8.953936374522813990e-02,4.378806522124290002e-01,7.722650650062265476e-02,-6.321239405457685923e-01,-5.347195816262824142e-01,9.420355710276158145e-01,-1.966760733203438027e+00,-2.884635999862398492e+00,-3.270315598355221898e+00,5.292468079125405289e+00,5.487766306281960382e-01,2.597053933467163844e-01
4.216144096064042834e+00,-8.926771858991473518e-01,8.573604683558673223e-01,4.611380447593806942e-01,-5.317339761793983266e-01,2.610517372945672099e-01,-1.463335766231853297e-01,7.644354854404966648e-02,4.186061007413782176e-01,5.539242316425349588e-02,-5.967082314248899344e-01,-5.309602344209378710e-01,9.438870548639659575e-01,-1.959196624358091832e+00,-2.893692105205736276e+00,-3.275358799072636273e+00,5.324889290110402129e+00,5.783500253627205101e-01,2.954488159208208398e-01
4.222815210140093534e+00,-8.922107563703093325e-01,8.600885862317592112e-01,4.614346597673944506e-01,-5.355959646941013119e-01,2.575227321953059700e-01,-1.400299563821695570e-01,6.340155346966147576e-02,3.992747868054572491e-01,3.352837569610123136e-02,-5.610817020093539220e-01,-5.270021221978176129e-01,9.459785537737128713e-01,-1.950626064770215828e+00,-2.901653266763009498e+00,-3.279298641822625093e+00,5.355669453189424445e+00,6.083647635469873194e-01,3.316586774488547995e-01
4.229486324216144233e+00,-8.918311333232196159e-01,8.626875736810479811e-01,4.615853377415980452e-01,-5.392196119063330517e-01,2.540208032175945707e-01,-1.337115744244132820e-01,5.042008006745929416e-02,3.798940168379626448e-01,1.164172833448670619e-02,-5.252553501891370491e-01,-5.228423334251076637e-01,9.483131144712237948e-01,-1.941052904921787947e+00,-2.908518973020955301e+00,-3.282134112250951752e+00,5.384793612023436538e+00,6.388109890359208176e-01,3.683154735201821239e-01
4.236157438292194932e+00,-8.915378907321271917e-01,8.651571251543178631e-01,4.615899524951283528e-01,-5.426036217343223056e-01,2.505473052954548807e-01,-1.273767994575730755e-01,3.750580275033749134e-02,3.604710992920424073e-01,-1.026014928319066155e-02,-4.892402713148681359e-01,-5.184780232488284124e-01,9.508936529347254973e-01,-1.930481428408659328e+00,-2.914289129822324576e+00,-3.283864606016162035e+00,5.412247505432411288e+00,6.696785685518562570e-01,4.053995153267906382e-01
4.242828552368245631e+00,-8.913305581440343905e-01,8.674969838566832792e-01,4.614484270152238166e-01,-5.457467724267890397e-01,2.471036121137347163e-01,-1.210239811759089568e-01,2.466536591444701276e-02,3.410133418590156618e-01,-3.216988485448718516e-02,-4.530476535369587499e-01,-5.139064153296393211e-01,9.537229532057808212e-01,-1.918916350380268643e+00,-2.918964059576035552e+00,-3.284489928401965742e+00,5.438017574357671080e+00,7.009570952961328150e-01,4.428909385515726882e-01
4.249499666444296331e+00,-8.912086208885297012e-01,8.697069417334394315e-01,4.611607334718889062e-01,-5.486479171663516397e-01,2.436911156449796390e-01,-1.146514511443004203e-01,1.190538106596289447e-02,3.215280486925010672e-01,-5.408010614282957040e-02,-4.166887730993052430e-01,-5.091248036551168088e-01,9.568036662482614085e-01,-1.906362815797193022e+00,-2.922544500304324888e+00,-3.284010293768202082e+00,5.462090968513868106e+00,7.326358926914458003e-01,4.807697123118774840e-01
4.256170780520347030e+00,-8.911715203067536173e-01,8.717868394372271235e-01,4.607268932083605772e-01,-5.513059846413884690e-01,2.403112256742990505e-01,-1.082575236896479581e-01,-7.675760399276643220e-04,3.020225176394336075e-01,-7.598344370423543159e-02,-3.801749895896572307e-01,-5.041305543266448863e-01,9.601383088671229249e-01,-1.892826397507094249e+00,-2.925031604527651208e+00,-3.282426324840903575e+00,5.484455552727364847e+00,7.647040182535529418e-01,5.190156481542234079e-01
4.262841894596397729e+00,-8.912186539994015888e-01,8.737365662767422325e-01,4.601469767133959388e-01,-5.537199795860741069e-01,2.369653693123995042e-01,-1.018404967993103982e-01,-1.334696824657422010e-02,2.825040374790788733e-01,-9.787253360874925701e-02,-3.435177411487778665e-01,-4.989211073200274238e-01,9.637292626873846801e-01,-1.878313094139824058e+00,-2.926426937988004795e+00,-3.279739051841981556e+00,5.505099912958033137e+00,7.971502675908035407e-01,5.576084090962192263e-01
4.269513008672448429e+00,-8.913493760936790355e-01,8.755560601470614435e-01,4.594211035754275918e-01,-5.558889832883300297e-01,2.336549904969619229e-01,-9.539865302614108922e-02,-2.582629982879569575e-02,2.629798851710817287e-01,-1.197400201555542110e-01,-3.067285396404637599e-01,-4.934939782190221891e-01,9.675787731935485692e-01,-1.862829327822396408e+00,-2.926732478211464539e+00,-3.275949911459142161e+00,5.524013362001628735e+00,8.299631785300090048e-01,5.965275187117036193e-01
4.276184122748499128e+00,-8.915629975290962905e-01,8.772453074416383112e-01,4.585494424186287166e-01,-5.578121540654231714e-01,2.303815494825487975e-01,-8.893026039973700447e-02,-3.819911930994404625e-02,2.434573231136575311e-01,-1.415785585806647318e-01,-2.698189657846303269e-01,-4.878467599209100891e-01,9.716889488297812960e-01,-1.846381941714723585e+00,-2.925950612910861004e+00,-3.271060745656728663e+00,5.541185944869955193e+00,8.631310353670043067e-01,6.357523702549935374e-01
4.282855236824549827e+00,-8.918587863620119904e-01,8.788043429460509204e-01,4.575322108209463057e-01,-5.594887277069806597e-01,2.271465223192256633e-01,-8.243357334347377330e-02,-5.045902226196233298e-02,2.239435964129475876e-01,-1.633808177561754671e-01,-2.328006642555560113e-01,-4.819771243133201821e-01,9.760617601610492855e-01,-1.828978197366966763e+00,-2.924084138229471108e+00,-3.265073800328228693e+00,5.556608443846268841e+00,8.966418732403003133e-01,6.752622358202746700e-01
4.289526350900600526e+00,-8.922359680887842481e-01,8.802332497135688660e-01,4.563696752141548907e-01,-5.609180178851975729e-01,2.239514003200989145e-01,-7.590683359694579135e-02,-6.259965408719295188e-02,2.044459301646403548e-01,-1.851394828799781678e-01,-1.956853387475232520e-01,-4.758828239214517586e-01,9.806990390954997139e-01,-1.810625771899589953e+00,-2.921136256826736499e+00,-3.257991723791240801e+00,5.570272383213458411e+00,9.304834826260584002e-01,7.150362755320400776e-01
4.296197464976651226e+00,-8.926937259874221375e-01,8.815321589226297050e-01,4.550621507660018716e-01,-5.620994165320196689e-01,2.207976895179598054e-01,-6.934827114338594500e-02,-7.461471278080833436e-02,1.849715267488696302e-01,-2.068472581549310463e-01,-1.584847470099788880e-01,-4.695616935249238844e-01,9.856024781682268809e-01,-1.791332755007112087e+00,-2.917110575807038142e+00,-3.249817565125769470e+00,5.582170033652756658e+00,9.646434139526858242e-01,7.550535467625981711e-01
4.302868579052701925e+00,-8.932312014775941611e-01,8.827012497163171378e-01,4.536100012445193896e-01,-5.630323941831152368e-01,2.176869101112530180e-01,-6.275610514165795573e-02,-8.649795167264753837e-02,1.655275631394694802e-01,-2.284968694564031844e-01,-1.212106958544967306e-01,-4.630116517434376133e-01,9.907736298866121061e-01,-1.771107645786758500e+00,-2.912011104492691960e+00,-3.240554772356803781e+00,5.592294416310747529e+00,9.991089823331689157e-01,7.952930133724916972e-01
4.309539693128752624e+00,-8.938474944988598070e-01,8.837407490239415075e-01,4.520136388645814018e-01,-5.637165002884430010e-01,2.146205958995658358e-01,-5.612854486240509422e-02,-9.824318214733809840e-02,1.461211882285765595e-01,-2.500810669872029490e-01,-8.387503613567642846e-02,-4.562307025904877023e-01,9.962139061373667115e-01,-1.749959349393180430e+00,-2.905842252042294405e+00,-3.230207190482156321e+00,5.600639306532748662e+00,1.033867272413344862e+00,8.357335549698792221e-01
4.316210807204803324e+00,-8.945416639069675435e-01,8.846509313648249773e-01,4.502735241167951097e-01,-5.641513634892625362e-01,2.116002937088672375e-01,-4.946379062795563941e-02,-1.098442763415038714e-01,1.267595201676587902e-01,-2.715926279188136672e-01,-4.648965770829538435e-02,-4.492169369943416757e-01,1.001924577655406878e+00,-1.727897173520603458e+00,-2.898608824915696935e+00,-3.218779059346635663e+00,5.607199237260665825e+00,1.068905143334119234e+00,8.763539761847470855e-01
4.322881921280854023e+00,-8.953127278880697038e-01,8.854321186344046302e-01,4.483901655788200546e-01,-5.643366918614253214e-01,2.086275628067080778e-01,-4.276003475556117150e-02,-1.212951698169448256e-01,1.074496437259482851e-01,-2.930243590179501534e-01,-9.066484362891036319e-03,-4.419685342855491639e-01,1.007906773554630098e+00,-1.704930824713720483e+00,-2.890316024186882604e+00,-3.206275011363660887e+00,5.611969502093644202e+00,1.104209233805699242e+00,9.171330159539532456e-01
4.329553035356904722e+00,-8.961596643906857285e-01,8.860846798727767260e-01,4.463641197092168555e-01,-5.642722731248196455e-01,2.057039743076126137e-01,-3.601546250355945611e-02,-1.325898642086407730e-01,8.819860766730452939e-02,-3.143690992574122434e-01,2.838253125794548692e-02,-4.344837636502281164e-01,1.014161480920658942e+00,-1.681070404508792304e+00,-2.880969442706119210e+00,-3.192700069085502967e+00,5.614946158009955113e+00,1.139765967291805460e+00,9.580493568130356019e-01
4.336224149432955421e+00,-8.970814115752422380e-01,8.866090310158033505e-01,4.441959906239351108e-01,-5.639579748188401354e-01,2.028311105688916094e-01,-2.922825302005151171e-02,-1.437224298464364058e-01,6.901342214652056439e-02,-3.356197224102137611e-01,6.584541276027428003e-02,-4.267609855484046366e-01,1.020689544465586573e+00,-1.656326405406496560e+00,-2.870575062112819431e+00,-3.178059642623421333e+00,5.616126027748711280e+00,1.175561557301756155e+00,9.990816341907216014e-01
4.342895263509006121e+00,-8.980768682810159609e-01,8.870056346289205695e-01,4.418864298555520431e-01,-5.633937444437798758e-01,2.000105645771101115e-01,-2.239658029366350944e-02,-1.546870083493233627e-01,4.990105612602968588e-02,-3.567691396260258552e-01,1.033101651143020216e-01,-4.187986530966975596e-01,1.027491666244717550e+00,-1.630709706678044046e+00,-2.859139249700567209e+00,-3.162359526918957275e+00,5.615506701850168092e+00,1.211582012788364082e+00,1.040208445702156315e+00
4.349566377585056820e+00,-8.991448945102842316e-01,8.872749996237815351e-01,4.394361360953882301e-01,-5.625796095680535291e-01,1.972439393254568629e-01,-1.551861410600294255e-02,-1.654778151911726614e-01,3.086843481403567235e-02,-3.778103019888999770e-01,1.407647797823032287e-01,-4.105953134146412831e-01,1.034568405435295491e+00,-1.604231570006309227e+00,-2.846668755135875806e+00,-3.145605898867798622e+00,5.613086540353513954e+00,1.247813143649383560e+00,1.081408360436751259e+00
4.356237491661107519e+00,-9.002843119294948737e-01,8.874176809578828706e-01,4.368458549186225448e-01,-5.615156779011782895e-01,1.945328471822477812e-01,-8.592520985380630583e-03,-1.760891422368618953e-01,1.192243712499918562e-02,-3.987362030553384118e-01,1.781972398567643334e-01,-4.021496089339772206e-01,1.041920178177157874e+00,-1.576903634963622514e+00,-2.833170707032234947e+00,-3.127805314297580797e+00,5.608864674151204710e+00,1.284240566330371092e+00,1.122659928236742655e+00
4.362908605737158219e+00,-9.014939043872556290e-01,8.874342793173281008e-01,4.341163784925445857e-01,-5.602021373324481690e-01,1.918789092508290106e-01,-1.616465161390329142e-03,-1.865153602476764538e-01,-6.930106836524452252e-03,-4.195398813716965658e-01,2.155955252063740946e-01,-3.934602786702282029e-01,1.049547257475253570e+00,-1.548737914328097265e+00,-2.818652609381147034e+00,-3.108964704801166157e+00,5.602841005999062318e+00,1.320849709526613847e+00,1.163941688962332410e+00
4.369579719813208918e+00,-9.027724184489277492e-01,8.873254407828851109e-01,4.312485452680850928e-01,-5.586392559352593157e-01,1.892837547211174698e-01,5.411390480071109899e-03,-1.967509213549487601e-01,-2.568241826779005255e-02,-4.402144229700105660e-01,2.529476176276460042e-01,-3.845261594559095664e-01,1.057449773163908979e+00,-1.519746789240280282e+00,-2.803122337841816858e+00,-3.089091374426886194e+00,5.595016211181476073e+00,1.357625819981886917e+00,1.205232181739552599e+00
4.376250833889259617e+00,-9.041185639476161384e-01,8.870918564795060579e-01,4.282432396547728448e-01,-5.568273819370544997e-01,1.867490202130491772e-01,1.249288344174968868e-02,-2.067903615008462870e-01,-4.432777213452571141e-02,-4.607529638412427575e-01,2.902415059997784930e-01,-3.753461871347485990e-01,1.065627711932709332e+00,-1.489943004202135768e+00,-2.786588135891304496e+00,-3.068192996227398606e+00,5.585391737831249870e+00,1.394553968381600395e+00,1.246509954186753255e+00
4.382921947965310316e+00,-9.055310145513304487e-01,8.867342622094738225e-01,4.251013916792656389e-01,-5.547669436548775534e-01,1.842763491121893749e-01,1.962985066035319304e-02,-2.166283028452874460e-01,-6.285949961147124787e-02,-4.811486923850622488e-01,3.274651914405444786e-01,-3.659193977162754075e-01,1.074080917413867908e+00,-1.459339661920313391e+00,-2.769058610836904855e+00,-3.046277608668742864e+00,5.573969806903764201e+00,1.431619055338016810e+00,1.287753571615911863e+00
4.389593062041361016e+00,-9.070084083460796531e-01,8.862534380693604108e-01,4.218239766276240532e-01,-5.524584493965354337e-01,1.818673908977764819e-01,2.682412755265942139e-02,-2.262594561379329683e-01,-8.127099049584057822e-02,-5.013948518351863948e-01,3.646066924608122872e-01,-3.562449284901850199e-01,1.082809090330874024e+00,-1.427950217995820115e+00,-2.750542729692675881e+00,-3.023353611901371085e+00,5.560753411805273494e+00,1.468805817464999830e+00,1.328941626204666271e+00
4.396264176117411715e+00,-9.085493484346822690e-01,8.856502080509781605e-01,4.184120146714865873e-01,-5.499024873273792302e-01,1.795238004634666651e-01,3.407754706282833945e-02,-2.356786230542514682e-01,-9.955569559285171177e-02,-5.214847426594104718e-01,4.016540501154604592e-01,-3.463220190998837489e-01,1.091811788708212383e+00,-1.395788475462167888e+00,-2.731049814922020591e+00,-2.999429763894871925e+00,5.545746317675315673e+00,1.506098833539902371e+00,1.370052746135296040e+00
4.402935290193462414e+00,-9.101524035510304422e-01,8.849254396265097133e-01,4.148665704783221497e-01,-5.470997253027471974e-01,1.772472374310543608e-01,4.139193871130317226e-02,-2.448806984946507725e-01,-1.177071290723957220e-01,-5.414117249333897375e-01,4.385953331483515294e-01,-3.361500125746482159e-01,1.101088428141941966e+00,-1.362868579174259631e+00,-2.710589540048278678e+00,-2.974515176438209174e+00,5.528953060323385849e+00,1.543482530749996862e+00,1.411065604696702280e+00
4.409606404269513114e+00,-9.118161086895669731e-01,8.840800433180185935e-01,4.111887528059370300e-01,-5.440509106661096661e-01,1.750393654574465274e-01,4.876912764573029802e-02,-2.538606728456758166e-01,-1.357188707959957052e-01,-5.611692206872972433e-01,4.754186431290340353e-01,-3.257283563198308807e-01,1.110638282130851806e+00,-1.329205010050254376e+00,-2.689171925135406482e+00,-2.948619311007374399e+00,5.510378944820172542e+00,1.580941191020895475e+00,1.451958929345500415e+00
4.416277518345563813e+00,-9.135389657497183791e-01,8.831149722515317935e-01,4.073797140814172657e-01,-5.407568700129806727e-01,1.729018515351739005e-01,5.621093369427479502e-02,-2.626136342023216441e-01,-1.535845686131853682e-01,-5.807507162244771592e-01,5.121121195789337666e-01,-3.150566030645952087e-01,1.120460482467927621e+00,-1.294812579168735933e+00,-2.666807332140751274e+00,-2.921751974502313054e+00,5.490030043743768573e+00,1.618458957424379951e+00,1.492711510722467994e+00
4.422948632421614512e+00,-9.153194441950238680e-01,8.820312216959169671e-01,4.034406499647044120e-01,-5.372185089206709119e-01,1.708363652867217475e-01,6.371917042177122070e-02,-2.711347705504801864e-01,-1.712979406264729665e-01,-6.001497644112330221e-01,5.486639450846558796e-01,-3.041344117666280322e-01,1.130554019691789591e+00,-1.259706421723579606e+00,-2.643506460142133641e+00,-2.893923314855184170e+00,5.467913195081500533e+00,1.656019840662955600e+00,1.533302211620428013e+00
4.429619746497665211e+00,-9.171559817266841108e-01,8.808298285867475208e-01,3.993727988969880127e-01,-5.334368116439817120e-01,1.688445782529693628e-01,7.129564418906098044e-02,-2.794193719086023875e-01,-1.888527774240434942e-01,-6.193599869368895394e-01,5.850623503961831506e-01,-2.929615484733618658e-01,1.140917743597806622e+00,-1.223901990838969667e+00,-2.619280340441313193e+00,-2.865143816511873887e+00,5.444035999788101599e+00,1.693607725628497596e+00,1.573709975899911351e+00
4.436290860573715911e+00,-9.190469849712585848e-01,8.795118710353875269e-01,3.951774416341279905e-01,-5.294128407769450595e-01,1.669281631760337059e-01,7.894215321595318691e-02,-2.874628324276298774e-01,-2.062429442793921597e-01,-6.383750765432942842e-01,6.212956195076009269e-01,-2.815378871391895910e-01,1.151550363808483191e+00,-1.187415051247100006e+00,-2.594140331546159306e+00,-2.835424295788932625e+00,5.418406819001166497e+00,1.731206378032207338e+00,1.613913837348734504e+00
4.442961974649766610e+00,-9.209908301822331556e-01,8.780784678235147300e-01,3.908559007653025774e-01,-5.251477368807324630e-01,1.650887932768047572e-01,8.666048664817488367e-02,-2.952606524483085693e-01,-2.234623833170810980e-01,-6.571887992229351605e-01,6.573520947181458185e-01,-2.698634103982339161e-01,1.162450450402775060e+00,-1.150261672831091264e+00,-2.568098114033701140e+00,-2.804775896107968070e+00,5.391034770914922447e+00,1.768799451103209464e+00,1.653892928481867752e+00
4.449633088725817309e+00,-9.229858639551665744e-01,8.765307778833111296e-01,3.864095402171062177e-01,-5.206427180778732122e-01,1.633281415274800974e-01,9.445242362873310094e-02,-3.028084405149743530e-01,-2.405051156438465787e-01,-6.757949963848683961e-01,6.932201816712209030e-01,-2.579382102921939923e-01,1.173616434603863112e+00,-1.112458224035784760e+00,-2.541165685296456811e+00,-2.773210083109749036e+00,5.361929727313564875e+00,1.806370492352933788e+00,1.693626489277843428e+00
4.456304202801868009e+00,-9.250304039561195735e-01,8.748699997635517311e-01,3.818397647432993924e-01,-5.158990796129380163e-01,1.616478799193912796e-01,1.023197323740368259e-01,-3.101019153449574572e-01,-2.573652434442642578e-01,-6.941875869876519278e-01,7.288883543691981881e-01,-2.457624889528620127e-01,1.185046609525040040e+00,-1.074021365149091523e+00,-2.513355354174312328e+00,-2.740738639650136754e+00,5.331102309765493708e+00,1.843902950402518615e+00,1.733093875848129128e+00
4.462975316877918708e+00,-9.271227396630786766e-01,8.730973710818379363e-01,3.771480194004501740e-01,-5.109181933798536690e-01,1.600496787264307497e-01,1.102641692552065733e-01,-3.171369077527347868e-01,-2.740369520402329284e-01,-7.123605696385069130e-01,7.643451601616585434e-01,-2.333365592388951804e-01,1.196739130973142107e+00,-1.034968041456640675e+00,-2.484679735474434548e+00,-2.707373660680208793e+00,5.298563885480020552e+00,1.881380181870353940e+00,1.772274569035766856e+00
4.469646430953969407e+00,-9.292611331200587577e-01,8.712141679632100510e-01,3.723357890096812839e-01,-5.057015074160374768e-01,1.585352057643856505e-01,1.182874778849218322e-01,-3.239093625280047850e-01,-2.905145119135346121e-01,-7.303080246579500834e-01,7.995792247049050561e-01,-2.206608453264370939e-01,1.208692018309133864e+00,-9.953154762725229254e-01,-2.455151744381592671e+00,-2.673127548012790733e+00,5.264326562828173905e+00,1.918785458316920600e+00,1.811148182939812390e+00
4.476317545030020106e+00,-9.314438197035764810e-01,8.692217044653933744e-01,3.674045976047610740e-01,-5.002505453635450738e-01,1.571061256464832967e-01,1.263913882102000730e-01,-3.304153402668647543e-01,-3.067922806907395494e-01,-7.480241161091323310e-01,8.345792568904718545e-01,-2.077358832532391619e-01,1.220903155365301807e+00,-9.550811638489802302e-01,-2.424784590761388969e+00,-2.638013004977772802e+00,5.228403186529455127e+00,1.956101973243999481e+00,1.849694473361975788e+00
4.482988659106070806e+00,-9.336690089011858706e-01,8.671213319909329975e-01,3.623560078667806272e-01,-4.945669058974533350e-01,1.557640990354668686e-01,1.345776156114942834e-01,-3.366510191552875564e-01,-3.228647050897696102e-01,-7.655030937911686539e-01,8.693340537403958512e-01,-1.945623214158996861e-01,1.233370291418498965e+00,-9.142828621679554013e-01,-2.393591773358968666e+00,-2.602043030968651305e+00,5.190807332506533811e+00,1.993312849145329357e+00,1.887893346171984676e+00
4.489659773182121505e+00,-9.359348851017487148e-01,8.649144386864704437e-01,3.571916205456497351e-01,-4.886522621216984885e-01,1.545107818925077481e-01,1.428478600084501227e-01,-3.426126967041313032e-01,-3.387263228274078886e-01,-7.827392951957226064e-01,9.038325052670934667e-01,-1.811409210199206865e-01,1.246091042218953282e+00,-8.729385856174353142e-01,-2.361587073895674571e+00,-2.565230915882623641e+00,5.151553302409948465e+00,2.030401144605770369e+00,1.925724865588275270e+00
4.496330887258172204e+00,-9.382396083971128453e-01,8.626024488294260495e-01,3.519130738686699900e-01,-4.825083609326226708e-01,1.533478247232764602e-01,1.512038049727255917e-01,-3.482967914349081040e-01,-3.543717644870983952e-01,-7.997271474261550273e-01,9.380635992955815849e-01,-1.674725564822384660e-01,1.259062891073988055e+00,-8.310665975556319474e-01,-2.328784551066350961e+00,-2.527590234456816631e+00,5.110656117815189248e+00,2.067349861445954229e+00,1.963169262370535462e+00
4.503002001334222903e+00,-9.405813153948734406e-01,8.601868222023567601e-01,3.465220429364267996e-01,-4.761370223504789445e-01,1.522768718214851658e-01,1.596471168482069825e-01,-3.536998445155901116e-01,-3.697957553463719904e-01,-8.164611690785463782e-01,9.720164262459363158e-01,-1.535582157859619601e-01,1.272283189986136431e+00,-7.886854027660110678e-01,-2.295198534439832905e+00,-2.489134840503064439e+00,5.068131514094471157e+00,2.104141951909477282e+00,2.000206941920846582e+00
4.509673115410273603e+00,-9.429581200418771791e-01,8.576690534552618983e-01,3.410202391062665539e-01,-4.695401388191728920e-01,1.512995605102266383e-01,1.681794438790162605e-01,-3.588185213457185663e-01,-3.849931171632762217e-01,-8.329359720839356607e-01,1.005680183873756128e+00,-1.393990007870127279e-01,1.285749160844929628e+00,-7.458137398063031664e-01,-2.260843618265385047e+00,-2.449878861043869982e+00,5.023995933965858640e+00,2.140760325889551119e+00,2.036818492290009885e+00
4.516344229486324302e+00,-9.453681144581301821e-01,8.550506714561045829e-01,3.354094093636110774e-01,-4.627196744745220580e-01,1.504175203814253625e-01,1.768024153456275172e-01,-3.636496130901357704e-01,-3.999587699211722414e-01,-8.491462635111090007e-01,1.039044181966556346e+00,-1.249961274724503135e-01,1.299457896671825763e+00,-7.024705732546193682e-01,-2.225734655187695310e+00,-2.409836690352048727e+00,4.978266520722388400e+00,2.177187858192116909e+00,2.072984692085915626e+00
4.523015343562375001e+00,-9.478093697807641327e-01,8.523332386298387853e-01,3.296913356813830354e-01,-4.556776643813451599e-01,1.496323725337311283e-01,1.855176407094759616e-01,-3.681900381606463268e-01,-4.146877335313083890e-01,-8.650868473293148453e-01,1.072097846993900205e+00,-1.103509261702175781e-01,1.313406362917521442e+00,-6.586750858559078381e-01,-2.189886749873258598e+00,-2.369022983896765133e+00,4.930961111144117837e+00,2.213407395832307056e+00,2.108686518280649125e+00
4.529686457638425701e+00,-9.502799370177090754e-01,8.495183502862164726e-01,3.238678343678025873e-01,-4.484162137396838776e-01,1.489457288091710352e-01,1.943267087663839709e-01,-3.724368436449738695e-01,-4.291751294925847393e-01,-8.807526261302854875e-01,1.104830726709231659e+00,-9.546484171011981879e-02,1.327591398811027945e+00,-6.144466705719312527e-01,-2.153315252550828340e+00,-2.327452652198525040e+00,4.882098228096006132e+00,2.249401765361225713e+00,2.143905153913268968e+00
4.536357571714476400e+00,-9.527778479107255061e-01,8.466076339366721548e-01,3.179407554028387262e-01,-4.409374970604927890e-01,1.483591910288970528e-01,2.032311868091725704e-01,-3.763872066823578111e-01,-4.434161825079555586e-01,-8.961386028089746159e-01,1.137232494701255758e+00,-8.033943353582112534e-02,1.342009718759744619e+00,-5.698049225380887872e-01,-2.116035752468810482e+00,-2.285140854595904436e+00,4.831697072814893801e+00,2.285153780219896902e+00,2.178621995685090518e+00
4.543028685790527099e+00,-9.553011158074316000e-01,8.436027486005648335e-01,3.119119817635842007e-01,-4.332437573111442841e-01,1.478743502283437206e-01,2.122326197997665698e-01,-3.800384357852013562e-01,-4.574062220569048431e-01,-9.112398822024185829e-01,1.169292954892854564e+00,-6.497637576770942669e-02,1.356657913799864001e+00,-5.247696309303827578e-01,-2.078064071272374580e+00,-2.242102992926660487e+00,4.779777516888742639e+00,2.320646248117306687e+00,2.212818661444472035e+00
4.549699799866577798e+00,-9.578477365419630907e-01,8.405053841010798887e-01,3.057834287388374039e-01,-4.253373050310972903e-01,1.474927858921363799e-01,2.213325295511486823e-01,-3.833879721061689283e-01,-4.711406839234865140e-01,-9.260516726861697245e-01,1.201002045985489097e+00,-4.937745721646280561e-02,1.371532453096325099e+00,-4.793607707458903966e-01,-2.039416256303150377e+00,-2.198354705126003061e+00,4.726360093931633699e+00,2.355861978429389492e+00,2.246476997558109368e+00
4.556370913942628498e+00,-9.604156893239083059e-01,8.373172603510891099e-01,2.995570432331833843e-01,-4.172205174181079501e-01,1.472160651890694893e-01,2.305324139194789013e-01,-3.864333906501690175e-01,-4.846151116794092939e-01,-9.405692877277471720e-01,1.232349845847023229e+00,-3.354458134720605944e-02,1.386629685491536090e+00,-4.335984945001624125e-01,-2.000108573824428859e+00,-2.153911858744852470e+00,4.671465990958086678e+00,2.390783789615799293e+00,2.279579086165871349e+00
4.563042028018679197e+00,-9.630029376351371129e-01,8.340401266292643001e-01,2.932348030608490919e-01,-4.088958373853583961e-01,1.470457422074916976e-01,2.398337460067131166e-01,-3.891724014306859880e-01,-4.978251581216992516e-01,-9.547881473966022270e-01,1.263326575841054566e+00,-1.747976619412494603e-02,1.401945841102123058e+00,-3.875031238449198057e-01,-1.960157502174702415e+00,-2.108790544390795496e+00,4.615117039460331583e+00,2.425394516651373955e+00,2.312107252316374595e+00
4.569713142094729896e+00,-9.656074301341610600e-01,8.306757608467564280e-01,2.868187162296378934e-01,-4.003657725899094633e-01,1.469833571914253845e-01,2.492379733740249792e-01,-3.916028505699323814e-01,-5.107665866644421904e-01,-9.687037798300635050e-01,1.293922605095704892e+00,-1.185144225473333535e-03,1.417477032962853212e+00,-3.410951411096176944e-01,-1.919579724852563229e+00,-2.063007069094690671e+00,4.557335706192461089e+00,2.459677018469034859e+00,2.344044070980392469e+00
4.576384256170780596e+00,-9.682271015676426895e-01,8.272259688047409742e-01,2.803108202152277406e-01,-3.916328944328794637e-01,1.470304357777514614e-01,2.587465172663505619e-01,-3.937227213423348804e-01,-5.234352726841831061e-01,-9.823118226547964404e-01,1.324128454709994074e+00,1.533703784110518331e-02,1.433219258716958766e+00,-2.943951807702716583e-01,-1.878392123535826297e+00,-2.016577949605681486e+00,4.498145083665317401e+00,2.493614185411055395e+00,2.375372373939435011e+00
4.583055370246831295e+00,-9.708598736886735470e-01,8.236925834431488846e-01,2.737131812261411890e-01,-3.826998370317781228e-01,1.471884882347948009e-01,2.683607718483681515e-01,-3.955301351608676574e-01,-5.358272048185437342e-01,-9.956080243633037563e-01,1.353934801895821272e+00,3.208441927298111285e-02,1.449168402351952212e+00,-2.474240208491769177e-01,-1.836611771037939933e+00,-1.969519905617601152e+00,4.437568880356321799e+00,2.527188946685421378e+00,2.406075256546718943e+00
4.589726484322881994e+00,-9.735036561814447431e-01,8.200774640808838889e-01,2.670278934596792553e-01,-3.735692961654265010e-01,1.474590087026343144e-01,2.780821034521939183e-01,-3.970233525058007862e-01,-5.479384862176421844e-01,-1.008588245645009929e+00,1.383332484053726219e+00,4.905452560669210094e-02,1.465320235980156482e+00,-2.002025742490139981e-01,-1.794255924204597008e+00,-1.921849852929589986e+00,4.375631410638363583e+00,2.560384277824175214e+00,2.436136084357980458e+00
4.596397598398932693e+00,-9.761563475919148303e-01,8.163824956478603623e-01,2.602570783491328088e-01,-3.642440281919150369e-01,1.478434744354817643e-01,2.879118498371200374e-01,-3.982007737954192939e-01,-5.597653357479503988e-01,-1.021248460671519975e+00,1.412312502780507462e+00,6.624476898185682749e-02,1.481670421662987014e+00,-1.527518800249897390e-01,-1.751342016753646869e+00,-1.873584896543947220e+00,4.312357584432204405e+00,2.593183208140495744e+00,2.465538499629503999e+00
4.603068712474983393e+00,-9.788158362640969612e-01,8.126095879091588259e-01,2.534028838025684793e-01,-3.547268489400562386e-01,1.483433450464454462e-01,2.978513194616507764e-01,-3.990609401983288285e-01,-5.713040891481888650e-01,-1.033584758335622134e+00,1.440866027806935179e+00,8.365244852481101834e-02,1.498214513278163906e+00,-1.050930945985903975e-01,-1.707887652061249373e+00,-1.824742323704087843e+00,4.247772896586755387e+00,2.625568828181375824e+00,2.494266427680897014e+00
4.609739826551034092e+00,-9.814800012815648733e-01,8.087606746816392578e-01,2.464674834335097708e-01,-3.450206325748100267e-01,1.489600617550276840e-01,3.079017907681459443e-01,-3.996025343869572533e-01,-5.825512001369360648e-01,-1.045593343443659062e+00,1.468984400863691642e+00,1.012747507819495851e-01,1.514947958428891184e+00,-5.724748291665715527e-02,-1.663910595897422073e+00,-1.775339596875659787e+00,4.181903415991977013e+00,2.657524297172632721e+00,2.522304083120151752e+00
4.616410940627084791e+00,-9.841467134137894535e-01,8.048377130433245208e-01,2.394530757838171653e-01,-3.351283104371617361e-01,1.496950466376714695e-01,3.180645114803285489e-01,-3.998243812319094426e-01,-5.935032414716063798e-01,-1.057270537860889981e+00,1.496659139473824007e+00,1.191087502026870748e-01,1.531866100394119856e+00,-9.236409559408187420e-03,-1.619428769113960609e+00,-1.725394346673752022e+00,4.114775774428976796e+00,2.689032850453124013e+00,2.549635975928641773e+00
4.623082054703135491e+00,-9.868138360669125309e-01,8.008426825358798684e-01,2.323618835390846848e-01,-3.250528698589471022e-01,1.505497018816993049e-01,3.283406979139490978e-01,-3.997254484368385485e-01,-6.041569059585126800e-01,-1.068612781609505236e+00,1.523881940669951529e+00,1.371514096719845810e-01,1.548964180118909573e+00,3.891867019890382640e-02,-1.574460240287841595e+00,-1.674924364739220906e+00,4.046417155162221668e+00,2.720077806894951600e+00,2.576246917403765657e+00
4.629753168779186190e+00,-9.894792262385503356e-01,7.967775843605245933e-01,2.251961527368733784e-01,-3.147973529531412074e-01,1.515254090429674350e-01,3.387315343008494573e-01,-3.993048471135370869e-01,-6.145090074136975167e-01,-1.079616633918949908e+00,1.550644684634505666e+00,1.553995810923064491e-01,1.566237338243963828e+00,8.719621937289512292e-02,-1.529023218323240396e+00,-1.623947596567205665e+00,3.976855281278868226e+00,2.750642576306415066e+00,2.602122025956942863e+00
4.636424282855236889e+00,-9.921407354762417086e-01,7.926444405676909000e-01,2.179581519680942048e-01,-3.043648553801181489e-01,1.526235283075650928e-01,3.492381721266971661e-01,-3.985618322969661786e-01,-6.245564815742914444e-01,-1.090278774228257586e+00,1.576939438261377724e+00,1.738500060149069659e-01,1.583680617173357952e+00,1.355746282888937726e-01,-1.483136045015179594e+00,-1.572482134290783984e+00,3.906118403780143300e+00,2.780710666814617760e+00,2.627246732764885184e+00
4.643095396931287588e+00,-9.947962108391189551e-01,7.884452932407760573e-01,2.106501715718682166e-01,-2.937585250904241052e-01,1.538453977578965459e-01,3.598617294826372826e-01,-3.974958033999713702e-01,-6.342963869601325744e-01,-1.100596003140098755e+00,1.602758458637283390e+00,1.924993163202850521e-01,1.601288963179474667e+00,1.840322236438286518e-01,-1.436817187578019350e+00,-1.520546209422924067e+00,3.834235289430151905e+00,2.810265692224429124e+00,2.651606787271947763e+00
4.649766511007338288e+00,-9.974434958624260883e-01,7.841822036743067992e-01,2.032745228241822633e-01,-2.829815610445886032e-01,1.551923326434542783e-01,3.706032904311129528e-01,-3.961063046074515537e-01,-6.437259056854525152e-01,-1.110565243326286033e+00,1.628094196441294494e+00,2.113440349476454205e-01,1.619057228544124705e+00,2.325472775965555794e-01,-1.390085231141817923e+00,-1.468158185559705675e+00,3.761235208367212035e+00,2.839291379350751932e+00,2.675188262541653206e+00
4.656437625083388987e+00,-1.000080431524450031e+00,7.798572515468618072e-01,1.958335371206673114e-01,-2.720372119105452513e-01,1.566656246566336952e-01,3.814639043860789114e-01,-3.943930252097851419e-01,-6.528423442203886706e-01,-1.120183540384475984e+00,1.652939299260923978e+00,2.303805766731763516e-01,1.636980173734877919e+00,2.810980168876382468e-01,-1.342958871219776418e+00,-1.415336551047966074e+00,3.687147921483318047e+00,2.867771575320795296e+00,2.697977560455323331e+00
4.663108739159439686e+00,-1.002704857215481082e+00,7.754725340890765706e-01,1.883295651538238469e-01,-2.609287747392028955e-01,1.582665412138927474e-01,3.924445855078564915e-01,-3.923557998753304243e-01,-6.616431341021664636e-01,-1.129448063645845490e+00,1.677286614823286559e+00,2.496052489369351424e-01,1.655052469615564181e+00,3.296626319839515151e-01,-1.295456906149822451e+00,-1.362099911620380910e+00,3.612003667577053712e+00,2.895690254843304778e+00,2.719961416756013328e+00
4.669779853235490386e+00,-1.005314611708383099e+00,7.710301652470767930e-01,1.807649760850260634e-01,-2.496595936187605003e-01,1.599963247425959245e-01,4.035463121128382569e-01,-3.899946088618525541e-01,-6.701258325957755169e-01,-1.138356106933534839e+00,1.701129194139787026e+00,2.690142527180996446e-01,1.673268699689882233e+00,3.782192862441454695e-01,-1.247598229513550816e+00,-1.308466983001160155e+00,3.535833150285767168e+00,2.923031527441500632e+00,2.741126905935900471e+00
4.676450967311541085e+00,-1.007907534130375593e+00,7.665322748416689702e-01,1.731421567116265825e-01,-2.382330583083203668e-01,1.618561919738517596e-01,4.147700260982754017e-01,-3.873095781667409421e-01,-6.782881233040158886e-01,-1.146905089271682776e+00,1.724460294562935037e+00,2.886036834583576294e-01,1.691623362377100870e+00,4.267461251012861778e-01,-1.199401822535577811e+00,-1.254456583485351384e+00,3.458667524802526483e+00,2.949779644646692400e+00,2.761461445965440742e+00
4.683122081387591784e+00,-1.010481464935607088e+00,7.619810077236351953e-01,1.654635106295015423e-01,-2.266526028514214697e-01,1.638473332416759964e-01,4.261166323823474267e-01,-3.843009796159285729e-01,-6.861278167267711448e-01,-1.155092555544865007e+00,1.747273382753827597e+00,3.083695320331286682e-01,1.710110873318771985e+00,4.752212852586875647e-01,-1.150886746466543320e+00,-1.200087626494972692e+00,3.380538384383861228e+00,2.975919007149324891e+00,2.780952802862576512e+00
4.689793195463642483e+00,-1.013034246878120603e+00,7.573785229254620388e-01,1.577314573913586870e-01,-2.149217041700696162e-01,1.659709117887893381e-01,4.375869983597174273e-01,-3.809692308914274239e-01,-6.936428507694292200e-01,-1.162916177107812921e+00,1.769562137558951864e+00,3.283076857703531859e-01,1.728725567715382994e+00,5.236229038952071591e-01,-1.102072134952827742e+00,-1.145379113114991076e+00,3.301477746654061463e+00,3.001434171904448611e+00,2.799589095100455172e+00
4.696464309539693183e+00,-1.015563725984798271e+00,7.527269928098503371e-01,1.499484316611451873e-01,-2.030438806398831564e-01,1.682280630793684950e-01,4.491819533727747782e-01,-3.773148954974366864e-01,-7.008312912003552553e-01,-1.170373752345275520e+00,1.791320452794962659e+00,3.484139295165135097e-01,1.747461702691886387e+00,5.719291278761006181e-01,-1.052977186396172549e+00,-1.090350124612297966e+00,3.221518039712085280e+00,3.026309859188467843e+00,2.817358797852121732e+00
4.703135423615743882e+00,-1.018067752527872738e+00,7.480286022153430636e-01,1.421168823648878143e-01,-1.910226906469734698e-01,1.706198941190683327e-01,4.609022881987566156e-01,-3.733386826649919277e-01,-7.076913320573878785e-01,-1.177463207181933535e+00,1.812542439940120653e+00,3.686839467495681699e-01,1.766313459690973087e+00,6.201181229655785554e-01,-1.003621156306342632e+00,-1.035019814940808747e+00,3.140692088047238872e+00,3.050530959604075054e+00,2.834250747070795828e+00
4.709806537691794581e+00,-1.020544181996599908e+00,7.432855475994094574e-01,1.342392718382971473e-01,-1.788617311271837318e-01,1.731474827826227636e-01,4.727487545529158175e-01,-3.690414471951648512e-01,-7.142212960032854330e-01,-1.184182595542270455e+00,1.833222430731173969e+00,3.891133207384297465e-01,1.785274946893038450e+00,6.681680830372497271e-01,-9.540233496499364030e-01,-9.794074032357493742e-01,3.059033098269670958e+00,3.074082541030370930e+00,2.850254143404319152e+00
4.716477651767845281e+00,-1.022990876067678023e+00,7.385000361793315760e-01,1.263180749714725160e-01,-1.665646360883268617e-01,1.758118771493341059e-01,4.847220646079251072e-01,-3.644241892408367489e-01,-7.204196346301379172e-01,-1.190530099760346072e+00,1.853354979664423530e+00,4.096975357486193348e-01,1.804340201661686738e+00,7.160572392785206075e-01,-9.042031131985357462e-01,-9.235321663003117632e-01,2.976574644662134173e+00,3.096949855515053418e+00,2.865358555942541852e+00
4.723148765843895980e+00,-1.025405703574009175e+00,7.336742850712270059e-01,1.183557783510381517e-01,-1.541350751160518728e-01,1.786140948467591361e-01,4.968228905296755427e-01,-3.594880540270964930e-01,-7.262849287127357556e-01,-1.196504030939432806e+00,1.872934866399844633e+00,4.304319782936979477e-01,1.823503193013686907e+00,7.637638693851955818e-01,-8.541798278792499532e-01,-8.674134310877048559e-01,2.893350654559159629e+00,3.119118346105738127e+00,2.879553925796426661e+00
4.729819879919946679e+00,-1.027786541471388260e+00,7.288105204275551197e-01,1.103548794000516475e-01,-1.415767518640115297e-01,1.815551224028941479e-01,5.090518640296282094e-01,-3.542343315103496648e-01,-7.318158884109202678e-01,-1.202102829261486594e+00,1.891957098067093668e+00,4.513119384320514182e-01,1.842757824112234877e+00,8.112663067422990482e-01,-8.039729011308595075e-01,-8.110705671817950435e-01,2.809395393560305543e+00,3.140573653617336092e+00,2.892830569507737870e+00
4.736490993995997378e+00,-1.030131275802715463e+00,7.239109765734378366e-01,1.023178855160077755e-01,-1.288934025289627250e-01,1.846359146071652746e-01,5.214095759338817082e-01,-3.486644559762291928e-01,-7.370113534209772332e-01,-1.207325064246469015e+00,1.910416911472357926e+00,4.723326111086193491e-01,1.862097934782398934e+00,8.585429495874071781e-01,-7.536017592685677613e-01,-7.545229792793313184e-01,2.724743450583751780e+00,3.161301623332585020e+00,2.905179182288303963e+00
4.743162108072048078e+00,-1.032437802659321058e+00,7.189778951421476050e-01,9.424731320728960138e-02,-1.160887943114918830e-01,1.878573938805111476e-01,5.338965757690786740e-01,-3.427800055764520515e-01,-7.418702930761282843e-01,-1.212169434961522407e+00,1.928309775204954502e+00,4.934890975410674563e-01,1.881517304047585881e+00,9.055722701525109608e-01,-7.030858398605850379e-01,-6.977900996769722530e-01,2.639429722767069997e+00,3.181288311632734622e+00,2.916590841087855601e+00
4.749833222148098777e+00,-1.034704029139001502e+00,7.140135242100874580e-01,8.614568722838197856e-02,-1.031667238630116501e-01,1.912204496548651211e-01,5.465133713653129721e-01,-3.365827018047703456e-01,-7.463918063962102778e-01,-1.216634770180054836e+00,1.945631391642738350e+00,5.147764066499751490e-01,1.901009652685927032e+00,9.523328237806899521e-01,-6.524445841195043450e-01,-6.408913807660661099e-01,2.553489400221583772e+00,3.200519992555508786e+00,2.927057007489558771e+00
4.756504336224149476e+00,-1.036927874300349828e+00,7.090201174316150823e-01,7.801553971419780686e-02,-9.013101571973120008e-02,1.947259377623224985e-01,5.592604284761417688e-01,-3.300744089122004121e-01,-7.505751220866559992e-01,-1.220720028490784426e+00,1.962377698855310104e+00,5.361894565325012740e-01,1.920568645805383223e+00,9.988032580136518845e-01,-6.016974293116804651e-01,-5.838462875383847450e-01,2.466957950647261644e+00,3.218983164277399833e+00,2.936569530432416641e+00
4.763175450300200175e+00,-1.039107270112987313e+00,7.039999331740370847e-01,6.985940931383818886e-02,-7.698552072426423365e-02,1.983746798342826412e-01,5.721381704158488013e-01,-3.232571332617292237e-01,-7.544195984869128679e-01,-1.224424298356846741e+00,1.978544872404158550e+00,5.577230759790536840e-01,1.940187895436433330e+00,1.044962321646442316e+00,-5.508638011875472973e-01,-5.266742901057679394e-01,2.379871103814774180e+00,3.236664555517487329e+00,2.945120648759885107e+00
4.769846564376250875e+00,-1.041240162403292757e+00,6.989552336531186238e-01,6.167984032412687778e-02,-6.373411443557672196e-02,2.021674627108497879e-01,5.851469777140493322e-01,-3.161330226227418994e-01,-7.579247234684299839e-01,-1.227746798125039174e+00,1.994129327038852040e+00,5.793720060323974685e-01,1.959860963141198731e+00,1.090788873745427878e+00,-4.999631064360178234e-01,-4.693948562367997734e-01,2.292264835921620225e+00,3.253551131859919288e+00,2.952702993593931957e+00
4.776517678452301574e+00,-1.043324511795214127e+00,6.938882840694406973e-01,5.347938182325079337e-02,-5.038069552797314055e-02,2.061050378607768852e-01,5.982871877877552480e-01,-3.087043654054224540e-01,-7.610901142824069154e-01,-1.230686875985355755e+00,2.009127718288460596e+00,6.011309015886618923e-01,1.979581362637794939e+00,1.136261892625779701e+00,-4.490147251659701855e-01,-4.120274439135507283e-01,2.204175353829309181e+00,3.269630101992226479e+00,2.959309590534076939e+00
4.783188792528352273e+00,-1.045358294645784447e+00,6.888013517459408153e-01,4.526058680483224794e-02,-3.692918417980992074e-02,2.101881208122235445e-01,6.115590946309937825e-01,-3.009735898354075623e-01,-7.639155173574718738e-01,-1.233244009880927194e+00,2.023536943947457534e+00,6.229943330396798817e-01,1.999342562438801485e+00,1.181360484784715670e+00,-3.980380034178083726e-01,-3.545914939113642417e-01,2.115639079188392557e+00,3.284888923856769338e+00,2.964933861680838056e+00
4.789859906604402973e+00,-1.047339503974925590e+00,6.836967052669679079e-01,3.702601131277000190e-02,-2.338352045265804091e-02,2.144173905946145653e-01,6.249629485220784542e-01,-2.929432630690036454e-01,-7.664008080475317453e-01,-1.235417807368564880e+00,2.037354145455349652e+00,6.449567879560660355e-01,2.019137988502607506e+00,1.226063893786696113e+00,-3.470522457081395284e-01,-2.971064224047600399e-01,2.026692632458595877e+00,3.299315310712498395e+00,2.969569627483261698e+00
4.796531020680453672e+00,-1.049266150389156271e+00,6.785766136191860864e-01,2.877821357717214035e-02,-9.747662661608980095e-03,2.187934891918521529e-01,6.384989557485973855e-01,-2.846160902493013456e-01,-7.685459903299831641e-01,-1.237208005430054492e+00,2.050576709169386280e+00,6.670126728104275315e-01,2.038961026896528139e+00,1.270351509096873555e+00,-2.960767076104954265e-01,-2.395916136023829024e-01,1.937372816830868594e+00,3.312897237104407644e+00,2.973211108410103165e+00
4.803202134756504371e+00,-1.051136262998805249e+00,6.734433453346584386e-01,2.051975315171504499e-02,3.974414262539083254e-03,2.233170210071619977e-01,6.521672783502093784e-01,-2.759949135035454360e-01,-7.703511964545759483e-01,-1.238614470234435494e+00,2.063202267529688605e+00,6.891563147400777689e-01,2.058805026470452049e+00,1.314202874859020209e+00,-2.451305883751107029e-01,-1.820664124140389806e-01,1.847716602058731006e+00,3.325622944737934628e+00,2.975852926444488844e+00
4.809873248832555070e+00,-1.052947890328342240e+00,6.682991676364332667e-01,1.225319005274783102e-02,1.777872041852082696e-02,2.279885523398236524e-01,6.659680338793065868e-01,-2.670827108821407503e-01,-7.718166865431633772e-01,-1.239637196851461898e+00,2.075228700116251268e+00,7.113819633486189176e-01,2.078663301539897645e+00,1.357597698614302129e+00,-1.942330235906319924e-01,-1.245501171527094719e-01,1.757761108205822875e+00,3.337480948255764357e+00,2.977490106401821546e+00
4.816544362908605770e+00,-1.054699101219435775e+00,6.631463455869671675e-01,3.981083900472748294e-03,3.166125258651905638e-02,2.328086108740525240e-01,6.799012951796032933e-01,-2.578825952396991417e-01,-7.729428481406670493e-01,-1.240276308916524073e+00,2.086654134597242916e+00,7.336837925457292409e-01,2.098529134577241884e+00,1.400515859957159215e+00,-1.434030778907071646e-01,-6.706197227452437293e-02,1.667543589317114217e+00,3.348460040914364999e+00,2.978118077070909919e+00
4.823215476984656469e+00,-1.056387985726354950e+00,6.579871412397013675e-01,-4.294006937481276154e-03,4.561799588605650047e-02,2.377776851802786418e-01,6.939670901827083016e-01,-2.483978130585653421e-01,-7.737301957175206635e-01,-1.240532058247249214e+00,2.097476947568160277e+00,7.560559024244802862e-01,2.118395778910007188e+00,1.442937419124691090e+00,-9.265973770831026357e-02,-9.621161159563129672e-03,1.577101417020753571e+00,3.358549300157771533e+00,2.977732672178223794e+00
4.829886591060707168e+00,-1.058012656003333607e+00,6.528238127941236035e-01,-1.256952619976098307e-02,5.964492543910634992e-02,2.428962242290689244e-01,7.081654017227055897e-01,-2.386317432152727513e-01,-7.741793701239645387e-01,-1.240404824412102647e+00,2.107695765281361044e+00,7.784923211754763983e-01,2.138256461424951294e+00,1.484842625515879311e+00,-4.202190408070216598e-02,4.775320106356362171e-02,1.486472064068101950e+00,3.367738093086071416e+00,2.976330131175411786e+00
4.836557705136757868e+00,-1.059571247183514142e+00,6.476586137546261890e-01,-2.084292058195977293e-02,7.373800803771177192e-02,2.481646369179467404e-01,7.224961673688043984e-01,-2.285878956904103809e-01,-7.742911379965070617e-01,-1.239895114251269304e+00,2.117309464265612284e+00,8.009870070371311046e-01,2.158104385276852000e+00,1.526211926137084340e+00,8.491614492201371434e-03,1.050420746465633437e-01,1.395693087819022793e+00,3.376016081816135994e+00,2.973907099850182423e+00
4.843228819212808567e+00,-1.061061918249098790e+00,6.424937920934827851e-01,-2.911164058393150844e-02,8.789320381537024662e-02,2.535832916113320845e-01,7.369592792760603084e-01,-2.182699102224059939e-01,-7.740663911169247680e-01,-1.239003561350133786e+00,2.126317171835306219e+00,8.235338502813299710e-01,2.177932732600775800e+00,1.567025973970233466e+00,5.886210913320022442e-02,1.622265023008497842e-01,1.304802113679870423e+00,3.383373228732184934e+00,2.970460630760769050e+00
4.849899933288859266e+00,-1.062482852892332463e+00,6.373315894182596253e-01,-3.737314135343468291e-02,1.021064679214407078e-01,2.591525156938552232e-01,7.515545840542086076e-01,-2.076815549057494104e-01,-7.735061457242099481e-01,-1.237730925465724940e+00,2.134718266489048943e+00,8.461266752337518460e-01,2.197734667226633132e+00,1.607265636260149844e+00,1.090709776141762788e-01,2.192876162246735205e-01,1.213836818501609072e+00,3.389799801623764264e+00,2.965988183494344010e+00
4.856571047364909965e+00,-1.063832260366954552e+00,6.321742401439713888e-01,-4.562488352579588402e-02,1.163737521978477629e-01,2.648725951372489229e-01,7.662818826546043960e-01,-1.968267247342100901e-01,-7.726115417798258278e-01,-1.236078091906440690e+00,2.142512378197384493e+00,8.687592423280818821e-01,2.217503337394905127e+00,1.646912002717559886e+00,1.590997313207087593e-01,2.762066450752247437e-01,1.122834913945231383e+00,3.395286378708867403e+00,2.960487624749662761e+00
4.863242161440960665e+00,-1.065108376329745088e+00,6.270239706702951388e-01,-5.386433405927813778e-02,1.306910068573252093e-01,2.707437740810670901e-01,7.811409302752833073e-01,-1.857094400896254216e-01,-7.713838421867320605e-01,-1.234046070865471911e+00,2.149699388579455306e+00,8.914252501933428441e-01,2.237231878472305091e+00,1.685946393634243590e+00,2.089300021522038087e-01,3.329649208829130735e-01,1.031834129822136070e+00,3.399823853539837071e+00,2.953957228244488142e+00
4.869913275517011364e+00,-1.066309463671815116e+00,6.218829985641451952e-01,-6.208896706585084746e-02,1.450541821624783956e-01,2.767662544274268610e-01,7.961314362841327430e-01,-1.743338451768530750e-01,-7.698244319625838772e-01,-1.231635996708283942e+00,2.156279430968470745e+00,9.141183377735604410e-01,2.256913415666266687e+00,1.724350367906967829e+00,2.585435493549019803e-01,3.895438859051528757e-01,9.408721974166103230e-01,3.403403439789880913e+00,2.946395674448240687e+00
4.876584389593062063e+00,-1.067433813339272675e+00,6.167535317479165835e-01,-7.029626463705429540e-02,1.594592301049013172e-01,2.829401954500055383e-01,8.112530641601672921e-01,-1.627042064055043147e-01,-7.679348173676004974e-01,-1.228849127214603376e+00,2.162252890365869540e+00,9.368320864789534408e-01,2.276541066737046481e+00,1.762105730966732287e+00,3.079222662850920056e-01,4.459250994169161597e-01,8.499868327981134897e-01,3.406016675917926673e+00,2.937802050140610355e+00
4.883255503669112763e+00,-1.068479745142923321e+00,6.116377676936949337e-01,-7.848371766465672694e-02,1.739021060836275223e-01,2.892657134174839717e-01,8.265054314528861301e-01,-1.508249107191106386e-01,-7.657166249875313468e-01,-1.225686842775302932e+00,2.167620403284146846e+00,9.595600223678364404e-01,2.296107944706316850e+00,1.799194542610039527e+00,3.570481870999330232e-01,5.020902444354213845e-01,7.592157201305174130e-01,3.407655429709754991e+00,2.928175847796667952e+00
4.889926617745163462e+00,-1.069445608556646166e+00,6.065378926237348090e-01,-8.664882665580316001e-02,1.883787705821489689e-01,2.957428812316505451e-01,8.418881097596810914e-01,-1.387004638723827732e-01,-7.631716007722573192e-01,-1.222150645544671566e+00,2.172382857478348139e+00,9.822956183583892997e-01,2.315607160561064415e+00,1.835599124728786613e+00,4.059034933732966755e-01,5.580211343762968568e-01,6.685964949860123685e-01,3.408311902693241358e+00,2.917516964799385271e+00
4.896597731821214161e+00,-1.070329783504109011e+00,6.014560807174962331e-01,-9.478910254236302957e-02,2.028851908432845186e-01,3.023717280803527307e-01,8.574006247212659915e-01,-1.263354886572487512e-01,-7.603016090304943742e-01,-1.218242158548495047e+00,2.176541391566281902e+00,1.005032296469464015e+00,2.335031825951693563e+00,1.871302068935587481e+00,4.544705206341188575e-01,6.136997196386630993e-01,5.781667276708528647e-01,3.407978634425726128e+00,2.905825702480272277e+00
4.903268845897264860e+00,-1.071130681133478868e+00,5.963944933255331815e-01,-1.029020674841814864e-01,2.174173425411333183e-01,3.091522391055003260e-01,8.730424560350862340e-01,-1.137347230783785079e-01,-7.571086313811632440e-01,-1.213963124748474121e+00,2.180097394537554578e+00,1.027763430089558394e+00,2.354375055883115131e+00,1.906286244081215386e+00,5.027317648247520143e-01,6.691080941165521434e-01,4.879639065706418144e-01,3.406648506651460906e+00,2.893102764989197162e+00
4.909939959973315560e+00,-1.071846744579794786e+00,5.913552781905212496e-01,-1.109852556659437495e-01,2.319712114493895916e-01,3.160843550862845186e-01,8.888130374866454186e-01,-1.009030184789304618e-01,-7.535947656619368384e-01,-1.209315406063440124e+00,2.183052505151591660e+00,1.050482346273083456e+00,2.373629971397757554e+00,1.940534803661019936e+00,5.506698886768505163e-01,7.242285016341432069e-01,3.980254215223670844e-01,3.404314747327247925e+00,2.879349257994238798e+00
4.916611074049366259e+00,-1.072476449714673707e+00,5.863405686757059421e-01,-1.190362140873706676e-01,2.465427951052733269e-01,3.231679721378187264e-01,9.047117569987157548e-01,-8.784533761726659451e-02,-7.497622247955336716e-01,-1.204300982347904725e+00,2.185408611224836317e+00,1.073182328063049029e+00,2.392789702249351613e+00,1.974031193107159021e+00,5.982677280023939170e-01,7.790433423023557236e-01,3.083885472206995271e-01,3.400970934514347732e+00,2.864566687212701801e+00
4.923282188125416958e+00,-1.073018305883024492e+00,5.813524830010573519e-01,-1.270525033464520170e-01,2.611281044683237962e-01,3.304029414253429886e-01,9.207379566983291408e-01,-7.456675269541407358e-02,-7.456133356143423985e-01,-1.198921950328478703e+00,2.187167848807387571e+00,1.095856616839245845e+00,2.411847389566311506e+00,2.006759156963513924e+00,6.455082978974234775e-01,8.335351787942884005e-01,2.190904266660639310e-01,3.396611000134842406e+00,2.848756956774467497e+00
4.929953302201467658e+00,-1.073470856626451919e+00,5.763931234873979070e-01,-1.350316984154551758e-01,2.757231655733514142e-01,3.377890688941916908e-01,9.368909330015234849e-01,-6.107244334005035302e-02,-7.411505376439494475e-01,-1.193180522498698881e+00,2.188332601249374676e+00,1.118498414691049270e+00,2.430796188503686395e+00,2.038702745940312866e+00,6.923747988562430900e-01,8.876867425372119147e-01,1.301680546616530432e-01,3.391229233590679737e+00,2.831922367418823860e+00
4.936624416277518357e+00,-1.073832680393032479e+00,5.714645758087850691e-01,-1.429713894094157001e-01,2.903240211767775802e-01,3.453261150156620163e-01,9.531699367157192571e-01,-4.736769453685091280e-02,-7.363763818461910304e-01,-1.187079025972836765e+00,2.188905498157430518e+00,1.141100886813889215e+00,2.449629270882503818e+00,2.069846323845350167e+00,7.388506227936856297e-01,9.414809398186236855e-01,4.165826136702366345e-02,3.384820285243652638e+00,2.814065614526103154e+00
4.943295530353569056e+00,-1.074102391233159981e+00,5.665689082534107746e-01,-1.508691823468512605e-01,3.049267323956600384e-01,3.530137945489457141e-01,9.695741731596707602e-01,-3.345789451900538225e-02,-7.312935293223319366e-01,-1.180619901299257535e+00,2.188889414241643738e+00,1.163657163928472738e+00,2.468339827815452026e+00,2.100174574388960824e+00,7.849193589732861298e-01,9.949008578041402817e-01,-4.640230408461731848e-02,3.377379169754696875e+00,2.795189785985454645e+00
4.949966644429619755e+00,-1.074278639481151654e+00,5.617081709932827405e-01,-1.587226999024237695e-01,3.195273803386514677e-01,3.608517763192767847e-01,9.861028023008771015e-01,-1.934853261077457143e-02,-7.259047499770305834e-01,-1.173805701233948007e+00,2.188287468053472296e+00,1.186160344721808091e+00,2.486921072317776371e+00,2.129672507859754926e+00,8.305647998390995879e-01,1.047929770464884669e+00,-1.339771898978592279e-01,3.368901269280856425e+00,2.775298359900220113e+00
4.956637758505670455e+00,-1.074360112422324542e+00,5.568843953629498689e-01,-1.665295821512880747e-01,3.341220677281866447e-01,3.688396830124281434e-01,1.002754938910363602e+00,-5.045197026947945140e-03,-7.202129211437093836e-01,-1.166639089474790891e+00,2.187103020615078108e+00,1.208603498309076762e+00,2.505366241902354130e+00,2.158325467668339215e+00,8.757709467490299993e-01,1.100551144412163396e+00,-2.210301578482138929e-01,3.359382336528402568e+00,2.754395202132330134e+00
4.963308872581721154e+00,-1.074345534945243319e+00,5.520995931475229934e-01,-1.742874873048704809e-01,3.487069205131539396e-01,3.769770909857059760e-01,1.019529652734715519e+00,9.446427370905730037e-03,-7.142210261720345343e-01,-1.159122839357253021e+00,2.185339673940670302e+00,1.230979666715390053e+00,2.523668601157827318e+00,2.186119136756168757e+00,9.205220156075659688e-01,1.152748644637234143e+00,-3.075251994293832780e-01,3.348818497660590143e+00,2.732484563687417101e+00
4.969979986657771853e+00,-1.074233670178861733e+00,5.473557558802421008e-01,-1.819940924378164182e-01,3.632780894713574238e-01,3.852635300955563613e-01,1.036425968685257049e+00,2.412056136048351673e-02,-7.079321529781366085e-01,-1.151259832512084191e+00,2.183001269450415727e+00,1.253281867376457193e+00,2.541821444308792532e+00,2.213039543866853087e+00,9.648024423958356799e-01,1.204506140154010030e+00,-3.934265519077018158e-01,3.337206255058658311e+00,2.709571077942109163e+00
4.976651100733822553e+00,-1.074023320114271707e+00,5.426548541498407152e-01,-1.896470942058593179e-01,3.778317518010261833e-01,3.936984835419204964e-01,1.053442867044241060e+00,3.897133368616045868e-02,-7.013494925583063644e-01,-1.143053057485719171e+00,2.180091886277597535e+00,1.275503095657173347e+00,2.559818097756950461e+00,2.239073069677166572e+00,1.008596888596972052e+00,1.255807709542593020e+00,-4.786987142762917369e-01,3.324542489934660949e+00,2.685659757715364471e+00
4.983322214809873252e+00,-1.073713326210792518e+00,5.379988369179453667e-01,-1.972442095543623652e-01,3.923641127006873841e-01,4.022813877294425522e-01,1.070579283687923100e+00,5.399278342682733989e-02,-6.944763374668395661e-01,-1.134505608324024140e+00,2.176615839469679070e+00,1.297636327387141630e+00,2.577651922602213208e+00,2.264206452785197055e+00,1.051890246514818106e+00,1.306637646391588525e+00,-5.633064631019811808e-01,3.310824464794873911e+00,2.660755992185488417e+00
4.989993328885923951e+00,-1.073302569986132937e+00,5.333896308467411806e-01,-2.047831764172959312e-01,4.068714069366865527e-01,4.110116321456529498e-01,1.087834110326397541e+00,6.917886240320475499e-02,-6.873160802587678919e-01,-1.125620683120083232e+00,2.172577678084036901e+00,1.319674521412136370e+00,2.595316317142734253e+00,2.288426795553056614e+00,1.094667644484082381e+00,1.356980464637218553e+00,-6.472148682577710810e-01,3.296049825752483731e+00,2.634865543654754116e+00
4.996664442961974650e+00,-1.072789973590361656e+00,5.288291396371499475e-01,-2.122617544064036577e-01,4.213499003976444168e-01,4.198885592562175972e-01,1.105206194760019134e+00,8.452343762362068968e-02,-6.798722118982005735e-01,-1.116401582526721503e+00,2.167982183179145927e+00,1.341610622160471777e+00,2.612804719352848970e+00,2.311721569801604037e+00,1.136914451970015394e+00,1.406820903797212585e+00,-7.303893085337294089e-01,3.280216604688406257e+00,2.607994544163484196e+00
5.003335557038025350e+00,-1.072174500363439531e+00,5.243192433777315031e-01,-2.196777254903339860e-01,4.357958916351812872e-01,4.289114644173569468e-01,1.122694341152295605e+00,1.000202937673015380e-01,-6.721483201330114010e-01,-1.106851708234458664e+00,2.162834365702033690e+00,1.363437562223293043e+00,2.630110609337928729e+00,2.334078622354812893e+00,1.178616284555849658e+00,1.456143934097635206e+00,-8.127954871194684738e-01,3.263323221259108564e+00,2.580149491955534558e+00
5.010006671114076049e+00,-1.071455155376058732e+00,5.198617979045450088e-01,-2.270288946635015681e-01,4.502057133901902763e-01,4.380795958055229145e-01,1.140297310319066781e+00,1.156631357041138508e-01,-6.641480878366401441e-01,-1.096974561415632765e+00,2.157139464272918250e+00,1.385148264947730912e+00,2.647227511765179120e+00,2.355486180431313414e+00,1.219759008816180934e+00,1.504934761490723139e+00,-8.943994469510226919e-01,3.245368484750355442e+00,2.551337247797230923e+00
5.016677785190126748e+00,-1.070630985953560543e+00,5.154586341721720810e-01,-2.343130906044614270e-01,4.645757341040045452e-01,4.473921543644112098e-01,1.158013820033822583e+00,1.314455910497927538e-01,-6.558752913177672283e-01,-1.086773741135412141e+00,2.150902942867911172e+00,1.406735647041927439e+00,2.664148998269374680e+00,2.375932856880892174e+00,1.260328747074650035e+00,1.553178832561998846e+00,-9.751675859154256276e-01,3.226351595775935888e+00,2.521565031151865366e+00
5.023348899266177447e+00,-1.069701082182684448e+00,5.111115576361273671e-01,-2.415281663235717968e-01,4.789023594137560846e-01,4.568482937693940649e-01,1.175842545348979584e+00,1.473612127555476436e-01,-6.473337985986409304e-01,-1.076252942730451023e+00,2.144130488400808332e+00,1.428192621190852218e+00,2.680868689832621055e+00,2.395407655263590119e+00,1.300311882044172140e+00,1.600861839324820846e+00,-1.055066671905949605e+00,3.206272147820372176e+00,2.490840416211840491e+00
5.030020013342228147e+00,-1.068664577400934235e+00,5.068223476468535216e-01,-2.486719997997368647e-01,4.931820336312797703e-01,4.664471204094328138e-01,1.193782118932947389e+00,1.634034817310421883e-01,-6.385275676628376917e-01,-1.065415956155931765e+00,2.136828008204939344e+00,1.449512098681907224e+00,2.697380259137161396e+00,2.413899974769297518e+00,1.339695061348186833e+00,1.647969723900732486e+00,-1.134063857721420598e+00,3.185130128624811263e+00,2.459171327790679484e+00
5.036691127418278846e+00,-1.067520648668335514e+00,5.025927568555084157e-01,-2.557424946060163351e-01,5.074112412048772391e-01,4.761876933865357153e-01,1.211831131422794527e+00,1.795658094996370191e-01,-6.294606446732722294e-01,-1.054266664301778400e+00,2.129001627416180487e+00,1.470686992039232033e+00,2.713677432890330365e+00,2.431399614975654266e+00,1.378465201921305061e+00,1.694488683083893221e+00,-1.212126695802681065e+00,3.162925921415259634e+00,2.426566037077198423e+00
5.043362241494329545e+00,-1.066268517221375944e+00,4.984245106317337637e-01,-2.627375805239064444e-01,5.215865081633045408e-01,4.860690245328194159e-01,1.229988131792333794e+00,1.958415408848472872e-01,-6.201371621612525864e-01,-1.042809041278808246e+00,2.120657686258209829e+00,1.491710217665693339e+00,2.729753994120714733e+00,2.447896780442255338e+00,1.416609494287933702e+00,1.740405172788069610e+00,-1.289223152799721772e+00,3.139660305972429732e+00,2.393033157254142562e+00
5.050033355570380245e+00,-1.064907448908924081e+00,4.943193064936004522e-01,-2.696552141460849539e-01,5.357044035413254246e-01,4.960900784452134671e-01,1.248251627735425640e+00,2.122239567268857652e-01,-6.105613371873982453e-01,-1.031047150675608481e+00,2.111802737231160965e+00,1.512574698491472969e+00,2.745603784444660800e+00,2.463382085139141253e+00,1.454115406717348513e+00,1.785705912374555338e+00,-1.365321623962843844e+00,3.115334459542556278e+00,2.358581638983611839e+00
5.056704469646430944e+00,-1.063436754609924817e+00,4.902788135499152045e-01,-2.764933794674346301e-01,5.497615407861833337e-01,5.062497725378567459e-01,1.266620086064294437e+00,2.287062766281884318e-01,-6.007374694752665167e-01,-1.018985143786953040e+00,2.102443542204898819e+00,1.533273366628195467e+00,2.761220706302201400e+00,2.477846556707643977e+00,1.490970689253882764e+00,1.830377888859585855e+00,-1.440390947351272377e+00,3.089949957588543406e+00,2.323220765761804252e+00
5.063375583722481643e+00,-1.061855790632690644e+00,4.863046719550668251e-01,-2.832500884641532268e-01,5.637545791443779875e-01,5.165469771122106479e-01,1.285091933122665120e+00,2.452816617268075983e-01,-5.906699395184976664e-01,-1.006627257814541210e+00,2.092587069418104573e+00,1.553799166027540091e+00,2.776598725161591563e+00,2.491281640551780807e+00,1.527163377620868845e+00,1.874408360999775924e+00,-1.514400417852975522e+00,3.063508774380941269e+00,2.286960149145421450e+00
5.070046697798532342e+00,-1.060163959095596908e+00,4.823984923765823885e-01,-2.899233816607744707e-01,5.776802250281038997e-01,5.269805154449267448e-01,1.303665555213494365e+00,2.619432174965252713e-01,-5.803632066623601871e-01,-9.939778140409124552e-01,2.082240490384509979e+00,1.574145055143256311e+00,2.791731871691552236e+00,2.503679203758366612e+00,1.562681796997094086e+00,1.917784863254241579e+00,-1.587319801009112519e+00,3.036013283428243170e+00,2.249809723852454368e+00
5.076717811874583042e+00,-1.058360708289013186e+00,4.785618554755688425e-01,-2.965113286849158092e-01,5.915352333607506452e-01,5.375491638934758454e-01,1.322339299041084715e+00,2.786839965725456114e-01,-5.698218071605123392e-01,-9.810412159773239660e-01,2.071411176707551149e+00,1.594304009595515881e+00,2.806614243900442673e+00,2.515031538844180403e+00,1.597514565664502006e+00,1.960495209622021839e+00,-1.659119346637103920e+00,3.007466257746146177e+00,2.211779742739719445e+00
5.083388925950633741e+00,-1.056445533018303351e+00,4.747963114001970686e-01,-3.030120288095880521e-01,6.053164089008431503e-01,5.482516520195581666e-01,1.341111472167354490e+00,2.954970016015937562e-01,-5.590503522078785759e-01,-9.678219474864666605e-01,2.060106696804850479e+00,1.614269024836515243e+00,2.821240009241503532e+00,2.525331367328503607e+00,1.631650598526007911e+00,2.002527497353577157e+00,-1.729769802245897603e+00,2.977870869965399514e+00,2.172880771659973842e+00
5.090060040026684440e+00,-1.054417974927731372e+00,4.711033792923848273e-01,-3.094236114828994300e-01,6.190206075438442479e-01,5.590866627302986114e-01,1.359980343482041221e+00,3.123751881152776466e-01,-5.480535259504800694e-01,-9.543245708808273386e-01,2.048334812543898042e+00,1.634033118816271335e+00,2.835603406683413041e+00,2.534571843129517443e+00,1.665079110492328596e+00,2.043870110535134899e+00,-1.799242426237581904e+00,2.947230692278001829e+00,2.133123684201144954e+00
5.096731154102735140e+00,-1.052277622805128043e+00,4.674845468078330235e-01,-3.157442368449925874e-01,6.326447376012103163e-01,5.700528324372176048e-01,1.378944143686592794e+00,3.293114674254931096e-01,-5.368360834731258358e-01,-9.405537249975834957e-01,2.036103475790403738e+00,1.653589334647499243e+00,2.849698748745347565e+00,2.542746555783018003e+00,1.697789619736744360e+00,2.084511723544708151e+00,-1.867509000889139736e+00,2.915549696221528819e+00,2.092519656310513732e+00
5.103402268178785839e+00,-1.050024112867165016e+00,4.639412696495556210e-01,-3.219720962320689051e-01,6.461857610561438925e-01,5.811487512329853722e-01,1.398001065791527830e+00,3.462987095407295546e-01,-5.254028487658171098e-01,-9.265141232508560254e-01,2.023420824870789225e+00,1.672930743268536524e+00,2.863520423495820921e+00,2.549849533482065667e+00,1.729771950816870074e+00,2.124441304378752893e+00,-1.934541845108636249e+00,2.882832252301450904e+00,2.051080160806526109e+00
5.110073382254836538e+00,-1.047657129025117095e+00,4.604749711150452063e-01,-3.281054126673389471e-01,6.596406947954567279e-01,5.923729630859166928e-01,1.417149265626987065e+00,3.633297461020338903e-01,-5.137587126697920059e-01,-9.122105516622222021e-01,2.010295180950358418e+00,1.692050446103182448e+00,2.877062896514523516e+00,2.555875245936214402e+00,1.761016237662432538e+00,2.163648117848327335e+00,-2.000313826959860819e+00,2.849083129451419172e+00,2.008816961781176413e+00
5.116744496330887237e+00,-1.045176403130968046e+00,4.570870416572061501e-01,-3.341424413387694692e-01,6.730066118169979461e-01,6.037239660522089046e-01,1.436386862366266337e+00,3.803973733374525490e-01,-5.019086308040722200e-01,-8.976478668703309349e-01,1.996735044328692199e+00,1.710941577716412532e+00,2.890320712816481841e+00,2.560818607049052176e+00,1.791512926428239671e+00,2.202121728643866572e+00,-2.064798375949874920e+00,2.814307494331462767e+00,1.965742108895681906e+00
5.123415610406937937e+00,-1.042581715203752868e+00,4.537788384591848745e-01,-3.400814700634805510e-01,6.862806424120952986e-01,6.152002125058689819e-01,1.455711939062046101e+00,3.974943550337163289e-01,-4.898576214734350343e-01,-8.828309941205203515e-01,1.982749090653890045e+00,1.729597308464859040e+00,2.903288498737799816e+00,2.564674977412858325e+00,1.821252778211491341e+00,2.239852004267570695e+00,-2.127969495073776862e+00,2.778510910464214057e+00,1.921867931572446064e+00
5.130086724482988636e+00,-1.039872893636020201e+00,4.505516850232100801e-01,-3.459208197386728911e-01,6.994599753224820526e-01,6.268001093863153628e-01,1.475122543195079183e+00,4.146134255239783406e-01,-4.776107635587077960e-01,-8.677649252353076825e-01,1.968346167057265950e+00,1.748010847141009405e+00,2.915960963782332271e+00,2.567440166619276987e+00,1.850226871632732806e+00,2.276829117832626537e+00,-2.189801772611239095e+00,2.741699337209267284e+00,1.877207033086227383e+00
5.136757838559039335e+00,-1.037049815380312490e+00,4.474068707735688877e-01,-3.516588447789489313e-01,7.125418588711623924e-01,6.385220184635787000e-01,1.494616687235059693e+00,4.317472926903143104e-01,-4.651731943903141264e-01,-8.524547165666708226e-01,1.953535288210222376e+00,1.766175443609993012e+00,2.928332902428593343e+00,2.569110435384939883e+00,1.878426605279697625e+00,2.313043550728371311e+00,-2.250270393669336677e+00,2.703879128575905177e+00,1.831772284557529273e+00
5.143428952635090035e+00,-1.034112406115572202e+00,4.443456506738193701e-01,-3.572939335399186733e-01,7.255236020667311658e-01,6.503642566210829923e-01,1.514192349213412392e+00,4.488886409798143462e-01,-4.525501076059613714e-01,-8.369054869309789924e-01,1.938325632304949142e+00,1.784084391437935180e+00,2.940399195896294948e+00,2.569682497491098339e+00,1.905843700013454933e+00,2.348486095150718267e+00,-2.309351151466541907e+00,2.665057031874446203e+00,1.785576818851146941e+00
5.150100066711140734e+00,-1.031060640393384409e+00,4.413692448583475536e-01,-3.628245087279711734e-01,7.384025756806238405e-01,6.623250961559110639e-01,1.533847473307731413e+00,4.660301344329692008e-01,-4.397467509934129826e-01,-8.211224155275067549e-01,1.922726536960745136e+00,1.801731030510761000e+00,2.952154813871858074e+00,2.569153521536379881e+00,1.932470201136260890e+00,2.383147856497116912e+00,-2.367020458352600443e+00,2.625240186206572623e+00,1.738634024382997856e+00
5.156771180787191433e+00,-1.027894541763977543e+00,4.384788382783583183e-01,-3.682490277961113501e-01,7.511762132968200500e-01,6.744027650965235265e-01,1.553579970437596991e+00,4.831644197231504956e-01,-4.267684243192527704e-01,-8.051107398414134586e-01,1.906747495057697694e+00,1.819108749642408318e+00,2.963594816192324011e+00,2.567521132501848768e+00,1.958298480420636478e+00,2.417020255625472291e+00,-2.423255356559313789e+00,2.584436120795012393e+00,1.690957538838292473e+00
5.163442294863242132e+00,-1.024614182881917301e+00,4.356755803623985623e-01,-3.735659833257553020e-01,7.638420123335046830e-01,6.865954475378278632e-01,1.573387718871474217e+00,5.002841292058679556e-01,-4.136204771445933237e-01,-7.888757535321254677e-01,1.890398150499589924e+00,1.836210989171340957e+00,2.974714354487064671e+00,2.564783413127645240e+00,1.983321237999187581e+00,2.450095030976396693e+00,-2.478033528677180630e+00,2.542652753153105571e+00,1.642561242804223109e+00
5.170113408939292832e+00,-1.021219685591425952e+00,4.329605846914929002e-01,-3.787739033943938183e-01,7.763975350362442018e-01,6.989012839935284660e-01,1.593268564844429802e+00,5.173818839766113342e-01,-4.003083066286263758e-01,-7.724228043080012540e-01,1.873688293907808333e+00,1.853031243544336348e+00,2.985508673776738675e+00,2.560938905100563545e+00,2.007531504114794529e+00,2.482364240558342594e+00,-2.531333307853258052e+00,2.499898387094751762e+00,1.593459253320212543e+00
5.176784523015343531e+00,-1.017711220991281085e+00,4.303349286889695535e-01,-3.838713519290324339e-01,7.888404094422034607e-01,7.113183717656703653e-01,1.613220323186367322e+00,5.344502969359601341e-01,-3.868373553209735194e-01,-7.557572917882227070e-01,1.856627858248184770e+00,1.869563063886458210e+00,2.995973114028958939e+00,2.555986610051989683e+00,2.030922640730825623e+00,2.513820263795124355e+00,-2.583133687705398973e+00,2.456181710585379818e+00,1.543665917348998384e+00
5.183455637091394230e+00,-1.014089009479241410e+00,4.277996533250459921e-01,-3.888569290453320892e-01,8.011683303149764734e-01,7.238447653312805041e-01,1.633240777960502932e+00,5.514819758607423239e-01,-3.732131089437528138e-01,-7.388846653528087227e-01,1.839226914392635193e+00,1.885800060556174884e+00,3.006103111670147321e+00,2.549925990365705442e+00,2.053488343001146799e+00,2.544455803235509350e+00,-2.633414331948409792e+00,2.411511793434588657e+00,1.493195805171719348e+00
5.190126751167444930e+00,-1.010353320775972286e+00,4.253557628362457099e-01,-3.937292713723650195e-01,8.133790600495889311e-01,7.364784767459950920e-01,1.653327683111762925e+00,5.684695264799151104e-01,-3.594410941643259583e-01,-7.218104219817065292e-01,1.821495666617592324e+00,1.901735905684537320e+00,3.015894201053084256e+00,2.542756969795148869e+00,2.075222640599662327e+00,2.574263886124481537e+00,-2.682155583727531045e+00,2.365898084831243864e+00,1.442063703710304567e+00
5.196797865243495629e+00,-1.006504473928436116e+00,4.230042244597020384e-01,-3.984870523629251426e-01,8.254704295472716780e-01,7.492174760645795573e-01,1.673478763124843560e+00,5.854055555539484645e-01,-3.455268763596223702e-01,-7.045401040838408235e-01,1.803444448041126691e+00,1.917364335697413269e+00,3.025342015879672886e+00,2.534479933889794978e+00,2.096119898909275747e+00,2.603237865835966058e+00,-2.729338474655139457e+00,2.319350410721794375e+00,1.390284609780289671e+00
5.203468979319546328e+00,-1.002542837292733857e+00,4.207459681823979558e-01,-4.031289825893219492e-01,8.374403390595915875e-01,7.620596917782046509e-01,1.693691713691590550e+00,6.022826739564153264e-01,-3.314760573730177740e-01,-6.870792973170805062e-01,1.785083716000797294e+00,1.932679153819700346e+00,3.034442290578476253e+00,2.525095730230411561e+00,2.116174820070174878e+00,2.631371423166790180e+00,-2.774944733546298448e+00,2.271878971032735617e+00,1.337873723277516191e+00
5.210140093395597027e+00,-9.984688284963845195e-01,4.185818865053969606e-01,-4.076538100246036578e-01,8.492867590015557022e-01,7.750030112683712336e-01,1.713964202387430413e+00,6.190934997564964126e-01,-3.172942732646806263e-01,-6.694336284000348414e-01,1.766424047374247852e+00,1.947674232560487884e+00,3.043190861636584366e+00,2.514605668473004041e+00,2.135382443887392068e+00,2.658658567491739344e+00,-2.818956794849198921e+00,2.223494336738126798e+00,1.284846440301874448e+00
5.216811207471647727e+00,-9.942829143800402392e-01,4.165128342230964842e-01,-4.120603203091610656e-01,8.610077307333179331e-01,7.880452812773517390e-01,1.734293869356531070e+00,6.358306613011692754e-01,-3.029871920563297905e-01,-6.516087629165985273e-01,1.747476133844570123e+00,1.962343516178161051e+00,3.051583668885414546e+00,2.503011520201367190e+00,2.153738148597722279e+00,2.685093637779647047e+00,-2.861357806766570810e+00,2.174207446773162467e+00,1.231218346221499615e+00
5.223482321547698426e+00,-9.899856109186460085e-01,4.145396282175458635e-01,-4.163473370026600784e-01,8.726013673101147283e-01,8.011843083949967692e-01,1.754678328005380816e+00,6.524868002957391333e-01,-2.885605114713605812e-01,-6.336104031141993609e-01,1.728250777112567693e+00,1.976681023124376990e+00,3.059616756740047183e+00,2.490315518588213983e+00,2.171237651496036314e+00,2.710671303470467031e+00,-2.902131639064181812e+00,2.124029604794925863e+00,1.177005208680781623e+00
5.230153435623749125e+00,-9.855774831220563970e-01,4.126630472678507466e-01,-4.205137218212696704e-01,8.840658542000952025e-01,8.144178595617813654e-01,1.775115165704481690e+00,6.690545748814995530e-01,-2.740199566712436807e-01,-6.154442856966417796e-01,1.708758884057946181e+00,1.990680848465947728e+00,3.067286275391742034e+00,2.476520357864972155e+00,2.187877009421166807e+00,2.735386565213385524e+00,-2.941262890562926113e+00,2.072972475791398317e+00,1.122222970555458721e+00
5.236824549699799825e+00,-9.810591449151362387e-01,4.108838318746899643e-01,-4.245583748601481355e-01,8.953994499697037757e-01,8.277436625879229792e-01,1.795601944497841052e+00,6.855266627091995968e-01,-2.593712779891616527e-01,-5.971161796125012966e-01,1.689011461851604778e+00,2.004337166283586047e+00,3.074588481953288266e+00,2.461629192600371496e+00,2.203652619101573507e+00,2.759234755466057010e+00,-2.978736896310875348e+00,2.021048082539981028e+00,1.066887742858265264e+00
5.243495663775850524e+00,-9.764312589973717094e-01,4.092026840999570259e-01,-4.284802348011663709e-01,9.066004869363031293e-01,8.411594066884331422e-01,1.816136201819949392e+00,7.018957640070844217e-01,-2.446202486617954364e-01,-5.786318838399697739e-01,1.669019613021144766e+00,2.017644232046538644e+00,3.081519741556873804e+00,2.445645636788054134e+00,2.218561217361071591e+00,2.782211538955155383e+00,-3.014539734431981977e+00,1.968268801916732258e+00,1.011015797598463717e+00
5.250166777851901223e+00,-9.716945366820403107e-01,4.076202674215343436e-01,-4.322782791058414342e-01,9.176673717877218417e-01,8.546627430339156506e-01,1.836715451219913531e+00,7.181546046421798390e-01,-2.297726625602218298e-01,-5.599972251691115455e-01,1.648794530471810127e+00,2.030596384962086720e+00,3.088076528404175569e+00,2.428573762743526210e+00,2.232599881184943236e+00,2.804312912998422558e+00,-3.048658232648131072e+00,1.914647361057735031e+00,9.546235605987585249e-01
5.256837891927951922e+00,-9.668497377149800620e-01,4.061372066032102879e-01,-4.359515241934718843e-01,9.285985861684511455e-01,8.682512853169607192e-01,1.857337183092445221e+00,7.342959391736133545e-01,-2.148343319208163016e-01,-5.412180559824131265e-01,1.628347492464980117e+00,2.043188050298966107e+00,3.094255426768397044e+00,2.410418099810816006e+00,2.245766027646812102e+00,2.825535207688508521e+00,-3.081079974471573557e+00,1.860196833373898961e+00,8.977276042728672412e-01
5.263509006004002622e+00,-9.618976700730246243e-01,4.047540875797293047e-01,-4.394990256044590815e-01,9.393926872321999300e-01,8.819226103339401490e-01,1.877998865415365426e+00,7.503125538966537444e-01,-1.998110850771190328e-01,-5.223002520345766397e-01,1.607689857556475310e+00,2.055413741683704831e+00,3.100053131947996032e+00,2.391183632879327003e+00,2.258057413696728855e+00,2.845875085938924798e+00,-3.111793305064705084e+00,1.804930634420722324e+00,8.403446403672802933e-01
5.270180120080053321e+00,-9.568391897421612002e-01,4.034714573569632146e-01,-4.429198781488244419e-01,9.500483081605617386e-01,8.956742585820414160e-01,1.898697944493317413e+00,7.661972698762393730e-01,-1.847087641935702962e-01,-5.032497102324631211e-01,1.586833059496896903e+00,2.067268063368934872e+00,3.105466451171899234e+00,2.370875800711402803e+00,2.269472135811021918e+00,2.865329543392566070e+00,-3.140787336764410131e+00,1.748862517624470314e+00,7.824915126706368795e-01
5.276851234156104020e+00,-9.516752004754926997e-01,4.022898239271983090e-01,-4.462132160399121528e-01,9.605641586475361926e-01,9.095037348713255199e-01,1.919431845707347595e+00,7.819429459687159412e-01,-1.695332230020387687e-01,-4.840723464160981981e-01,1.565788602096209514e+00,2.078745712472721774e+00,3.110492304455958923e+00,2.349500494081250501e+00,2.280008629504386874e+00,2.883895908193149449e+00,-3.168051954268384485e+00,1.692006569866390864e+00,7.241851896940642019e-01
5.283522348232154719e+00,-9.464066535310831085e-01,4.012096561995053268e-01,-4.493782130133011088e-01,9.709390253496809065e-01,9.234085089516340661e-01,1.940197974270044368e+00,7.975424818305163477e-01,-1.542903245420735314e-01,-4.647740931416682875e-01,1.544568054054910711e+00,2.089841481187947547e+00,3.115127725410516302e+00,2.327064053725918846e+00,2.289665668704937929e+00,2.901571840620206011e+00,-3.193577819480825752e+00,1.634377206926585835e+00,6.654427573260641715e-01
5.290193462308205419e+00,-9.410345473897816504e-01,4.002313839451745459e-01,-4.524140824309295095e-01,9.811717723016714077e-01,9.373860161541192060e-01,1.960993715985891450e+00,8.129888209125684106e-01,-1.389859389057709893e-01,-4.453608974674018728e-01,1.523183043763964184e+00,2.100550258960860450e+00,3.119369861998861460e+00,2.303573268109117222e+00,2.298442364992802744e+00,2.918355332588083773e+00,-3.217356376015270136e+00,1.575989168789255102e+00,6.062814114652653741e-01
5.296864576384256118e+00,-9.355599274531158915e-01,3.993553977581710823e-01,-4.553200773704688120e-01,9.912613412970816551e-01,9.514336580472204652e-01,1.981816438016530180e+00,8.282749534391511403e-01,-1.236259409881765858e-01,-4.258387187432389753e-01,1.501645254075882008e+00,2.110867034637832873e+00,3.123215977246512232e+00,2.279035370998709453e+00,2.306338166703092440e+00,2.934244707009697972e+00,-3.239379853352273297e+00,1.516857514811013274e+00,5.467184506345617034e-01
5.303535690460306817e+00,-9.299838857213738041e-01,3.985820490305830299e-01,-4.580954906999593623e-01,1.001206752234186537e+00,9.655488031068391042e-01,2.002663489650575279e+00,8.433939193699795389e-01,-1.082162082441160411e-01,-4.062135264051958128e-01,1.479966417049189742e+00,2.120786898579441804e+00,3.126663449901143643e+00,2.253458038858853651e+00,2.313352857893944403e+00,2.949238617025607745e+00,-3.259641270649965783e+00,1.456997618754156676e+00,4.867712685800100747e-01
5.310206804536357517e+00,-9.243075604519822575e-01,3.979116499430046527e-01,-4.607396551377569982e-01,1.011007103426620812e+00,9.797287874005115027e-01,2.023532203077676783e+00,8.583388113442590450e-01,-9.276261845237365744e-02,-3.864912977753307555e-01,1.458158308668686898e+00,2.130305044740963716e+00,3.129709775043116426e+00,2.226849388057797530e+00,2.319486557180569619e+00,2.963336045099267402e+00,-3.278134440205505484e+00,1.396425163686736859e+00,4.264573468580769022e-01
5.316877918612408216e+00,-9.185321357983088353e-01,3.973444734698110548e-01,-4.632519432978199347e-01,1.020661571878744844e+00,9.939709152853437590e-01,2.044419894166489726e+00,8.731027776055216849e-01,-7.727104748807567258e-02,-3.666780158681754442e-01,1.436232743543733648e+00,2.139416772718413018e+00,3.132352564646518012e+00,2.199217971892396761e+00,2.324739716436147852e+00,2.976536301979171739e+00,-3.294853970565781776e+00,1.335156136751335820e+00,3.657942474144770806e-01
5.323549032688458915e+00,-9.126588414290205398e-01,3.968807533992641523e-01,-4.656317677203865579e-01,1.030169413525571898e+00,1.008272460119479019e+00,2.065323863246212532e+00,8.876790249059870463e-01,-6.174736710419442831e-02,-3.467796672045423412e-01,1.414201569586992946e+00,2.148117489759246546e+00,3.134589548090681355e+00,2.170572777430559874e+00,2.329113119360550765e+00,2.988839025528786220e+00,-3.309795269285716657e+00,1.273206823804577059e+00,3.047996051581955967e-01
5.330220146764509614e+00,-9.066889521281358277e-01,3.965206843683829474e-01,-4.678785808880978614e-01,1.039529963437147320e+00,1.022630664986862614e+00,2.086241395891390571e+00,9.020608213892785665e-01,-4.619744272302561683e-02,-3.268022396335618640e-01,1.392076662675918008e+00,2.156402712736893879e+00,3.136418572622155843e+00,2.140923222172823603e+00,2.332607879917916627e+00,3.000244179425180402e+00,-3.322954545332761356e+00,1.210593803929345569e+00,2.434911205340226648e-01
5.336891260840560314e+00,-9.006237873759252999e-01,3.962644219125134315e-01,-4.699918752276192047e-01,1.048742635987247152e+00,1.037042743435050873e+00,2.107169763709614507e+00,9.162414994502352528e-01,-3.062713123854093888e-02,-3.067517201638579327e-01,1.369869921299435633e+00,2.164268070088238183e+00,3.137837603767135164e+00,2.110279150534442039e+00,2.335225440644137507e+00,3.010752051727324741e+00,-3.334328811136292092e+00,1.147333943821911451e+00,1.818865520971301164e-01
5.343562374916611013e+00,-8.944647109108108118e-01,3.961120825295187942e-01,-4.719711830968265076e-01,1.057806924986336439e+00,1.051505880225820366e+00,2.128106225131818352e+00,9.302144585706918489e-01,-1.504227883044606529e-02,-2.866340928046866021e-01,1.347593261192094882e+00,2.171709303713260653e+00,3.138844725694365678e+00,2.078650830149314732e+00,2.336967570825351004e+00,3.020363253315055729e+00,-3.343915884280825868e+00,1.083444392055992633e+00,1.200037090929547690e-01
5.350233488992661712e+00,-8.882131302724333155e-01,3.960637437585154963e-01,-4.738160767576244381e-01,1.066722403778685768e+00,1.066017232098320999e+00,2.149048026204832151e+00,9.439731681299898813e-01,5.512812091721941421e-04,-2.664553364179304551e-01,1.325258609958129608e+00,2.178722270836004338e+00,3.139438141528573478e+00,2.046048947997286316e+00,2.337836364548642187e+00,3.029078716199794741e+00,-3.351714388842068182e+00,1.018942573226048864e+00,5.786044404589707479e-02
5.356904603068712412e+00,-8.818704963260545204e-01,3.961194442730564536e-01,-4.755261683344780277e-01,1.075488725303605175e+00,1.080573928544518614e+00,2.169992401385858027e+00,9.575111701890836047e-01,1.614773063577829015e-02,-2.462214225817772606e-01,1.302877901687813811e+00,2.185302945826075760e+00,3.139616173614506067e+00,2.012484606356316430e+00,2.337834238626184113e+00,3.036899691708184523e+00,-3.357723756364973777e+00,9.538461819719917800e-01,-4.525354639800638346e-03
5.363575717144763111e+00,-8.754383027684804475e-01,3.962791839886826706e-01,-4.771011097587274374e-01,1.084105622120737689e+00,1.095173072596647978e+00,2.190936574338546272e+00,9.708220822470592370e-01,3.174126839805352374e-02,-2.259383134669384896e-01,1.280463071568452627e+00,2.191447421979898280e+00,3.139377263731640166e+00,1.977969318581159763e+00,2.336963930394039490e+00,3.043827748539741140e+00,-3.361944226483231990e+00,8.881731768876508504e-01,-6.713577006370385902e-02
5.370246831220813810e+00,-8.689180856156903943e-01,3.965429241847345798e-01,-4.785405926987866820e-01,1.092572906399395416e+00,1.109811741626412607e+00,2.211877758730331767e+00,9.838995999689091887e-01,4.732611276845360981e-02,-2.056119597262524024e-01,1.258026050492493830e+00,2.197151913260936951e+00,3.138719973259718188e+00,1.942515004710272830e+00,2.335228495387037029e+00,3.049864770699868721e+00,-3.364376847179624264e+00,8.219417743153667466e-01,-1.299528641938487716e-01
5.376917945296864509e+00,-8.623114226723680442e-01,3.969105876403282163e-01,-4.798443484763028621e-01,1.100890469871918853e+00,1.124486988155659173e+00,2.232813159030724304e+00,9.967374998834370725e-01,6.289650345785680052e-02,-1.852482983984745646e-01,1.235578759665046711e+00,2.202412755998158111e+00,3.137642983295206189e+00,1.906133986902658339e+00,2.332631304890993462e+00,3.055012955309396983e+00,-3.365023474686990479e+00,7.551704420290553665e-01,-1.929586852092977090e-01
5.383589059372915209e+00,-8.556199329835347811e-01,3.973820587843773788e-01,-4.810121479683872603e-01,1.109058283751070295e+00,1.139195840678240979e+00,2.253739971310197099e+00,1.009329642050170062e+00,7.844670371347084448e-02,-1.648532508270980634e-01,1.213133105213295648e+00,2.207226410541990536e+00,3.136145094718867377e+00,1.868838984706514328e+00,2.329176043373820448e+00,3.059274810292101243e+00,-3.363886773029565624e+00,6.878778928082440736e-01,-2.561352748170437899e-01
5.390260173448965908e+00,-8.488452762685008146e-01,3.979571838595592492e-01,-4.820438014960100048e-01,1.117076398611478005e+00,1.153935304492779146e+00,2.274655384039379058e+00,1.021669972694143169e+00,9.397100239920880282e-02,-1.444327205949957338e-01,1.190700972800141422e+00,2.211589462877052714e+00,3.134225228214600811e+00,1.830643110161584763e+00,2.324866705796864608e+00,3.062653151941468366e+00,-3.360970213204755197e+00,6.200830779055417352e-01,-3.194646755401957527e-01
5.396931287525016607e+00,-8.419891523373490561e-01,3.986357711000927395e-01,-4.829391586986760965e-01,1.124944944235168443e+00,1.168702362546042650e+00,2.295556578888199084e+00,1.033752526807452110e+00,1.094637160577238144e-01,-1.239925914757051828e-01,1.168294222244550262e+00,2.215498626190950393e+00,3.131882424239788243e+00,1.791559862737213793e+00,2.319707594808145146e+00,3.065151102368271374e+00,-3.356278072005439483e+00,5.518051804101330449e-01,-3.829289379739497790e-01
5.403602401601067307e+00,-8.350533004901783407e-01,3.994175909232133281e-01,-4.836981083954877136e-01,1.132664129421236954e+00,1.183493976286639882e+00,2.316440731524671115e+00,1.045571430716508488e+00,1.249191909533355904e-01,-1.035387254021276071e-01,1.145924682150900820e+00,2.218950742398467568e+00,3.129115842947327142e+00,1.751603124108098264e+00,2.313703317818909255e+00,3.066772086830312993e+00,-3.349815430483144674e+00,4.830636085098360955e-01,-4.465101280062793165e-01
5.410273515677118006e+00,-8.280394988993344807e-01,4.003023761342075493e-01,-4.843205784327191399e-01,1.140234241759729983e+00,1.198307086528735743e+00,2.337305012413013028e+00,1.057120904613907619e+00,1.403318050950735918e-01,-8.307696045342410907e-02,1.123604144549820383e+00,2.221942783620479478e+00,3.125924764059639926e+00,1.710787152769882802e+00,2.306858783965252790e+00,3.067519830945972803e+00,-3.341588172052543104e+00,4.138779886543633157e-01,-5.101903340000228937e-01
5.416944629753168705e+00,-8.209495639748756179e-01,4.012898221448759628e-01,-4.848065355180232183e-01,1.147655647369820509e+00,1.213138614325472098e+00,2.358146587610745915e+00,1.068395265053837973e+00,1.556959702390635636e-01,-6.261310886089649363e-02,1.101344359552845376e+00,2.224471853616922346e+00,3.122308586694902299e+00,1.669126578496780811e+00,2.299179200956373847e+00,3.067398357793073238e+00,-3.331602980237908795e+00,3.442681586224992651e-01,-5.739516739331795847e-01
5.423615743829219404e+00,-8.137853497135117964e-01,4.023795872052866596e-01,-4.851559850413991182e-01,1.154928790602373301e+00,1.227985461851801352e+00,2.378962619564494840e+00,1.079388927410013022e+00,1.710061338695239019e-01,-4.215295503358451601e-02,1.079157030023292663e+00,2.226535189173218576e+00,3.118266829145769581e+00,1.626636396643431848e+00,2.290670071811191644e+00,3.066411984894697351e+00,-3.319867336062314767e+00,2.742541604958456114e-01,-6.377763024943181591e-01
5.430286857905270104e+00,-8.065487470312797669e-01,4.035712926486650365e-01,-4.853689708830590810e-01,1.162054193707023231e+00,1.242844513296402775e+00,2.399750267904133150e+00,1.090096408295049724e+00,1.862567811576115728e-01,-2.170225360436373041e-02,1.057053806265779716e+00,2.228130161439504153e+00,3.113799128610960754e+00,1.583331962293384132e+00,2.281337191485119043e+00,3.064565321093676076e+00,-3.306389515080537578e+00,2.038562335419897842e-01,-7.016464181298160963e-01
5.436957971981320803e+00,-7.992416830802040462e-01,4.048645231492781216e-01,-4.854455752083300935e-01,1.169032456463896308e+00,1.257712635762385345e+00,2.420506690235005198e+00,1.100512327940337709e+00,2.014424368974190305e-01,-1.266727497237996047e-03,1.035046280736680258e+00,2.229254277222103120e+00,3.108905240879968446e+00,1.539228984256464816e+00,2.271186643388723780e+00,3.061863263317408101e+00,-3.291178584056722478e+00,1.330948070097605074e-01,-7.655442700399861522e-01
5.443629086057371502e+00,-7.918661205492190103e-01,4.062588269931570739e-01,-4.853859182497339830e-01,1.175864255780114664e+00,1.272586680176436058e+00,2.441229042927869575e+00,1.110631412535342699e+00,2.165576674183784522e-01,1.914793398340791653e-02,1.013145982777951426e+00,2.229905180226642081e+00,3.103585039971295867e+00,1.494343518917580438e+00,2.260224795800141351e+00,3.058310993234790942e+00,-3.274244397288138320e+00,6.199049283952950962e-02,-8.294521651208968116e-01
5.450300200133422202e+00,-7.844240569496213622e-01,4.077537163614965987e-01,-4.851901580763944843e-01,1.182550345251260016e+00,1.287463482206101739e+00,2.461914481906290142e+00,1.120448496525402682e+00,2.315970824733931677e-01,3.953607704090933428e-02,9.913643733766347443e-01,2.230080652252263818e+00,3.097838517724549767e+00,1.448691963939371830e+00,2.248458298173087400e+00,3.053913973807054205e+00,-3.255597592576363830e+00,-9.435921708662697860e-03,-8.933524748489281020e-01
5.456971314209472901e+00,-7.769175238853395227e-01,4.093486676265639668e-01,-4.848584903509325361e-01,1.189091554687969232e+00,1.302339863184873936e+00,2.482560163431140943e+00,1.129958524867018532e+00,2.465553371019870155e-01,5.989208525105599312e-02,9.697128399524513886e-01,2.229778614336390685e+00,3.091665783346843721e+00,1.402291051821370260e+00,2.235894077342460040e+00,3.048677945734397099e+00,-3.235249586847574133e+00,-8.116348150616026214e-02,-9.572276421049441542e-01
5.463642428285523600e+00,-7.693485863082969445e-01,4.110431216599573778e-01,-4.843911480739924724e-01,1.195488789607850766e+00,1.317212631044737847e+00,2.503163244881935423e+00,1.139156555239713597e+00,2.614271334678095471e-01,8.021038140278113904e-02,9.482026911757328591e-01,2.228997127849534188e+00,3.085067062913842584e+00,1.355157843318183009e+00,2.222539333629365288e+00,3.042608923800210530e+00,-3.213212571423564423e+00,-1.531710710830649358e-01,-1.021060187935257213e+00
5.470313542361574299e+00,-7.617193417591695548e-01,4.128364841530307583e-01,-4.837884013165789643e-01,1.201743030692951297e+00,1.332078581255871530e+00,2.523720885534696645e+00,1.148037760213523883e+00,2.762072226698320532e-01,1.004854293141350663e-01,9.268451518180917947e-01,2.227734395539629819e+00,3.078042698825958823e+00,1.307309720719459056e+00,2.208401536847684810e+00,3.035713193114931041e+00,-3.189499506945465690e+00,-2.254374222289236007e-01,-1.084832718246349970e+00
5.476984656437624999e+00,-7.540319195938319785e-01,4.147281259493155181e-01,-4.830505569403570343e-01,1.207855333212971116e+00,1.346934497773125461e+00,2.544230247336017214e+00,1.156597429371207575e+00,2.908904065265736638e-01,1.207117356228606941e-01,9.056513576380762487e-01,2.225988762525449971e+00,3.070593149220085749e+00,1.258764380994328080e+00,2.193488422214098676e+00,3.027997305261370453e+00,-3.164124117952134441e+00,-2.979411216637046778e-01,-1.148527930430494948e+00
5.483655770513675698e+00,-7.462884801958042935e-01,4.167173833887478085e-01,-4.821779583060999963e-01,1.213826826414496907e+00,1.361777153988967815e+00,2.564688495673076662e+00,1.164830971384261726e+00,3.054715393327254724e-01,1.408838515509337475e-01,8.846323503041905179e-01,2.223758717238590421e+00,3.062718987337402332e+00,1.209539828803182893e+00,2.177807986163756038e+00,3.019468074343659048e+00,-3.137100887115504833e+00,-3.706606187760173032e-01,-1.212128619919399464e+00
5.490326884589726397e+00,-7.384912141750040737e-01,4.188035586635281970e-01,-4.811709849704485231e-01,1.219658712876487305e+00,1.376603313692536190e+00,2.585092800139281000e+00,1.172733916041896807e+00,3.199455295875554550e-01,1.609963746424289965e-01,8.637990723574540120e-01,2.221042892313644046e+00,3.054420900847673259e+00,1.159654369379569339e+00,2.161368482073557029e+00,3.010132572941704332e+00,-3.108445049135143190e+00,-4.435742334255520225e-01,-1.275617686663127026e+00
5.496997998665777097e+00,-7.306423415531180243e-01,4.209859201854085353e-01,-4.800300523711709122e-01,1.225352267832299002e+00,1.391409732034460944e+00,2.605440335295255316e+00,1.180301916232102899e+00,3.343073416944827847e-01,1.810439504740968264e-01,8.431623622158564979e-01,2.217840065426101237e+00,3.045699691130607345e+00,1.109126601285133074e+00,2.144178415895307666e+00,2.999998127973362294e+00,-3.078172584294574854e+00,-5.166601638066212754e-01,-1.338978141531451671e+00
5.503669112741827796e+00,-7.227441109359261651e-01,4.232637029642236648e-01,-4.787556115011037949e-01,1.230908838458527388e+00,1.406193156497094421e+00,2.625728281424906996e+00,1.187530749873957125e+00,3.485519976312193013e-01,2.010212743380210276e-01,8.227329492229120689e-01,2.214149160077603096e+00,3.036556272514768118e+00,1.057975409040612824e+00,2.126246541700832715e+00,2.989072316466358181e+00,-3.046300211682023473e+00,-5.898964943696408669e-01,-1.402193112634972705e+00
5.510340226817878495e+00,-7.147987986728944199e-01,4.256361089974644019e-01,-4.773481485709593075e-01,1.236329843130968831e+00,1.420950327869810126e+00,2.645953825286259331e+00,1.194416321800379599e+00,3.626745785899120333e-01,2.209230928957877094e-01,8.025214487425265109e-01,2.209969246328166825e+00,3.026991671474586809e+00,1.006219955635815122e+00,2.107581857141268333e+00,2.977362961242124406e+00,-3.012845382078325418e+00,-6.632612037974844332e-01,-1.465245851563311552e+00
5.517011340893929194e+00,-7.068087080043826687e-01,4.281023076706889086e-01,-4.758081846611993404e-01,1.241616770648025003e+00,1.435677981228997258e+00,2.666114160856792648e+00,1.200954665590510562e+00,3.766702265867017396e-01,2.407442058035577648e-01,7.825383573024605743e-01,2.205299541475019609e+00,3.017007025786054175e+00,9.538796749217579585e-01,2.088193598822821517e+00,2.964878126513775136e+00,-2.977826270515059548e+00,-7.367321730334021046e-01,-1.528119739537701749e+00
5.523682454969979894e+00,-6.987761681967888938e-01,4.306614361685681680e-01,-4.741362753631634952e-01,1.246771179421875431e+00,1.450372846922418413e+00,2.686206490073029585e+00,1.207141945350969303e+00,3.905341460401777764e-01,2.604794673075122580e-01,7.627940477884875836e-01,2.200139410677718566e+00,3.006603583641658695e+00,9.009742638879399967e-01,2.068091237601175969e+00,2.951626113400378060e+00,-2.941261768505865515e+00,-8.102871933574812280e-01,-1.590798293475490066e+00
5.530353569046030593e+00,-6.907035336659911318e-01,4.333125998963576198e-01,-4.723330104096549742e-01,1.251794696637761772e+00,1.465031651557548997e+00,2.706228023564063889e+00,1.212974457445203491e+00,4.042616053181605773e-01,2.801237878090830913e-01,7.432987646914795965e-01,2.194488367529237927e+00,2.995782702725159563e+00,8.475236748280396970e-01,2.047284473796894488e+00,2.937615455359793071e+00,-2.903171475954311020e+00,-8.839039745082657440e-01,-1.653265171963918645e+00
5.537024683122081292e+00,-6.825931830894211849e-01,4.360548729115819588e-01,-4.703990132951851311e-01,1.256689017381749984e+00,1.479651118993547954e+00,2.726175981378800017e+00,1.218448632170225476e+00,4.178479382523202501e-01,2.996721353994612480e-01,7.240626194095226564e-01,2.188346074572737443e+00,2.984545849246818428e+00,7.935481073971426547e-01,2.025783232334100514e+00,2.922854913542334288e+00,-2.863575692741590295e+00,-9.575601528464180445e-01,-1.715504181140792062e+00
5.543695797198131991e+00,-6.744475185071402423e-01,4.388872983657099436e-01,-4.683349408860891794e-01,1.261455903737341400e+00,1.494227971336490546e+00,2.746047593706610002e+00,1.223561035379993056e+00,4.312885456201016043e-01,3.191195373628399889e-01,7.050955856072504968e-01,2.181712343763730022e+00,2.972894596939734235e+00,7.390680005638737837e-01,2.003597657804848886e+00,2.907353472067617961e+00,-2.822495409997724192e+00,-1.031233299557035910e+00,-1.777499280479487798e+00
5.550366911274182691e+00,-6.662689644122512522e-01,4.418088889556096577e-01,-4.661414830207162296e-01,1.266097183851323971e+00,1.508758929937508375e+00,2.765840101591186428e+00,1.228308370054775889e+00,4.445788965934997505e-01,3.384610816479139972e-01,6.864074946344198569e-01,2.174587136877419891e+00,2.960830626017892708e+00,6.841040244605808285e-01,1.980738109461485319e+00,2.891120333226852246e+00,-2.779952301059760433e+00,-1.104900928887497358e+00,-1.839234588476051702e+00
5.557038025350233390e+00,-6.580599668310345152e-01,4.448186273845560201e-01,-4.638193620999103706e-01,1.270614750969259577e+00,1.523240716393457816e+00,2.785550757637299313e+00,1.232687477815814781e+00,4.577145301541799549e-01,3.576919183071179398e-01,6.680080310058479354e-01,2.166970565860973252e+00,2.948355722096617004e+00,6.286770721350436464e-01,1.957215156139436196e+00,2.874164912612975353e+00,-2.735968712120939283e+00,-1.178540506417411926e+00,-1.900694388235962151e+00
5.563709139426284089e+00,-6.498229923931597707e-01,4.479154668325642796e-01,-4.613693326680000650e-01,1.275010562441033057e+00,1.537670053549755167e+00,2.805176826710247706e+00,1.236695340384631914e+00,4.706910564745102610e-01,3.768072609031516973e-01,6.499067279447573453e-01,2.158862893130516714e+00,2.935471775076091028e+00,5.728082512070307164e-01,1.933039571112848964e+00,2.856496834181018407e+00,-2.690567652574712643e+00,-1.252129457357432418e+00,-1.961863132958349354e+00
5.570380253502334789e+00,-6.415605273923447038e-01,4.510983314358221197e-01,-4.587921809845129095e-01,1.279286638696879752e+00,1.552043666505011466e+00,2.824715586627718711e+00,1.240329080986391830e+00,4.835041582640557389e-01,3.958023878823209718e-01,6.321129629915230863e-01,2.150264531812694724e+00,2.922180777988637068e+00,5.165188754330976018e-01,1.908222326885496090e+00,2.838125925241083092e+00,-2.643772785057649788e+00,-1.325645174873601784e+00,-2.022725451315388057e+00
5.577051367578385488e+00,-6.332750768378513362e-01,4.543661167749873941e-01,-4.560887245868444073e-01,1.283445062194349617e+00,1.566358283617084401e+00,2.844164328843856282e+00,1.243585965696667461e+00,4.961495920811076488e-01,4.146726439142561227e-01,6.146359536798715606e-01,2.141176045930611949e+00,2.908484825810475183e+00,4.598304561832098347e-01,1.882774589919481434e+00,2.819062211386423655e+00,-2.595608415195630236e+00,-1.399065028433836844e+00,-2.083266152724757347e+00
5.583722481654436187e+00,-6.249691634971743515e-01,4.577176903721172918e-01,-4.532598118441000246e-01,1.287487976336657791e+00,1.580610637510197591e+00,2.863520359125280912e+00,1.246463404731083191e+00,5.086231896088615478e-01,4.334134411975982260e-01,5.974847532824336671e-01,2.131598150534033564e+00,2.894386114238664653e+00,4.027646938325134540e-01,1.856707715304147355e+00,2.799315911359021136e+00,-2.546099481057460423e+00,-1.472366372173322446e+00,-2.143470232513061458e+00
5.590393595730486886e+00,-6.166453269303289186e-01,4.611518921959936179e-01,-4.503063215023414001e-01,1.291417584362882787e+00,1.594797466082733983e+00,2.882780998218831492e+00,1.248958953677246297e+00,5.209208588958215147e-01,4.520202607312165943e-01,5.806682466276269494e-01,2.121531711773719575e+00,2.879886938433970034e+00,3.453434690719441313e-01,1.830033241367751362e+00,2.778897431855172684e+00,-2.495271542320579350e+00,-1.545526553275333947e+00,-2.203322876968118571e+00
5.597064709806537586e+00,-6.083061225161062735e-01,4.646675351756026084e-01,-4.472291622214668583e-01,1.295236148210506366e+00,1.608915513515340123e+00,2.901943582510818853e+00,1.251070314668457861e+00,5.330385855600872080e-01,4.704886535505894973e-01,5.641951459897478482e-01,2.110977746919821207e+00,2.864989691730388977e+00,2.875888341411293458e-01,1.802762884234388130e+00,2.757817362273556228e+00,-2.443150769153342949e+00,-1.618522920364222406e+00,-2.262809468278200065e+00
5.603735823882588285e+00,-5.999541204707056208e-01,4.682634057215237511e-01,-4.440292721039668655e-01,1.298945987350784481e+00,1.622961531278963365e+00,2.921005464677548069e+00,1.252795337498676442e+00,5.449724339571415666e-01,4.888142419289557838e-01,5.480739870541971870e-01,2.099937424324239910e+00,2.849696864312134537e+00,2.295230039873120687e-01,1.774908532328774324e+00,2.736086469408360422e+00,-2.389763930818791682e+00,-1.691332831907082612e+00,-2.321915589356196907e+00
5.610406937958638984e+00,-5.915919048591111729e-01,4.719382642549904139e-01,-4.407076182157781408e-01,1.302549477597461092e+00,1.636932279142459201e+00,2.939964014326919894e+00,1.254132020678278892e+00,5.567185483108283428e-01,5.069927205429005657e-01,5.323131249596160242e-01,2.088412063326926749e+00,2.834011041858809143e+00,1.711683473537630729e-01,1.746482240831359389e+00,2.713715692089925469e+00,-2.335138384004587842e+00,-1.763933664620868536e+00,-2.380627028546959068e+00
5.617078052034689684e+00,-5.832220725996365429e-01,4.756908457443688176e-01,-4.372651960994864972e-01,1.306049049889334679e+00,1.650824526179378138e+00,2.958816618630887074e+00,1.255078512430136239e+00,5.682731538071661426e-01,5.250198576020064234e-01,5.169207304187877217e-01,2.076403134106087567e+00,2.817934904159567822e+00,1.125473778015027015e-01,1.717496226086402844e+00,2.690716135775506945e+00,-2.279302060884269121e+00,-1.836302821881440561e+00,-2.438929784215911223e+00
5.623749166110740383e+00,-5.748472324620167440e-01,4.795198602488128792e-01,-4.337030292801096754e-01,1.309447189047213467e+00,1.664635051773571295e+00,2.977560682948562576e+00,1.255633111625587883e+00,5.796325576507165289e-01,5.428914959422685982e-01,5.019047859200486128e-01,2.063912257472292122e+00,2.801471223697074464e+00,5.368274466789413335e-02,1.687962859965543849e+00,2.667099067092682851e+00,-2.222283456914818878e+00,-1.908417742131270911e+00,-2.496810069217254124e+00
5.630420280186791082e+00,-5.664700040594664587e-01,4.834239934688354112e-01,-4.300221687637134083e-01,1.312746432505811356e+00,1.678360646623229480e+00,2.996193631439776794e+00,1.255794268659893076e+00,5.907931500832032112e-01,5.606035540829500396e-01,4.872730820109999472e-01,2.050941204606509860e+00,2.784622864202063397e+00,-5.402776034030942753e-03,1.657894664189553335e+00,2.642875908338067070e+00,-2.164111618375955892e+00,-1.980255907282294059e+00,-2.554254315240022333e+00
5.637091394262841781e+00,-5.580930168350907161e-01,4.874019073035509297e-01,-4.262236925290954215e-01,1.315949369021124138e+00,1.691998113742997356e+00,3.014712907668914088e+00,1.255560586266791567e+00,6.017514053641288552e-01,5.781520272466056376e-01,4.730332136661679066e-01,2.037491896742110065e+00,2.767392779179314921e+00,-6.468629077194598676e-02,1.627304304610758479e+00,2.618058231933821922e+00,-2.104816129656282619e+00,-2.051794851110683382e+00,-2.611249177030446234e+00
5.643762508338892481e+00,-5.497189090430719682e-01,4.914522404143337186e-01,-4.223087050127900532e-01,1.319058637353861752e+00,1.705544269463769025e+00,3.033115975198801273e+00,1.254930820271799252e+00,6.125038827131148444e-01,5.955329883419815395e-01,4.591925767403127745e-01,2.023566404790905437e+00,2.749784010405874390e+00,-1.241447977023909521e-01,1.596204585458848690e+00,2.592657754844645890e+00,-2.044427100291931421e+00,-2.123012167640022430e+00,-2.667781536488993854e+00
5.650433622414943180e+00,-5.413503267250380224e-01,4.955736087946315260e-01,-4.182783365876401871e-01,1.322076924929512121e+00,1.718995944429810407e+00,3.051400318174506854e+00,1.253903880283913752e+00,6.230472272137470569e-01,6.127425889095541311e-01,4.457583645090226199e-01,2.009166948913303496e+00,2.731799686402367477e+00,-1.837551959269978497e-01,1.564608443552642392e+00,2.566686332957833105e+00,-1.982975151763233024e+00,-2.193885519509577442e+00,-2.723838506640669177e+00
5.657104736490993879e+00,-5.329899226820167257e-01,4.997646063456835375e-01,-4.141337430351848536e-01,1.325006966475609449e+00,1.732349984592823855e+00,3.069563441896836498e+00,1.252478830325426173e+00,6.333781706786907328e-01,6.297770600294454457e-01,4.327375642981585724e-01,1.994295898032712344e+00,2.713443020878252288e+00,-2.434942947929898960e-01,1.532528942480450240e+00,2.540155955429005630e+00,-1.920491404055027829e+00,-2.264392646324271396e+00,-2.779407435477071253e+00
5.663775850567044579e+00,-5.246403554424006188e-01,5.040238054578729532e-01,-4.098761050121214611e-01,1.327851542636841131e+00,1.745603252202586830e+00,3.087602873385389302e+00,1.250654889399543945e+00,6.434935324759015751e-01,6.466327131915364790e-01,4.201369542037702853e-01,1.978955769294292066e+00,2.694717311151883621e+00,-3.033388232340523682e-01,1.499979266751735762e+00,2.513078738996246120e+00,-1.857007461986607488e+00,-2.334511372982964517e+00,-2.834475909668927596e+00
5.670446964643095278e+00,-5.163042882263323419e-01,5.083497575974698091e-01,-4.055066275110830731e-01,1.330613478568562158e+00,1.758752626793799401e+00,3.105516161930976793e+00,1.248431431995580709e+00,6.533902203157182509e-01,6.633059411275283868e-01,4.079630999039161043e-01,1.963149227468242497e+00,2.675625936546230044e+00,-3.632654391478247202e-01,1.466972715922605364e+00,2.485466922265133327e+00,-1.792555401316961117e+00,-2.404219617981740775e+00,-2.889031758147766915e+00
5.677118078719145977e+00,-5.079843879069265711e-01,5.127409938984863746e-01,-4.010265393159985203e-01,1.333295642509351842e+00,1.771795006168762621e+00,3.123300879637276761e+00,1.245807988531473676e+00,6.630652309986931892e-01,6.797932186048027958e-01,3.962223515639347049e-01,1.946879084297786999e+00,2.656172356761149267e+00,-4.232507388060833264e-01,1.433522698697888620e+00,2.457332859967454652e+00,-1.727167754631502516e+00,-2.473495401688780682e+00,-2.943063055555511731e+00
5.683789192795196676e+00,-4.996833239687520911e-01,5.171960257593968269e-01,-3.964370924522778172e-01,1.335900944333244134e+00,1.784727307375523209e+00,3.140954621951536296e+00,1.242784245733427717e+00,6.725156511239986923e-01,6.960911031818882710e-01,3.849208408365560885e-01,1.930148297792058099e+00,2.636360110223075370e+00,-4.832712662937921344e-01,1.399642727012361032e+00,2.428689017196149269e+00,-1.660877497016252757e+00,-2.542316854587541641e+00,-2.996558125560850439e+00
5.690460306871247376e+00,-4.914037674639909481e-01,5.217133454444424778e-01,-3.917395616320948348e-01,1.338432334082273023e+00,1.797546467681119919e+00,3.158475008184206789e+00,1.239360046952504790e+00,6.817386577583022245e-01,7.121962359254134789e-01,3.740644779583131019e-01,1.912959971464104347e+00,2.616192812413068225e+00,-5.433035229730707183e-01,1.365346410093886798e+00,2.399547963619260038e+00,-1.593718031525873657e+00,-2.610662225484834842e+00,-3.049505544041275051e+00
5.697131420947298075e+00,-4.831483899666940696e-01,5.262914266892745330e-01,-3.869352436950076468e-01,1.340892800479958957e+00,1.810249445539562574e+00,3.175859682017344809e+00,1.235535392418005030e+00,6.907315190649654379e-01,7.281053420883810690e-01,3.636589489435284595e-01,1.895317353514272662e+00,2.595674154174042236e+00,-6.033239769682632314e-01,1.330647448510992259e+00,2.369922367675411312e+00,-1.525723174451606656e+00,-2.678509889680568801e+00,-3.101894142129782317e+00
5.703802535023348774e+00,-4.749198625255609540e-01,5.309287253106581561e-01,-3.820254570441893871e-01,1.343285369426415521e+00,1.822833221554184702e+00,3.193106312001662062e+00,1.231310439427514059e+00,6.994915948934998795e-01,7.438152317496744548e-01,3.537097128772481724e-01,1.877223835959221265e+00,2.574807899998151406e+00,-6.633090726681449834e-01,1.295559628207623160e+00,2.339824990753579304e+00,-1.456927140395687381e+00,-2.745838357095791160e+00,-3.153713009125281186e+00
5.710473649099399474e+00,-4.667208546156613735e-01,5.356236798199757176e-01,-3.770115410785184196e-01,1.345613102475726519e+00,1.835294799433998092e+00,3.210212592042079649e+00,1.226685502473511491e+00,7.080163373291912254e-01,7.593228004146894694e-01,3.442219993083763807e-01,1.858682953706857433e+00,2.553597886295212671e+00,-7.232352402413704251e-01,1.260096814527708053e+00,2.309268681359772923e+00,-1.387364527158651439e+00,-2.812626280355760677e+00,-3.204951495265812689e+00
5.717144763175450173e+00,-4.585540330895239158e-01,5.403747120402679904e-01,-3.718948556207927192e-01,1.347879095296263596e+00,1.847631206943706417e+00,3.227176241871669848e+00,1.221661053306469125e+00,7.163032912028246546e-01,7.746250295770090721e-01,3.352008057442110722e-01,1.839698383577515806e+00,2.532048019643065917e+00,-7.830789051612659923e-01,1.224272946232136672e+00,2.278266369273264313e+00,-1.317070300446040010e+00,-2.878852462824804448e+00,-3.255599214363774863e+00
5.723815877251500872e+00,-4.504220611280168596e-01,5.451802277265345165e-01,-3.666767803423299776e-01,1.350086476114651157e+00,1.859839496847003781e+00,3.243995007513877926e+00,1.216237720934388200e+00,7.243500945604983698e-01,7.897189872410820266e-01,3.266508952476299132e-01,1.820273943271701889e+00,2.510162275020861422e+00,-8.428164977359869914e-01,1.188102029510894386e+00,2.246831059695112653e+00,-1.246079778401331106e+00,-2.944495866589635469e+00,-3.305646046302412877e+00
5.730486991327551571e+00,-4.423275971914430449e-01,5.500386171890421227e-01,-3.613587141842072858e-01,1.352238404144022743e+00,1.871916747842810258e+00,3.260666661732891658e+00,1.210416291558750856e+00,7.321544790934626512e-01,8.046018284058310543e-01,3.185767941379784585e-01,1.800413590284756893e+00,2.487944694026110071e+00,-9.024244626401894953e-01,1.151598131992864094e+00,2.214975827391507224e+00,-1.174428615971588652e+00,-3.009535620387991273e+00,-3.355082139392886909e+00
5.737158105403602271e+00,-4.342732939712746210e-01,5.549482559193646969e-01,-3.559420747754073466e-01,1.354338067997308936e+00,1.883860065494095126e+00,3.277189004472075062e+00,1.204197708446893333e+00,7.397142705280103092e-01,8.192707955091894645e-01,3.109827897968182597e-01,1.780121420768828067e+00,2.465399383076514628e+00,-9.618792684442326602e-01,1.114775376756024228e+00,2.182713810834687074e+00,-1.102152789112812004e+00,-3.073951027479302933e+00,-3.403897912591314245e+00
5.743829219479652970e+00,-4.262617973429522200e-01,5.599075052188933199e-01,-3.504282978481266797e-01,1.356388684086219376e+00,1.895666583148928774e+00,3.293559863280346001e+00,1.197583071740821792e+00,7.470273889754032171e-01,8.337232188335416128e-01,3.038729285795376267e-01,1.759401668342522207e+00,2.442530511597432508e+00,-1.021157417137024570e+00,1.077647936340595303e+00,2.150058206343986811e+00,-1.029288578841742519e+00,-3.137721573454265389e+00,-3.452084057575260267e+00
5.750500333555703669e+00,-4.182957453201686104e-01,5.649147128295403109e-01,-3.448188366505149927e-01,1.358393495006673835e+00,1.907333462853422645e+00,3.309777093726431030e+00,1.190573638202545137e+00,7.540918492418986485e-01,8.479565168721022728e-01,2.972510138338870789e-01,1.738258702848693549e+00,2.419342310196023860e+00,-1.080235453638542786e+00,1.040230026767841043e+00,2.117022262229773411e+00,-9.558725551412612376e-01,-3.200826933980072564e+00,-3.499631540679195130e+00
5.757171447631754369e+00,-4.103777670110657638e-01,5.699682135663884930e-01,-3.391151613570942969e-01,1.360355767911354041e+00,1.918857896256211060e+00,3.325838579800887373e+00,1.183170820895979247e+00,7.609057610988789744e-01,8.619681966562283693e-01,2.911206040263076833e-01,1.716697029060763047e+00,2.395839068822892770e+00,-1.139089975298172019e+00,1.002535901567008114e+00,2.083619272942737410e+00,-8.819415607261499312e-01,-3.263246982478260172e+00,-3.546531604688532013e+00
5.763842561707805068e+00,-4.025104815767637234e-01,5.750663299520016869e-01,-3.333187584771297729e-01,1.362278792870125210e+00,1.930237105504130302e+00,3.341742234305830728e+00,1.175376188805553834e+00,7.674673295131823059e-01,8.757558540437363481e-01,2.854850109770370459e-01,1.694721285338067984e+00,2.372025134922277623e+00,-1.197697641374893429e+00,9.645798458130940833e-01,2.049862573231284291e+00,-8.075326946765106761e-01,-3.324961797731972091e+00,-3.592775770491935194e+00
5.770513675783855767e+00,-3.946964971926446575e-01,5.802073728521446316e-01,-3.274311302612016306e-01,1.364165881219044696e+00,1.941468344128760570e+00,3.357485999232268981e+00,1.167191466391643839e+00,7.737748548376881530e-01,8.893171739682655952e-01,2.803472982047938711e-01,1.672336242230697323e+00,2.347904911571657482e+00,-1.256035182495465641e+00,9.263761701779555935e-01,2.015765532309549801e+00,-7.326832959458218220e-01,-3.385951671419622500e+00,-3.638355838591583069e+00
5.777184789859906466e+00,-3.869384100128137050e-01,5.853896421126374428e-01,-3.214537941062500792e-01,1.366020363898708734e+00,1.952548897923491511e+00,3.373067846125022751e+00,1.158618533082990565e+00,7.798267329622898814e-01,9.026499306497990371e-01,2.757102793819146136e-01,1.649546801034329491e+00,2.323482855611797682e+00,-1.314079410086636646e+00,8.879392049973962031e-01,1.981341548038719313e+00,-6.574309267510709542e-01,-3.446197115571824732e+00,-3.683263890471313751e+00
5.783855903935957166e+00,-3.792388031381547786e-01,5.906114271970888119e-01,-3.153882819593393783e-01,1.367845589782649363e+00,1.963476085810785365e+00,3.388485776435115060e+00,1.149659422706296619e+00,7.856214554253286853e-01,9.157519877663965469e-01,2.715765169006389979e-01,1.626357992295582644e+00,2.298763475768107689e+00,-1.371807225777585959e+00,8.492832943567023563e-01,1.946604041124134987e+00,-5.818133558519398285e-01,-3.505678869948638976e+00,-3.727492289822409433e+00
5.790527018012007865e+00,-3.716002455883996580e-01,5.958710078252400510e-01,-3.092361397204080875e-01,1.369644923996544028e+00,1.974247260699300455e+00,3.403737821859612822e+00,1.140316322853202724e+00,7.911576094856508368e-01,9.286212985872901449e-01,2.679483205513051303e-01,1.602774974268427854e+00,2.273751330764313572e+00,-1.429195630768655301e+00,8.104227901972165249e-01,1.911566449330817541e+00,-5.058685417265696982e-01,-3.564377909334094596e+00,-3.771033683627072808e+00
5.797198132088058564e+00,-3.640252912786335338e-01,6.011666546116575249e-01,-3.029989266442597029e-01,1.371421746228984606e+00,1.984859810330558583e+00,3.418822044668859306e+00,1.130591574184893977e+00,7.964338781554183289e-01,9.412559060674481337e-01,2.648277463131016862e-01,1.578803031322227213e+00,2.248451027429374971e+00,-1.486221735162523316e+00,7.713720464464604021e-01,1.876242221719952807e+00,-4.296346156512051984e-01,-3.622275450745016556e+00,-3.813881003099565348e+00
5.803869246164109263e+00,-3.565164780006365164e-01,6.064966297045172317e-01,-2.966782147420478077e-01,1.373179449034551691e+00,1.995311158114835282e+00,3.433736538021061158e+00,1.120487669674584685e+00,8.014490401938560993e-01,9.536539429037785842e-01,2.622165952580011172e-01,1.554447572301964176e+00,2.222867218798588507e+00,-1.542862767254046474e+00,7.321454131742670679e-01,1.840644812908833305e+00,-3.531498646910544714e-01,-3.679352960551305340e+00,-3.856027464485145995e+00
5.810540360240159963e+00,-3.490763264094969287e-01,6.118591874242116369e-01,-2.902755881825200834e-01,1.374921436129967756e+00,2.005598763955944719e+00,3.448479426264190018e+00,1.110007253788187320e+00,8.062019700621025908e-01,9.658136315531198335e-01,2.601164125684394257e-01,1.529714128841290099e+00,2.197004602209857271e+00,-1.599096082774793093e+00,6.927572307774861882e-01,1.804787677356858744e+00,-2.764527146100375088e-01,-3.735592161504640352e+00,-3.897466569716942164e+00
5.817211474316210662e+00,-3.417073390158876789e-01,6.172525749015338459e-01,-2.837926426932620427e-01,1.376651120684061702e+00,2.015720125064623947e+00,3.463048865225162753e+00,1.099153121603464678e+00,8.106916378393671518e-01,9.777332842122046230e-01,2.585284866692503236e-01,1.504608353628987816e+00,2.170867917396027469e+00,-1.654899174088630076e+00,6.532218241956284643e-01,1.768684263679984214e+00,-1.995817127066353835e-01,-3.790975039672897395e+00,-3.938192106931006187e+00
5.823882588392261361e+00,-3.344119991844264339e-01,6.226750327151658881e-01,-2.772309849622058286e-01,1.378371923602339955e+00,2.025672776760194971e+00,3.477443042486299873e+00,1.087928217868015413e+00,8.149171091006129908e-01,9.894113027598009369e-01,2.574538484743345013e-01,1.479136018629496618e+00,2.144461944574278967e+00,-1.710249679334460371e+00,6.135534971599507781e-01,1.732348008996185351e+00,-1.225755105835912850e-01,-3.845483851277358589e+00,-3.978198150839865832e+00
5.830553702468312061e+00,-3.271927701385211051e-01,6.281247955282320827e-01,-2.705922320396474401e-01,1.380087271806895499e+00,2.035454293260203773e+00,3.491660177649011487e+00,1.076335635996448215e+00,8.188775447559810683e-01,1.000846178661229269e+00,2.568932707484667954e-01,1.453303013258161691e+00,2.117791502533475256e+00,-1.765125391512409658e+00,5.737665264783675667e-01,1.695792333304332544e+00,-4.547284685886243683e-02,-3.899101129429998203e+00,-4.017479062964898873e+00
5.837224816544362760e+00,-3.200520939721112068e-01,6.336000927236454805e-01,-2.638780107410274023e-01,1.381800596512476886e+00,2.045062288457737854e+00,3.505698522584743237e+00,1.064378617007148753e+00,8.225722008522391437e-01,1.012036492835525880e+00,2.568472675846269482e-01,1.427115342511871443e+00,2.090861446720454264e+00,-1.819504267509646223e+00,5.338751563586241478e-01,1.659030633898984863e+00,3.168747017433282132e-02,-3.951809690768045780e+00,-4.056029491728092573e+00
5.843895930620413459e+00,-3.129923906686956081e-01,6.390991490380099060e-01,-2.570899570507226839e-01,1.383515331499423739e+00,2.054494416686126090e+00,3.519556361673131573e+00,1.052060548399039064e+00,8.260004283364693611e-01,1.022980915485442344e+00,2.573160939971472772e-01,1.400579125055798846e+00,2.063676667326169056e+00,-1.873364437062221555e+00,4.938935927720455865e-01,1.622076279823435829e+00,1.088665799310815085e-01,-4.003592641983189537e+00,-4.093844372403532716e+00
5.850567044696464158e+00,-3.060160571280589603e-01,6.446201851938180294e-01,-2.502297155270919449e-01,1.385234911384294110e+00,2.063748373470735142e+00,3.533232012027410551e+00,1.039384962968777693e+00,8.291616727823105659e-01,1.033678205890593560e+00,2.582997456309548134e-01,1.373700591266928672e+00,2.036242087372606591e+00,-1.926684211649149603e+00,4.538359978602417577e-01,1.584942606363448636e+00,1.860255869540446971e-01,-4.054433386242727977e+00,-4.130918926929352253e+00
5.857238158772514858e+00,-2.991254662010854881e-01,6.501614185296983317e-01,-2.432989387090284117e-01,1.386962769888933300e+00,2.072821896267557307e+00,3.546723823707045753e+00,1.026355537568863996e+00,8.320554740790313542e-01,1.044127212164005947e+00,2.597979585871115216e-01,1.346486081235131360e+00,2.008562660801438415e+00,-1.979442093315089579e+00,4.137164843870855258e-01,1.547642909584038051e+00,2.631255783608731358e-01,-4.104315629500049134e+00,-4.167248663580679136e+00
5.863909272848565557e+00,-2.923229657330455034e-01,6.557210636284688254e-01,-2.362992865242511953e-01,1.388702338108768419e+00,2.081712765188346470e+00,3.560030179917648585e+00,1.012976091807126888e+00,8.346814660837517108e-01,1.054326870972377650e+00,2.618102093648337902e-01,1.318942042722495156e+00,1.980643370565298600e+00,-2.031616783418064731e+00,3.735491102382191286e-01,1.510190440911608256e+00,3.401276413121328002e-01,-4.153223386691928809e+00,-4.202829376504388037e+00
5.870580386924616256e+00,-2.856108776157637585e-01,6.612973329427418445e-01,-2.292324256995905973e-01,1.390457042781110264e+00,2.090418803711981965e+00,3.573149497198140345e+00,9.992505866881284948e-01,8.370393762371390878e-01,1.064276207220350656e+00,2.643357149200757927e-01,1.291075029081725667e+00,1.952489226722651905e+00,-2.083187191298470964e+00,3.333478729704251187e-01,1.472598401763824061e+00,4.169928804918429099e-01,-4.201140987820028982e+00,-4.237657145116377144e+00
5.877251501000666956e+00,-2.789914968490344593e-01,6.668884374178505325e-01,-2.221000291734923637e-01,1.392230304554225695e+00,2.098937879381824079e+00,3.586080225595247306e+00,9.851831231969969682e-01,8.391290251429071034e-01,1.073974333699121209e+00,2.673734328407579852e-01,1.262891697134346014e+00,1.924105264537108395e+00,-2.134132442865968926e+00,2.931267044130001498e-01,1.434879938229403962e+00,4.936824355932016850e-01,-4.248053083914215655e+00,-4.271728333362228902e+00
5.883922615076717655e+00,-2.724670906116805624e-01,6.724925871118463405e-01,-2.149037755109897141e-01,1.394025536257972986e+00,2.107267904488777877e+00,3.598820848825313057e+00,9.707779408262657839e-01,8.409503261114819050e-01,1.083420450699728699e+00,2.709220616386307512e-01,1.234398805009532474e+00,1.895496542582146393e+00,-2.184431889100600266e+00,2.528994653234175605e-01,1.397048135800174951e+00,5.701574988015638557e-01,-4.293944652875209655e+00,-4.305039588842175746e+00
5.890593729152768354e+00,-2.660398973426196800e-01,6.781079918123369410e-01,-2.076453483213648865e-01,1.395846141176770860e+00,2.115406836739812668e+00,3.611369884423503152e+00,9.560394160462910573e-01,8.425032846682039001e-01,1.092613845591390520e+00,2.749800411577520975e-01,1.205603209944362764e+00,1.866668140852100644e+00,-2.234065114464744095e+00,2.126799400993735212e-01,1.359116014157532470e+00,6.463793322671154140e-01,-4.338801005194234506e+00,-4.337587841801378019e+00
5.897264843228819053e+00,-2.597121258323328297e-01,6.837328616499230849e-01,-2.003264356787473333e-01,1.397695511325690365e+00,2.123352679911681307e+00,3.623725883880420273e+00,9.409720607198669429e-01,8.437879980264519908e-01,1.101553892365241483e+00,2.795455530994579441e-01,1.176511866046348054e+00,1.837625158880359599e+00,-2.283011945222299666e+00,1.724818315494469623e-01,1.321096522015594132e+00,7.223092855593066242e-01,-4.382607789547276589e+00,-4.369370303986512383e+00
5.903935957304869753e+00,-2.534859543250844727e-01,6.893654077080062503e-01,-1.929487295458641727e-01,1.399577025730423863e+00,2.131103484489584865e+00,3.635887432766204075e+00,9.255805204616550652e-01,8.448046545260734508e-01,1.110240051143862594e+00,2.846165216637008832e-01,1.147131822019051839e+00,1.808372713865613157e+00,-2.331252457661837418e+00,1.323187557243892254e-01,1.283002532023097775e+00,7.979088130956206726e-01,-4.425350998261734503e+00,-4.400384467369811148e+00
5.910607071380920452e+00,-2.473635296322756749e-01,6.950038426287343807e-01,-1.855139252011788198e-01,1.401494048711927176e+00,2.138657348290547766e+00,3.647853150842140124e+00,9.098695729430893442e-01,8.455535330375465453e-01,1.118671867657001551e+00,2.901906143065409172e-01,1.117470218851683850e+00,1.778915938807057895e+00,-2.378766986220205659e+00,9.220423681117773107e-02,1.244846835726263645e+00,8.731394915367386433e-01,-4.467016972653198081e+00,-4.430628102741692054e+00
5.917278185456971151e+00,-2.413469662572762242e-01,7.006463812148633341e-01,-1.780237206696350938e-01,1.403449928176499606e+00,2.146012417071262668e+00,3.659621692159888084e+00,8.938441261434225682e-01,8.460350023322938950e-01,1.126848972683902828e+00,2.962652426135621297e-01,1.087534287473514549e+00,1.749259980649420676e+00,-2.425536131503371884e+00,5.215170209182118377e-02,1.206642138594629099e+00,9.479630371405809441e-01,-4.507592408230228109e+00,-4.460099258173264580e+00
5.923949299533021851e+00,-2.354383455321140128e-01,7.062912410272994546e-01,-1.704798161572372017e-01,1.405447993912080307e+00,2.153166885120170182e+00,3.671191745148346008e+00,8.775092165476302553e-01,8.462495204195938925e-01,1.134771081462673026e+00,3.028375632888875568e-01,1.057331346374036585e+00,1.719409998438687026e+00,-2.471540768201045957e+00,1.217447696899331966e-02,1.168401055112017417e+00,1.022341323067306629e+00,-4.547064359764923402e+00,-4.488796257349980223e+00
5.930620413609072550e+00,-2.296397147663541971e-01,7.119366429781139871e-01,-1.628839134896734597e-01,1.407491555891525081e+00,2.160118995833554045e+00,3.682562032688265763e+00,8.608700072918631374e-01,8.461976338505251549e-01,1.142437993067114022e+00,3.099044792594589648e-01,1.026868799189733172e+00,1.689371161489343409e+00,-2.516762052891979629e+00,-2.771421993963163466e-02,1.130136103934546554e+00,1.096236396627904952e+00,-4.585420246227323915e+00,-4.516717697777773211e+00
5.937291527685123249e+00,-2.239530864085218231e-01,7.175808119188032963e-01,-1.552377155552071564e-01,1.409583902583628756e+00,2.166867042275423039e+00,3.693731312174671988e+00,8.439317862572138784e-01,8.458799769894265186e-01,1.149849589751484213e+00,3.174626408941780831e-01,9.961541322584019920e-01,1.659148647564039347e+00,-2.561181431736665903e+00,-6.750128163634183664e-02,1.091859703117754599e+00,1.169610496468519001e+00,-4.622647855581564436e+00,-4.543862448863124293e+00
5.943962641761173948e+00,-2.183804372204190269e-01,7.232219772235802813e-01,-1.475429257520465554e-01,1.411728299272669407e+00,2.173409367720978036e+00,3.704698375567186730e+00,8.266999641125474252e-01,8.452972712533399768e-01,1.157005836263657717e+00,3.255084473374409981e-01,9.651949121419471922e-01,1.628747641066450536e+00,-2.604780648054250580e+00,-1.071737175057838609e-01,1.053584165414750418e+00,1.242426069682943002e+00,-4.658735349441837315e+00,-4.570229649868535304e+00
5.950633755837224648e+00,-2.129237074646556649e-01,7.288583733674902643e-01,-1.398012474403926841e-01,1.413927986387220503e+00,2.179744366183447468e+00,3.715462049428343239e+00,8.091800723071693735e-01,8.444503243199301679e-01,1.163906779127158231e+00,3.340380479565852045e-01,9.339987831185688760e-01,1.598173331248196050e+00,-2.647541749780630838e+00,-1.467186580029675724e-01,1.015321693647282419e+00,1.314645788845784313e+00,-4.693671267586314144e+00,-4.595818707744942166e+00
5.957304869913275347e+00,-2.075848001057475078e-01,7.344882404991369684e-01,-1.320143833993897564e-01,1.416186177839012128e+00,2.185870482924093583e+00,3.726021194949988402e+00,7.913777610141656815e-01,8.433400293043911145e-01,1.170552545892567409e+00,3.430473439026655580e-01,9.025734646453453802e-01,1.567430910430638313e+00,-2.689447096804553627e+00,-1.861233592649951252e-01,9.770843761516632142e-01,1.386232568958501332e+00,-4.727444532327092830e+00,-4.620629294842692580e+00
5.963975983989326046e+00,-2.023655800250881709e-01,7.401098250078136376e-01,-1.241840352891623311e-01,1.418506059372566686e+00,2.191786214945196321e+00,3.736374707967875963e+00,7.732987970251976595e-01,8.419673639058351533e-01,1.176943344358796439e+00,3.525319897839809258e-01,8.709267487921257267e-01,1.536525572242333659e+00,-2.730479368178818866e+00,-2.253752076448252151e-01,9.388841823012921139e-01,1.457149584301092426e+00,-4.760044452734501164e+00,-4.644661346502671151e+00
5.970647098065376746e+00,-1.972678732501322030e-01,7.457213800848424556e-01,-1.163119031181525376e-01,1.420890786926374050e+00,2.197490111465821183e+00,3.746521518964544661e+00,7.549490615976303109e-01,8.403333895237065088e-01,1.183079461764752427e+00,3.624873954516725227e-01,8.390664976477477666e-01,1.505462509872959931e+00,-2.770621569203540080e+00,-2.644617241652795769e-01,9.007329581076528591e-01,1.527360285181704525e+00,-4.791460728713937023e+00,-4.667915058529349182e+00
5.977318212141427445e+00,-1.922934661980863214e-01,7.513211662789212042e-01,-1.083996847159396093e-01,1.423343485006358877e+00,2.202980774380205897e+00,3.756460593060622077e+00,7.363345482548250276e-01,8.384392503447514189e-01,1.188961263951927583e+00,3.729087278967164742e-01,8.070006406995348103e-01,1.474246914344480297e+00,-2.809857038378642535e+00,-3.033705688916501497e-01,8.626424219014476868e-01,1.596828414576880517e+00,-4.821683454933674895e+00,-4.690390884547502637e+00
5.983989326217478144e+00,-1.874441049344412469e-01,7.569074520452779842e-01,-1.004490752117496999e-01,1.425867245072368839e+00,2.208256858698561587e+00,3.766190929994646552e+00,7.174613605405172345e-01,8.362861724011015907e-01,1.194589194498451690e+00,3.837909132575216820e-01,7.747371721871192385e-01,1.442883972800339087e+00,-2.848169454222617247e+00,-3.420895452212011634e-01,8.246241600956807360e-01,1.665518024654817131e+00,-4.850703124601942307e+00,-4.712089533244441242e+00
5.990660440293528843e+00,-1.827214944466255542e-01,7.624785142884531464e-01,-9.246176651882992426e-02,1.428465123938420733e+00,2.213317072970154786e+00,3.775711564091534189e+00,6.983357097281422954e-01,8.338754626000125514e-01,1.199963773825149849e+00,3.951286389373556140e-01,7.422841484315514382e-01,1.411378866813419286e+00,-2.885542841954870319e+00,-3.806066040880289325e-01,7.866896230322490968e-01,1.733393493174561595e+00,-4.878510633091808657e+00,-4.733011965499557050e+00
5.997331554369579543e+00,-1.781272979330952577e-01,7.680326388985104780e-01,-8.443944682488238596e-02,1.431140142187431907e+00,2.218160179688478006e+00,3.785021564219827717e+00,6.789639124860525898e-01,8.312085077258397625e-01,1.205085598274175052e+00,4.069163558307344886e-01,7.096496851407552153e-01,1.379736770713521521e+00,-2.921961580038831663e+00,-4.189098480816579873e-01,7.488501209137410353e-01,1.800419539753623566e+00,-4.905097281412361454e+00,-4.753159391403182887e+00
6.004002668445630242e+00,-1.736631361081370784e-01,7.735681212805027851e-01,-7.638380008873030258e-02,1.433895282601180821e+00,2.222784995678380060e+00,3.794120033737860886e+00,6.593523884995553530e-01,8.282867734148421368e-01,1.209955339160803778e+00,4.191482806578781251e-01,6.768419546923303276e-01,1.347962849935099072e+00,-2.957410406583191431e+00,-4.569875354779120435e-01,7.111168198219726122e-01,1.866561241996800957e+00,-4.930454779524787945e+00,-4.772533267166746640e+00
6.010673782521680941e+00,-1.693305865226802653e-01,7.790832668770091285e-01,-6.829650554339997126e-02,1.436733488606174447e+00,2.227190392464993174e+00,3.803006110428953868e+00,6.395076580507214059e-01,8.251118031033716216e-01,1.214573741798941509e+00,4.318183984062864411e-01,6.438691833947590704e-01,1.316062259385954780e+00,-2.991874425598629372e+00,-4.948280841805428043e-01,6.735007378248210053e-01,1.931784051479124686e+00,-4.954575249501982803e+00,-4.791135291926153172e+00
6.017344896597731640e+00,-1.651311829013950294e-01,7.845763916835665208e-01,-6.017923720578971514e-02,1.439657662736188115e+00,2.231375296624314331e+00,3.811678966425818160e+00,6.194363395569586483e-01,8.216852169500936665e-01,1.218941624500982979e+00,4.449204648784101934e-01,6.107396487280637443e-01,1.284040141837618165e+00,-3.025339113107418765e+00,-5.324200755722119371e-01,6.360127411728309088e-01,1.996053809575540239e+00,-4.977451228530394900e+00,-4.808967404440639193e+00
6.024016010673782340e+00,-1.610664144963408762e-01,7.900458227568256664e-01,-5.203366339309672961e-02,1.442670665112120609e+00,2.235338690115320492e+00,3.820137808124272283e+00,5.991451470693136550e-01,8.180087107328006812e-01,1.223059877552573838e+00,4.584480093444214255e-01,5.774616765649719374e-01,1.251901626338098872e+00,-3.057790323103508623e+00,-5.697522582734315666e-01,5.986635405870528448e-01,2.059336763130563686e+00,-4.999075671752926553e+00,-4.826031779689014201e+00
6.030687124749833039e+00,-1.571377254574363169e-01,7.954898987152697609e-01,-4.386144624615953558e-02,1.445775311939922592e+00,2.239079610593483149e+00,3.828381876086477842e+00,5.786408877315201149e-01,8.140840547204792887e-01,1.226929462162942963e+00,4.723943372989432010e-01,5.440436383736335646e-01,1.219651826647659032e+00,-3.089214293360560859e+00,-6.068135518081743118e-01,5.614636876394591969e-01,2.121599579960639304e+00,-5.019441954951688878e+00,-4.842330825365690927e+00
6.037358238825883738e+00,-1.533465142200101383e-01,8.009069702323212692e-01,-3.566424125988842952e-02,1.448974374027234058e+00,2.242597151705560066e+00,3.836410444933786579e+00,5.579304592008105246e-01,8.099130925212181253e-01,1.230551409391376527e+00,4.867525333206410565e-01,5.104939484029884511e-01,1.187295839698303768e+00,-3.119597651085597612e+00,-6.435930501747960664e-01,5.244235712273517258e-01,2.182809364182469736e+00,-5.038543877069536769e+00,-4.857867178278498344e+00
6.044029352901934438e+00,-1.496941329096825313e-01,8.062954005216883546e-01,-2.744369682093250606e-02,1.452270575319460688e+00,2.245890463365554979e+00,3.844222823229417330e+00,5.370208470315500637e-01,8.054977399066388655e-01,1.233926819050513046e+00,5.015154640334413827e-01,4.768210608518589910e-01,1.154838744077627100e+00,-3.148927418415917501e+00,-6.800800253210824708e-01,4.875534141430180046e-01,2.242933671360194836e+00,-5.056375662569354112e+00,-4.872643700650765908e+00
6.050700466977985137e+00,-1.461818867648226605e-01,8.116535658147906451e-01,-1.920145375274120991e-02,1.455666591455921477e+00,2.248958752011745776e+00,3.851818353351079693e+00,5.159191220227108410e-01,8.008399836134407757e-01,1.237056858587052721e+00,5.166757811682034518e-01,4.430334670228410210e-01,1.122285598537633211e+00,-3.177191017757079461e+00,-7.162639305222052721e-01,4.508632697399053146e-01,2.301940523464935495e+00,-5.072931963630121999e+00,-4.886663476329772493e+00
6.057371581054035836e+00,-1.428110335768138506e-01,8.169798558301154534e-01,-1.093914486816091602e-02,1.459165048346766858e+00,2.251801280844673236e+00,3.859196411353756240e+00,4.946324375302806331e-01,7.959418801227602369e-01,1.239942761940573401e+00,5.322259247235312518e-01,4.091396924620873676e-01,1.089641440529155458e+00,-3.204376276959751912e+00,-7.521344036604723504e-01,4.143630186964992745e-01,2.359798423639731801e+00,-5.088207862178897756e+00,-4.899929806904099294e+00
6.064042695130086535e+00,-1.395827831483677228e-01,8.222726742343613449e-01,-2.658394529721525013e-03,1.462768520771297265e+00,2.254417370046007729e+00,3.866356406822776481e+00,4.731680267456717104e-01,7.908055544179617424e-01,1.242585828381064905e+00,5.481581262244243913e-01,3.751482940860869641e-01,1.056911284762478420e+00,-3.230471434333301417e+00,-7.876812704057321035e-01,3.780623658790815966e-01,2.416476370763445125e+00,-5.102198871757858356e+00,-4.912446207732108050e+00
6.070713809206137235e+00,-1.364982967701036110e-01,8.275304390952200606e-01,5.639181782255808795e-03,1.466479530998358261e+00,2.256806396978206841e+00,3.873297782717387339e+00,4.515331999412502406e-01,7.854331987215653621e-01,1.244987421325889132e+00,5.644644120773794072e-01,3.410678572965537558e-01,1.024100121794745633e+00,-3.255465143494073565e+00,-8.228945472954238838e-01,3.419708373044700878e-01,2.471943873806839775e+00,-5.114900939225643484e+00,-4.924216403884157600e+00
6.077384923282187934e+00,-1.335586867156076663e-01,8.327515833256691202e-01,1.395197789359209350e-02,1.470300547429423066e+00,2.258967796364888869e+00,3.880020015204992845e+00,4.297353416840618556e-01,7.798270712119508286e-01,1.247148967136801900e+00,5.811366070205703505e-01,3.069069930845029770e-01,9.912129166447145590e-01,-3.279346478046423208e+00,-8.577644447132689587e-01,3.060977772037771771e-01,2.526170965974656291e+00,-5.126310446292327683e+00,-4.935244326000860937e+00
6.084056037358238633e+00,-1.307650157551854819e-01,8.379345551196339947e-01,2.227839735209100058e-02,1.474233983265003989e+00,2.260901060451856459e+00,3.886522613486233624e+00,4.077819080189030165e-01,7.739894947205333553e-01,1.249071953897721965e+00,5.981663376676329413e-01,2.726743351246573854e-01,9.582546074354177934e-01,-3.302104936094541809e+00,-8.922813697656352128e-01,2.704523451882197005e-01,2.579128218627120717e+00,-5.136424210887383879e+00,-4.945534106069972680e+00
6.090727151434289333e+00,-1.281182966885022201e-01,8.430778183788993907e-01,3.061685383516959957e-02,1.478282195195030457e+00,2.262605739148705997e+00,3.892805119611121967e+00,3.856804236218582815e-01,7.679228554101028559e-01,1.250757930173955090e+00,6.155450361435681472e-01,2.383785368612751920e-01,9.252301040652564090e-01,-3.323730444583286037e+00,-9.264359290547272696e-01,2.350435135178985391e-01,2.630786754974649977e+00,-5.145239488360083158e+00,-4.955090073124506667e+00
6.097398265510340032e+00,-1.256194918963099150e-01,8.481798531311408595e-01,3.896577154914537822e-02,1.482447482113759207e+00,2.264081440150971680e+00,3.898867108286391936e+00,3.634384789254501702e-01,7.616296014349936971e-01,1.252208503753518443e+00,6.332639438112375174e-01,2.040282685865333623e-01,8.921442869080484783e-01,-3.344213363466213451e+00,-9.602189313476975352e-01,1.998800644744913591e-01,2.681118263539671531e+00,-5.152753972511856517e+00,-4.963916748864496853e+00
6.104069379586390731e+00,-1.232695129114443067e-01,8.532391559389582714e-01,4.732358562007230041e-02,1.486732083859867437e+00,2.265327829042755425e+00,3.904708186674292314e+00,3.410637272165812917e-01,7.551122415838190660e-01,1.253425340371313812e+00,6.513141150868537732e-01,1.696322145125981062e-01,8.590020055425435785e-01,-3.363544489699128448e+00,-9.936213901409287619e-01,1.649705878386844571e-01,2.730095011379264136e+00,-5.158965796460175390e+00,-4.972018843205242788e+00
6.110740493662441430e+00,-1.210692200092710613e-01,8.582542402998011299e-01,5.568874247600905103e-02,1.491138179982272272e+00,2.266344629379807074e+00,3.910327994182986266e+00,3.185638817084059937e-01,7.483733439054290892e-01,1.254410162416798258e+00,6.696864213428777024e-01,1.351990698384766265e-01,8.258080775118531447e-01,-3.381715061057531280e+00,-1.026634526118711088e+00,1.303234784731517326e-01,2.777689857062907386e+00,-5.163873533333619648e+00,-4.979401249754440428e+00
6.117411607738492130e+00,-1.190194218177431651e-01,8.632236370366725975e-01,6.405970022061378832e-02,1.495667888532289158e+00,2.267131622753026488e+00,3.915726202248788645e+00,2.959467125873315174e-01,7.414155343188396641e-01,1.255164747625908905e+00,6.883715548966629072e-01,1.007375378128098631e-01,7.925672871133044861e-01,-3.398716759776446494e+00,-1.059249769505663963e+00,9.594693401182152748e-02,2.823876263399235143e+00,-5.167476196797863963e+00,-4.986069041221105280e+00
6.124082721814542829e+00,-1.171208749472434918e-01,8.681458946795069798e-01,7.243492899796152851e-02,1.500323264882666541e+00,2.267688648832355547e+00,3.920902514110426118e+00,2.732200440363290461e-01,7.342414952078040180e-01,1.255690927757903141e+00,7.073600330831490979e-01,6.625632679370598022e-02,7.592843842191254744e-01,-3.414541716011092465e+00,-1.091458762312204067e+00,6.184895265614298587e-02,2.868628309906206209e+00,-5.169773241412335629e+00,-4.992027464758785449e+00
6.130753835890593528e+00,-1.153742836403600092e-01,8.730195798371259697e-01,8.081291134848650470e-02,1.505106300574078793e+00,2.268015605391052514e+00,3.925856664575543054e+00,2.503917512357761721e-01,7.268539640007867231e-01,1.255990587257884927e+00,7.266422024098508903e-01,3.176414730678048942e-02,7.259640831284157603e-01,-3.429182511117041976e+00,-1.123253360472524331e+00,2.803733107898276344e-02,2.911920705018817834e+00,-5.170764562817433685e+00,-4.997281937246001782e+00
6.137424949966644228e+00,-1.137802994417405344e-01,8.778432775596698434e-01,8.919214255595461771e-02,1.510018922189592327e+00,2.268112448310334983e+00,3.930588419779635245e+00,2.274697573430062292e-01,7.192557317370144032e-01,1.256065661905680919e+00,7.462082427924207062e-01,-2.730290897501763681e-03,6.926110614508073082e-01,-3.442632180748528725e+00,-1.154625635874494405e+00,-5.480337563245507582e-03,2.953728798029068514e+00,-5.170450497752218766e+00,-5.001838040506473071e+00
6.144096064042694927e+00,-1.123395208881615981e-01,8.826155916914241173e-01,9.757113098538328089e-02,1.515062990257669995e+00,2.267979191564396313e+00,3.935097576937667707e+00,2.044620304518026677e-01,7.114496416193577533e-01,1.255918137451840000e+00,7.660481718689493569e-01,-3.721828178603891341e-02,6.592299590221899486e-01,-3.454884217773674937e+00,-1.185567878281060583e+00,-3.869666550970674024e-02,2.994028590752524810e+00,-5.168831823902583444e+00,-5.005701516472107038e+00
6.150767178118745626e+00,-1.110524932189482783e-01,8.873351452139459639e-01,1.059483984118158306e-01,1.520240298184196703e+00,2.267615907185795088e+00,3.939383964088553736e+00,1.813765805330644909e-01,7.034385875547574107e-01,1.255550048241448113e+00,7.861518493911590078e-01,-7.169112598371471523e-02,6.258253768529045136e-01,-3.465932575005426397e+00,-1.216072597142639378e+00,-7.160447216499732370e-02,3.032796748916280372e+00,-5.165909759579951910e+00,-5.008878262291414529e+00
6.157438292194796325e+00,-1.099197081068594151e-01,8.920005805794155584e-01,1.143224803398804612e-01,1.525552571214058517e+00,2.267022725211239376e+00,3.943447439832717727e+00,1.582214563578588085e-01,6.952255126829154364e-01,1.254963475826500252e+00,8.065089816906479969e-01,-1.061401337113297427e-01,5.924018761087332940e-01,-3.475771667747133975e+00,-1.246132523300172101e+00,-1.041967857593295577e-01,3.070010613263130406e+00,-5.161685963230659979e+00,-5.011374325386239725e+00
6.164109406270847025e+00,-1.089416034095597730e-01,8.966105600341340853e-01,1.226919263140510419e-01,1.531001465422758834e+00,2.266199833607780434e+00,3.947287893062994435e+00,1.350047424041380117e-01,6.868134078940071330e-01,1.254160547567576334e+00,8.271091262182070913e-01,-1.405566277196662051e-01,5.589639771250376477e-01,-3.484396376151730479e+00,-1.275740610578485423e+00,-1.364668448986410265e-01,3.105648210366740436e+00,-5.156162532776202845e+00,-5.013195898459707145e+00
6.170780520346897724e+00,-1.081185629417715510e-01,9.011637659321019012e-01,1.310553002195543881e-01,1.536588566738565031e+00,2.265147478179449614e+00,3.950905242689036534e+00,1.117345557483110929e-01,6.782053103361158630e-01,1.253143435225535951e+00,8.479416961543569942e-01,-1.749319462186262053e-01,5.255161584543462938e-01,-3.491802047393605335e+00,-1.304890037269709868e+00,-1.684081000043409215e-01,3.139688263153046499e+00,-5.149342004784646321e+00,-5.014349314458187656e+00
6.177451634422948423e+00,-1.074509162682162899e-01,9.056589010386038030e-01,1.394111805738428300e-01,1.542315389995629005e+00,2.263865962454379321e+00,3.954299437355506708e+00,8.841904294297803224e-02,6.694043019131467043e-01,1.251914353543977620e+00,8.689959650890464182e-01,-2.092574458002477711e-01,4.920628559477027153e-01,-3.497984497652259606e+00,-1.333574207506483589e+00,-2.000142146423697920e-01,3.172110201122925410e+00,-5.141227353473517780e+00,-5.014841041490197604e+00
6.184122748498999123e+00,-1.069389385174244200e-01,9.100946888237445576e-01,1.477581608085850040e-01,1.548183378018559875e+00,2.262355647552437787e+00,3.957470455154228350e+00,6.506637688204175429e-02,6.604135077739383686e-01,1.250475558823196165e+00,8.902610717685675024e-01,-2.435245043545323229e-01,4.586084618700438931e-01,-3.502940013906993499e+00,-1.361786752524804411e+00,-2.312790667413888723e-01,3.202894170271529006e+00,-5.131821989544601337e+00,-5.014677677705120296e+00
6.190793862575049822e+00,-1.065828502164979374e-01,9.144698737458805127e-01,1.560948495421191351e-01,1.554193900738886969e+00,2.260616952033450033e+00,3.960418303330571099e+00,4.168475365450113879e-02,6.512360947933364397e-01,1.248829347486401398e+00,9.117260249075803680e-01,-2.777245239769171037e-01,4.251573240498683903e-01,-3.506665355541901175e+00,-1.389521531816405586e+00,-2.621967496999306757e-01,3.232021042699570579e+00,-5.121129758851128422e+00,-5.013865946134785645e+00
6.197464976651100521e+00,-1.063828171468971795e-01,9.187832215248881162e-01,1.644198708423109112e-01,1.560348254343823182e+00,2.258650351726045447e+00,3.963143017984264382e+00,1.828238938815640591e-02,6.418752700459277039e-01,1.246978054638899547e+00,9.333797080642518562e-01,-3.118489338663111288e-01,3.917137450634422535e-01,-3.509157755760544894e+00,-1.416772634170549550e+00,-2.927615733823665245e-01,3.259472425912329552e+00,-5.109154940897876251e+00,-5.012412689500648000e+00
6.204136090727151220e+00,-1.063389502213121784e-01,9.230335194052367020e-01,1.727318644797886937e-01,1.566647660457770819e+00,2.256456379537210122e+00,3.965644663764898326e+00,-5.132482915485792052e-03,6.323342792732089546e-01,1.244924052621020794e+00,9.552108845763529477e-01,-3.458891932125787161e-01,3.582819814537260283e-01,-3.510414922809764082e+00,-1.443534378605294322e+00,-3.229680650036965694e-01,3.285230671801880664e+00,-5.095902247174829647e+00,-5.010324864989712523e+00
6.210807204803201920e+00,-1.064513053816727728e-01,9.272195764088051462e-01,1.810294861714952241e-01,1.573093265356939607e+00,2.254035625242616803e+00,3.967923333562308308e+00,-2.855161655383392505e-02,6.226164053448965952e-01,1.242669749555496139e+00,9.772082025562386365e-01,-3.798367940723352820e-01,3.248662429842856803e-01,-3.510435041012152091e+00,-1.469801315188168811e+00,-3.528109699030606006e-01,3.309278885308547302e+00,-5.081376819325067018e+00,-5.007609539002009669e+00
6.217478318879252619e+00,-1.067198835183490180e-01,9.313402235774257409e-01,1.893114078145402834e-01,1.579686139217491014e+00,2.251388735257806140e+00,3.969979148192126939e+00,-5.196675430206854074e-02,6.127249667151503099e-01,1.240217587890065865e+00,9.993601999424783777e-01,-4.136832642319763220e-01,2.914706919283016617e-01,-3.509216771606782359e+00,-1.495568225746440216e+00,-3.822852522061204184e-01,3.331600932757367683e+00,-5.065584227147629015e+00,-5.004273881872741470e+00
6.224149432955303318e+00,-1.071446304105750924e-01,9.353943142051073245e-01,1.975763177103107004e-01,1.586427275397551018e+00,2.248516412390322738e+00,3.971812256076689085e+00,-7.536963159698051307e-02,6.026633158744070240e-01,1.237570042936021686e+00,1.021655309606052331e+00,-4.474201700568350981e-01,2.580994423928807402e-01,-3.506759253397904175e+00,-1.520830124467025701e+00,-4.113860953763164297e-01,3.352181449865886620e+00,-5.048530466436186970e+00,-5.000325162571906290e+00
6.230820547031354018e+00,-1.077254366881213454e-01,9.393807240599235664e-01,2.058229207788268567e-01,1.593317589753475039e+00,2.245419415572881938e+00,3.973422832921558179e+00,-9.875197972449756278e-02,5.924348377975906521e-01,1.234729621403453104e+00,1.044081864508840107e+00,-4.810391193253871212e-01,2.247565596787755027e-01,-3.503062103211363798e+00,-1.545582258386315910e+00,-4.401089026552418293e-01,3.371005849419369760e+00,-5.030221956654397530e+00,-4.995770743384557733e+00
6.237491661107404717e+00,-1.084621378142448800e-01,9.432983515955345455e-01,2.140499387633124917e-01,1.600357919990690769e+00,2.242098559577696548e+00,3.974811081387896294e+00,-1.221055290096005330e-01,5.820429483894207223e-01,1.231698859933920920e+00,1.066628102912190901e+00,-5.145317640473852094e-01,1.914460596756688560e-01,-3.498125416158585743e+00,-1.569820107770082851e+00,-4.684492973922611547e-01,3.388060328609910687e+00,-5.010665538448900946e+00,-4.990618074574562968e+00
6.244162775183455416e+00,-1.093545140899215284e-01,9.471461181523315176e-01,2.222561104249709263e-01,1.607549025049442415e+00,2.238554714712043925e+00,3.975977230760916026e+00,-1.454220120073784761e-01,5.714910929275420770e-01,1.228480323631295779e+00,1.089282173633346229e+00,-5.478898032648862326e-01,1.581719082930902465e-01,-3.491949765708054709e+00,-1.593539386383791001e+00,-4.964031232636718638e-01,3.403331876035996295e+00,-4.989868471000963979e+00,-4.984874689034884732e+00
6.250833889259506115e+00,-1.104022906793682424e-01,9.509229681481889962e-01,2.304401917279556289e-01,1.614891584525758095e+00,2.234788806495220825e+00,3.976921536614660191e+00,-1.686931666938885355e-01,5.607827445042341541e-01,1.225076604591513574e+00,1.112032141347369940e+00,-5.811049858350483266e-01,1.249380209270687381e-01,-3.484536203564299939e+00,-1.616736041653659139e+00,-5.239664443817129147e-01,3.416808278359114048e+00,-4.967838429217891871e+00,-4.978548196927436109e+00
6.257505003335556815e+00,-1.116051376568448217e-01,9.546278692588214820e-01,2.386009560145359032e-01,1.622386198127943047e+00,2.230801815316991732e+00,3.977644280473345173e+00,-1.919107396555999601e-01,5.499214024673936274e-01,1.221490320431962484e+00,1.134865991932378693e+00,-6.141691131936896086e-01,9.174826196255381205e-02,-3.475886259354472152e+00,-1.639406254718870137e+00,-5.511355452937894972e-01,3.428478126614362242e+00,-4.944583500765303619e+00,-4.971646280315449751e+00
6.264176117411607514e+00,-1.129626700747276002e-01,9.582598125877352935e-01,2.467371941704458727e-01,1.630033385168851101e+00,2.226594776077667870e+00,3.978145769469494386e+00,-2.150664892760826841e-01,5.389105908615376972e-01,1.217724112821241045e+00,1.157771637855681490e+00,-6.470740420985003905e-01,5.860644431167649770e-02,-3.466001940122670710e+00,-1.661546440375328615e+00,-5.779069308723014942e-01,3.438330822171979495e+00,-4.920112182941536183e+00,-4.964176687791348463e+00
6.270847231487658213e+00,-1.144744480528272490e-01,9.618178128257858228e-01,2.548477147804318887e-01,1.637833584094228190e+00,2.222168777809956808e+00,3.978426335999118990e+00,-2.381521889186985763e-01,5.277538568695354648e-01,1.213780646010011122e+00,1.180736923598541654e+00,-6.798116873508963653e-01,2.551632898784805814e-02,-3.454885729632264812e+00,-1.683153246911499146e+00,-6.042773260955558445e-01,3.446356582346969510e+00,-4.894433379395412231e+00,-4.956147229103105012e+00
6.277518345563708912e+00,-1.161399768889234685e-01,9.653009084003394413e-01,2.629313442740039974e-01,1.645787152047366364e+00,2.217524963282730521e+00,3.978486337374172344e+00,-2.611596301039750267e-01,5.164547692558081327e-01,1.209662605363684307e+00,1.203749631117137397e+00,-7.123740244954346323e-01,-7.518375284289668947e-03,-3.442540587476551561e+00,-1.704223555836854587e+00,-6.302436757202883877e-01,3.452546445654050444e+00,-4.867556396688769382e+00,-4.947565769782172218e+00
6.284189459639759612e+00,-1.179587071904718842e-01,9.687081616140633678e-01,2.709869270614101988e-01,1.653894364470303691e+00,2.212664528586861579e+00,3.978326155472529990e+00,-2.840806256804361829e-01,5.050169168116811491e-01,1.205372695897647617e+00,1.226797485337434601e+00,-7.447530924958132292e-01,-4.049401242310446403e-02,-3.428969947998128376e+00,-1.724754481503528059e+00,-6.558031438463589602e-01,3.456892276705444189e+00,-4.839490940705094779e+00,-4.938440225775834413e+00
6.290860573715810311e+00,-1.199300350274416505e-01,9.720386587733474970e-01,2.790133256598434364e-01,1.662155414741784742e+00,2.207588722703288209e+00,3.977946196385713229e+00,-3.069070129875688391e-01,4.934439068036244880e-01,1.200913640815745476e+00,1.249868159681508883e+00,-7.769409963863791457e-01,-7.340697930841133534e-02,-3.414177719017489121e+00,-1.744743370621783418e+00,-6.809531133742111608e-01,3.459386770749073747e+00,-4.810247112905777556e+00,-4.928778558087016926e+00
6.297531687791861010e+00,-1.220533021062242263e-01,9.752915103063881652e-01,2.870094208099178701e-01,1.670570413852185077e+00,2.202298847053477449e+00,3.977346890064618279e+00,-3.296306570096759203e-01,4.817393634250739520e-01,1.196288180052747174e+00,1.272949281622936413e+00,-8.089299098981719283e-01,-1.062537260642022474e-01,-3.398168280371371530e+00,-1.764187801670026090e+00,-7.056911853558023306e-01,3.460023457844917161e+00,-4.779835406435486433e+00,-4.918588767424538766e+00
6.304202801867911710e+00,-1.243277959645436581e-01,9.784658508709573876e-01,2.949741115824307536e-01,1.679139390115592434e+00,2.196796255032452017e+00,3.976528689963474861e+00,-3.522434535193589289e-01,4.699069262525341628e-01,1.191499068821486373e+00,1.296028438268865823e+00,-8.407120780584802500e-01,-1.390307563057080475e-01,-3.380946482261540709e+00,-1.783085584200048812e+00,-7.300151782396809841e-01,3.458796706677449428e+00,-4.748266702078280055e+00,-4.907878888866690659e+00
6.310873915943962409e+00,-1.267527501873043916e-01,9.815608394518886559e-01,3.029063154754533249e-01,1.687862288919198095e+00,2.191082351524574534e+00,3.975492072682270006e+00,-3.747373322093253134e-01,4.579502487066777205e-01,1.186549076165401173e+00,1.319093181966242145e+00,-8.722798197629213490e-01,-1.717346273509300358e-01,-3.362517643414688173e+00,-1.801434758038337414e+00,-7.539231270110168248e-01,3.455701728002216644e+00,-4.715552264066105614e+00,-4.896656986541193746e+00
6.317545030020013108e+00,-1.293273446432849916e-01,9.845756594483173751e-01,3.108049685017878483e-01,1.696738972510180021e+00,2.185158592402257849e+00,3.974237537607892445e+00,-3.971042598113267985e-01,4.458729965191001177e-01,1.181440983517147991e+00,1.342131035929859051e+00,-9.036255303190894317e-01,-2.043619503967459838e-01,-3.342887549054267105e+00,-1.819233592384242648e+00,-7.774132822273851495e-01,3.450734577724793084e+00,-4.681703735741360006e+00,-4.884931148324366923e+00
6.324216144096063807e+00,-1.320507057425953923e-01,9.875095187507096917e-01,3.186690252668261669e-01,1.705769219820175042e+00,2.179026484007815956e+00,3.972765606554200524e+00,-4.193362432009183349e-01,4.336788462054436688e-01,1.176177583264000237e+00,1.365129499889678799e+00,-9.347416839607692873e-01,-2.369093906597149468e-01,-3.322062448685116465e+00,-1.836480584805882499e+00,-8.004841089511463004e-01,3.443892159610503878e+00,-4.646733135075344912e+00,-4.872709480562463114e+00
6.330887258172114507e+00,-1.349219067147953144e-01,9.903616498077307817e-01,3.264974590368643903e-01,1.714952726327499510e+00,2.172687582618628266e+00,3.971076823401286315e+00,-4.414253324868345763e-01,4.213714835455475427e-01,1.170761677320702354e+00,1.388076055755035787e+00,-9.656208363317912990e-01,-2.693736674817517329e-01,-3.300049053691845202e+00,-1.853174460134702439e+00,-8.231342855793464253e-01,3.435172227623474406e+00,-4.610652850044377971e+00,-4.860000102818046841e+00
6.337558372248165206e+00,-1.379399679075645202e-01,9.931313096829994524e-01,3.342892617979228431e-01,1.724289103957195479e+00,2.166143493895851257e+00,3.969171753734143770e+00,-4.633636240837002984e-01,4.089546020713261676e-01,1.165196075710481560e+00,1.410958173293145324e+00,-9.962556269385486329e-01,-3.017515544008456674e-01,-3.276854534752002834e+00,-1.869314169259683300e+00,-8.453627025721209831e-01,3.424573387893687038e+00,-4.573475633865534462e+00,-4.846811142644370740e+00
6.344229486324215905e+00,-1.411038571058160773e-01,9.958177801017830122e-01,3.420434443051336704e-01,1.733777881019009648e+00,2.159395872316869802e+00,3.967050984480974041e+00,-4.851432637669001458e-01,3.964319015630027310e-01,1.159483595154870539e+00,1.433763315819543749e+00,-1.026638781570298420e+00,-3.340398791870319295e-01,-3.252486519065122650e+00,-1.884898887822188840e+00,-8.671684610805800997e-01,3.412095100310933660e+00,-4.535214600093863346e+00,-4.833150730390523897e+00
6.350900600400266605e+00,-1.444124898711235949e-01,9.984203674876889201e-01,3.497590361227455036e-01,1.743418502183355034e+00,2.152446420591711540e+00,3.964715123551386000e+00,-5.067564497083287822e-01,3.838070865543918853e-01,1.153627057673017653e+00,1.456478945897885957e+00,-1.056763114686273930e+00,-3.662355238437998706e-01,-3.226953087398841902e+00,-1.899928014812494181e+00,-8.885508714752208270e-01,3.397737679744719852e+00,-4.495883217583168445e+00,-4.819026994040244816e+00
6.357571714476317304e+00,-1.478647299013353678e-01,1.000938402989416609e+00,3.574350856548205169e-01,1.753210328495332870e+00,2.145296889063650791e+00,3.962164799474675814e+00,-5.281954354918478867e-01,3.710838648478615442e-01,1.147629289191138158e+00,1.479092531046658276e+00,-1.086621531768751536e+00,-3.983354245751995482e-01,-3.200262770953322899e+00,-1.914401171069106233e+00,-9.095094517759750863e-01,3.381502296889295156e+00,-4.455495305312334509e+00,-4.804448054087172792e+00
6.364242828552368003e+00,-1.514593894102317373e-01,1.003371242497639093e+00,3.650706601666900419e-01,1.763152637426826708e+00,2.137949075094235596e+00,3.959400661038461777e+00,-5.494525331071948848e-01,3.582659460396363515e-01,1.141493118162773879e+00,1.501591549450228102e+00,-1.116207031641131442e+00,-4.303365717188861739e-01,-3.172424548045349901e+00,-1.928318197682040047e+00,-9.300439259850488138e-01,3.363390978733169501e+00,-4.414065027079389303e+00,-4.789422018449441154e+00
6.370913942628418702e+00,-1.551952295270808135e-01,1.005718266652080306e+00,3.726648457972469020e-01,1.773244622966720030e+00,2.130404822432961254e+00,3.956423376927866720e+00,-5.705201159212065498e-01,3.453570400560614928e-01,1.135221374200489741e+00,1.523963495671824209e+00,-1.145512708750222597e+00,-4.622360096453901335e-01,-3.143447840613465161e+00,-1.941679154301209520e+00,-9.501542223237264828e-01,3.343406608652640166e+00,-4.371606886065389830e+00,-4.773956977426269788e+00
6.377585056704469402e+00,-1.590709607159367378e-01,1.007978880838868108e+00,3.802167475621447412e-01,1.783485395749212721e+00,2.122666020571847501e+00,3.953233635365493992e+00,-5.913906216251136883e-01,3.323608557014670617e-01,1.128816886719647750e+00,1.546195886365854921e+00,-1.174531755411809542e+00,-4.940308366238749249e-01,-3.113342510545641595e+00,-1.954484317351155243e+00,-9.698404713743554728e-01,3.321552926129045957e+00,-4.328135719270390425e+00,-4.758060998699357391e+00
6.384256170780520101e+00,-1.630852432145168673e-01,1.010152515178238009e+00,3.877254893479908371e-01,1.793873983220233725e+00,2.114734604085157343e+00,3.949832143752393332e+00,-6.120565551567483942e-01,3.192810992182568697e-01,1.122282483594892799e+00,1.568276265987091467e+00,-1.203257464018680167e+00,-5.257182046547005383e-01,-3.082118855831041060e+00,-1.966734178153377810e+00,-9.891030041287918184e-01,3.297834526089581164e+00,-4.283666691823765582e+00,-4.741742122381785052e+00
6.390927284856570800e+00,-1.672366874924868796e-01,1.012238624502676210e+00,3.951902138976319256e-01,1.804409329841944354e+00,2.106612551954509360e+00,3.946219628310268845e+00,-6.325104915965239494e-01,3.061214728598116164e-01,1.115620989829960275e+00,1.590192212494214274e+00,-1.231683229210317254e+00,-5.572953192691645352e-01,-3.049787606537460949e+00,-1.978429440957628183e+00,-1.007942349944673577e+00,3.272256857871653768e+00,-4.238215291171153254e+00,-4.725008356117138320e+00
6.397598398932621500e+00,-1.715238547289714699e-01,1.014236688325583780e+00,4.026100827865935483e-01,1.815090297335230085e+00,2.098301886879655243e+00,3.942396833725130723e+00,-6.527450790359575761e-01,2.928856734768513492e-01,1.108835226241432270e+00,1.611931343045158727e+00,-1.259802550003348509e+00,-5.887594392966560841e-01,-3.016359920616228596e+00,-1.989571020883418750e+00,-1.026359234410772592e+00,3.244826223811062338e+00,-4.191797321140496635e+00,-4.707867670231509649e+00
6.404269513008672199e+00,-1.759452573091113137e-01,1.016146210800558780e+00,4.099842763908014276e-01,1.825915664960181539e+00,2.089804674575170829e+00,3.938364522792594968e+00,-6.727530414176756679e-01,2.795773911178027760e-01,1.101928008157020855e+00,1.633481319681824084e+00,-1.287609031882061661e+00,-6.201078765997077857e-01,-2.981847379536212816e+00,-2.000160041773213493e+00,-1.044354577122929451e+00,3.215549777454239422e+00,-4.144428895889465281e+00,-4.690327992940948043e+00
6.410940627084722898e+00,-1.804993593394619844e-01,1.017966720671393155e+00,4.173119938456703037e-01,1.836884129834451596e+00,2.081123023053336851e+00,3.934123476065077174e+00,-6.925271813457178904e-01,2.662003076437877147e-01,1.094902144128992783e+00,1.654829855001581862e+00,-1.315096388848144837e+00,-6.513379957772651441e-01,-2.946261983748868829e+00,-2.010197833958725866e+00,-1.061929489371984170e+00,3.184435521395101887e+00,-4.096126433736817063e+00,-4.672397205617107474e+00
6.417611741160773597e+00,-1.851845771820468389e-01,1.019697771212868309e+00,4.245924529966417782e-01,1.847994307289377192e+00,2.072259081893486066e+00,3.929674491501045530e+00,-7.120603828650168277e-01,2.527580953588002277e-01,1.087760434663295861e+00,1.675964717813132498e+00,-1.342258445428869962e+00,-6.824472138365182960e-01,-2.909616147986163526e+00,-2.019685931941646473e+00,-1.079085271745067409e+00,3.151492304737263161e+00,-4.046906650880182532e+00,-4.654083138113383811e+00
6.424282855236824297e+00,-1.899992800068358301e-01,1.021338940162482389e+00,4.318248903413301476e-01,1.859244731263802741e+00,2.063215041498093427e+00,3.925018384116589321e+00,-7.313456142089755918e-01,2.392544156556334900e-01,1.080505670964988507e+00,1.696873738774131279e+00,-1.369089138643031278e+00,-7.134329998338523326e-01,-2.871922696393424346e+00,-2.028626071990572655e+00,-1.095823411642017575e+00,3.116729820182295718e+00,-3.996786555002825203e+00,-4.635393564154468571e+00
6.430953969312874996e+00,-1.949417903624530157e-01,1.022889829643181869e+00,4.390085609633223029e-01,1.870633854735415103e+00,2.053993132335895755e+00,3.920155985639472540e+00,-7.503759305140120794e-01,2.256929176781187207e-01,1.073140633700502722e+00,1.717544816008201192e+00,-1.395582519923833864e+00,-7.442928744851647904e-01,-2.833194857499066188e+00,-2.037020189655343927e+00,-1.112145580708175707e+00,3.080158600745204645e+00,-3.945783438771992557e+00,-4.616336196791371194e+00
6.437625083388925695e+00,-2.000103847648761202e-01,1.024350066077234445e+00,4.461427384577992816e-01,1.882160050189496170e+00,2.044595624172324211e+00,3.915088144165894235e+00,-7.691444765000237105e-01,2.120772370002111940e-01,1.065668091777312920e+00,1.737965920698762101e+00,-1.421732756998081992e+00,-7.750244097461549408e-01,-2.793446259023367961e+00,-2.044870417200619350e+00,-1.128053632185395561e+00,3.041790016098164795e+00,-3.893914873231477891e+00,-4.596918683924705817e+00
6.444296197464976395e+00,-2.052032943038992474e-01,1.025719300091347819e+00,4.532267148490747855e-01,1.893821610124906796e+00,2.035024825287553352e+00,3.909815723820136313e+00,-7.876444891156912931e-01,1.984109943224611206e-01,1.058090801141544635e+00,1.758125102657236649e+00,-1.447534135720942139e+00,-8.056252283629766753e-01,-2.752690922528454376e+00,-2.052179080960193858e+00,-1.143549598182805660e+00,3.001636268543882657e+00,-3.841198701091111722e+00,-4.577148603898521628e+00
6.450967311541027094e+00,-2.105187052671291248e-01,1.026997206413141628e+00,4.602598005001562464e-01,1.905616747597103977e+00,2.025283081682460296e+00,3.904339604417324860e+00,-8.058693001475483175e-01,1.846977941864030859e-01,1.050411503594051776e+00,1.778010495863187490e+00,-1.472981061865577423e+00,-8.360930033936776473e-01,-2.710943257911692328e+00,-2.058948698613598971e+00,-1.158635686868887849e+00,2.959710388620138133e+00,-3.787653029915875269e+00,-4.557033461166953181e+00
6.457638425617077793e+00,-2.159547597812536690e-01,1.028183483759121275e+00,4.672413240144995816e-01,1.917543596798048089e+00,2.015372776272791988e+00,3.898660681129461292e+00,-8.238123387918252494e-01,1.709412237073573149e-01,1.042632925625486706e+00,1.797610323973854118e+00,-1.498068062867054850e+00,-8.664254577010829239e-01,-2.668218057744873750e+00,-2.065181976386906371e+00,-1.173314279586829212e+00,2.916026230337038339e+00,-3.733296225217460407e+00,-4.536580682036308154e+00
6.464309539693128492e+00,-2.215095564703494502e-01,1.029277854714243823e+00,4.741706321300283022e-01,1.929600213672725051e+00,2.005296328071860312e+00,3.892779864154945813e+00,-8.414671341879972344e-01,1.571448513261634594e-01,1.034757777270862933e+00,1.816912905800749156e+00,-1.522789789519812143e+00,-8.966203634174260140e-01,-2.624530491461463555e+00,-2.070881806179126983e+00,-1.187587927894559137e+00,2.870598466048939645e+00,-3.678146903451023242e+00,-4.515797610484537650e+00
6.470980653769179192e+00,-2.271811511309536624e-01,1.030280065603231154e+00,4.810470896055956125e-01,1.941784576572106236e+00,1.995056191362066578e+00,3.886698078391752631e+00,-8.588273179130714308e-01,1.433122255803206402e-01,1.026788750984110932e+00,1.835906660750801667e+00,-1.547141017628121062e+00,-9.266755413814238285e-01,-2.579896099394408004e+00,-2.076051262616185333e+00,-1.201459350531503434e+00,2.823442580962882698e+00,-3.622223924920007665e+00,-4.494691504060618570e+00
6.477651767845229891e+00,-2.329675574236484692e-01,1.031189886353749863e+00,4.878700791000067372e-01,1.954094586942284995e+00,1.984654854855564698e+00,3.880416263114458086e+00,-8.758866264356152120e-01,1.294468738950099174e-01,1.018728520533103810e+00,1.854580114229681609e+00,-1.571116649608927496e+00,-9.565888605482651963e-01,-2.534330786666923796e+00,-2.080693600034117186e+00,-1.214931430313721972e+00,2.774574867285734214e+00,-3.565546386591888162e+00,-4.473269529865878447e+00
6.484322881921280590e+00,-2.388667475808713414e-01,1.032007110351590873e+00,4.946390010437257123e-01,1.966528070049503585e+00,1.974094840844414334e+00,3.873935371655293558e+00,-8.926389035285120510e-01,1.155523013944989574e-01,1.010579739915642206e+00,1.872921903004845845e+00,-1.594711716046433470e+00,-9.863582373730186426e-01,-2.487850816938927956e+00,-2.084812249393270811e+00,-1.228007210959256801e+00,2.724012418012406123e+00,-3.508133614827849023e+00,-4.451538760619527579e+00
6.490993995997331290e+00,-2.448766531306882377e-01,1.032731554287990017e+00,5.013532735034345045e-01,1.979082775740838684e+00,1.963378704340506653e+00,3.867256371089398570e+00,-9.090781026395587938e-01,1.016319897343311296e-01,1.002345042296832522e+00,1.890920780525988665e+00,-1.617921377197939492e+00,-1.015981635168130781e+00,-2.440472806011570128e+00,-2.088410815125383291e+00,-1.240689893845607017e+00,2.671773120357436859e+00,-3.450005158029200381e+00,-4.429506170810415533e+00
6.497665110073381989e+00,-2.509951656362325312e-01,1.033363057999233225e+00,5.080123320395772968e-01,1.991756379240229524e+00,1.952509032205610229e+00,3.860380241924441513e+00,-9.251982892189251073e-01,8.768939595477465154e-02,9.940270389683221186e-01,1.908565622200468326e+00,-1.640740924450356797e+00,-1.045457063435550893e+00,-2.392213715292641929e+00,-2.091493071915381030e+00,-1.252982834701213077e+00,2.617875648832669988e+00,-3.391180779203628592e+00,-4.407178632937182705e+00
6.504336224149432688e+00,-2.572201374505311833e-01,1.033901484298673346e+00,5.146156295570175621e-01,2.004546481979523342e+00,1.941488442271876780e+00,3.853307977794777628e+00,-9.409936430025463983e-01,7.372795135596388327e-02,9.856283183298220063e-01,1.925845430621413668e+00,-1.663165781726840819e+00,-1.074782577174000275e+00,-2.343090845125514576e+00,-2.094062961419643543e+00,-1.264889540232740028e+00,2.562339457973788370e+00,-3.331680448454242605e+00,-4.384562913838651710e+00
6.511007338225483387e+00,-2.635493824864048595e-01,1.034346718801333331e+00,5.211626361490044879e-01,2.017450612464264825e+00,1.930319582453121852e+00,3.846040585160318326e+00,-9.564584602505878941e-01,5.975106039512217970e-02,9.771514448933369401e-01,1.942749340746087183e+00,-1.685191506843106257e+00,-1.103956276162180394e+00,-2.293121827984453187e+00,-2.096124588922895882e+00,-1.276413664690369654e+00,2.505184774718547835e+00,-3.271524335394504046e+00,-4.361665671116677245e+00
6.517678452301534087e+00,-2.699806770011563550e-01,1.034698669741210830e+00,5.276528389345459535e-01,2.030466227173823857e+00,1.919005129847229263e+00,3.838579083010257076e+00,-9.715871559400568458e-01,4.576209960630517326e-02,9.685989583105119038e-01,1.959266625022309638e+00,-1.706813792812870378e+00,-1.132976304218320074e+00,-2.242324621539053098e+00,-2.097682219935324888e+00,-1.287559006372746895e+00,2.446432590439890031e+00,-3.210732801492070188e+00,-4.338493449653078038e+00
6.524349566377584786e+00,-2.765117603957283343e-01,1.034957267781461798e+00,5.340857418893868447e-01,2.043590711495565593e+00,1.907547789830021934e+00,3.830924502571801060e+00,-9.863742659107306299e-01,3.176441654302586404e-02,9.599733724234859045e-01,1.975386698460561252e+00,-1.728028469102010245e+00,-1.161840848436876739e+00,-2.190717501590734528e+00,-2.098740276732129484e+00,-1.298329504073838070e+00,2.386104652637046630e+00,-3.149326392344672154e+00,-4.315052678222730975e+00
6.531020680453635485e+00,-2.831403360280168591e-01,1.035122465817610138e+00,5.404608656707375891e-01,2.056821380692677614e+00,1.895950295140925945e+00,3.823077887024090238e+00,-1.000814448963548209e+00,1.776132874414948493e-02,9.512771743396409851e-01,1.991099123649521907e+00,-1.748831502830982432e+00,-1.190548138402966138e+00,-2.138319054884219916e+00,-2.099303334837361312e+00,-1.308729233473620024e+00,2.324223456288081913e+00,-3.087325829891166329e+00,-4.291349666204552271e+00
6.537691794529686184e+00,-2.898640720400278425e-01,1.035194238773924802e+00,5.467777474358929135e-01,2.070155480905226053e+00,1.884215404960803308e+00,3.815040291217405510e+00,-1.014902488910621958e+00,3.756122723441057687e-03,9.425128235306104996e-01,2.006393615712835476e+00,-1.769218999925043612e+00,-1.219096445385120742e+00,-2.085148171796946670e+00,-2.099376119453972400e+00,-1.318762403474555311e+00,2.260812234867414006e+00,-3.024752004560878671e+00,-4.267390600392053202e+00
6.544362908605736884e+00,-2.966806021985379793e-01,1.035172583393149548e+00,5.530359406549417711e-01,2.083590190184108515e+00,1.872345903982276294e+00,3.806812781397856948e+00,-1.028633296576088041e+00,-1.024794701691111865e-02,9.336827509559041394e-01,2.021260047204791022e+00,-1.789187206211928727e+00,-1.247484081507182374e+00,-2.031224038909529739e+00,-2.098963501842268542e+00,-1.328433352486126040e+00,2.195894951031950093e+00,-2.961625967364500234e+00,-4.243181541905333809e+00
6.551034022681787583e+00,-3.035875267489446250e-01,1.035057518019727896e+00,5.592350149177071073e-01,2.097122619557453493e+00,1.860344601472904813e+00,3.798396434937643118e+00,-1.042001911747020060e+00,-2.424765894844949088e-02,9.247893582114780076e-01,2.035688452942815641e+00,-1.808732508466578626e+00,-1.275709398899915747e+00,-1.976566131460239406e+00,-2.098070495648636680e+00,-1.337746544659342618e+00,2.129496286979620567e+00,-2.897968921929605646e+00,-4.218728423205996947e+00
6.557705136757838282e+00,-3.105824132819573480e-01,1.034849082376686047e+00,5.653745557350808859e-01,2.110749814129017299e+00,1.848214330331580779e+00,3.789792340071050702e+00,-1.055003505073594194e+00,-3.823982545392767829e-02,9.158350167036006795e-01,2.049669034774555421e+00,-1.827851435402534364e+00,-1.303770788833007455e+00,-1.921194205686725276e+00,-2.096702253186607301e+00,-1.346706566073350153e+00,2.061641634484422170e+00,-2.833802216484150538e+00,-4.194037045216642667e+00
6.564376250833888982e+00,-3.176627976127984754e-01,1.034547337336353401e+00,5.714541643349475564e-01,2.124468754208197030e+00,1.835957946138473851e+00,3.781001595636297896e+00,-1.067633379917843239e+00,-5.222129373985945344e-02,9.068220668482955826e-01,2.063192166277418416e+00,-1.846540658609731045e+00,-1.331666680828278659e+00,-1.865128291058070875e+00,-2.094864061672415012e+00,-1.355318120876369381e+00,1.992357084611835027e+00,-2.769147335791060982e+00,-4.169113074546475950e+00
6.571047364909939681e+00,-3.248261846725580826e-01,1.034152364685073877e+00,5.774734574528429532e-01,2.138276356471118245e+00,1.823578326198914690e+00,3.772025310823360122e+00,-1.079886974150181089e+00,-6.618894672377900745e-02,8.977528172966898756e-01,2.076248397388425815e+00,-1.864796993438285533e+00,-1.359395541754687908e+00,-1.808388682400505543e+00,-2.092561339417040589e+00,-1.363586027383002053e+00,1.921669417119193923e+00,-2.704025893037313999e+00,-4.143962040824471060e+00
6.577718478985990380e+00,-3.320700494113609791e-01,1.033664266882085903e+00,5.834320671175342587e-01,2.152169475152411415e+00,1.811078368581557463e+00,3.762864604927892209e+00,-1.091759861893092154e+00,-8.013970389597513400e-02,8.886295441865277311e-01,2.088828458962352030e+00,-1.882617399828064642e+00,-1.386955874905926311e+00,-1.750995931919913762e+00,-2.089799631976859917e+00,-1.371515214130105687e+00,1.849606089545069221e+00,-2.638459621680656397e+00,-4.118589334141546487e+00
6.584389593062041079e+00,-3.393918377129876429e-01,1.033083166812738707e+00,5.893296404317039938e-01,2.166144903267130051e+00,1.798460991151183741e+00,3.753520607111354934e+00,-1.103247755211258507e+00,-9.407052215541833462e-02,8.794544904201287983e-01,2.100923267256019411e+00,-1.899998983083727166e+00,-1.414346219061345167e+00,-1.692970841124507686e+00,-2.086584608265054541e+00,-1.379110715893460792e+00,1.776195225992386773e+00,-2.572470367257312596e+00,-4.093000202603059634e+00
6.591060707138091779e+00,-3.467889673205890588e-01,1.032409207536217677e+00,5.951658393478869158e-01,2.180199373862330869e+00,1.785729130596531933e+00,3.743994456167466733e+00,-1.114346505747453087e+00,-1.079783966195986822e-01,8.702298649690518584e-01,2.112523928336782930e+00,-1.916938994594969969e+00,-1.441565147530858404e+00,-1.634334452651013514e+00,-2.082922056625791107e+00,-1.386377669667298473e+00,1.701465605609957965e+00,-2.506080079154014761e+00,-4.067199749992921554e+00
6.597731821214142478e+00,-3.542588287731347485e-01,1.031642552027956850e+00,6.009403404398802051e-01,2.194329561297823084e+00,1.772885741453489761e+00,3.734287300295069834e+00,-1.125052106303635391e+00,-1.218603614080879249e-01,8.609578422056842761e-01,2.123621742413168256e+00,-1.933434832501807144e+00,-1.468611267184718905e+00,-1.575108041997671071e+00,-2.078817880873451873e+00,-1.393321310609056729e+00,1.625446650777028879e+00,-2.439310802347577134e+00,-4.041192933550604494e+00
6.604402935290193177e+00,-3.617987863522175163e-01,1.030783382916912183e+00,6.066528346697668272e-01,2.208532082555512588e+00,1.759933795124047240e+00,3.724400296877526273e+00,-1.135360692366549795e+00,-1.357134903995352304e-01,8.516405612620101540e-01,2.134208208085701663e+00,-1.949484042304615805e+00,-1.495483217468775550e+00,-1.515313109167604644e+00,-2.074278096298949770e+00,-1.399946967951456012e+00,1.548168414996092590e+00,-2.372184669115503297e+00,-4.014984561862164014e+00
6.611074049366243877e+00,-3.694061790388559197e-01,1.029831902217872130e+00,6.123030271507627909e-01,2.222803498576860104e+00,1.746876278891355216e+00,3.714334612268725522e+00,-1.145268543577319331e+00,-1.495348979619407492e-01,8.422801254157390449e-01,2.144275026516032856e+00,-1.965084317418808180e+00,-1.522179669406086733e+00,-1.454971370225844218e+00,-2.069308825645331140e+00,-1.406260060884186203e+00,1.469661570498697500e+00,-2.304723890720789647e+00,-3.988579292866416104e+00
6.617745163442294576e+00,-3.770783214799080518e-01,1.028788331058990257e+00,6.178906369060630510e-01,2.237140315627871523e+00,1.733716194931270715e+00,3.704091421585790300e+00,-1.154772085144430083e+00,-1.633217396559822898e-01,8.328786015040063884e-01,2.153814105512405597e+00,-1.980233499673964781e+00,-1.548699324585627757e+00,-1.394104748773602243e+00,-2.063916295054855521e+00,-1.412266094407470529e+00,1.389957395569635379e+00,-2.236950749074392064e+00,-3.961981631977316454e+00
6.624416277518345275e+00,-3.848125049637249884e-01,1.027652909404709103e+00,6.234153966238523692e-01,2.251538986691033806e+00,1.720456559320759027e+00,3.693671908508580071e+00,-1.163867889199560857e+00,-1.770712129111984834e-01,8.234380193648324076e-01,2.162817563529686460e+00,-1.994929579757256821e+00,-1.575040914138797543e+00,-1.332735367343265143e+00,-2.058106829989609032e+00,-1.417970655159627835e+00,1.309087761594778687e+00,-2.168887588378669573e+00,-3.935195930323469149e+00
6.631087391594395974e+00,-3.926059984046496587e-01,1.026425895774272234e+00,6.288770524087033964e-01,2.265995912883671970e+00,1.707100401043527560e+00,3.683077265086057039e+00,-1.172552676095762081e+00,-1.907805576748941023e-01,8.139603713064834656e-01,2.171277733582023028e+00,-2.009170697601085909e+00,-1.601203197704651693e+00,-1.270885538717710261e+00,-2.051886851128025047e+00,-1.423379407221105453e+00,1.227085119838040139e+00,-2.100556806755202288e+00,-3.908226383105799062e+00
6.637758505670446674e+00,-4.004560493359922702e-01,1.025107566955995253e+00,6.342753635295208525e-01,2.280507444902107217e+00,1.693650760993249182e+00,3.672308691549581283e+00,-1.180823315647493210e+00,-2.044470570335968351e-01,8.044476116049007475e-01,2.179187167066440445e+00,-2.022955142714832011e+00,-1.627184962384550682e+00,-1.208577757177412115e+00,-2.045262870239331399e+00,-1.428498087897077884e+00,1.143982487952876159e+00,-2.031980847860276551e+00,-3.881077028074131352e+00
6.644429619746497373e+00,-4.083598849110730011e-01,1.023698217717480263e+00,6.396101021642160989e-01,2.295069884491003798e+00,1.680110690974774723e+00,3.661367396133232255e+00,-1.188676828312009048e+00,-2.180680378069018155e-01,7.949016560293378220e-01,2.186538637495582194e+00,-2.036281354460613091e+00,-1.652985021687004563e+00,-1.145834689679076090e+00,-2.038241486038149919e+00,-1.433332503480910125e+00,1.059813436234228412e+00,-1.963182192491506939e+00,-3.853751744123512957e+00
6.651100733822548072e+00,-4.163147129119596501e-01,1.022198160511965437e+00,6.448810531413310398e-01,2.309679485937336629e+00,1.666483252703673701e+00,3.650254594901177985e+00,-1.196110386311715956e+00,-2.316408711136350163e-01,7.853243813963042275e-01,2.193325144137876936e+00,-2.049147922273063749e+00,-1.678602214463617903e+00,-1.082679166969288787e+00,-2.030829380021516251e+00,-1.437888525000855955e+00,9.746120736164214371e-01,-1.894183350188842097e+00,-3.826254250011028368e+00
6.657771847898598772e+00,-4.243177227654825745e-01,1.020607725180989744e+00,6.500880136787638985e-01,2.324332457588297096e+00,1.652771516804518059e+00,3.638971511582187013e+00,-1.203121314697005229e+00,-2.451629729101589827e-01,7.757176251519446453e-01,2.199539915563462511e+00,-2.061553585823039381e+00,-1.704035403836824614e+00,-1.019134174637019274e+00,-2.023033312290436037e+00,-1.442172083952178552e+00,8.884130334232727133e-01,-1.825006850833502003e+00,-3.798588103193733634e+00
6.664442961974649471e+00,-4.323660865661503871e-01,1.018927258653554713e+00,6.552307931198145807e-01,2.339024963392563272e+00,1.638978561808239753e+00,3.627519377411309254e+00,-1.209707092349222135e+00,-2.586318045007831024e-01,7.660831849829257134e-01,2.205176413094248389e+00,-2.073497235125303817e+00,-1.729283476120311080e+00,-9.552228441084519295e-01,-2.014860117358203251e+00,-1.446189168017022020e+00,8.012514588760839551e-01,-1.755675236248013249e+00,-3.770756698788298777e+00
6.671114076050700170e+00,-4.404569601055506878e-01,1.017157124641984156e+00,6.603092126667288175e-01,2.353753124464254221e+00,1.625107473148967419e+00,3.615899430978783968e+00,-1.215865352923384712e+00,-2.720448730201671661e-01,7.564228184559077528e-01,2.210228334156493890e+00,-2.084977910590189776e+00,-1.754345339732906073e+00,-8.909684435879910991e-01,-2.006316699947711779e+00,-1.449945816774338425e+00,7.131629883658221480e-01,-1.686211051800863503e+00,-3.742763268652967046e+00
6.677785190126750869e+00,-4.485874839078376475e-01,1.015297703334649304e+00,6.653231051119223860e-01,2.368513020668903568e+00,1.611161342160710053e+00,3.604112918086215700e+00,-1.221593885730273055e+00,-2.853997318876397293e-01,7.467382426856762345e-01,2.214689615534392253e+00,-2.095994803019257446e+00,-1.779219924106710371e+00,-8.263943689491335398e-01,-1.997410030779864343e+00,-1.453448117402073247e+00,6.241837404957881752e-01,-1.616636838019095634e+00,-3.714610880592156938e+00
6.684456304202801569e+00,-4.567547842709063777e-01,1.013349391085760942e+00,6.702723145671031224e-01,2.383300692230834184e+00,1.597143265074240315e+00,3.592161091610043044e+00,-1.226890636557627534e+00,-2.986939812334290512e-01,7.370311340319428695e-01,2.218554436523095141e+00,-2.106547253545067555e+00,-1.803906178590401366e+00,-7.615241345788541505e-01,-1.988147142355398245e+00,-1.456702200374031753e+00,5.343502989008435122e-01,-1.546975122212125076e+00,-3.686302437684238598e+00
6.691127418278852268e+00,-4.649559743128329203e-01,1.011312600102415749e+00,6.751566961904518216e-01,2.398112141361194549e+00,1.583056342014582674e+00,3.580045211372347325e+00,-1.231753708430092242e+00,-3.119252682967054158e-01,7.273031278248882625e-01,2.221817221979756951e+00,-2.116634753515090672e+00,-1.828403071348399411e+00,-6.963813641794527332e-01,-1.978535124732230255e+00,-1.459714235153592554e+00,4.436996968500261929e-01,-1.477248410110302723e+00,-3.657840677732738577e+00
6.697798532354902967e+00,-4.731881550231852862e-01,1.009187758129074908e+00,6.799761159120750742e-01,2.412943333906027110e+00,1.568903675999454128e+00,3.567766544019010055e+00,-1.236181362307684939e+00,-3.250912877954650337e-01,7.175558181194185980e-01,2.224472645271148075e+00,-2.126256944319916187e+00,-1.852709588256821194e+00,-6.309897815314188252e-01,-1.968581121300542858e+00,-1.462490425886616485e+00,3.522694016386873628e-01,-1.407479177521378411e+00,-3.629228172841257205e+00
6.704469646430953667e+00,-4.814484163187880417e-01,1.006975308129673508e+00,6.847304501579193348e-01,2.427790201013651838e+00,1.554688371939030755e+00,3.555326362905244064e+00,-1.240172017722529940e+00,-3.381897822682329857e-01,7.077907574781532318e-01,2.226515631116456451e+00,-2.135413617165870193e+00,-1.876824731797031909e+00,-5.653732012212383529e-01,-1.958292324557818320e+00,-1.465037007095838728e+00,2.600972987770369116e-01,-1.337689862008308195e+00,-3.600467329112304604e+00
6.711140760507004366e+00,-4.897338381035258870e-01,1.004675707967541243e+00,6.894195855723165289e-01,2.442648640820645145e+00,1.540413535637429554e+00,3.542725947988516477e+00,-1.243724253353602371e+00,-3.512185423875561763e-01,6.980094567831416352e-01,2.227941358323981547e+00,-2.144104712792173739e+00,-1.900747519947515896e+00,-4.995555193378946601e-01,-1.947675971885902468e+00,-1.467360239378912024e+00,1.672216759817151122e-01,-1.267902854591712813e+00,-3.571560386470152615e+00
6.717811874583055065e+00,-4.980414913317726677e-01,1.002289430083328714e+00,6.940434187393867971e-01,2.457514520155727133e+00,1.526082272796253081e+00,3.529966585728860906e+00,-1.246836807539341896e+00,-3.641754072453697866e-01,6.882133850762390814e-01,2.228745262420348983e+00,-2.152330321132863489e+00,-1.924476985075080693e+00,-4.335607041419136110e-01,-1.936739341332442743e+00,-1.469466405112563212e+00,7.368120697731317392e-02,-1.198140491480308878e+00,-3.542509418607818539e+00
6.724482988659105764e+00,-5.063684390750375908e-01,9.998169611711235083e-01,6.986018559034672393e-01,2.472383676260836882e+00,1.511697688020569474e+00,3.517049568996592157e+00,-1.249508578727928754e+00,-3.770582646102356716e-01,6.784039694281195354e-01,2.228923038171072513e+00,-2.160090680923640427e+00,-1.948012172826081301e+00,-3.674127867106753431e-01,-1.925489747398700047e+00,-1.471361804164962317e+00,-2.048506488546930626e-02,-1.128425045832538887e+00,-3.513316333058120744e+00
6.731154102735156464e+00,-5.147117375914018744e-01,9.972588018529396914e-01,7.030948126887515137e-01,2.487251918528635919e+00,1.497262883827712443e+00,3.503976196987413694e+00,-1.251738625865070009e+00,-3.898650511564827892e-01,6.685825948358734561e-01,2.228470641991254553e+00,-2.167386179253856238e+00,-1.971352141018486437e+00,-3.011358515639409594e-01,-1.913934536835944389e+00,-1.473052749618573243e+00,-1.152377431878015557e-01,-1.058778719552797343e+00,-3.483982871388768388e+00
6.737825216811207163e+00,-5.230684373973358836e-01,9.946154663517799976e-01,7.075222138183598908e-01,2.502115030255742667e+00,1.482780959659233622e+00,3.490747775144904974e+00,-1.253526168719221845e+00,-4.025937526653817766e-01,6.587506041490702735e-01,2.227384294245219554e+00,-2.174217351063927772e+00,-1.994495958535758451e+00,-2.347540272733193989e-01,-1.902081084452645676e+00,-1.474545563505868406e+00,-2.105370951699689908e-01,-9.892236351254054538e-01,-3.454510609521328490e+00
6.744496330887257862e+00,-5.314355843414787506e-01,9.918874821634389161e-01,7.118839928329901978e-01,2.516968770410925149e+00,1.468255010896405643e+00,3.477365615090393547e+00,-1.254870588144091803e+00,-4.152424041983444059e-01,6.489092980242495701e-01,2.225660481434059257e+00,-2.180584878588374131e+00,-2.017442704223155303e+00,-1.682914770595684839e-01,-1.889936788934446277e+00,-1.475846572559920578e+00,-3.063430686206591869e-01,-9.197818274896574220e-01,-3.424900958173883847e+00
6.751167444963308562e+00,-5.398102206799531011e-01,9.890753897272536177e-01,7.161800918093766954e-01,2.531808875417507210e+00,1.453688127879615211e+00,3.463831034560166611e+00,-1.255771426278407654e+00,-4.278090902423226094e-01,6.390599349076823144e-01,2.223295958269945860e+00,-2.186489590744822742e+00,-2.040191465787498881e+00,-1.017723893815944969e-01,-1.877509068679220183e+00,-1.476962103982333741e+00,-4.026153089210002811e-01,-8.504752359591694066e-01,-3.395155163427078904e+00
6.757838559039359261e+00,-5.481893861528130962e-01,9.861797420959703686e-01,7.204104610787238627e-01,2.546631060949246184e+00,1.439083394932000326e+00,3.450145357350008268e+00,-1.256228386682880505e+00,-4.402919448274722480e-01,6.292037310463003408e-01,2.220287749636260521e+00,-2.191932462469264209e+00,-2.062741338701100435e+00,-3.522096852086753493e-02,-1.864805357649176987e+00,-1.477898481230558003e+00,-4.993131762362836845e-01,-7.813256961886405616e-01,-3.365274307413221422e+00
6.764509673115409960e+00,-5.565701190611861415e-01,9.832011046049216052e-01,7.245750589452969459e-01,2.561431023738882651e+00,1.424443889387726703e+00,3.436309913267045602e+00,-1.256241334414345490e+00,-4.526891516171840379e-01,6.193418605266818311e-01,2.216633152432581078e+00,-2.196914613997862364e+00,-2.085091425110643382e+00,3.133857483473279082e-02,-1.851833101242154500e+00,-1.478662019826808782e+00,-5.963957628477651873e-01,-7.123549321913865695e-01,-3.335259309128079330e+00
6.771180787191460659e+00,-5.649494573447080281e-01,9.801400545406911968e-01,7.286738514053749949e-01,2.576204443398635302e+00,1.409772680625205110e+00,3.422326038088844946e+00,-1.255810296037098039e+00,-4.649989439706650463e-01,6.094754553418968435e-01,2.212329737303580401e+00,-2.201437310095710309e+00,-2.107240832751940296e+00,9.788203300398834461e-02,-1.838599752184187253e+00,-1.479259023190827360e+00,-6.938219106173582063e-01,-6.435845484106081926e-01,-3.305110925364808327e+00
6.777851901267511359e+00,-5.733244396588199621e-01,9.769971808094577437e-01,7.327068118667470209e-01,2.590946984251822904e+00,1.395072829105644230e+00,3.408195073529720176e+00,-1.254935459571467238e+00,-4.772196049782048699e-01,5.996056054860613438e-01,2.207375350250981416e+00,-2.205501959232885500e+00,-2.129188673871348136e+00,1.643852107183353395e-01,-1.825112766445464718e+00,-1.479695778498674397e+00,-7.915502285774955737e-01,-5.750360218477077456e-01,-3.274829751769542163e+00
6.784523015343562058e+00,-5.816921064515131468e-01,9.737730836051888827e-01,7.366739208689137008e-01,2.605654297174843759e+00,1.380347385417277195e+00,3.393918367214233900e+00,-1.253617174379648702e+00,-4.893494674692392965e-01,5.897333590764544109e-01,2.201768114127812481e+00,-2.209110112708160489e+00,-2.150934064154540692e+00,2.308239345170536305e-01,-1.811379599181571320e+00,-1.479978552569545913e+00,-8.895391106388366165e-01,-5.067306942506737411e-01,-3.244416224018014994e+00
6.791194129419612757e+00,-5.900495010391054729e-01,9.704683740778753398e-01,7.405751658042163399e-01,2.620322021448752370e+00,1.365599389325593993e+00,3.379497272657785878e+00,-1.251855950988939536e+00,-5.013869139934796770e-01,5.798597225029397118e-01,2.195506430014110499e+00,-2.212263463720853363e+00,-2.172476121663645898e+00,2.971740621278196048e-01,-1.797407700702228883e+00,-1.480113587782970086e+00,-9.877467534081245670e-01,-4.386897643656144652e-01,-3.213870619112526583e+00
6.797865243495663456e+00,-5.983936706806292083e-01,9.670836740019764788e-01,7.444105406400316483e-01,2.634945786619592223e+00,1.350831868829952542e+00,3.364933149254296652e+00,-1.249652460852423097e+00,-5.133303767751956626e-01,5.699856606045522467e-01,2.188588978473463786e+00,-2.214963846391160729e+00,-2.193813965783316888e+00,3.634114918287815188e-01,-1.783204512469364511e+00,-1.480107098028274670e+00,-1.086131174108581510e+00,-3.709342802545508855e-01,-3.183193056798560683e+00
6.804536357571714156e+00,-6.067216676504103567e-01,9.636196154452646434e-01,7.481800456422519341e-01,2.649521214366717725e+00,1.336047839226888412e+00,3.350227362270864262e+00,-1.247007536047294085e+00,-5.251783376409434601e-01,5.601120968729628169e-01,2.181014720689643749e+00,-2.217213234729512372e+00,-2.214946716176747987e+00,4.295121717883335632e-01,-1.768777463126670169e+00,-1.479965264688625215e+00,-1.184650228595016896e+00,-3.034851316824831446e-01,-3.152383501100165297e+00
6.811207471647764855e+00,-6.150305503084355641e-01,9.600768404382363785e-01,7.518836871002070321e-01,2.664043920378312613e+00,1.321250302180463798e+00,3.335381282849355866e+00,-1.243922168910954751e+00,-5.369293279209077507e-01,5.502399136826225945e-01,2.172782899482772478e+00,-2.219013741555355246e+00,-2.235873491752292885e+00,4.954521093789124864e-01,-1.754133964562481385e+00,-1.479694232661568964e+00,-1.283261629456168063e+00,-2.363630425766678478e-01,-3.121441761973320350e+00
6.817878585723815554e+00,-6.233173841680765825e-01,9.564560006442689444e-01,7.555214770531999413e-01,2.678509516233253951e+00,1.306442244800011254e+00,3.320396288014870745e+00,-1.240397511615063841e+00,-5.485819283240689348e-01,5.403699525473452114e-01,2.163893040204483142e+00,-2.220367617365877511e+00,-2.256593409641463488e+00,5.612073804608792571e-01,-1.739281408007963270e+00,-1.479300106418148353e+00,-1.381922964196224735e+00,-1.695885635611773523e-01,-3.090367497076310421e+00
6.824549699799866254e+00,-6.315792429607713920e-01,9.527577570306990928e-01,7.590934330188581214e-01,2.692913611288576980e+00,1.291626638725571929e+00,3.305273760690953466e+00,-1.236434875677784095e+00,-5.601347687875121162e-01,5.305030144030068451e-01,2.154344951511503403e+00,-2.221277249155216627e+00,-2.277105584189211385e+00,6.267541386328793207e-01,-1.724227160172584705e+00,-1.478788946102720381e+00,-1.480591713487878769e+00,-1.031820645695651351e-01,-3.059160213656073601e+00
6.831220813875916953e+00,-6.398132096972459770e-01,9.489827795409877531e-01,7.625995777234407802e-01,2.707251814571668191e+00,1.276806439221391365e+00,3.290015089721530561e+00,-1.232035731414414137e+00,-5.715865283000298724e-01,5.206398599161710106e-01,2.144138726017299490e+00,-2.221745159184615570e+00,-2.297409125957074139e+00,6.920686244448294167e-01,-1.708978559418659282e+00,-1.478166763675311968e+00,-1.579225269489023198e+00,-3.716372753861518774e-02,-3.027819270549573005e+00
6.837891927951967652e+00,-6.480163777248615364e-01,9.451317467681525919e-01,7.660399388343017701e-01,2.721519736676403678e+00,1.261984584277772825e+00,3.274621669899430820e+00,-1.227201707326720070e+00,-5.829359347003857383e-01,5.107812098182596960e-01,2.133274740821303972e+00,-2.221774003704149791e+00,-2.317503140740143852e+00,7.571271745698219258e-01,-1.693542911976977150e+00,-1.477439519098687537e+00,-1.677780954215056797e+00,2.844646081398227722e-02,-2.996343880298916851e+00
6.844563042028018351e+00,-6.561858517806931079e-01,9.412053456296254339e-01,7.694145486946670776e-01,2.735712991662421878e+00,1.247163993721611908e+00,3.259094902001409721e+00,-1.221934589431215912e+00,-5.941817644504638896e-01,5.009277452650165996e-01,2.121753657915417257e+00,-2.221366571626548936e+00,-2.337386728598496166e+00,8.219062309313264203e-01,-1.677927488205243733e+00,-1.476613116571951378e+00,-1.776216037959152949e+00,9.362871612526624254e-02,-2.964733111379140418e+00
6.851234156104069051e+00,-6.643187490399125039e-01,9.372042710437087365e-01,7.727234440608808930e-01,2.749827198956676710e+00,1.232347568335955490e+00,3.243436192829621589e+00,-1.216236320526710823e+00,-6.053228423835779193e-01,4.910801082209603763e-01,2.109576424467518141e+00,-2.220525783153704857e+00,-2.357058982903805333e+00,8.863823497818530406e-01,-1.662139518891212475e+00,-1.475693400812614353e+00,-1.874487757752278494e+00,1.583634634330296498e-01,-2.932985890537427309e+00
6.857905270180119750e+00,-6.724122001590961961e-01,9.331292256077892144e-01,7.759666658423114427e-01,2.763857985256492178e+00,1.217538188988862569e+00,3.227646955259357853e+00,-1.210108999401468877e+00,-6.163580414283009734e-01,4.812389018684471997e-01,2.096744272981686752e+00,-2.219254688356488536e+00,-2.376518989401985138e+00,9.505322107295768319e-01,-1.646186191602287741e+00,-1.474686153389098475e+00,-1.972553335855234957e+00,2.226313441296514650e-01,-2.901101005242348485e+00
6.864576384256170449e+00,-6.804633503140329331e-01,9.289809192784816982e-01,7.791442588440669059e-01,2.777800986433259567e+00,1.202738715771894729e+00,3.211728608292998999e+00,-1.203554879980343051e+00,-6.272862823081111205e-01,4.714046910410213953e-01,2.083258721334974695e+00,-2.217556465708504287e+00,-2.395765825292545781e+00,1.014332625709145397e+00,-1.630074647083418649e+00,-1.473597089105557423e+00,-2.070369998274470991e+00,2.864132228208844388e-01,-2.869077106241807673e+00
6.871247498332221149e+00,-6.884693602316479533e-01,9.247600690538487767e-01,7.822562715126699651e-01,2.791651849435966337e+00,1.187951987148553767e+00,3.195682577120061207e+00,-1.196576370412239410e+00,-6.381065332171298454e-01,4.615780026807382308e-01,2.069121572690634459e+00,-2.215434420574384333e+00,-2.414798558325297329e+00,1.077760547893131360e+00,-1.613811975704904755e+00,-1.472431852440719169e+00,-2.167894993293930206e+00,3.496901940870026371e-01,-2.836912710228303602e+00
6.877918612408271848e+00,-6.964274072156417805e-01,9.204673986578666423e-01,7.853027556848788393e-01,2.805406234193752013e+00,1.173180819112933815e+00,3.179510293183187120e+00,-1.189176032098362201e+00,-6.488178094723882072e-01,4.517593263190137209e-01,2.054334915287641117e+00,-2.212891983653342276e+00,-2.433616245915282139e+00,1.140793080540564164e+00,-1.597405213961954784e+00,-1.471196014042760236e+00,-2.265085610014797801e+00,4.124435891437077117e-01,-2.804606202609926768e+00
6.884589726484322547e+00,-7.043346861654468105e-01,9.161036382272884637e-01,7.882837663397782579e-01,2.819059815516622436e+00,1.158428004358923014e+00,3.163213194250002136e+00,-1.181356578661633794e+00,-6.594191731428711289e-01,4.419491145807070698e-01,2.038901122106572039e+00,-2.209932709378611193e+00,-2.452217934276459843e+00,1.203407485778887676e+00,-1.580861341027580025e+00,-1.469895067281826284e+00,-2.361899196895086206e+00,4.746549824001211615e-01,-2.772155840385619463e+00
6.891260840560373246e+00,-7.121884105881184368e-01,9.116695240010554979e-01,7.911993613543188975e-01,2.832608284993546999e+00,1.143696311460215220e+00,3.146792724490669269e+00,-1.173120874857762619e+00,-6.699097326557726939e-01,4.321477837109812814e-01,2.022822850411806872e+00,-2.206560274273485334e+00,-2.470602657574953565e+00,1.265581193315946873e+00,-1.564187275360503726e+00,-1.468534424862049770e+00,-2.458293180281210688e+00,5.363061979114456257e-01,-2.739559755123055940e+00
6.897931954636423946e+00,-7.199858136027640354e-01,9.071657980124130383e-01,7.940496012624476130e-01,2.846047352887070225e+00,1.128988484061432818e+00,3.130250334561021308e+00,-1.164471935428451843e+00,-6.802886423803254923e-01,4.223557141245515290e-01,2.006103041170141044e+00,-2.202778475264693725e+00,-2.488769437102536841e+00,1.327291809078385842e+00,-1.547389871369743597e+00,-1.467119415494786860e+00,-2.554225082923264445e+00,5.973793157237000662e-01,-2.706815956037430304e+00
6.904603068712474645e+00,-7.277241489371322203e-01,9.025932077838765277e-01,7.968345490179657986e-01,2.859372750023640553e+00,1.114307240080651740e+00,3.113587481691161063e+00,-1.155412923897211064e+00,-6.905551021895272035e-01,4.125732509769540757e-01,1.988744918345993318e+00,-2.198591227953785587e+00,-2.506717280470900810e+00,1.388517123773067130e+00,-1.530475916137349346e+00,-1.465655280634653890e+00,-2.649652542466252481e+00,6.578566781081396364e-01,-2.673922333169551635e+00
6.911274182788525344e+00,-7.354006919159767897e-01,8.979525060251927204e-01,7.995542697612800787e-01,2.872580229678825869e+00,1.099655270923584949e+00,3.096805629779342262e+00,-1.145947151308335688e+00,-7.007083570002432538e-01,4.028007047573433086e-01,1.970751988073326633e+00,-2.194002564847318926e+00,-2.524445180827527224e+00,1.449235121368070756e+00,-1.513452126200942605e+00,-1.464147171280152149e+00,-2.744533329909080166e+00,7.177208956829626008e-01,-2.640876660661342523e+00
6.917945296864576044e+00,-7.430127404408281011e-01,8.932444503344356690e-01,8.022088305901757810e-01,2.885665569456605795e+00,1.085035240709705917e+00,3.079906249491012549e+00,-1.136078074909583790e+00,-7.107476962920371566e-01,3.930383519024203132e-01,1.952128037704556895e+00,-2.189016633546585489e+00,-2.541952116093711300e+00,1.509423987489917351e+00,-1.496325144397511631e+00,-1.462600144840397576e+00,-2.838825368023462747e+00,7.769548534199728351e-01,-2.607676600126966449e+00
6.924616410940626743e+00,-7.505576159607746378e-01,8.884698029023948562e-01,8.047983003347514153e-01,2.898624573161880491e+00,1.070449785510600327e+00,3.062890818362878687e+00,-1.125809296779119562e+00,-7.206724536051384300e-01,3.832864354310530075e-01,1.932877134736779912e+00,-2.183637694897656800e+00,-2.559237048225354805e+00,1.569062117733518225e+00,-1.479101536769979575e+00,-1.461019162069580046e+00,-2.932486749724455333e+00,8.355417165337983842e-01,-2.574319704117719709e+00
6.931287525016677442e+00,-7.580326644339179243e-01,8.836293302203654942e-01,8.073227493366627039e-01,2.911453072665439734e+00,1.055901512600762704e+00,3.045760820911801670e+00,-1.115144562397327732e+00,-7.304820060180198249e-01,3.735451655990890685e-01,1.913003625615574244e+00,-2.177870121102545742e+00,-2.576298922497248789e+00,1.628128125881764809e+00,-1.461787789537957849e+00,-1.459409084070699247e+00,-3.025475756385055170e+00,8.934649362515922899e-01,-2.540803419678660191e+00
6.937958639092728141e+00,-7.654352572791044418e-01,8.787238027915036387e-01,8.097822492327908517e-01,2.924146929760522706e+00,1.041392999721144852e+00,3.028517748748408067e+00,-1.104087759164089855e+00,-7.401757736049463521e-01,3.638147205739523660e-01,1.892512134416887815e+00,-2.171718393792267943e+00,-2.593136666811303837e+00,1.686600852031262532e+00,-1.444390306134108348e+00,-1.457774669370040854e+00,-3.117750876086547329e+00,9.507082554608565772e-01,-2.507125091995097144e+00
6.944629753168778841e+00,-7.727627923175938163e-01,8.737539948458568073e-01,8.121768727434810486e-01,2.936702038010192695e+00,1.026926794355669470e+00,3.011163100695225303e+00,-1.092642914862189230e+00,-7.497532188739963743e-01,3.540952471285038206e-01,1.871407561407373743e+00,-2.165187102062649416e+00,-2.609749191029447246e+00,1.744459370621143313e+00,-1.426915404307478097e+00,-1.456120571063901359e+00,-3.209270821796949225e+00,1.007255714233346477e+00,-2.473281968126840091e+00
6.951300867244829540e+00,-7.800126947042955727e-01,8.687206840592113233e-01,8.145066934654788815e-01,2.949114324584698021e+00,1.012505413020969636e+00,2.993698382909173006e+00,-1.080814196067489963e+00,-7.592138461860031828e-01,3.443868613536689161e-01,1.849695081483724746e+00,-2.158280940473710441e+00,-2.626135386331746702e+00,1.801682998361649579e+00,-1.409369313295166570e+00,-1.454451334039017940e+00,-3.299994549469358773e+00,1.063091655222926146e+00,-2.439271200828022401e+00
6.957971981320880239e+00,-7.871824178482216272e-01,8.636246512758807281e-01,8.167717856696673495e-01,2.961379752088012296e+00,9.981313405696072838e-01,2.976125109008279868e+00,-1.068605906506545189e+00,-7.685572011548129634e-01,3.346896493894058189e-01,1.827380142491586534e+00,-2.151004707013444595e+00,-2.642294124600204519e+00,1.858251302059386489e+00,-1.391758171063568028e+00,-1.452771392267990791e+00,-3.389881276052610470e+00,1.118200728935328403e+00,-2.405089852450591259e+00
6.964643095396930939e+00,-7.942694443218158984e-01,8.584666802355482851e-01,8.189722241037543649e-01,2.973494320372778610e+00,9.838070295069696325e-01,2.958444800202384428e+00,-1.056022485362380081e+00,-7.777828700294291409e-01,3.250036681734117527e-01,1.804468463424586000e+00,-2.143363301026896206e+00,-2.658224257828975645e+00,1.914144106336197693e+00,-1.374088021620491373e+00,-1.451085066181174943e+00,-3.478890497406249338e+00,1.172567898867897362e+00,-2.370734898928984702e+00
6.971314209472981638e+00,-8.012712867588018817e-01,8.532475573043009076e-01,8.211080838000037740e-01,2.985454068342820566e+00,9.695348993221187817e-01,2.940658985427718530e+00,-1.043068505529128442e+00,-7.868904790584170250e-01,3.153289462071445781e-01,1.780966032504241126e+00,-2.135361721111375566e+00,-2.673924617561335371e+00,1.969341501238472958e+00,-1.356364812399361686e+00,-1.449396560116252175e+00,-3.566982006112009884e+00,1.226178446517287579e+00,-2.336203233844022620e+00
6.977985323549032337e+00,-8.081854887402262211e-01,8.479680712099519901e-01,8.231794398881346897e-01,2.997255075742463859e+00,9.553173358327736731e-01,2.922769201485139412e+00,-1.029748671816282712e+00,-7.958796938371256458e-01,3.056654843385767650e-01,1.756879105141373909e+00,-2.127005062978710725e+00,-2.689394014354070883e+00,2.023823849734044167e+00,-1.338594391716653842e+00,-1.447709959846794625e+00,-3.654115909174169730e+00,1.279017976253361777e+00,-2.301491672563552804e+00
6.984656437625083036e+00,-8.150096256683524443e-01,8.426290127817778197e-01,8.251863674135028193e-01,3.008893464931859274e+00,9.411566905446669962e-01,2.904776993181823030e+00,-1.016067819103327441e+00,-8.047502186382150535e-01,2.960132565611515720e-01,1.732214201779846530e+00,-2.118298517285459592e+00,-2.704631237269760291e+00,2.077571795093580143e+00,-1.320782506303752379e+00,-1.446029230191081982e+00,-3.740252645600824266e+00,1.331072420057398009e+00,-2.266596956457531675e+00
6.991327551701133736e+00,-8.217413056280793437e-01,8.372311746947791455e-01,8.271289411606546071e-01,3.020365402647524178e+00,9.270552800254892034e-01,2.886683913476290719e+00,-1.002030910445506517e+00,-8.135017957259187416e-01,2.863722108284644241e-01,1.706978105623448316e+00,-2.109247367431939857e+00,-2.719635053397342350e+00,2.130566268153629039e+00,-1.302934798914270109e+00,-1.444358212702260280e+00,-3.825353003858674494e+00,1.382328042122859424e+00,-2.231515757185327242e+00
6.997998665777184435e+00,-8.283781702355640375e-01,8.317753512185640519e-01,8.290072354823739831e-01,3.031667101747344883e+00,9.130153852936055969e-01,2.868491523626513828e+00,-9.876430351315503842e-01,-8.221342046546414872e-01,2.767422698840419359e-01,1.681177860246759748e+00,-2.099856987331048863e+00,-2.734404207401586628e+00,2.182788494458463902e+00,-1.285056806007923491e+00,-1.442700623441076413e+00,-3.909378139193523616e+00,1.432771443317075732e+00,-2.196244681052626824e+00
7.004669779853235134e+00,-8.349178954737360714e-01,8.262623379709589377e-01,8.308213241343125333e-01,3.042794822939256960e+00,8.990392512217572074e-01,2.850201393340912048e+00,-9.729094066941668117e-01,-8.306472615523541325e-01,2.671233321057104315e-01,1.654820767090928513e+00,-2.090132839147780253e+00,-2.748937421101841139e+00,2.234220001277940959e+00,-1.267153955511942431e+00,-1.441060050832242867e+00,-3.992289590809055877e+00,1.482389565502178819e+00,-2.160780273435604748e+00
7.011340893929285834e+00,-8.413581925143677198e-01,8.206929316764617344e-01,8.325712801152966858e-01,3.053744876492815674e+00,8.851290859559491908e-01,2.831815100932104201e+00,-9.578353608741428937e-01,-8.390408183892988925e-01,2.575152723639970165e-01,1.627914382845388808e+00,-2.080080471010392618e+00,-2.763233393080470002e+00,2.284842624498494956e+00,-1.249231564661044791e+00,-1.439439953605495370e+00,-4.074049298896149196e+00,1.531169695713646917e+00,-2.125119023269860463e+00
7.018012008005336533e+00,-8.476968085264292574e-01,8.150679299296038627e-01,8.342571755134111644e-01,3.064513623932954456e+00,8.712870603496798427e-01,2.813334233473127277e+00,-9.424263535389008073e-01,-8.473147622325818418e-01,2.479179428939511376e-01,1.600466516716427368e+00,-2.069705514694184512e+00,-2.777290798321524257e+00,2.334638515384805491e+00,-1.231294837916815155e+00,-1.437843658822351101e+00,-4.154619621505606375e+00,1.579099470195090893e+00,-2.089257367601493165e+00
7.024683122081387232e+00,-8.539315274703945802e-01,8.093881309633461640e-01,8.358790813579359824e-01,3.075097479715122262e+00,8.575153074137323861e-01,2.794760386955999376e+00,-9.266879585563843058e-01,-8.554690144871117674e-01,2.383311741798808114e-01,1.572485227583793721e+00,-2.059013683278824836e+00,-2.791108287879882965e+00,2.383590147209255328e+00,-1.213348864967453755e+00,-1.436274359989528238e+00,-4.233963351256647023e+00,1.626166878287656381e+00,-2.053191696197919303e+00
7.031354236157437931e+00,-8.600601708782237287e-01,8.036543334225733082e-01,8.374370674772328993e-01,3.085492912881087513e+00,8.438159217816618707e-01,2.776095166452361429e+00,-9.106258656251690065e-01,-8.635035301235014504e-01,2.287547758523469921e-01,1.543978821046375849e+00,-2.048010768780235580e+00,-2.804684488581412616e+00,2.431680321746775508e+00,-1.195398618808689806e+00,-1.434735115259959892e+00,-4.312043731873947294e+00,1.672360266172791210e+00,-2.016918356215589903e+00
7.038025350233488631e+00,-8.660805986187296579e-01,7.978673361427808253e-01,8.389312023626511738e-01,3.095696448694687852e+00,8.301909591911693642e-01,2.757340186276024951e+00,-8.942458780617017489e-01,-8.714182968934244267e-01,2.191885375968810612e-01,1.514955846358141844e+00,-2.036702639757998590e+00,-2.818018002754435258e+00,2.478892175632502415e+00,-1.177448953906661044e+00,-1.433228845722258171e+00,-4.388824474546067833e+00,1.717668340466966814e+00,-1.980433656922173657e+00
7.044696464309539330e+00,-8.719907096480299380e-01,7.920279379340458004e-01,8.403615530385333265e-01,3.105704670256733024e+00,8.166424359815245282e-01,2.738497070147217549e+00,-8.775539105455947286e-01,-8.792133345329826710e-01,2.096322300738236444e-01,1.485425093255622997e+00,-2.025095238899274008e+00,-2.831107407992836222e+00,2.525209186579680853e+00,-1.159504604443550191e+00,-1.431758333779467929e+00,-4.464269774097815002e+00,1.762080171667075756e+00,-1.943733874470413125e+00
7.051367578385590029e+00,-8.777884427448361393e-01,7.861369373703369634e-01,8.417281849383962955e-01,3.115514220098433373e+00,8.031723286071634771e-01,2.719567451358271715e+00,-8.605559868239048837e-01,-8.868886939546768433e-01,2.000856058486499001e-01,1.455395588678074059e+00,-2.013194580580242476e+00,-2.843951256951243955e+00,2.570615179455624677e+00,-1.141570182646616471e+00,-1.430326221617890248e+00,-4.538344324969804333e+00,1.805585197445390921e+00,-1.906815256720920226e+00
7.058038692461640728e+00,-8.834717772302804750e-01,7.801951325842655383e-01,8.430311617873461616e-01,3.125121801752555939e+00,7.897825731676445526e-01,2.700552972940605923e+00,-8.432582373753658711e-01,-8.944444564284718124e-01,1.905484003322479025e-01,1.424876593381761092e+00,-2.001006748406064073e+00,-2.856548077172477385e+00,2.615094332213156569e+00,-1.123650177201360956e+00,-1.428935009766692854e+00,-4.611013336997914713e+00,1.848173225792821395e+00,-1.869674028111306452e+00
7.064709806537691428e+00,-8.890387336720375622e-01,7.742033210673244792e-01,8.442705454908010498e-01,3.134524181301670875e+00,7.764750649540768102e-01,2.681455287832732903e+00,-8.256668970355293125e-01,-9.018807327525804052e-01,1.810203327304756304e-01,1.393877598449622335e+00,-1.988537892730371848e+00,-2.868896370947656482e+00,2.658631181675439326e+00,-1.105748951749388143e+00,-1.427587055749013789e+00,-4.682242550985899143e+00,1.889834438009490025e+00,-1.832306394568744334e+00
7.071380920613742127e+00,-8.944873745724746250e-01,7.681622994756927003e-01,8.454463960295797165e-01,3.143718188902752342e+00,7.632516580121520011e-01,2.662276059049078381e+00,-8.077883025838301645e-01,-9.091976624145288177e-01,1.715011070023942097e-01,1.362408321697773372e+00,-1.975794228155352883e+00,-2.880994615209244269e+00,2.701210629171864941e+00,-1.087870743471561319e+00,-1.426284572825195385e+00,-4.751998254064087490e+00,1.930559391541572412e+00,-1.794708548463109121e+00
7.078052034689792826e+00,-8.998158050405742348e-01,7.620728634416752412e-01,8.465587713614044496e-01,3.152700720287468172e+00,7.501141647219383701e-01,2.643016959849429526e+00,-7.896288902935352239e-01,-9.163954127430073981e-01,1.619904128266222154e-01,1.330478703980291444e+00,-1.962782031013389661e+00,-2.892841261457193891e+00,2.742817946022871212e+00,-1.070019661756991480e+00,-1.425029628828717865e+00,-4.820247294827650464e+00,1.970339022663430972e+00,-1.756876673598135374e+00
7.084723148765843526e+00,-9.050221734473997692e-01,7.559358073908208908e-01,8.476077273288789016e-01,3.161468738237495302e+00,7.370643553945137594e-01,2.623679673908749788e+00,-7.711951934456233726e-01,-9.234741780511694920e-01,1.524879265751071522e-01,1.298098905393749281e+00,-1.949507636831340429e+00,-2.904434735718565808e+00,2.783438778871637709e+00,-1.052199686958301905e+00,-1.423824145095394789e+00,-4.886957098247608933e+00,2.009164649004213210e+00,-1.718806950237430797e+00
7.091394262841894225e+00,-9.101046720648549027e-01,7.497519243647841058e-01,8.485933175739877043e-01,3.170019274034171719e+00,7.241039578855706926e-01,2.604265895487141602e+00,-7.524938398076146395e-01,-9.304341787719151435e-01,1.429933122937281642e-01,1.265279301383046340e+00,-1.935977437778493293e+00,-2.915773438540783413e+00,2.823059154860618314e+00,-1.034414669233638229e+00,-1.422669895486328384e+00,-4.952095680348039153e+00,2.047027971918072620e+00,-1.680495560162591495e+00
7.098065376917944924e+00,-9.150615376875068652e-01,7.435220058499888429e-01,8.495155934591525071e-01,3.178349428881850791e+00,7.112346572261171174e-01,2.584777329599773132e+00,-7.335315490783755887e-01,-9.372756605856980006e-01,1.335062226891435555e-01,1.232030478750153479e+00,-1.922197880099208778e+00,-2.926855745018672295e+00,2.861665486650899481e+00,-1.016668327475813260e+00,-1.421568505505041546e+00,-5.015631662643068367e+00,2.083921078697219542e+00,-1.641938691760676639e+00
7.104736490993995623e+00,-9.198910522372591991e-01,7.372468416121192858e-01,8.503746039948972824e-01,3.186456375304309141e+00,6.984580952703236534e-01,2.565215692186465279e+00,-7.143151302999932728e-01,-9.439988935415472016e-01,1.240263001211462934e-01,1.198363231567333820e+00,-1.908175461531355976e+00,-2.937680004855615756e+00,2.899244577282596769e+00,-9.989642483288965202e-01,-1.420521451509222377e+00,-5.077534286327109569e+00,2.119836444627205996e+00,-1.603132545137718079e+00
7.111407605070046323e+00,-9.245915433506463055e-01,7.309272195365111857e-01,8.511703957741452164e-01,3.194337358513580138e+00,6.857758703606655626e-01,2.545582710280805294e+00,-6.948514792377376015e-01,-9.506041711717555520e-01,1.145531776000284774e-01,1.164288556996566859e+00,-1.893916728711539044e+00,-2.948244542458820838e+00,2.935783624874364950e+00,-9.813058852925908848e-01,-1.419530060017390127e+00,-5.137773426212294936e+00,2.154766934883723284e+00,-1.564073337255815765e+00
7.118078719146097022e+00,-9.291613849485486076e-01,7.245639254744584701e-01,8.519030129131857088e-01,3.201989697750581065e+00,6.731895370103959664e-01,2.525880122178476572e+00,-6.751475757292293434e-01,-9.570918096009274345e-01,1.050864797882107293e-01,1.129817651016839619e+00,-1.879428274568215373e+00,-2.958547657068970604e+00,2.971270227160344390e+00,-9.636965579146139493e-01,-1.418595507110808507e+00,-5.196319604406750337e+00,2.188705806270445642e+00,-1.524757307090458536e+00
7.124749833222147721e+00,-9.335989977881279378e-01,7.181577430954793062e-01,8.525724969993385693e-01,3.209410787596949532e+00,6.607006056034505637e-01,2.506109677604609232e+00,-6.552104810038694716e-01,-9.634621466499249109e-01,9.562582400555094675e-02,1.094961904061047209e+00,-1.864716735703739525e+00,-2.968587622924339087e+00,3.005692385862856142e+00,-9.461394510712781702e-01,-1.417718817930882391e+00,-5.253144003727784117e+00,2.221646708797400116e+00,-1.485180720805260535e+00
7.131420947298198421e+00,-9.379028499967742016e-01,7.117094537455874725e-01,8.531788870453307361e-01,3.216598099257459431e+00,6.483105421118641187e-01,2.486273137879953410e+00,-6.350473349736820428e-01,-9.697155409352959943e-01,8.617082123770375413e-02,1.059732896564377969e+00,-1.849788789766429797e+00,-2.978362689459455481e+00,3.039038510899127576e+00,-9.286376143364918345e-01,-1.416900866272239323e+00,-5.308218480843876819e+00,2.253583687099399491e+00,-1.445339876941171386e+00
7.138092061374249120e+00,-9.420714575878958996e-01,7.052198363115723678e-01,8.537222194504104911e-01,3.223549181812462194e+00,6.360207678307336909e-01,2.466372276085573301e+00,-6.146653534966207699e-01,-9.758523709648000422e-01,7.672107714685930113e-02,1.024142394425885172e+00,-1.834651152813687514e+00,-2.987871081538438389e+00,3.071297424420665223e+00,-9.111939614392006170e-01,-1.416142374271647686e+00,-5.361515579139842558e+00,2.284511181694271365e+00,-1.405231111617015749e+00
7.144763175450299819e+00,-9.461033849583642130e-01,6.986896670913255170e-01,8.542025279682110561e-01,3.230261663439761843e+00,6.238326591308001046e-01,2.446408877225880296e+00,-5.940718256135067987e-01,-9.818730342296223546e-01,6.727619308422674860e-02,9.882023443851911670e-01,-1.819310576667270363e+00,-2.997110999723069824e+00,3.102458364683704950e+00,-8.938112698093885200e-01,-1.415443912192864806e+00,-5.413008541299280552e+00,2.314424030080555639e+00,-1.364850803738367979e+00
7.151434289526350518e+00,-9.499972453674321304e-01,6.921197196702446597e-01,8.546198436813723376e-01,3.236733252605369593e+00,6.117475472287117189e-01,2.426384738389787188e+00,-5.732741107597016939e-01,-9.877779462938078847e-01,5.783576710367863138e-02,9.519248693162264408e-01,-1.803773846261763625e+00,-3.006080620575592111e+00,3.132510989749313524e+00,-8.764921802126741657e-01,-1.414805898307483822e+00,-5.462671321598843832e+00,2.343317467674408405e+00,-1.324195380211933948e+00
7.158105403602401218e+00,-9.537517013969822877e-01,6.855107648037008783e-01,8.549741949829254839e-01,3.242961739222596229e+00,5.997667179749732735e-01,2.406301668909674341e+00,-5.522796359526889187e-01,-9.935675398816217196e-01,4.839939497580111882e-02,9.153222634399107438e-01,-1.788047776987364834e+00,-3.014778096996361789e+00,3.161445381011922962e+00,-8.592391964733905318e-01,-1.414228598871754006e+00,-5.510478597908663012e+00,2.371187128585667825e+00,-1.283261321161966340e+00
7.164776517678451917e+00,-9.573654653929253300e-01,6.788635703056173920e-01,8.552656075644435862e-01,3.248944995778928480e+00,5.878914116596607453e-01,2.386161490518047490e+00,-5.310958929566713671e-01,-9.992422639632934089e-01,3.896667120184599264e-02,8.784069874577911108e-01,-1.772139212027998623e+00,-3.023201558596240623e+00,3.189252046554913456e+00,-8.420546852861743314e-01,-1.413712128199349216e+00,-5.556405783393820741e+00,2.398029046232880379e+00,-1.242045165146178576e+00
7.171447631754502616e+00,-9.608372998876151261e-01,6.721789009431405892e-01,8.554941044109547477e-01,3.254680978430205318e+00,5.761228228358887815e-01,2.365966037501552321e+00,-5.097304354253724412e-01,-1.004802582839834812e+00,2.953719002683702355e-02,8.411916636086114174e-01,-1.756055019695883512e+00,-3.031349112103808974e+00,3.215921924332167059e+00,-8.249408761158651959e-01,-1.413256448829973033e+00,-5.600429037911441199e+00,2.423839653797358995e+00,-1.200543514367692355e+00
7.178118745830553316e+00,-9.641660180031359495e-01,6.654575183374161762e-01,8.556597058026059743e-01,3.260167728061547088e+00,5.644621001610723443e-01,2.345717156852157537e+00,-4.881908760241978618e-01,-1.010248975227487245e+00,2.011054645123058759e-02,8.036890706498815984e-01,-1.739802090763604259e+00,-3.039218841807333149e+00,3.241446385174440170e+00,-8.078998611855596756e-01,-1.412861371793659782e+00,-5.642525279098385305e+00,2.448615784516299687e+00,-1.158753039880097813e+00
7.184789859906604015e+00,-9.673504838353170765e-01,6.587001808704865402e-01,8.557624293230735590e-01,3.265403371314569814e+00,5.529103462560039928e-01,2.325416708415316780e+00,-4.664848835329191146e-01,-1.015581933342343035e+00,1.068633724053735801e-02,7.659121387665390746e-01,-1.723387335794754005e+00,-3.046808810031381931e+00,3.265817235619481451e+00,-7.909335955526723971e-01,-1.412526556970576497e+00,-5.682672193144629347e+00,2.472354671815023774e+00,-1.116670486782738836e+00
7.191460973982654714e+00,-9.703896128183691072e-01,6.519076435982712470e-01,8.558022898746979745e-01,3.270386121580390437e+00,5.414686175817193803e-01,2.305066565034772808e+00,-4.446201799300847912e-01,-1.020801961985830175e+00,1.264161932158669455e-03,7.278739444087903854e-01,-1.706817682474250475e+00,-3.054117057648115807e+00,3.289026720565035422e+00,-7.740438972726035871e-01,-1.412251513546059822e+00,-5.720848245247312391e+00,2.495053949278635663e+00,-1.074292679402711448e+00
7.198132088058705413e+00,-9.732823720699992354e-01,6.450806581696661990e-01,8.557792997003227375e-01,3.275114279957973551e+00,5.301379243341919345e-01,2.284668612693890655e+00,-4.226045374603102922e-01,-1.025909577631515912e+00,-8.156376161063488839e-03,6.895877050613037351e-01,-1.690100072939357823e+00,-3.061141604623044632e+00,3.311067525743723650e+00,-7.572324476498759616e-01,-1.412035600560631154e+00,-5.757032689741001796e+00,2.516711650463228089e+00,-1.031616526461052175e+00
7.204803202134756113e+00,-9.760277807169199793e-01,6.382199727517130494e-01,8.556934684118208123e-01,3.279586236177351566e+00,5.189192303568141984e-01,2.264224750653202722e+00,-4.004457756856645845e-01,-1.030905307513919178e+00,-1.757566895132373075e-02,6.510667739459012893e-01,-1.673241461112513040e+00,-3.067880450595216857e+00,3.331932780019096541e+00,-7.405007915762440440e-01,-1.411878027554604120e+00,-5.791205579899406430e+00,2.537326208547046491e+00,-9.886390262196007583e-01
7.211474316210806812e+00,-9.786249102006330247e-01,6.313263319608409807e-01,8.555448030252666980e-01,3.283800469487302642e+00,5.078134530706592820e-01,2.243736891583971271e+00,-3.781517585223198030e-01,-1.035789688719856105e+00,-2.699410258093695725e-02,6.123246346599496848e-01,-1.656248810036999197e+00,-3.074331575491667135e+00,3.351616057502080359e+00,-7.238503379554419581e-01,-1.411777855306918017e+00,-5.823347777404245917e+00,2.556896455821967340e+00,-9.453572716056760639e-01
7.218145430286857511e+00,-9.810728845633939210e-01,6.244004768001707451e-01,8.553333080027348823e-01,3.287755549507030750e+00,4.968214634225228687e-01,2.223206961697562267e+00,-3.557303912637169718e-01,-1.040563267282896831e+00,-3.641205643264747160e-02,5.733748957527734502e-01,-1.639129089216568191e+00,-3.080492940175959760e+00,3.370111379487119585e+00,-7.072823602141491417e-01,-1.411733996667750457e+00,-5.853440961476879423e+00,2.575421623025697215e+00,-9.017684553115390411e-01
7.224816544362908211e+00,-9.833708807142840236e-01,6.174431446028366688e-01,8.550589853006771435e-01,3.291450137041484592e+00,4.859440858506799410e-01,2.202636900870352132e+00,-3.331896175913863778e-01,-1.045226597281527559e+00,-4.582990214582055577e-02,5.342312852422187452e-01,-1.621889271960017975e+00,-3.086362487130658749e+00,3.387413216207505684e+00,-6.907979968986235342e-01,-1.411745217484408954e+00,-5.881467637668674087e+00,2.592901338515289922e+00,-8.578698748654560724e-01
7.231487658438958910e+00,-9.855181286753008640e-01,6.104550689813095232e-01,8.547218344248430633e-01,3.294882984859897501e+00,4.751820982683360173e-01,2.182028662763971116e+00,-3.105374165746737081e-01,-1.049780239941586091e+00,-5.524800263912757470e-02,4.949076450737407429e-01,-1.604536332731831383e+00,-3.091938141173546484e+00,3.403516488409354501e+00,-6.743982523564910903e-01,-1.411810137619970318e+00,-5.907411146306034588e+00,2.609335627282511894e+00,-8.136589376713407873e-01
7.238158772515009609e+00,-9.875139118073947841e-01,6.034369797827068282e-01,8.543218524916981194e-01,3.298052938437166848e+00,4.645362320647460352e-01,2.161384214940688331e+00,-2.877817996605800399e-01,-1.054224762743497079e+00,-6.466671114030125844e-02,4.554179255243568925e-01,-1.587077244509903728e+00,-3.097217810207308020e+00,3.418416568743741557e+00,-6.580839975031704814e-01,-1.411927232064093651e+00,-5.931255670586275563e+00,2.624724909811697593e+00,-7.691331660141031978e-01
7.244829886591060308e+00,-9.893575670164037605e-01,5.963896030500198675e-01,8.538590342962885105e-01,3.300958936657742981e+00,4.540071721239116176e-01,2.140705538973632027e+00,-2.649308076549011237e-01,-1.058560738534937373e+00,-7.408637022364650271e-02,4.157761795536854543e-01,-1.569518976151404566e+00,-3.102199386002533199e+00,3.432109282976767428e+00,-6.418559706721966851e-01,-1.412094832135350364e+00,-5.952986244320657150e+00,2.639070000780853853e+00,-7.242902020273898067e-01
7.251501000667111008e+00,-9.910484849388149220e-01,5.893136609892604127e-01,8.533333723864963138e-01,3.303600012481646697e+00,4.435955568608410671e-01,2.119994630551729653e+00,-2.419925076959333898e-01,-1.062788744649425965e+00,-8.350731085584675584e-02,3.759965571046187671e-01,-1.551868489767844528e+00,-3.106880745013675060e+00,3.444590911017127777e+00,-6.257147785488959002e-01,-1.412311126774402625e+00,-5.972588759320959007e+00,2.652372107606741025e+00,-6.791278126209510102e-01
7.258172114743161707e+00,-9.925861101073200077e-01,5.822098719424538826e-01,8.527448571436369029e-01,3.305975293572308793e+00,4.333019782752752236e-01,2.099253499579063487e+00,-2.189749902219064182e-01,-1.066909362031428499e+00,-9.292985145071061548e-02,3.360932993558348181e-01,-1.534132738110346894e+00,-3.111259749227776705e+00,3.455858187761100986e+00,-6.096608971866197546e-01,-1.412574163927307946e+00,-5.990049972426309211e+00,2.664632828834806233e+00,-6.336438943644850941e-01
7.264843228819212406e+00,-9.939699410961260195e-01,5.750789503664432978e-01,8.520934768693235739e-01,3.308084002885921748e+00,4.231269820228145129e-01,2.078484170268445119e+00,-1.958863659334009744e-01,-1.070923174368525466e+00,-1.023542969334560460e-01,2.960807329286705980e-01,-1.516318661966187920e+00,-3.115334247045608684e+00,3.465908303754785980e+00,-5.936946731047996195e-01,-1.412881852018152751e+00,-6.005357512166924039e+00,2.675854152374879114e+00,-5.878364783249558911e-01
7.271514342895263106e+00,-9.951995306459795465e-01,5.679216068174751664e-01,8.513792178785475340e-01,3.309925459221993549e+00,4.130710675033949508e-01,2.057688681229057348e+00,-1.727347627519517648e-01,-1.074830767231143680e+00,-1.117809378150774191e-01,2.559732640507637047e-01,-1.498433187567605129e+00,-3.119102074194906926e+00,3.474738905673485867e+00,-5.778163244681044919e-01,-1.413231961510244661e+00,-6.018499885061752153e+00,2.686038453583538210e+00,-5.417037348546339670e-01
7.278185456971313805e+00,-9.962744857688994315e-01,5.607385479414775942e-01,8.506020645988936479e-01,3.311499077734821661e+00,4.031346879669840400e-01,2.036869085547834857e+00,-1.495283227760765832e-01,-1.078632727220459220e+00,-1.212100492774625393e-01,2.157853726789246696e-01,-1.480483224013928290e+00,-3.122561054675390579e+00,3.482348096618370192e+00,-5.620259423457301118e-01,-1.413622126554922476e+00,-6.029466481546981171e+00,2.695188493194286217e+00,-4.952439783265297768e-01
7.284856571047364504e+00,-9.971944678325983524e-01,5.535304764700004210e-01,8.497619996758222216e-01,3.312804370405645127e+00,3.933182506364333308e-01,2.016027450864467330e+00,-1.262751992359157360e-01,-1.082329641124951669e+00,-1.306418902697849549e-01,1.755316065836533546e-01,-1.462475660708000280e+00,-3.125709001735187620e+00,3.488734436230449099e+00,-5.463234920500308345e-01,-1.414049846727128967e+00,-6.038247581532750985e+00,2.703307415096539934e+00,-4.484556718145656928e-01
7.291527685123415203e+00,-9.979591926245794387e-01,5.462980912217634266e-01,8.488590040839425477e-01,3.313840946475201221e+00,3.836221168473937793e-01,1.995165859439797185e+00,-1.029835534477385184e-01,-1.085922095086135464e+00,-1.400767026167382689e-01,1.352265753978964535e-01,-1.444417364807934367e+00,-3.128543718878274316e+00,3.493896940622009062e+00,-5.307088145536038581e-01,-1.414512488846795257e+00,-6.044834359585395056e+00,2.710398743964614887e+00,-4.013374317155796733e-01
7.298198799199465903e+00,-9.985684303959287966e-01,5.390420871097167943e-01,8.478930572441900626e-01,3.314608512836477505e+00,3.740466022051580630e-01,1.974286408217357902e+00,-7.966155176949429872e-02,-1.089410673774031224e+00,-1.495147101392417799e-01,9.488494463240892962e-02,-1.426315178695166441e+00,-3.131063000902575055e+00,3.497835082125869910e+00,-5.151816279837437840e-01,-1.415007288884981618e+00,-6.049218889732743243e+00,2.716466382737952046e+00,-3.538880323100158654e-01
7.304869913275516602e+00,-9.990220058847959494e-01,5.317631551535879630e-01,8.468641371468302870e-01,3.315106874387426128e+00,3.645919767583526983e-01,1.953391208877921503e+00,-5.631736255866762186e-02,-1.092795959572838704e+00,-1.589561177881135823e-01,5.452142966042078376e-02,-1.408175917459828064e+00,-3.133264634968234930e+00,3.500548788862672289e+00,-4.997415291933893222e-01,-1.415531353953779714e+00,-6.051394149890201746e+00,2.721514609953839869e+00,-3.061064102587082170e-01
7.311541027351567301e+00,-9.993197983195968304e-01,5.244619824978155043e-01,8.457722204801956245e-01,3.315335934343459634e+00,3.552584651893383461e-01,1.932482387886801600e+00,-3.295915313361041932e-02,-1.096078531777354925e+00,-1.684011107913055971e-01,1.415078967396626863e-02,-1.390006366404395344e+00,-3.135146401695707130e+00,3.502038444126696071e+00,-4.843879954074599148e-01,-1.416081664378875615e+00,-6.051354025905512302e+00,2.725548076933968389e+00,-2.579916690327688222e-01
7.318212141427618000e+00,-9.994617414019615342e-01,5.171392524348018549e-01,8.446172827650616499e-01,3.315295694509542201e+00,3.460462470211918551e-01,1.911562086533723503e+00,-9.595086739573988055e-03,-1.099258965800627763e+00,-1.778498538152484820e-01,-2.621217838546718859e-02,-1.371813278566584415e+00,-3.136706076293149792e+00,3.502304885590648453e+00,-4.691203859434753820e-01,-1.416655075853619827e+00,-6.049093315220144262e+00,2.728571804826242175e+00,-2.095430832737099625e-01
7.324883255503668700e+00,-9.994478232694523623e-01,5.097956444334300619e-01,8.433992984945761773e-01,3.314986255511707558e+00,3.369554568411687323e-01,1.890632460965112838e+00,1.376668047933835015e-02,-1.102337832393311068e+00,-1.873024901408053555e-01,-6.655264591939946683e-02,-1.353603372262466964e+00,-3.137941429712649111e+00,3.501349404329948456e+00,-4.539379440054547299e-01,-1.417248321673477252e+00,-6.044607730145590274e+00,2.730591181503268849e+00,-1.607601030812529919e-01
7.331554369579719399e+00,-9.992780864381165529e-01,5.024318341727264103e-01,8.421182412796284211e-01,3.314407816987869904e+00,3.279861845404575815e-01,1.869695682208527776e+00,3.711800250113322930e-02,-1.105315696875253773e+00,-1.967591408544315801e-01,-1.068557587854604418e-01,-1.335383328650742163e+00,-3.138850229834837080e+00,3.499173743667224112e+00,-4.388397985497751730e-01,-1.417858015049591636e+00,-6.037893900752873577e+00,2.731611958319083655e+00,-1.116423582257148883e-01
7.338225483655770098e+00,-9.989526277249018982e-01,4.950484935806268583e-01,8.407740839995665461e-01,3.313560677737787064e+00,3.191384755701349718e-01,1.848753936189139191e+00,6.045074643854805863e-02,-1.108193118379755537e+00,-2.062199040550012907e-01,-1.471066434283735958e-01,-1.317159789319128693e+00,-3.139430242681306993e+00,3.495780097837631217e+00,-4.238249662219457647e-01,-1.418480651500240608e+00,-6.028949377373795215e+00,2.731640246725658194e+00,-6.218966228256683770e-02
7.344896597731820798e+00,-9.984715981500134063e-01,4.876462908777289273e-01,8.393667989581503619e-01,3.312445235832072399e+00,3.104123312131315537e-01,1.827809423738008698e+00,8.375679554220410994e-02,-1.110970649110984088e+00,-2.156848540768580569e-01,-1.872904130264134159e-01,-1.298939353893774129e+00,-3.139679233654378177e+00,3.491171110475840056e+00,-4.088923533629706952e-01,-1.419112611318877004e+00,-6.017772632712633296e+00,2.730682514750826684e+00,-1.240201668626017550e-02
7.351567711807871497e+00,-9.978352028192685186e-01,4.802258906259507243e-01,8.378963580446311399e-01,3.311061988680157775e+00,3.018077088720637069e-01,1.806864360591991403e+00,1.070280521930597195e-01,-1.113648833615011213e+00,-2.251540407295896662e-01,-2.273921736506127056e-01,-1.280728577672630486e+00,-3.139594968803617991e+00,3.485349872925534775e+00,-3.940407580840445956e-01,-1.419750162117399350e+00,-6.004363063567115688e+00,2.728745583339343028e+00,3.772038529932497664e-02
7.358238825883922196e+00,-9.970437007865239343e-01,4.727879537820227629e-01,8.363627328998514132e-01,3.309411533057136978e+00,2.933245223727898865e-01,1.785920977385150321e+00,1.302564408830005349e-01,-1.116228208064889760e+00,-2.346274885549826106e-01,-2.673970304341485305e-01,-1.262533969283679447e+00,-3.139175216118558431e+00,3.478319922372282491e+00,-3.792688724083808083e-01,-1.420389461443348100e+00,-5.988720992157747780e+00,2.725836622558738931e+00,8.817715469621001390e-02
7.364909939959972895e+00,-9.960974048962683014e-01,4.653331377556818027e-01,8.347658950872345329e-01,3.307494565089418082e+00,2.849626422834818928e-01,1.764981519631415363e+00,1.534339111823766477e-01,-1.118709299560270098e+00,-2.441051961017203231e-01,-3.072900937492672457e-01,-1.244361988368928751e+00,-3.138417746847036671e+00,3.470085239800888566e+00,-3.645752844786516178e-01,-1.421026559469491080e+00,-5.970847667064597353e+00,2.721963147671905947e+00,1.389677030164091498e-01
7.371581054036023595e+00,-9.949966816064625963e-01,4.578620964724932629e-01,8.331058162685571755e-01,3.305311880199156782e+00,2.767218962490654022e-01,1.744048247698368082e+00,1.765524406933497437e-01,-1.121092625441943103e+00,-2.535871352182433314e-01,-3.470564853891952017e-01,-1.226219043295036393e+00,-3.137320336838564927e+00,3.460650247778223498e+00,-3.499584808288132010e-01,-1.421657401754449657e+00,-5.950745263770971683e+00,2.717133015078127656e+00,1.900912385570372454e-01
7.378252168112074294e+00,-9.937419507917231165e-01,4.503754804412077872e-01,8.313824683843793473e-01,3.302864373007440069e+00,2.686020693408548987e-01,1.723123436772024730e+00,1.996040379878510351e-01,-1.123378692621737507e+00,-2.630732503642422282e-01,-3.866813447523081426e-01,-1.208111488891452368e+00,-3.135880767912090583e+00,3.450019808062652515e+00,-3.354168487189130854e-01,-1.422277832072864623e+00,-5.928416884813509036e+00,2.711354418124525267e+00,2.415467627889433810e-01
7.384923282188124993e+00,-9.923336855269712098e-01,4.428739368255112940e-01,8.295958238389962158e-01,3.300153037196209560e+00,2.606029044211574108e-01,1.702209376812351183e+00,2.225807455290310100e-01,-1.125567996928230396e+00,-2.725634579412965497e-01,-4.261498350260369827e-01,-1.190045624216927278e+00,-3.134096829247547067e+00,3.438199219041383703e+00,-3.209486785312931634e-01,-1.422883595313494176e+00,-5.903866559538312409e+00,2.704635882789891088e+00,2.933330668416345155e-01
7.391594396264175693e+00,-9.907724118516390011e-01,4.353581095201151108e-01,8.277458556898033004e-01,3.297178965328944944e+00,2.527241025227092153e-01,1.681308372499480397e+00,2.454746425750369276e-01,-1.127661022468603891e+00,-2.820576456430241574e-01,-4.654471493678082328e-01,-1.172027690355232243e+00,-3.131966318800510685e+00,3.425194212996871101e+00,-3.065521662269512504e-01,-1.423470340443825144e+00,-5.877099243463097977e+00,2.696986263242846071e+00,3.454487280864793064e-01
7.398265510340226392e+00,-9.890587085145743362e-01,4.278286392310237662e-01,8.258325378409159256e-01,3.293943348630127499e+00,2.449653232426940164e-01,1.660422743170369531e+00,2.682778480639828045e-01,-1.129658241007120978e+00,-2.915556718252659829e-01,-5.045585170803952302e-01,-1.154063868240930546e+00,-3.129487044739316826e+00,3.411010953203777341e+00,-2.922254158603142526e-01,-1.424033623539428639e+00,-5.848120817245291647e+00,2.688414737276490385e+00,3.978921068210470313e-01
7.404936624416277091e+00,-9.871932066997664013e-01,4.202861635599002277e-01,8.238558452409298072e-01,3.290447476723534770e+00,2.373261851511691001e-01,1.639554822745815210e+00,2.909825234790024973e-01,-1.131560111360552234e+00,-3.010573648966733407e-01,-5.434692097791262722e-01,-1.136160276516007928e+00,-3.126656826903970732e+00,3.395656030857825414e+00,-2.779664421510568140e-01,-1.424568910876571337e+00,-5.816938085256333935e+00,2.678930801621540070e+00,4.506613430566015488e-01
7.411607738492327790e+00,-9.851765897330198030e-01,4.127313170924192809e-01,8.218157540846806608e-01,3.286692737329427683e+00,2.298062662136984291e-01,1.618706959647681076e+00,3.135808756922444651e-01,-1.133367078810939343e+00,-3.105625227301213043e-01,-5.821645475482046805e-01,-1.118322969418170221e+00,-3.123473498286112537e+00,3.379136461838027294e+00,-2.637731731114008049e-01,-1.425071582086376853e+00,-5.783558773762587535e+00,2.668544267140168458e+00,5.037543534110755505e-01
7.418278852568378490e+00,-9.830095927697369840e-01,4.051647314904563424e-01,8.197122420188533987e-01,3.282680615920708700e+00,2.224051042279430179e-01,1.597881516706147087e+00,3.360651597867386209e-01,-1.135079574536077995e+00,-3.200709120953905695e-01,-6.206299050836574516e-01,-1.100557934701587026e+00,-3.119934906529377550e+00,3.361459683303918311e+00,-2.496434527271809145e-01,-1.425536933368797499e+00,-5.747991528713300546e+00,2.657265253902743041e+00,5.571688281100111162e-01
7.424949966644429189e+00,-9.806930024639487486e-01,3.975870355880381513e-01,8.175452883513077973e-01,3.278412695338156269e+00,2.151221972740330890e-01,1.577080871056923517e+00,3.584276818549834709e-01,-1.136698015058056788e+00,-3.295822681134618626e-01,-6.588507178201266079e-01,-1.082871091590877688e+00,-3.116038915449368396e+00,3.342633550129366693e+00,-2.355750436912035228e-01,-1.425960180764722862e+00,-5.710245913136452245e+00,2.645104186149727532e+00,6.109022280973588348e-01
7.431621080720479888e+00,-9.782276566187573241e-01,3.899988554908971894e-01,8.153148742639698687e-01,3.273890655364845248e+00,2.079570041784625789e-01,1.556307414028236913e+00,3.806608017732311389e-01,-1.138222801710197629e+00,-3.390962937328382276e-01,-6.968124880390607068e-01,-1.065268288769074756e+00,-3.111783406572557364e+00,3.322666331174667143e+00,-2.215656301871686829e-01,-1.426336463484443762e+00,-5.670332404143274552e+00,2.632071787140993990e+00,6.649517822585162552e-01
7.438292194796530588e+00,-9.756144438183561585e-01,3.824008146795178642e-01,8.130209830291410533e-01,3.269116272259885214e+00,2.009089449912898617e-01,1.535563551017479433e+00,4.027569359503593849e-01,-1.139654320122742481e+00,-3.486126592282650094e-01,-7.345007909555905101e-01,-1.047755302400317223e+00,-3.107166280693310689e+00,3.301566705398705004e+00,-2.076128207224690048e-01,-1.426660847290664336e+00,-5.628262389542516786e+00,2.618179073894946196e+00,7.193144847576711243e-01
7.444963308872581287e+00,-9.728543030417956539e-01,3.747935341155683164e-01,8.106636002290825704e-01,3.264091418251639620e+00,1.939774014764285015e-01,1.514851701357459834e+00,4.247085600502757408e-01,-1.140992939727576427e+00,-3.581310017221648878e-01,-7.719012807815228694e-01,-1.030337834187999624e+00,-3.102185459448314919e+00,3.279343757812934967e+00,-1.937141510083129070e-01,-1.426928327934333218e+00,-5.584048164065720243e+00,2.603437351819761325e+00,7.739870924912826133e-01
7.451634422948631986e+00,-9.699482232586842390e-01,3.671776323515520968e-01,8.082427139787059511e-01,3.258818060990574583e+00,1.871617176147519768e-01,1.494174298172044058e+00,4.465082116868047679e-01,-1.142239013282339455e+00,-3.676509247291961935e-01,-8.089996967618369172e-01,-1.013021509469099968e+00,-3.096838886907565147e+00,3.256006975279192250e+00,-1.798670868852206839e-01,-1.427133834641288068e+00,-5.537702925204819770e+00,2.587858209239284779e+00,8.289661226600821831e-01
7.458305537024682685e+00,-9.668972430070039703e-01,3.595537256435726858e-01,8.057583151512276443e-01,3.253298262961941578e+00,1.804612001197940518e-01,1.473533788221138785e+00,4.681484930900421948e-01,-1.143392876414192294e+00,-3.771719977242273258e-01,-8.457818691821716861e-01,-9.958118753453548688e-01,-3.091124531181175250e+00,3.231566242153171231e+00,-1.660690272923235344e-01,-1.427272233647986166e+00,-5.489240768663642633e+00,2.571453511815936288e+00,8.842478504612574230e-01
7.464976651100733385e+00,-9.637024499532331756e-01,3.519224280670916749e-01,8.032103976066330420e-01,3.247534180858479669e+00,1.738751189658058194e-01,1.452932631734946023e+00,4.896220737431155046e-01,-1.144454847183520529e+00,-3.866937557340364706e-01,-8.822337253446360661e-01,-9.787143988519922955e-01,-3.085040386041173477e+00,3.206031835775620564e+00,-1.523173072786984106e-01,-1.427338331784390846e+00,-5.438676683425075709e+00,2.554235396873183461e+00,9.398283069026764913e-01
7.471647765176784084e+00,-9.603649804349866370e-01,3.442843516355033051e-01,8.005989584227715117e-01,3.241528064913373086e+00,1.674027079278767871e-01,1.432373302237286428e+00,5.109216929883834135e-01,-1.145425225667887847e+00,-3.962156989531012141e-01,-9.183412955094737429e-01,-9.617344651646542175e-01,-3.078584472557454710e+00,3.179414421813381963e+00,-1.386092010547794739e-01,-1.427326880101990714e+00,-5.386026546435680018e+00,2.536216267620153619e+00,9.957032767413047658e-01
7.478318879252834783e+00,-9.568860189863682697e-01,3.366401064214445960e-01,7.979239981289482087e-01,3.235282258193686200e+00,1.610431651339157555e-01,1.411858286358029124e+00,5.320401626020483388e-01,-1.146304293566446031e+00,-4.057372923836959910e-01,-9.540907187999829731e-01,-9.448773758451742832e-01,-3.071754840747089155e+00,3.151725049452296368e+00,-1.249419250822969563e-01,-1.427232577545181291e+00,-5.331307116909909105e+00,2.517408787280888571e+00,1.051868296547134207e+00
7.484989993328885483e+00,-9.532667978462612268e-01,3.289903006806547126e-01,7.951855209418221548e-01,3.228799195854537007e+00,1.547956536281834550e-01,1.391390083634428843e+00,5.529703693362089112e-01,-1.147092313825103460e+00,-4.152579655006533588e-01,-9.894682490681558917e-01,-9.281483471268348051e-01,-3.064549571236100611e+00,3.122975146444320060e+00,-1.113126412006367749e-01,-1.427050074663831047e+00,-5.274536030256085084e+00,2.497825873130983698e+00,1.108318652894790146e+00
7.491661107404936182e+00,-9.495085964497685938e-01,3.213355409782664984e-01,7.923835350034618141e-01,3.222081404354281364e+00,1.486593019461316389e-01,1.370971206301343948e+00,5.737052774274107314e-01,-1.147789530282660397e+00,-4.247771119410165275e-01,-1.024460260718586646e+00,-9.115525082396900292e-01,-3.056966776932878549e+00,3.093176514010965494e+00,-9.771845978794813092e-02,-1.426773977365182855e+00,-5.215731791626476266e+00,2.477480690444147982e+00,1.165049380684223701e+00
7.498332221480986881e+00,-9.456127409030333775e-01,3.136764323174056068e-01,7.895180526213932959e-01,3.215131500630991734e+00,1.426332047002963066e-01,1.350604179070290956e+00,5.942379310706944473e-01,-1.148396167338133544e+00,-4.342940892188276170e-01,-1.059053254488058426e+00,-8.950948997765915127e-01,-3.049004604712388211e+00,3.062341321605459576e+00,-8.415644295513724504e-02,-1.426398850703054721e+00,-5.154913769094129350e+00,2.456386646351441883e+00,1.222055261592013498e+00
7.505003335557037580e+00,-9.415806034416707160e-01,3.060135782699215379e-01,7.865890905104613307e-01,3.207952191240522666e+00,1.367164231769388283e-01,1.330291538897192094e+00,6.145614568582676851e-01,-1.148912429639503463e+00,-4.438082184653338036e-01,-1.093233863178419529e+00,-8.787804721004390807e-01,-3.040661237110243498e+00,3.030482101535936224e+00,-7.062360777075515905e-02,-1.425919222702250799e+00,-5.092102186459003477e+00,2.434557383615890913e+00,1.279330822655067257e+00
7.511674449633088280e+00,-9.374136018730574449e-01,2.983475811091179652e-01,7.835966700363312665e-01,3.200546271456514269e+00,1.309079859431669657e-01,1.310035834738789262e+00,6.346690661818306101e-01,-1.149338501794074263e+00,-4.533187841948205232e-01,-1.126988857340199157e+00,-8.626140837932493310e-01,-3.031934894025776206e+00,2.997611743452174959e+00,-5.711692951488289705e-02,-1.425329588216099896e+00,-5.027318115686387756e+00,2.412006774325292646e+00,1.336870334988111475e+00
7.518345563709138979e+00,-9.331131990027108358e-01,2.906790419443680551e-01,7.805408174604848703e-01,3.192916624332632125e+00,1.252068894642872354e-01,1.289839627297711067e+00,6.545540575976762643e-01,-1.149674548100619642e+00,-4.628250340962591913e-01,-1.160305150904576532e+00,-8.466005001475660485e-01,-3.022823834433244539e+00,2.963743488698221462e+00,-4.363334496027843068e-02,-1.424624412815204355e+00,-4.960583468980584776e+00,2.388748913505892801e+00,1.394667812636138926e+00
7.525016677785189678e+00,-9.286809020450234042e-01,2.830085608574113287e-01,7.774215641864989923e-01,3.185066219727427317e+00,1.196120987310476114e-01,1.269705488756042389e+00,6.742098191536889384e-01,-1.149920712303517778e+00,-4.723261788510265680e-01,-1.193169806761283036e+00,-8.307443917007198975e-01,-3.013326358100207436e+00,2.928890924533551932e+00,-3.016975567856822193e-02,-1.423798136705082040e+00,-4.891920990496958055e+00,2.364798112659855178e+00,1.452717011563621874e+00
7.531687791861240378e+00,-9.241182620185988128e-01,2.753367370402454717e-01,7.742389470074697577e-01,3.176998113292165193e+00,1.141225478965405132e-01,1.249636002497460652e+00,6.936298306773405198e-01,-1.150077117369010304e+00,-4.818213919768216114e-01,-1.225570042279980232e+00,-8.150503328124614200e-01,-3.003440807312208527e+00,2.893067978225285053e+00,-1.672303136981284633e-02,-1.422845178670794741e+00,-4.821354247695833983e+00,2.340168893229310765e+00,1.511011428781295907e+00
7.538358905937291077e+00,-9.194268731264579886e-01,2.676641689344212427e-01,7.709930083543821144e-01,3.168715445422019439e+00,1.087371409224341390e-01,1.229633762817818887e+00,7.128076660238704676e-01,-1.150143865283748568e+00,-4.913098096979985341e-01,-1.257493234772818269e+00,-7.995228002864188666e-01,-2.993165568602814020e+00,2.856288911014080334e+00,-3.290013213308684570e-03,-1.421759940046312121e+00,-4.748907622341560497e+00,2.314875979989861943e+00,1.569544301612087578e+00
7.545030020013341776e+00,-9.146083721213861262e-01,2.599914543715996507e-01,7.676837965452498747e-01,3.160221440171023577e+00,1.034547522342474102e-01,1.209701374624166270e+00,7.317369952837888825e-01,-1.150121036875761504e+00,-5.007905308424590585e-01,-1.288926926895731295e+00,-7.841661720358670262e-01,-2.982499074488063062e+00,2.818568311956482830e+00,1.013248276234313128e-02,-1.420536808706453380e+00,-4.674606301150516785e+00,2.288934294376507417e+00,1.628308607097263216e+00
7.551701134089392475e+00,-9.096644376566846990e-01,2.523191907152540492e-01,7.643113660348718197e-01,3.151519404131210234e+00,9.827422738539877412e-02,1.189841453122221449e+00,7.504115869488898749e-01,-1.150008691657962823e+00,-5.102626167652252187e-01,-1.319858831986207015e+00,-7.689847257942317160e-01,-2.971439805204445506e+00,2.779921091646303299e+00,2.354766229168694935e-02,-1.419170163079418456e+00,-4.598476266091802600e+00,2.262358947744791848e+00,1.687297061543639565e+00
7.558372248165443175e+00,-9.045967896226205784e-01,2.446479750033082601e-01,7.608757776649875959e-01,3.142612725276345831e+00,9.319438372967897566e-02,1.170056623492193637e+00,7.688253100360040726e-01,-1.149806867694306067e+00,-5.197250912988683469e-01,-1.350276839335206702e+00,-7.539826378707561449e-01,-2.959986290449385216e+00,2.740362475817957222e+00,3.695874946966795638e-02,-1.417654376177506670e+00,-4.520544284344492070e+00,2.235165234570250625e+00,1.746502120213327292e+00
7.565043362241493874e+00,-8.994071884688437102e-01,2.369784040916240453e-01,7.573770989146949573e-01,3.133504871770729672e+00,8.821401110190071893e-02,1.150349520553037852e+00,7.869721361676706994e-01,-1.149515581488690819e+00,-5.291769407308568596e-01,-1.380169019390951268e+00,-7.391639819517363819e-01,-2.948137111123362075e+00,2.699907998834450318e+00,5.036898333537281891e-02,-1.415983819644084596e+00,-4.440837897915651311e+00,2.207368625589004374e+00,1.805915977156463903e+00
7.571714476317544573e+00,-8.940974345130787704e-01,2.293110747981287889e-01,7.538154041509108616e-01,3.124199390743517490e+00,8.333187250637152932e-02,1.130722788415049251e+00,8.048461416089989218e-01,-1.149134827896693523e+00,-5.386171138079685061e-01,-1.409523628892306757e+00,-7.245327279477064009e-01,-2.935890901072622849e+00,2.658573497063032143e+00,6.378161444456084683e-02,-1.414152867814389314e+00,-4.359385412923327152e+00,2.178984760882624716e+00,1.865530565188250112e+00
7.578385590393595272e+00,-8.886693672363685792e-01,2.216465840474600990e-01,7.501907748787184360e-01,3.114699907029024217e+00,7.854670481290630668e-02,1.111179080120830331e+00,8.224415092599829391e-01,-1.148664580060200668e+00,-5.480445217678322489e-01,-1.438329115929608992e+00,-7.100927408869149859e-01,-2.923246348831580299e+00,2.616375102141274667e+00,7.719990143280452966e-02,-1.412155901788122225e+00,-4.276215888548787980e+00,2.150029442910152966e+00,1.925337556010888740e+00
7.585056704469645972e+00,-8.831248645651837981e-01,2.139855290159868306e-01,7.465032999914200662e-01,3.105010121873531315e+00,7.385721946008097505e-02,1.091721057274677165e+00,8.397525306025098724e-01,-1.148104789364989387e+00,-5.574580383976533993e-01,-1.466574124930657863e+00,-6.958477798554880689e-01,-2.910202199363937314e+00,2.573329234136636501e+00,9.062710757125691519e-02,-1.409987313511616103e+00,-4.191359125662728502e+00,2.120518629490375062e+00,1.985328360481079191e+00
7.591727818545696671e+00,-8.774658421406900111e-01,2.063285072770192352e-01,7.427530760201004334e-01,3.095133811609072971e+00,6.926210316538383704e-02,1.072351389660319176e+00,8.567736076014138558e-01,-1.147455385421306762e+00,-5.668565001202171549e-01,-1.494247501569800907e+00,-6.818014969845301865e-01,-2.896757255801509778e+00,2.529452594602433102e+00,1.040664973171726015e-01,-1.407641509867296747e+00,-4.104845655129901516e+00,2.090468426737356999e+00,2.045494129023993857e+00
7.598398932621747370e+00,-8.716942525754969306e-01,1.986761169460684040e-01,7.389402073825193096e-01,3.085074826294745609e+00,6.476001864196664903e-02,1.053072754847070414e+00,8.734992545588573520e-01,-1.146716276067475615e+00,-5.762387061071885253e-01,-1.521338297597895739e+00,-6.679574364845203283e-01,-2.882910381179791592e+00,2.484762159533354442e+00,1.175213328612043640e-01,-1.405112916768201270e+00,-4.016706725797168254e+00,2.059895081952373808e+00,2.105825752194232514e+00
7.605070046697798070e+00,-8.658120846981844920e-01,1.910289568260281068e-01,7.350648066311744611e-01,3.074837088326063839e+00,6.034960532169530295e-02,1.033887837784452479e+00,8.899240999213831049e-01,-1.145887347396532530e+00,-5.856034184197231873e-01,-1.547835775591119400e+00,-6.543190337272618562e-01,-2.868660500169322169e+00,2.439275172223452248e+00,1.309948706733137236e-01,-1.402395983255497303e+00,-3.926974292169811420e+00,2.028814976475195486e+00,2.166313861384109085e+00
7.611741160773848769e+00,-8.598213627859417896e-01,1.833876265520722748e-01,7.311269947003148362e-01,3.064424591012906429e+00,5.602948008414240788e-02,1.014799330385231402e+00,9.060428880390265505e-01,-1.144968463805912773e+00,-5.949493621764400109e-01,-1.573729413616546058e+00,-6.408896143756406261e-01,-2.854006600801790139e+00,2.393009136029837336e+00,1.444903580496165740e-01,-1.399485185596538006e+00,-3.835681001781158450e+00,1.997244618497909796e+00,2.226948829680105213e+00
7.618412274849899468e+00,-8.537241457856270532e-01,1.757527267361708723e-01,7.271269011517607073e-01,3.053841397126633161e+00,5.179823799124765732e-02,9.958099310970129903e-01,9.218504808758211100e-01,-1.143959468070160579e+00,-6.042752257487047363e-01,-1.599008909812433155e+00,-6.276723935614505478e-01,-2.838947736189973980e+00,2.345981807045167677e+00,1.580110296619135490e-01,-1.396375031381438259e+00,-3.742860182260873803e+00,1.965200635844345900e+00,2.287720772867466668e+00
7.625083388925950167e+00,-8.475225265235811767e-01,1.681248591110296453e-01,7.230646644193191586e-01,3.043091637416921458e+00,4.765445302728810173e-02,9.769223444623522656e-01,9.373418596711473594e-01,-1.142860181436645028e+00,-6.135796609832474546e-01,-1.623664186881280447e+00,-6.146704751114864251e-01,-2.823483026240461768e+00,2.298211186682087792e+00,1.715601041121122550e-01,-1.393060063615807698e+00,-3.648545828107063738e+00,1.932699768718180611e+00,2.348619550583586957e+00
7.631754503002000867e+00,-8.412186309045286414e-01,1.605046266733075044e-01,7.189404320516192826e-01,3.032179509098936965e+00,4.359667884384641617e-02,9.581392806674606799e-01,9.525121265513193380e-01,-1.141670403744235340e+00,-6.228612834520610431e-01,-1.647685396493638876e+00,-6.018868508221127955e-01,-2.807611659358155709e+00,2.249715514172931918e+00,1.851407804935750190e-01,-1.389534864807391745e+00,-3.552772587167877028e+00,1.899758862422938677e+00,2.409634767620311813e+00
7.638425617078051566e+00,-8.348146170998871352e-01,1.528926338259895545e-01,7.147543609532056585e-01,3.021109274311428727e+00,3.962344950947424560e-02,9.394634550796089334e-01,9.673565060908554392e-01,-1.140389913564894053e+00,-6.321186727295272645e-01,-1.671062923600800110e+00,-5.893243997824864078e-01,-2.791332894141652421e+00,2.200513258987788934e+00,1.987562349612186363e-01,-1.385794061044555825e+00,-3.455575746838052353e+00,1.866394860056884264e+00,2.470755775375182317e+00
7.645096731154102265e+00,-8.283126747258386935e-01,1.452894865197180696e-01,7.105066176236767284e-01,3.009885258546354692e+00,3.573328026369089472e-02,9.208975877732177295e-01,9.818703468229148523e-01,-1.139018468368110604e+00,-6.413503726967265672e-01,-1.693787390654465597e+00,-5.769858877465831037e-01,-2.774646061068387848e+00,2.150623113174322754e+00,2.124096173126330256e-01,-1.381832326064174943e+00,-3.356991219976195318e+00,1.832624795186045930e+00,2.531971673451984817e+00
7.651767845230152965e+00,-8.217150240114881043e-01,1.376957923929548744e-01,7.061973783947085304e-01,2.998511849050673916e+00,3.192466827501125315e-02,9.024444030447492660e-01,9.960491226983847479e-01,-1.137555804708102469e+00,-6.505548918728445429e-01,-1.715849661731568387e+00,-5.648739665541688826e-01,-2.757550564168634644e+00,2.100063983622556751e+00,2.261040475820891293e-01,-1.377644385306836305e+00,-3.257055530548551570e+00,1.798465784498425091e+00,2.593271311410484614e+00
7.658438959306203664e+00,-8.150239149574667330e-01,1.301121609108311927e-01,7.018268296647809379e-01,2.986993493200960970e+00,2.819609340268385694e-02,8.841066289164957182e-01,1.009888434493102949e+00,-1.136001638433691951e+00,-6.597307037735694601e-01,-1.737240846562379204e+00,-5.529911736008351619e-01,-2.740045882687328405e+00,2.048854984258061229e+00,2.398426126494518917e-01,-1.373225019957087456e+00,-3.155805799005484413e+00,1.763935020442633839e+00,2.654643290665195554e+00
7.665110073382254363e+00,-8.082416264853211629e-01,1.225392035025007764e-01,6.973951681314141116e-01,2.975334696851443805e+00,2.454601896178063708e-02,8.658869966292865872e-01,1.023384011162798757e+00,-1.134355664920743578e+00,-6.688762472964061567e-01,-1.757952304460242310e+00,-5.413399313571738425e-01,-2.722131572732713778e+00,1.997015428166772466e+00,2.536283628660943035e-01,-1.368569070966487056e+00,-3.053279727396363441e+00,1.729049763853987010e+00,2.716075966533355146e+00
7.671781187458305062e+00,-8.013704655780328201e-01,1.149775336968909406e-01,6.929026010207564035e-01,2.963540022656191208e+00,2.097289249135340927e-02,8.477882401242805566e-01,1.036531711145255219e+00,-1.132617559327055989e+00,-6.779899271327470833e-01,-1.777975648151109311e+00,-5.299225469371877661e-01,-2.703807268910850325e+00,1.944564819654892140e+00,2.674643086996484898e-01,-1.363671443057324462e+00,-2.949515584229406073e+00,1.693827336571267272e+00,2.777557450431545671e+00
7.678452301534355762e+00,-7.944127664120383958e-01,1.074277672566629205e-01,6.883493463143266489e-01,2.951614088366069311e+00,1.747514652528715795e-02,8.298130955138837139e-01,1.049327523609306478e+00,-1.130786976869563754e+00,-6.870701142065904765e-01,-1.797302747501262621e+00,-5.187412117159780900e-01,-2.685072685944966508e+00,1.891522846247284839e+00,2.813534173997438992e-01,-1.358527108704705721e+00,-2.844552189082578231e+00,1.658285114047298725e+00,2.839075612220985256e+00
7.685123415610406461e+00,-7.873708894810862446e-01,9.989052231024861395e-02,6.837356329727407589e-01,2.939561565101182161e+00,1.405119936554390103e-02,8.119643005419098225e-01,1.061767569650265752e+00,-1.128863553123707231e+00,-6.961151461397501183e-01,-1.815925733141571019e+00,-5.077980009967326680e-01,-2.665927620278655041e+00,1.837909370627702987e+00,2.952986096866180299e-01,-1.353131112094863919e+00,-2.738428896971961013e+00,1.622440517956421857e+00,2.900618082701037270e+00
7.691794529686457160e+00,-7.802472207123055670e-01,9.236641948183180184e-02,6.790617011562540828e-01,2.927387175599489577e+00,1.069945585747256872e-02,7.942445940331368526e-01,1.073848103431379819e+00,-1.126846904344814160e+00,-7.051233277433703872e-01,-1.833836999986634630e+00,-4.970948737270365347e-01,-2.646371951661970368e+00,1.783744422524423001e+00,3.093027564645455252e-01,-1.347478573057514950e+00,-2.631185582484361518e+00,1.586311008802101519e+00,2.962172256250396707e+00
7.698465643762507860e+00,-7.730441705748366532e-01,8.485608201908903525e-02,6.743278024419268046e-01,2.915095692442294162e+00,7.418308166829666594e-03,7.766567153322933015e-01,1.085565513271007365e+00,-1.124736627811312673e+00,-7.140929315356008278e-01,-1.851029210647354706e+00,-4.866336722644873936e-01,-2.626405644719375765e+00,1.729048190544595798e+00,3.233686755621477116e-01,-1.341564690970011409e+00,-2.522862623680379279e+00,1.549914078527691697e+00,3.023725293615731058e+00
7.705136757838558559e+00,-7.657641731813930042e-01,7.736013591859386418e-02,6.695342000372613844e-01,2.902691936257326244e+00,4.206136558218727395e-03,7.592034037326973461e-01,1.096916322675136168e+00,-1.122532302189602538e+00,-7.230221982851986473e-01,-1.867495298735339482e+00,-4.764161221915886868e-01,-2.606028750498639024e+00,1.673841013960907897e+00,3.374991285013523301e-01,-1.335384748631249785e+00,-2.413500885775056837e+00,1.513267243133563866e+00,3.085264124846884393e+00
7.711807871914609258e+00,-7.584096853831161500e-01,6.987921004869968034e-02,6.646811689901214182e-01,2.890180773900148825e+00,1.061310174588644961e-03,7.418873978945990100e-01,1.107897191314973551e+00,-1.120233487920376581e+00,-7.319093375808799484e-01,-1.883228472057744352e+00,-4.664438321798640708e-01,-2.585241407999646412e+00,1.618143374453948624e+00,3.516968172970796891e-01,-1.328934116103069663e+00,-2.303141704602613249e+00,1.476388035303664914e+00,3.146775452378283600e+00
7.718478985990659957e+00,-7.509831858580979791e-01,6.241393626976864811e-02,6.597689963947582781e-01,2.877567116614619280e+00,-2.017812182531206200e-03,7.247114352533835513e-01,1.118504915949314116e+00,-1.117839727626176671e+00,-7.407525284261794463e-01,-1.898222215701079074e+00,-4.567182939031142475e-01,-2.564043845682133504e+00,1.561975887813908948e+00,3.659643812895638781e-01,-1.322208254516983539e+00,-2.191826869872451233e+00,1.439293997044694073e+00,3.208245754255706572e+00
7.725150100066710657e+00,-7.434871741939277356e-01,5.496494955163416796e-02,6.547979815938061998e-01,2.864855918173156990e+00,-5.032881272361372504e-03,7.076782514178358019e-01,1.128736431291405662e+00,-1.115350546539981558e+00,-7.495499198595765300e-01,-1.912470295002647758e+00,-4.472408819997396590e-01,-2.542436382951479779e+00,1.505359295604987491e+00,3.803043940110213406e-01,-1.315202719844284163e+00,-2.079598608223259593e+00,1.402002672340895373e+00,3.269661287507525493e+00
7.731821214142761356e+00,-7.359241699646489332e-01,4.753288808811485799e-02,6.497684363760363180e-01,2.852052172997561641e+00,-7.985556634132251475e-03,6.907905795585187469e-01,1.138588810820108321e+00,-1.112765452954569856e+00,-7.582996315996555214e-01,-1.925966758408286461e+00,-4.380128540839951512e-01,-2.520419431621482520e+00,1.448314456796136351e+00,3.947193600887867193e-01,-1.307913166627212798e+00,-1.966499566082386963e+00,1.364531599827647268e+00,3.331008091659762638e+00
7.738492328218812055e+00,-7.282967118024832320e-01,4.011839340846456992e-02,6.446806851697339802e-01,2.839160914261140256e+00,-1.087750580657781407e-02,6.740511497864928314e-01,1.148059267535119776e+00,-1.110083938692411287e+00,-7.669997547150172457e-01,-1.938705940215138535e+00,-4.290353508060484877e-01,-2.497993497353208525e+00,1.390862339361603084e+00,4.092117121866279961e-01,-1.300335351669218431e+00,-1.852572792337570551e+00,1.326898305486848173e+00,3.392271992393928848e+00
7.745163442294862755e+00,-7.206073564647129670e-01,3.272211048563429536e-02,6.395350652315265894e-01,2.826187211972951641e+00,-1.371040354798309935e-02,6.574626885225363093e-01,1.157145154656057384e+00,-1.107305479595841913e+00,-7.756483523186591400e-01,-1.950682463198187833e+00,-4.203093959606938324e-01,-2.475159181068999459e+00,1.333024011854929247e+00,4.237838079860932750e-01,-1.292465137682207610e+00,-1.737861720828581813e+00,1.289120295367267799e+00,3.453438605346502932e+00
7.751834556370913454e+00,-7.128586778960798176e-01,2.534468784117351048e-02,6.343319268304874470e-01,2.813136171044889888e+00,-1.648593105713665186e-02,6.410279178569786573e-01,1.165843966265277976e+00,-1.104429536037225379e+00,-7.842434602865488991e-01,-1.961891241119452012e+00,-4.118358966445282432e-01,-2.451917180340615232e+00,1.274820634959801247e+00,4.384379272098095637e-01,-1.284298496888682806e+00,-1.622410152665693328e+00,1.251215048332791069e+00,3.514493340049262393e+00
7.758505670446964153e+00,-7.050532662870868661e-01,1.798677764668876744e-02,6.290716334273841470e-01,2.800012929342442281e+00,-1.920577519547146672e-02,6.247495549004071780e-01,1.174153337894238369e+00,-1.101455553448840385e+00,-7.927830880000645841e-01,-1.972327481118639980e+00,-4.036156434614140420e-01,-2.428268290750683178e+00,1.216273453021432971e+00,4.531762686883584745e-01,-1.275831514576839076e+00,-1.506262238382781282e+00,1.213200008841669675e+00,3.575421404008969795e+00
7.765176784523014852e+00,-6.971937271285758575e-01,1.064903582168180707e-02,6.237545618488773425e-01,2.786822655719893849e+00,-2.187162771075246148e-02,6.086303111253485998e-01,1.182071047053324442e+00,-1.098382962872174406e+00,-8.012652191119905565e-01,-1.981986685984220120e+00,-3.956493107759855299e-01,-2.404213407226408528e+00,1.157403785561972542e+00,4.680009474727100383e-01,-1.267060392606463637e+00,-1.389462459932345073e+00,1.175092579759773104e+00,3.636207806925471964e+00
7.771847898599065552e+00,-6.892826802629598015e-01,3.332122127664899347e-03,6.183811024565410985e-01,2.773570548040765082e+00,-2.448518446261292725e-02,5.926728916991553797e-01,1.189595013705031512e+00,-1.095211181526328126e+00,-8.096878123357368340e-01,-1.990864656303894087e+00,-3.879374570149972667e-01,-2.379753525344729947e+00,1.098233018783495885e+00,4.829139919938287839e-01,-1.257981452863758065e+00,-1.272055612529995994e+00,1.136910115210806538e+00,3.696837365046771851e+00
7.778519012675116251e+00,-6.813227589324906130e-01,-3.963299741568102053e-03,6.129516593105436284e-01,2.760261831184347425e+00,-2.704814465024958647e-02,5.768799948083062068e-01,1.196723300680415214e+00,-1.091939613395209951e+00,-8.180488022574178286e-01,-1.998957492493427912e+00,-3.804805250162193175e-01,-2.354889742607960024e+00,1.038782597062215096e+00,4.979173412712220026e-01,-1.248591140663060983e+00,-1.154086786356325112e+00,1.098669913466550963e+00,3.757294705659634637e+00
7.785190126751166950e+00,-6.733166088249319392e-01,-1.123656207367011717e-02,6.074666503278249863e-01,2.746901755039068860e+00,-2.956221004262038488e-02,5.612543109742591518e-01,1.203454114038804423e+00,-1.088567649833172446e+00,-8.263461001704573983e-01,-2.006261596703002859e+00,-3.732788424246293868e-01,-2.329623259688991865e+00,9.790740144373275555e-01,5.130128421722065513e-01,-1.238886028093502567e+00,-1.035601348123401433e+00,1.060389209879962102e+00,3.817564271714524615e+00
7.791861240827217649e+00,-6.652668871170281939e-01,-1.848699305554694916e-02,6.019265074346469291e-01,2.733495592483585757e+00,-3.202908421142322548e-02,5.457985223611387937e-01,1.209785803370702961e+00,-1.085094670188775368e+00,-8.345775949323173126e-01,-2.012773674600136786e+00,-3.663326221355986956e-01,-2.303955381645258704e+00,9.191288060981931407e-01,5.282022467234412932e-01,-1.228862817308757460e+00,-9.166449225140897994e-01,1.022085169864170862e+00,3.877630326583036080e+00
7.798532354903268349e+00,-6.571762615161345078e-01,-2.571391669539878355e-02,5.963316767133457486e-01,2.720048637356375032e+00,-3.445047176719838455e-02,5.305153020754088677e-01,1.215716862043916491e+00,-1.081520042446296515e+00,-8.427411538429883109e-01,-2.018490737028399096e+00,-3.596419627847546319e-01,-2.277887519100489033e+00,8.589685398732733734e-01,5.434872094765113015e-01,-1.218518343757905242e+00,-7.972633735016483314e-01,9.837748819201919126e-01,3.937476958946536598e+00
7.805203468979319048e+00,-6.490474093004040546e-01,-3.291665274910418604e-02,5.906826185431484078e-01,2.706566202414686373e+00,-3.682807759885951826e-02,5.154073134577681348e-01,1.221245927392927255e+00,-1.077843123884621779e+00,-8.508346235448220884e-01,-2.023410101541115225e+00,-3.532068492841763385e-01,-2.251421189393385980e+00,7.986148077244973331e-01,5.588692849291980735e-01,-1.207849579355515068e+00,-6.775027855577897551e-01,9.454753507163382586e-01,3.997088087814209878e+00
7.811874583055369747e+00,-6.408830163578929096e-01,-4.009451665103545837e-02,5.849798077349320780e-01,2.693053617283684531e+00,-3.916360611693617266e-02,5.004772093675214917e-01,1.226371780851529980e+00,-1.074063261753170240e+00,-8.588558309433116378e-01,-2.027529393809370362e+00,-3.470271534045941131e-01,-2.224558017692477740e+00,7.380892172504662785e-01,5.743499250038732740e-01,-1.196853635589266274e+00,-5.574094447568813671e-01,9.072034902220691421e-01,4.056447467668720108e+00
7.818545697131420447e+00,-6.326857762249727957e-01,-4.724681944945809120e-02,5.792237336597577668e-01,2.679516226396607692e+00,-4.145876050086889919e-02,4.857276314596051248e-01,1.231093348028844847e+00,-1.070179793964429305e+00,-8.668025841483857352e-01,-2.030846548903620263e+00,-3.411026344031911073e-01,-2.197299738076162967e+00,6.774133832021078661e-01,5.899304765848041310e-01,-1.185527766563103658e+00,-4.370298197843559551e-01,8.689761168991951834e-01,4.115538693737904374e+00
7.825216811207471146e+00,-6.244583891244258611e-01,-5.437286774660370081e-02,5.734149003710573567e-01,2.665959386926812780e+00,-4.371524195064349638e-02,4.711612094545236107e-01,1.235409698728779038e+00,-1.066192049802717312e+00,-8.746726734357848088e-01,-2.033359812448326309e+00,-3.354329396966315713e-01,-2.169648194577165068e+00,6.166089190142518550e-01,6.056121791158222134e-01,-1.173869371974220588e+00,-3.164105428573168455e-01,8.308099429531938807e-01,4.174345207390485868e+00
7.831887925283521845e+00,-6.162035610035929700e-01,-6.147196364350494824e-02,5.675538267203578124e-01,2.652388466712531923e+00,-4.593474894304686029e-02,4.567805604014687493e-01,1.239320046913039430e+00,-1.062099350648789020e+00,-8.824638722280763181e-01,-2.035067741649021933e+00,-3.300176055789113549e-01,-2.141605342190658678e+00,5.556974283566408213e-01,6.213961622597674594e-01,-1.161876000022211919e+00,-1.955983905653956301e-01,7.927215696473948192e-01,4.232850301653866332e+00
7.838559039359572544e+00,-6.079240025729657493e-01,-6.854340468974599865e-02,5.616410464663713631e-01,2.638808842175214942e+00,-4.811897649288846002e-02,4.425882879347946552e-01,1.242823750607886968e+00,-1.057901010719806134e+00,-8.901739380948342495e-01,-2.035969206191333924e+00,-3.248560579835720330e-01,-2.113173247845071323e+00,4.947004967078995064e-01,6.372834436214638298e-01,-1.149545350248437403e+00,-7.464026463998607586e-02,7.547274806828359051e-01,4.291037126852155659e+00
7.845230153435623244e+00,-5.996224283455789950e-01,-7.558648383817001548e-02,5.556771083773752729e-01,2.625225896232294076e+00,-5.026961541942479017e-02,4.285869815241847292e-01,1.245920311754733723e+00,-1.053596337824323159e+00,-8.978006137715346391e-01,-2.036063389011490088e+00,-3.199476132898770864e-01,-2.084354091334986059e+00,4.336396829558677446e-01,6.532749265353492429e-01,-1.136875276304190940e+00,4.641682734011309819e-02,7.168440356464027552e-01,4.348888696362199546e+00
7.851901267511673943e+00,-5.913015556775924608e-01,-8.260048940469072454e-02,5.496625763267176668e-01,2.611645016205247583e+00,-5.238835161832650078e-02,4.147792157186963591e-01,1.248609376004824023e+00,-1.049184634131786531e+00,-9.053416281966711887e-01,-2.035349786937930006e+00,-3.152914791724422683e-01,-2.055150166215194751e+00,3.725365110278212599e-01,6.693713979194464425e-01,-1.123863788645787398e+00,1.675257912984308151e-01,6.790874635299957163e-01,4.406387892485629010e+00
7.858572381587724642e+00,-5.829641038104209638e-01,-8.958470503328402890e-02,5.435980293813473807e-01,2.598071591723793095e+00,-5.447686533945214626e-02,4.011675493849743979e-01,1.250890732458183052e+00,-1.044665196956128472e+00,-9.127946975666043627e-01,-2.033828211203661418e+00,-3.108867554938630207e-01,-2.025563880655187887e+00,3.114124615539300978e-01,6.855735261969384542e-01,-1.110509057155055768e+00,2.886394660578739391e-01,6.414738563232988966e-01,4.463517472434719302e+00
7.865243495663775342e+00,-5.746127929148041602e-01,-9.653840966623872255e-02,5.374840618832578132e-01,2.584511012627127347e+00,-5.653683047071311751e-02,3.877545249399177996e-01,1.252764313347067171e+00,-1.040037319553009265e+00,-9.201575264076302663e-01,-2.031498787829087771e+00,-3.067324352398368426e-01,-1.995597758253406795e+00,2.502889635675440427e-01,7.018818592866928885e-01,-1.096809413683650591e+00,4.097106427765915271e-01,6.040191626828481652e-01,4.520260074429675257e+00
7.871914609739826041e+00,-5.662503431371587181e-01,-1.034608775197839309e-01,5.313212835237142162e-01,2.570968666863020946e+00,-5.856991382832342496e-02,3.745426675780341719e-01,1.254230193664183535e+00,-1.035300291930219441e+00,-9.274278086647775865e-01,-2.028361957875065791e+00,-3.028274054962504791e-01,-1.965254438810386750e+00,1.891873862454896971e-01,7.182968226641182063e-01,-1.082763354519579391e+00,5.306920844148640404e-01,5.667391816798392767e-01,4.576598223905256724e+00
7.878585723815876740e+00,-5.578794736486022421e-01,-1.103513780651659837e-01,5.251103194101599536e-01,2.557449938385657706e+00,-6.057777445370929326e-02,3.615344844937677937e-01,1.255288590735955667e+00,-1.030453401670774927e+00,-9.346032288067812610e-01,-2.024418477566021668e+00,-2.991704484677066844e-01,-1.934536679060143261e+00,1.281290306919017352e-01,7.348187174936204880e-01,-1.068369542774437519e+00,6.515365452244812339e-01,5.296495566292911406e-01,4.632514339824229666e+00
7.885256837891927439e+00,-5.495029016970024438e-01,-1.172091760152393358e-01,5.188518101257169057e-01,2.543960205053101387e+00,-6.256206291733429348e-02,3.487324640991203428e-01,1.255939863741111218e+00,-1.025495934768259065e+00,-9.416814629467318287e-01,-2.019669418282993067e+00,-2.957602425369540433e-01,-1.903447353359162486e+00,6.713512176888891680e-02,7.514477188338026803e-01,-1.053626810689969773e+00,7.721967902524812244e-01,4.927657690030082804e-01,4.687990741095194203e+00
7.891927951967978139e+00,-5.411233416624238179e-01,-1.240335313166971709e-01,5.125464117811324716e-01,2.530504836525234502e+00,-6.452442062975133341e-02,3.361390752367825474e-01,1.256184513174972039e+00,-1.020427176473841069e+00,-9.486601799778140442e-01,-2.014116166426540122e+00,-2.925953633646107832e-01,-1.871989454332115832e+00,6.226799977389951835e-03,7.681838739168442842e-01,-1.038534161862305183e+00,8.926256148509248423e-01,4.561031324288262745e-01,4.743009653092432387e+00
7.898599066044028838e+00,-5.327435041163236518e-01,-1.308236991479631295e-01,5.061947960591268725e-01,2.517089192163040945e+00,-6.646647916009920665e-02,3.237567663891336434e-01,1.256023180259719929e+00,-1.015246412154576117e+00,-9.555370427236273834e-01,-2.007760423149503204e+00,-2.896742850286526672e-01,-1.840166093473870834e+00,-5.457488660852360951e-02,7.850271005029565430e-01,-1.023090773382722141e+00,1.012775864184544350e+00,4.196767867785002881e-01,4.797553214275056988e+00
7.905270180120079537e+00,-5.243660948848640757e-01,-1.375789299228618312e-01,4.997976502510035335e-01,2.503718618930119710e+00,-6.838985956234724939e-02,3.115879648833552173e-01,1.255456646301067902e+00,-1.009952928162394459e+00,-9.623097091024954697e-01,-2.000604203959656324e+00,-2.869953812030223705e-01,-1.807980501706940579e+00,-1.152489903505936608e-01,8.019771853112802606e-01,-1.007295997893366213e+00,1.132600452727960505e+00,3.835016923466312289e-01,4.851603482903014353e+00
7.911941294196130237e+00,-5.159938141166924286e-01,-1.442984693001215790e-01,4.933556772854478800e-01,2.490398449297263284e+00,-7.029617170953211813e-02,2.996350760929777923e-01,1.254485831991696276e+00,-1.004546012713300795e+00,-9.689758333051978756e-01,-1.992649838192348533e+00,-2.845569263747650401e-01,-1.775436029893815437e+00,-1.757746719953415804e-01,8.190337825282230089e-01,-9.911493655566812055e-01,1.252052383744201691e+00,3.475926241229430058e-01,4.905142443847203104e+00
7.918612408272180936e+00,-5.076293553555448756e-01,-1.509815581987572486e-01,4.868695957494396653e-01,2.477133999151003074e+00,-7.218701363622440081e-02,2.879004826361734048e-01,1.253111796661853017e+00,-9.990249567762969907e-01,-9.755330669855662995e-01,-1.983899968353284304e+00,-2.823570970990675333e-01,-1.742536149303634652e+00,-2.361312085598357147e-01,8.361964123942282612e-01,-9.746505859373474356e-01,1.371084768736302806e+00,3.119641661601764149e-01,4.958152015490954412e+00
7.925283522348231635e+00,-4.992754046180256089e-01,-1.576274328194406382e-01,4.803401399011592576e-01,2.463930565706969666e+00,-7.406397088951752194e-02,2.763865435710727292e-01,1.251335737477595522e+00,-9.933890549714143869e-01,-9.819790604633135134e-01,-1.974357549331659190e+00,-2.803939732915234351e-01,-1.709284452032401314e+00,-2.962980011510717437e-01,8.534644598701968121e-01,-9.577995497952749293e-01,1.489650846863665112e+00,2.766307060398685014e-01,5.010614056720207543e+00
7.931954636424282334e+00,-4.909346394769071864e-01,-1.642353246718648019e-01,4.737680596748544137e-01,2.450793425428929417e+00,-7.592861588873542344e-02,2.650955935884539150e-01,1.249158988587071972e+00,-9.876376064764292861e-01,-9.883114639385495170e-01,-1.964025847483902520e+00,-2.786655395570040161e-01,-1.675684651376390333e+00,-3.562545827158405398e-01,8.708371733842790174e-01,-9.405963307887150737e-01,1.607704004315063440e+00,2.416064294381508049e-01,5.062510373999450586e+00
7.938625750500333034e+00,-4.826097281502983449e-01,-1.708044606082010919e-01,4.671541206775506883e-01,2.437727831954366042e+00,-7.778250729414026843e-02,2.540299422020821929e-01,1.246583020215358717e+00,-9.817699159416293231e-01,-9.945279287173374172e-01,-1.952908439588349365e+00,-2.771696865544336363e-01,-1.641740582158004003e+00,-4.159806257179601285e-01,8.883136636601929315e-01,-9.230411870861123802e-01,1.725197793630004028e+00,2.069053147937440773e-01,5.113822728530633910e+00
7.945296864576383733e+00,-4.743033285970187363e-01,-1.773340628626826621e-01,4.604991041775544636e-01,2.424739014027456285e+00,-7.962718938486343379e-02,2.431918729370335652e-01,1.243609437708325549e+00,-9.757852944121349070e-01,-1.000626108447710383e+00,-1.941009211671210100e+00,-2.759042123967937465e-01,-1.607456201003614860e+00,-4.754559497398298529e-01,9.058929026278597085e-01,-9.051345628857024872e-01,1.842085952960356376e+00,1.725411280802175984e-01,5.164532843492140479e+00
7.951967978652434432e+00,-4.660180876185233689e-01,-1.838233490973548157e-01,4.538038070846833194e-01,2.411832173440332738e+00,-8.146419144627747855e-02,2.325836425163528565e-01,1.240239980526056218e+00,-9.696830602572167335e-01,-1.006603660365497310e+00,-1.928332357704269473e+00,-2.748668240856343425e-01,-1.572835586572875810e+00,-5.346605290051665849e-01,9.235737224172007043e-01,-8.868770898417562831e-01,1.958322425263788968e+00,1.385274176845940897e-01,5.214622411354682185e+00
7.958639092728485132e+00,-4.577566399677092668e-01,-1.902715324540550923e-01,4.470690419221499123e-01,2.399012482983432282e+00,-8.329502716706654875e-02,2.222074800463162414e-01,1.236476521186349542e+00,-9.634625401060398220e-01,-1.012458246549367225e+00,-1.914882378174794342e+00,-2.740551389794124715e-01,-1.537882939738971277e+00,-5.935744998200558342e-01,9.413548144359602521e-01,-8.682695883964456351e-01,2.073861377421290619e+00,1.048775093942502235e-01,5.264073101271335098e+00
7.965310206804535831e+00,-4.495216074649313609e-01,-1.966778216126588152e-01,4.402956367900394685e-01,2.386285084405816104e+00,-8.512119404619963858e-02,2.120655862006605996e-01,1.232321064158868218e+00,-9.571230697892674222e-01,-1.018187535184424952e+00,-1.900664078528176093e+00,-2.734666862948873511e-01,-1.502602583719294671e+00,-6.521781679292938394e-01,9.592347285323141737e-01,-8.493130690163184227e-01,2.188657219270365051e+00,7.160450149407227016e-02,5.312866566538493984e+00
7.971981320880586530e+00,-4.413155981215626245e-01,-2.030414208556095002e-01,4.334844353203437528e-01,2.373655086386319724e+00,-8.694417281001640130e-02,2.021601324041328585e-01,1.227775744710493999e+00,-9.506639952859943232e-01,-1.023789201833749107e+00,-1.885682567483911942e+00,-2.730989086408618371e-01,-1.466998964156195129e+00,-7.104520157850635620e-01,9.772118722429139481e-01,-8.300087333325336658e-01,2.302664622545848694e+00,3.872125997578512724e-02,5.360984452124615274e+00
7.978652434956637229e+00,-4.331412052714135874e-01,-2.093615301388021821e-01,4.266362966234724663e-01,2.361127562516325717e+00,-8.876542683966950897e-02,1.924932600156268603e-01,1.222842827702500745e+00,-9.440846736753762958e-01,-1.029260930717204925e+00,-1.869943255225549494e+00,-2.729491635835011865e-01,-1.431076649147201785e+00,-7.683767097251859024e-01,9.952845101271841077e-01,-8.103579751838487777e-01,2.415838539720531308e+00,6.240413861240856619e-03,5.408408402263753523e+00
7.985323549032687929e+00,-4.250010067103422440e-01,-2.156373451688106402e-01,4.197520952262244753e-01,2.348707549295067754e+00,-9.058640160909400829e-02,1.830670795113343852e-01,1.217524706340148200e+00,-9.373844740924370811e-01,-1.034600415996886014e+00,-1.853451851465316658e+00,-2.730147252424588444e-01,-1.394840329224453113e+00,-8.259331070579453149e-01,1.013450763188368686e+00,-7.903623815616283022e-01,2.528134222737167480e+00,-2.582564935846343168e-02,5.455120068110446141e+00
7.991994663108738628e+00,-4.168975638443551124e-01,-2.218680574865150856e-01,4.128327210011564219e-01,2.336400044138233767e+00,-9.240852413373759622e-02,1.738836696681667349e-01,1.211823900875327986e+00,-9.305627786874344221e-01,-1.039805363068538879e+00,-1.836214363384157000e+00,-2.732927859170469764e-01,-1.358294817282822642e+00,-8.831022630508738036e-01,1.031708608382024384e+00,-7.700237334560080527e-01,2.639507241624377887e+00,-5.746478816638456166e-02,5.501101115452941670e+00
7.998665777184789327e+00,-4.088334208465213004e-01,-2.280528545571410826e-01,4.058790790873136878e-01,2.324210003400731139e+00,-9.423320243023763920e-02,1.649450767478415625e-01,1.205743057262925744e+00,-9.236189835882007149e-01,-1.044873489858291871e+00,-1.818237093447992336e+00,-2.737804577416439455e-01,-1.321445048456393545e+00,-9.398654378206531268e-01,1.050055878212481364e+00,-7.493440066024666946e-01,2.749913502988231784e+00,-8.866511134392029980e-02,5.546333232481359232e+00
8.005336891260840915e+00,-4.008111038230011136e-01,-2.341909198667137815e-01,3.988920898023088912e-01,2.312142340414435449e+00,-9.606182498722320995e-02,1.562533136819752588e-01,1.199284945771531774e+00,-9.165524998649214883e-01,-1.049802528124047951e+00,-1.799526637101055204e+00,-2.744747743695619135e-01,-1.284296079942997437e+00,-9.962041031214539100e-01,1.068490260417704896e+00,-7.283253721281963688e-01,2.859309268371783119e+00,-1.194149821741654627e-01,5.590798137607487561e+00
8.012008005336891614e+00,-3.928331199885000680e-01,-2.402814330249694041e-01,3.918726885456912390e-01,2.300201923541735916e+00,-9.789576024746168836e-02,1.478103592585078563e-01,1.192452459549251609e+00,-9.093627544966628173e-01,-1.054590224760820538e+00,-1.780089880337229369e+00,-2.753726926845215806e-01,-1.246853090776355311e+00,-1.052099949029043024e+00,1.087009297743155578e+00,-7.069701970974660021e-01,2.967651172474557342e+00,-1.497030225228381806e-01,5.634477587332812121e+00
8.018679119412942313e+00,-3.849019568514255862e-01,-2.463235698747097413e-01,3.848218256936035697e-01,2.288393574245681794e+00,-9.973635610149672592e-02,1.396181573098314310e-01,1.185248613145241325e+00,-9.020491913391601724e-01,-1.059234343109406007e+00,-1.759933997150298080e+00,-2.764710945389657892e-01,-1.209121381545617879e+00,-1.107534890518161452e+00,1.105610387804917494e+00,-6.852810449555232220e-01,3.074896241224629456e+00,-1.795181167953379120e-01,5.677353384161541783e+00
8.025350233488993013e+00,-3.770200814090605701e-01,-2.523165026076228390e-01,3.777404664846941151e-01,2.276722065177529508e+00,-1.015849393929837696e-01,1.316786159029545988e-01,1.177676540987749876e+00,-8.946112720931858053e-01,-1.063732664267655448e+00,-1.739066446864164561e+00,-2.777667885183421337e-01,-1.171106374061947619e+00,-1.162491073930522534e+00,1.124290783042577013e+00,-6.632606758703772920e-01,3.181001909695273078e+00,-2.088494157683860042e-01,5.719407384555034390e+00
8.032021347565043712e+00,-3.691899393530372886e-01,-2.582593998865528317e-01,3.706295908972849773e-01,2.265192118282528089e+00,-1.034428154358657259e-01,1.239936065320849656e-01,1.169739495819382968e+00,-8.870484772729569922e-01,-1.068082988403688205e+00,-1.717494971344099008e+00,-2.792565117305203515e-01,-1.132813610971958873e+00,-1.216950883330915278e+00,1.143047590762067856e+00,-6.409120469720327451e-01,3.285926039858535930e+00,-2.376863402948699022e-01,5.760621506924183954e+00
8.038692461641094411e+00,-3.614139542853783693e-01,-2.641514269742387677e-01,3.634901935177625720e-01,2.253808402924672549e+00,-1.053112675435750878e-01,1.165649633139601293e-01,1.161440847090336348e+00,-8.793603071739394261e-01,-1.072283136070360188e+00,-1.695227592090090996e+00,-2.809369316195030608e-01,-1.094248755317662081e+00,-1.270896946749101142e+00,1.161877773268854774e+00,-6.182383124886569048e-01,3.389626938168499137e+00,-2.660185848805880493e-01,5.800977739656400622e+00
8.045363575717145110e+00,-3.536945269454055407e-01,-2.699917458685058835e-01,3.563232834002022509e-01,2.242575534031245432e+00,-1.071915565704218420e-01,1.093944821862839201e-01,1.152784079310386289e+00,-8.715462828394584527e-01,-1.076330949520293290e+00,-1.672272607213504347e+00,-2.828046478025714183e-01,-1.055417590042779352e+00,-1.324312142304991280e+00,1.180778148091631286e+00,-5.952428237793070398e-01,3.492063372966473178e+00,-2.938361211315450028e-01,5.840458149173551661e+00
8.052034689793195810e+00,-3.460340344477740304e-01,-2.757795154438882901e-01,3.491298839172259916e-01,2.231498070257929012e+00,-1.090849204652916127e-01,1.024839201096572061e-01,1.143772790360404690e+00,-8.636059470255418313e-01,-1.080224294020783127e+00,-1.648638588298238616e+00,-2.848561939299834589e-01,-1.016326017445243313e+00,-1.377179604214791464e+00,1.199745388296681980e+00,-5.719291292628942980e-01,3.593194591700746621e+00,-3.211292010706054967e-01,5.879044888017316950e+00
8.058705803869246509e+00,-3.384348295319000721e-01,-2.815138915996978630e-01,3.419110326020777801e-01,2.220580512175212018e+00,-1.109925738378479965e-01,9.583499427331471088e-02,1.134410689764212332e+00,-8.555388651633246688e-01,-1.083961059167879659e+00,-1.624334377147631514e+00,-2.870880395663696905e-01,-9.769800585756033273e-01,-1.429482728675912639e+00,1.218776022893141686e+00,-5.483009742429869604e-01,3.692980337953752024e+00,-3.478883603223288379e-01,5.916720202958478225e+00
8.065376917945297208e+00,-3.308992398230542475e-01,-2.871940274144864080e-01,3.346677809819509353e-01,2.209827300476901346e+00,-1.129157075373343755e-01,8.944938130508406360e-02,1.124701596921592550e+00,-8.473446263184807314e-01,-1.087539160198950805e+00,-1.599369082418469645e+00,-2.894965920929186698e-01,-9.373858525813421050e-01,-1.481205179628271029e+00,1.237866437329123270e+00,-5.243623006283164578e-01,3.791380868269040860e+00,-3.741044211648520967e-01,5.953466443126383290e+00
8.072048032021347908e+00,-3.234295671053649679e-01,-2.928190733069086504e-01,3.274011944025567167e-01,2.199242814211447072e+00,-1.148554882441443215e-01,8.332871648587858449e-02,1.114649439303276424e+00,-8.390228441470219956e-01,-1.090956539303038042e+00,-1.573752076143403400e+00,-2.920781986294877508e-01,-8.975496559968551002e-01,-1.532330894389972276e+00,1.257012874078836218e+00,-5.001172465486918295e-01,3.888356968771295996e+00,-3.997684954477973562e-01,5.989266068155132849e+00
8.078719146097398607e+00,-3.160280866069881123e-01,-2.983881772029462476e-01,3.201123518439613624e-01,2.188831369036835284e+00,-1.168130580742814395e-01,7.747459296911121673e-02,1.104258250608768588e+00,-8.305731578468704690e-01,-1.094211166928290124e+00,-1.547492990143207070e+00,-2.948291479757224054e-01,-8.574778419790261008e-01,-1.582844089165168944e+00,1.276211433320670663e+00,-4.755701458662000558e-01,3.983869971572032931e+00,-4.248719873751996001e-01,6.024101656342732092e+00
8.085390260173449306e+00,-3.086970462976896257e-01,-3.039004847094551875e-01,3.128023457277209207e-01,2.178597215499780582e+00,-1.187895341968150109e-01,7.188856100540158556e-02,1.093532168887841660e+00,-8.219952331046415095e-01,-1.097301043085809891e+00,-1.520601712330325039e+00,-2.977456725702991580e-01,-8.171768994884094361e-01,-1.632729264422048576e+00,1.295458073706141633e+00,-4.507255275816381968e-01,4.077881770954116192e+00,-4.494065961525086639e-01,6.057955912819590338e+00
8.092061374249500005e+00,-3.014386661990781646e-01,-3.093551392940219746e-01,3.054722817153230352e-01,2.168544537339947453e+00,-1.207860084644761245e-01,6.657212717291793869e-02,1.082475434626621436e+00,-8.132887630369487475e-01,-1.100224198649158325e+00,-1.493088382905223721e+00,-3.008239504673518305e-01,-7.766534324158278491e-01,-1.681971210138983430e+00,1.314748613219669071e+00,-4.255881151360425552e-01,4.170354839328066276e+00,-4.733643184968172601e-01,6.090811677722625994e+00
8.098732488325550705e+00,-2.942551377077188834e-01,-3.147512824710774204e-01,2.981232784979760408e-01,2.158677449819877303e+00,-1.228035470574958821e-01,6.152675361372142437e-02,1.071092388799097517e+00,-8.044534691256866044e-01,-1.102978696648871715e+00,-1.464963390447050706e+00,-3.040601073292016898e-01,-7.359141586544413194e-01,-1.730555010916928316e+00,1.334078730129003798e+00,-4.001628256073723744e-01,4.261252242953580627e+00,-4.967374510094988427e-01,6.122651934371367233e+00
8.105403602401601404e+00,-2.871486229313629512e-01,-3.200880539942200786e-01,2.907564675777909446e-01,2.148999998081364105e+00,-1.248431901407725808e-01,5.675385727650233969e-02,1.059387470884983085e+00,-7.954891021466969914e-01,-1.105562633561272046e+00,-1.436237367900237150e+00,-3.074502184344510836e-01,-6.949659091173356895e-01,-1.778466050956112099e+00,1.353443964026068480e+00,-3.744547688024284504e-01,4.350537657419294213e+00,-5.195185924104901432e-01,6.153459817442255897e+00
8.112074716477652103e+00,-2.801212540385048522e-01,-3.253645920547239001e-01,2.833729930403717789e-01,2.139516155528932373e+00,-1.269059515345062616e-01,5.225480916602937009e-02,1.047365216854843517e+00,-7.863954430911392901e-01,-1.107974140590848755e+00,-1.406921188458646332e+00,-3.109903107005120848e-01,-6.538156267004987532e-01,-1.825690018895331335e+00,1.372839716958062395e+00,-3.484692462440137639e-01,4.438175382874403496e+00,-5.417006456335613507e-01,6.183218621137445581e+00
8.118745830553702802e+00,-2.731751326214928444e-01,-3.305800334861542233e-01,2.759740113188893229e-01,2.130229822241116011e+00,-1.289928183983506949e-01,4.803093359971180587e-02,1.035030257123383368e+00,-7.771723040790764481e-01,-1.110211384945568591e+00,-1.377025961348953498e+00,-3.146763647196627600e-01,-6.124703651914359392e-01,-1.872212912511983074e+00,1.392261254648425650e+00,-3.222117500536214596e-01,4.524130359005528845e+00,-5.632768197819177924e-01,6.211911807344395520e+00
8.125416944629753502e+00,-2.663123290733918624e-01,-3.357335139750579067e-01,2.685606909496606187e-01,2.121144823410202829e+00,-1.311047509292008473e-01,4.408350747162954886e-02,1.022387314471876030e+00,-7.678195292645606518e-01,-1.112272571104346852e+00,-1.346563027514999344e+00,-3.185043168076571174e-01,-5.709372881233061303e-01,-1.918021043281233240e+00,1.411703707807417718e+00,-2.956879617297438756e-01,4.608368179752384997e+00,-5.842406319436028728e-01,6.239523013782376282e+00
8.132088058705804201e+00,-2.595348819788109163e-01,-3.408241682776632642e-01,2.611342123193054476e-01,2.112264907811080228e+00,-1.332426820726941574e-01,4.041375952436616903e-02,1.009441201940632027e+00,-7.583369957317029897e-01,-1.114155942076042738e+00,-1.315543955204839133e+00,-3.224700610640018339e-01,-5.292236675747961083e-01,-1.963101040792673890e+00,1.431162073531883516e+00,-2.689037508221274742e-01,4.690855107756171094e+00,-6.045859088661682534e-01,6.266036062132325668e+00
8.138759172781854900e+00,-2.528447975188852781e-01,-3.458511304425169186e-01,2.536957674035391630e-01,2.103593746299855738e+00,-1.354075172484711931e-01,3.702286962905600165e-02,9.961968206924902702e-01,-7.487246143811220334e-01,-1.115859780649264499e+00,-1.283980535462332817e+00,-3.265694514429200446e-01,-4.873368829158603588e-01,-2.007439857022882634e+00,1.450631216793751621e+00,-2.418651735022931959e-01,4.771558088534257891e+00,-6.243067884901962739e-01,6.291434966146096208e+00
8.145430286857905600e+00,-2.462440488906042779e-01,-3.508135340390086121e-01,2.462465594976532557e-01,2.095134930342852808e+00,-1.376001340893024671e-01,3.391196807395562007e-02,9.826591578482835043e-01,-7.389823308061520546e-01,-1.117382410632293821e+00,-1.251884777525080983e+00,-3.307983038340842619e-01,-4.452844194993964555e-01,-2.051024770462456903e+00,1.470105872016840287e+00,-2.145784710306346543e-01,4.850444764375366091e+00,-6.433977213412978013e-01,6.315703939731465155e+00
8.152101400933956299e+00,-2.397345757406719180e-01,-3.557105123917054801e-01,2.387878029387586198e-01,2.086891970576627120e+00,-1.398213821941249879e-01,3.108213486193962816e-02,9.688332842952820378e-01,-7.291101261582182413e-01,-1.118722198082416464e+00,-1.219268904130643039e+00,-3.351523981521425388e-01,-4.030738672990664684e-01,-2.093843390096044477e+00,1.489580644741405502e+00,-1.870500681205384819e-01,4.927483487949052332e+00,-6.618534717802666556e-01,6.338827405008983007e+00
8.158772515010006998e+00,-2.333182836140748340e-01,-3.605411988204139107e-01,2.313207228198752852e-01,2.078868295399590060e+00,-1.420720828950303161e-01,2.853439901725589312e-02,9.547243524695562256e-01,-7.191080180008720957e-01,-1.119877552524037423e+00,-1.186145346732914163e+00,-3.396274804341352649e-01,-3.607129194935493888e-01,-2.135883659234008913e+00,1.509050013375853982e+00,-1.592865712000253176e-01,5.002643335623885079e+00,-6.796691191111340347e-01,6.360790000337045669e+00
8.165443629086057697e+00,-2.269970434175259955e-01,-3.653047268859102026e-01,2.238465546959204078e-01,2.071067249595833992e+00,-1.443530290382900871e-01,2.626973790190088864e-02,9.403375941132922078e-01,-7.089760611517860189e-01,-1.120846928154820787e+00,-1.152526740630643864e+00,-3.442192649438103880e-01,-3.182093709972685369e-01,-2.177133859194499088e+00,1.528508331035038026e+00,-1.312947665713481982e-01,5.075894120488536387e+00,-6.968400585469580744e-01,6.381576588301271613e+00
8.172114743162108397e+00,-2.207726908979546765e-01,-3.700002306412362718e-01,2.163665442817062357e-01,2.063492092991753957e+00,-1.466649847794198047e-01,2.428907654197783039e-02,9.256783180080305762e-01,-6.987143485122622177e-01,-1.121628825039248101e+00,-1.118425920010095220e+00,-3.489234362819239044e-01,-2.755711169380541392e-01,-2.217582612834601896e+00,1.547949827464432770e+00,-1.030816184692093795e-01,5.147206405070228641e+00,-7.133620020331912226e-01,6.401172263664530071e+00
8.178785857238159096e+00,-2.146470261361926868e-01,-3.746268448884916835e-01,2.088819471420101936e-01,2.056145999146013814e+00,-1.490086853923495158e-01,2.259328696439233397e-02,9.107519076848790140e-01,-6.883230118835683697e-01,-1.122221790288854271e+00,-1.083855912903902485e+00,-3.537356515015370739e-01,-2.328061510818416613e-01,-2.257218887929496098e+00,1.567368611049486882e+00,-7.465426701814159571e-02,5.216551513745026902e+00,-7.292309789286024468e-01,6.419562361273682960e+00
8.185456971314209795e+00,-2.086218130560084094e-01,-3.791837054410279739e-01,2.013940283738175352e-01,2.049032054073416820e+00,-1.513848370927223796e-01,2.118318754421881500e-02,8.955638191126695791e-01,-6.778022227696018920e-01,-1.122624419228518411e+00,-1.048829936068147894e+00,-3.586515422273977016e-01,-1.899225642047817075e-01,-2.296032000398506412e+00,1.586758670909427460e+00,-4.602002608974853359e-02,5.283901544834839648e+00,-7.444433365437259642e-01,6.436732463919442537e+00
8.192128085390260495e+00,-2.026987789486405234e-01,-3.836699493909416225e-01,1.939040622808414494e-01,2.042153255003219758e+00,-1.537941168753280963e-01,2.005954236311553729e-02,8.801195783651191151e-01,-6.671521931653360271e-01,-1.122835356548135932e+00,-1.013361389779826371e+00,-3.636667167784330967e-01,-1.469285424131455686e-01,-2.334011617376960945e+00,1.606113879074654527e+00,-1.718638106055569992e-02,5.349229382385747300e+00,-7.589957405369031074e-01,6.452668410145498079e+00
8.198799199466311194e+00,-1.968796140129535355e-01,-3.880847153817892914e-01,1.864133320403971728e-01,2.035512509172414664e+00,-1.562371723657232647e-01,1.922306057911409016e-02,8.644247792680136433e-01,-6.563731763304092581e-01,-1.122853297438980880e+00,-9.774638525567963532e-01,-3.687767622924066346e-01,-1.038323654112220940e-01,-2.371147760133023308e+00,1.625427992746945716e+00,1.183901352882399394e-02,5.412508707622778914e+00,-7.728851751680673177e-01,6.467356302003118174e+00
8.205470313542361893e+00,-1.911659709113599503e-01,-3.924271438864029848e-01,1.789231293627606967e-01,2.029112632654481718e+00,-1.587146216860119696e-01,1.867439580813202993e-02,8.484850810274429112e-01,-6.454654675474246206e-01,-1.122676988714154334e+00,-9.411510758024018708e-01,-3.739772468518057225e-01,-6.064240471776438657e-02,-2.407430806828482872e+00,1.644694656641521924e+00,4.104833641232596975e-02,5.473714010076127678e+00,-7.861089434104195917e-01,6.480782512747618185e+00
8.212141427618412592e+00,-1.855594643416213774e-01,-3.966963774897159789e-01,1.714347541431012201e-01,2.022956349224127148e+00,-1.612270533348208745e-01,1.841414551756796747e-02,8.323062058401626828e-01,-6.344294048643033257e-01,-1.122305229912413882e+00,-9.044369783770129789e-01,-3.792637216099811193e-01,-1.736712183124033970e-02,-2.442851495122780214e+00,1.663907405410076867e+00,7.043360213403815351e-02,5.532820598374045495e+00,-7.986646669202899229e-01,6.492933694472775130e+00
8.218812541694463292e+00,-1.800616706246441212e-01,-4.008915611764883868e-01,1.639495141061030337e-01,2.017046289258449754e+00,-1.637750260814558600e-01,1.844285043229192123e-02,8.158939364870877453e-01,-6.232653698202192949e-01,-1.121736874384773985e+00,-8.673356410986429177e-01,-3.846317229166278384e-01,2.598493365563947499e-02,-2.477400924619511891e+00,1.683059666143776445e+00,9.998666367986541736e-02,5.589804610697887810e+00,-8.105502858654809462e-01,6.503796785679621273e+00
8.225483655770513991e+00,-1.746741273083942669e-01,-4.050118426238129565e-01,1.564687244434112556e-01,2.011384988675047225e+00,-1.663590688742259405e-01,1.876099395338970410e-02,7.992541139110052040e-01,-6.119737881546011282e-01,-1.120970830363248849e+00,-8.298613011750026747e-01,-3.900767744416510641e-01,6.940512599158499274e-02,-2.511070559154641835e+00,1.702144760955199398e+00,1.296992152042275581e-01,5.644643024894665295e+00,-8.217640586124294044e-01,6.513359018775882525e+00
8.232154769846564690e+00,-1.693983327880090872e-01,-4.090563724982990701e-01,1.489937074439950937e-01,2.005974887907477022e+00,-1.689796807629342923e-01,1.936900158998079713e-02,7.823926347795377989e-01,-6.005551304986215255e-01,-1.120006062011077219e+00,-7.920283465692039560e-01,-3.955943892964702835e-01,1.128847352522490688e-01,-2.543852228925952197e+00,1.721155909638176329e+00,1.595627948508617777e-01,5.697313668242939499e+00,-8.323045612726899245e-01,6.521607927502349078e+00
8.238825883922615390e+00,-1.642357459422172372e-01,-4.130243047578068261e-01,1.415257921175744615e-01,2.000818330918520349e+00,-1.716373308355114147e-01,2.026724040445503083e-02,7.653154490344576955e-01,-5.890099130486693424e-01,-1.118841590453804269e+00,-7.538513103015243022e-01,-4.011800721518240520e-01,1.564149593750299161e-01,-2.575738132463113672e+00,1.740086232404381095e+00,1.895687876665961280e-01,5.747795226867693508e+00,-8.421706871092035085e-01,6.528531354282437249e+00
8.245496997998666089e+00,-1.591877857861534462e-01,-4.169147969576112445e-01,1.340663138112370700e-01,1.995917564251671994e+00,-1.743324581687502040e-01,2.145601847144051888e-02,7.480285574283636052e-01,-5.773386982213692953e-01,-1.117476494790654584e+00,-7.153448646895219643e-01,-4.068293213511602890e-01,1.999869162425788049e-01,-2.606720838437883714e+00,1.758928752695563258e+00,2.197084286070052350e-01,5.796067254800263413e+00,-8.513616458028894218e-01,6.534117457491500858e+00
8.252168112074716788e+00,-1.542558311406398153e-01,-4.207270105608781341e-01,1.266166138193666746e-01,1.991274736121244837e+00,-1.770654717931398892e-01,2.293558435083001279e-02,7.305380090498325707e-01,-5.655420952895250375e-01,-1.115909913085512573e+00,-6.765238155288997302e-01,-4.125376310186605888e-01,2.435916458146156760e-01,-2.636793287314134204e+00,1.777676400070208995e+00,2.499728056328203163e-01,5.842110182679412844e+00,-8.598769625802265004e-01,6.538354718642044539e+00
8.258839226150767487e+00,-1.494412203180174037e-01,-4.244601112533102349e-01,1.191780389870422951e-01,1.986891895541495145e+00,-1.798367506717251652e-01,2.470612657519688504e-02,7.128498988380955748e-01,-5.536207609986175671e-01,-1.114141043336974501e+00,-6.374030962175587511e-01,-4.183004931609868859e-01,2.872201123072921636e-01,-2.665948792837265824e+00,1.796322013163390574e+00,2.803528628958229518e-01,5.885905326089732270e+00,-8.677164772024612560e-01,6.541231949481391972e+00
8.265510340226818187e+00,-1.447452508245874736e-01,-4.281132692618467850e-01,1.117519413070256762e-01,1.982770991495121482e+00,-1.826466436929740089e-01,2.676777315189456108e-02,6.949703650883047867e-01,-5.415754001632875347e-01,-1.112169144426846223e+00,-5.979977618252036997e-01,-4.241133997618289353e-01,3.308632064196704858e-01,-2.694181043362835482e+00,1.814858342718566941e+00,3.108394040130564306e-01,5.927434893533897409e+00,-8.748803428172010621e-01,6.542738298998170166e+00
8.272181454302868886e+00,-1.401691790797215953e-01,-4.316856596772705723e-01,1.043396775105017438e-01,1.978913872141508046e+00,-1.854954696775922285e-01,2.912059108017855946e-02,6.769055869484954524e-01,-5.294067662433410426e-01,-1.109993537046484402e+00,-5.583229831110400054e-01,-4.299718448683209626e-01,3.745117476066213147e-01,-2.721484103024207624e+00,1.833278054689958747e+00,3.414230954279731112e-01,5.966681994035237580e+00,-8.813690246732135414e-01,6.542863260334006448e+00
8.278852568378919585e+00,-1.357142201517005375e-01,-4.351764627805874697e-01,9.694260865171466790e-02,1.975322284065037515e+00,-1.883835173992147727e-01,3.176458588363248459e-02,6.586617819092726034e-01,-5.171156618988785869e-01,-1.107613604600468982e+00,-5.183940404919709088e-01,-4.358713266684444143e-01,4.181564863974505109e-01,-2.747852412739019812e+00,1.851573733414218159e+00,3.720944698572390408e-01,6.003630644367399682e+00,-8.871832986992347347e-01,6.541596677597086185e+00
8.285523682454970285e+00,-1.313815475103135844e-01,-4.385848643730406171e-01,8.956209968664849419e-02,1.971997871563803795e+00,-1.913110456189415776e-01,3.469970115821953416e-02,6.402452032873361398e-01,-5.047029395239739369e-01,-1.105028794086958754e+00,-4.782263179638144290e-01,-4.418073495584904919e-01,4.617881067597284783e-01,-2.773280791054578920e+00,1.869737884849941523e+00,4.028439298217822984e-01,6.038265775908005395e+00,-8.923242499477682665e-01,6.538928752573879066e+00
8.292194796531020984e+00,-1.271722927962707916e-01,-4.419100561096114821e-01,8.219951904591840663e-02,1.968942175979020881e+00,-1.942782831336126725e-01,3.792581813624723575e-02,6.216621377038903384e-01,-4.921695017585857035e-01,-1.102238616954254624e+00,-4.378352969780616721e-01,-4.477754261997033414e-01,5.053972285074586068e-01,-2.797764434832024527e+00,1.887762939883646185e+00,4.336617512606675273e-01,6.070573241113296881e+00,-8.967932709047865547e-01,6.534850051335773458e+00
8.298865910607071683e+00,-1.230875456074444485e-01,-4.451512358358595267e-01,7.485623820202799705e-02,1.966156635065434477e+00,-1.972854288377739462e-01,4.144275526655041841e-02,6.029189025590462325e-01,-4.795163019781424896e-01,-1.099242649932943072e+00,-3.972365502767440937e-01,-4.537710795631854088e-01,5.489744097530147027e-01,-2.821298919769529956e+00,1.905641257700680269e+00,4.645380872262943051e-01,6.100539819610968806e+00,-9.005920596664401812e-01,6.529351510736998598e+00
8.305537024683122382e+00,-1.191283533019729113e-01,-4.483076079279569859e-01,6.753363123115344036e-02,1.963642582402981507e+00,-2.003326517992477240e-01,4.525026781116435470e-02,5.840218435032509259e-01,-4.667443447604440188e-01,-1.096040535843143093e+00,-3.564457356878872329e-01,-4.597898449622161987e-01,5.925101494020581505e-01,-2.843880200764596466e+00,1.923365129219635650e+00,4.954629716594554090e-01,6.128153223908627822e+00,-9.037226179837954954e-01,6.522424444800607901e+00
8.312208138759173082e+00,-1.152957208182384674e-01,-4.513783836357566082e-01,6.023307436963404315e-02,1.961401246849971747e+00,-2.034200913481991613e-01,4.934804745880023991e-02,5.649773319068465138e-01,-4.538546863294656841e-01,-1.092631984376307708e+00,-3.154785898842142888e-01,-4.658272720710778803e-01,6.359948896906241211e-01,-2.865504612115691074e+00,1.940926780588660527e+00,5.264263232426429351e-01,6.153402104715288701e+00,-9.061872491768014903e-01,6.514060550989104748e+00
8.318879252835223781e+00,-1.115906105117330793e-01,-4.543627814287464206e-01,5.295594556533025909e-02,1.959433752038019616e+00,-2.065478571796433016e-01,5.373572195535895879e-02,5.457917623288109921e-01,-4.408484349756172094e-01,-1.089016772851063797e+00,-2.743509221076083637e-01,-4.718789269295463606e-01,6.794190187636879319e-01,-2.886168867563553064e+00,1.958318376742150368e+00,5.574179493300488453e-01,6.176276055873735515e+00,-9.079885559186317012e-01,6.504251916356444063e+00
8.325550366911274480e+00,-1.080139420088020996e-01,-4.572600273447243735e-01,4.570362402402361468e-02,1.957741115908946838e+00,-2.097160294692656524e-01,5.841285475181097475e-02,5.264715499857715031e-01,-4.277267514520572966e-01,-1.085194746942559352e+00,-2.330786078620138424e-01,-4.779403939321517636e-01,7.227728732943768941e-01,-2.905870060172578206e+00,1.975532025016135673e+00,5.884275499525735142e-01,6.196765618901457273e+00,-9.091294378917529340e-01,6.492991023577983967e+00
8.332221480987325180e+00,-1.045665920772785584e-01,-4.600693553410385994e-01,3.847748975105039215e-02,1.956324250293862477e+00,-2.129246590024508334e-01,6.337894466965990348e-02,5.070231282223266467e-01,-4.144908493467527322e-01,-1.081165821384887149e+00,-1.916775825773334718e-01,-4.840072778013964627e-01,7.660467411429320306e-01,-2.924605662052605304e+00,1.992559778820803373e+00,6.194447218962046975e-01,6.214862287138291919e+00,-9.096130893169226406e-01,6.480270756855439629e+00
8.338892595063375879e+00,-1.012493945139769091e-01,-4.627900076482273084e-01,3.127892308832877499e-02,1.955183960534596199e+00,-2.161737673164397244e-01,6.863342558429197382e-02,4.874529459837608214e-01,-4.011419954297880119e-01,-1.076929980646024188e+00,-1.501638352469628346e-01,-4.900752055440600330e-01,8.092308640547223320e-01,-2.942373523921770762e+00,2.009393641368411476e+00,6.504589628520296429e-01,6.230558509498931308e+00,-9.094429963565733299e-01,6.466084407693349689e+00
8.345563709139426578e+00,-9.806314004904209680e-02,-4.654212351258907865e-01,2.410930424698717878e-02,1.954320945147658861e+00,-2.194633468554556266e-01,7.417566612643604340e-02,4.677674652922079734e-01,-3.876815099756817373e-01,-1.072487279574877661e+00,-1.085534020416482892e-01,-4.961398283897674455e-01,8.523154403962693859e-01,-2.959171874510870381e+00,2.026025569454913633e+00,6.814596756361082086e-01,6.243847693828620926e+00,-9.086229343939581371e-01,6.450425680544159768e+00
8.352234823215477277e+00,-9.500857626711922688e-02,-4.679622976206315177e-01,1.697001283576271558e-02,1.953735795530880948e+00,-2.227933611387188928e-01,8.000496940201211327e-02,4.479731587273030335e-01,-3.741107670602711321e-01,-1.067837844019943194e+00,-6.686235990223782233e-02,-5.021968237110023825e-01,8.952906279285486324e-01,-2.974999319809965570e+00,2.042447477293563018e+00,7.124361724774523896e-01,6.254724209860623496e+00,-9.071569651895328157e-01,6.433288698318689214e+00
8.358905937291527977e+00,-9.208640754530805772e-02,-4.704124643258864591e-01,9.862427385371269617e-03,1.953428995712848337e+00,-2.261637449412013667e-01,8.612057273059949003e-02,4.280765069124013444e-01,-3.604311948318386638e-01,-1.062981871419118152e+00,-2.510682011408704728e-02,-5.082418969237318951e-01,9.381465466165823663e-01,-2.989854842157954273e+00,2.058651240398654547e+00,7.433776793722131071e-01,6.263183391774093778e+00,-9.050494339161518909e-01,6.414668007758904444e+00
8.365577051367578676e+00,-8.929729500787272900e-02,-4.727710141434823266e-01,2.787924869042307519e-03,1.953400922145269281e+00,-2.295744044869840184e-01,9.252164740276448696e-02,4.080839960073808781e-01,-3.466442757562164245e-01,-1.057919631360287660e+00,1.669707813429704979e-02,-5.142707833678648033e-01,9.808732814743670314e-01,-3.003737799175790979e+00,2.074628699517709673e+00,7.742733405022819149e-01,6.269221540351265887e+00,-9.023049660745773304e-01,6.394558584670205548e+00
8.372248165443629375e+00,-8.664185649764760688e-02,-4.750372360467395305e-01,-4.252119780590035703e-03,1.953651843538349864e+00,-2.330252176551012300e-01,9.920729845648462719e-02,3.880021152090845082e-01,-3.327515468354590444e-01,-1.052651466112192624e+00,5.853317420564940754e-02,-5.202792501667332647e-01,1.023460885444271717e+00,-3.016647922544326565e+00,2.090371664610170654e+00,8.051122227163409750e-01,6.272835924732968138e+00,-8.989284642910001510e-01,6.372955839010025159e+00
8.378919279519680074e+00,-8.412066656409081244e-02,-4.772104294449451833e-01,-1.125633415804014326e-02,1.954181920739264111e+00,-2.365160341977199931e-01,1.061765644728904084e-01,3.678373542604209678e-01,-3.187545997998323943e-01,-1.047177791125214252e+00,1.003852924787411172e-01,-5.262630980648259627e-01,1.065899382309907661e+00,-3.028585316627617541e+00,2.105871918870806603e+00,8.358833200714770317e-01,6.274024783771686486e+00,-8.949251049981961081e-01,6.349855619830028886e+00
8.385590393595730774e+00,-8.173425646792378818e-02,-4.792899045490149335e-01,-1.822334887475270115e-02,1.954991206653780900e+00,-2.400466759704845410e-01,1.134284173915518779e-01,3.475962009691877519e-01,-3.046550812728426871e-01,-1.041499095501667416e+00,1.422372488207858110e-01,-5.322181632429874298e-01,1.108178769641397832e+00,-3.039550456942682111e+00,2.121121222795894656e+00,8.665755584333094674e-01,6.272787326981512201e+00,-8.903003350021133633e-01,6.325254220068998734e+00
8.392261507671781473e+00,-7.948311420228626467e-02,-4.812749827381677115e-01,-2.515179805193309970e-02,1.956079646211086320e+00,-2.436169371749205004e-01,1.209617623455204183e-01,3.272851387375826926e-01,-2.904546929089590335e-01,-1.035615942435203163e+00,1.840728570649167173e-01,-5.381403191103448780e-01,1.150289021772211928e+00,-3.049544188476812412e+00,2.136111318290292438e+00,8.971778001327213037e-01,6.269123735084582094e+00,-8.850598679355939913e-01,6.299148381193596435e+00
8.398932621747832172e+00,-7.736768453033598947e-02,-4.831649969274266487e-01,-3.204031981619281932e-02,1.957447076371828576e+00,-2.472265846126892042e-01,1.287754375163232545e-01,3.069106441034669674e-01,-2.761551915038553684e-01,-1.029528969618981771e+00,2.258759354899068650e-01,-5.440254780722040273e-01,1.192220092806360654e+00,-3.058567723853447884e+00,2.150833932813461136e+00,9.276788486770830566e-01,6.263035160153666681e+00,-8.792096806010949450e-01,6.271535297684394550e+00
8.405603735823882872e+00,-7.538836903920584365e-02,-4.849592919357625376e-01,-3.888755679782061880e-02,1.959093226179385194e+00,-2.508753579515649035e-01,1.368682140091261878e-01,2.864791842943542610e-01,-2.617583890768313548e-01,-1.023238889622224201e+00,2.676303132995161982e-01,-5.498695932731778591e-01,1.233961919655044426e+00,-3.066622641347913625e+00,2.165280783562435918e+00,9.580674535139335202e-01,6.254523725350841445e+00,-8.727560092042963014e-01,6.242412621364339387e+00
8.412274849899933571e+00,-7.354552621023766057e-02,-4.866572248546951474e-01,-4.569215663145782813e-02,1.961017716854352111e+00,-2.545629700029663489e-01,1.452387957482471903e-01,2.659972147951348287e-01,-2.472661529252189461e-01,-1.016746490234820000e+00,3.093198370987671475e-01,-5.556686603148390802e-01,1.275504425101646966e+00,-3.073710882754161933e+00,2.179443581689791465e+00,9.883323148450229301e-01,6.243592524262282950e+00,-8.657053454804306547e-01,6.211778465567174834e+00
8.418945963975984270e+00,-7.183947150538888549e-02,-4.882581654171609387e-01,-5.245277245895917095e-02,1.963220061932215765e+00,-2.582891070108320752e-01,1.538858193932028939e-01,2.454711769305389923e-01,-2.326804056505631380e-01,-1.010052634779666780e+00,3.509283773643723792e-01,-5.614187189471657735e-01,1.316837520893937574e+00,-3.079834751103866175e+00,2.193314036554554924e+00,1.018462088488548467e+00,6.230245619829417159e+00,-8.580644327154300921e-01,6.179631409143218512e+00
8.425617078052034969e+00,-7.027047746971701314e-02,-4.897614963664616572e-01,-5.916806343423849923e-02,1.965699667444161136e+00,-2.620534289517204019e-01,1.628078542754847757e-01,2.249074954632824253e-01,-2.180031251562953298e-01,-1.003158262392397804e+00,3.924398349067629854e-01,-5.671158547331094368e-01,1.357951110862535060e+00,-3.084996908239250324e+00,2.206883860004047460e+00,1.048445390787487108e+00,6.214488042876840979e+00,-8.498402616637612539e-01,6.145970500299949180e+00
8.432288192128085669e+00,-6.883877384983327907e-02,-4.911666138251036817e-01,-6.583669522986193567e-02,1.968455832140957762e+00,-2.658555698459000860e-01,1.720034023562063696e-01,2.043125762089086361e-01,-2.032363446167947396e-01,-9.960643882682461703e-01,4.338381473208943184e-01,-5.727562006855870802e-01,1.398835094064350137e+00,-3.089200372241008186e+00,2.220144770684600921e+00,1.078270803561799607e+00,6.196325790237573017e+00,-8.410400663650775543e-01,6.110795260275155627e+00
8.438959306204136368e+00,-6.754454772820922548e-02,-4.924729276633338371e-01,-7.245734054518437883e-02,1.971487747759835152e+00,-2.696951380792796948e-01,1.814708982048102714e-01,1.836928036682495824e-01,-1.883821524175697815e-01,-9.887721038757116832e-01,4.751072954232526957e-01,-5.783359388762367992e-01,1.439479367950023736e+00,-3.092448514712875074e+00,2.233088498379063314e+00,1.107926879102324902e+00,6.175765822476389388e+00,-8.316713198617353697e-01,6.074105686840082008e+00
8.445630420280187067e+00,-6.638794367321154688e-02,-4.936798618671761618e-01,-7.902867961579584932e-02,1.974794499334237896e+00,-2.735717167359733581e-01,1.912087089989876199e-01,1.630545386784932327e-01,-1.734426920664130511e-01,-9.812825771367753580e-01,5.162313096722885852e-01,-5.838513020152724664e-01,1.479873831554152641e+00,-3.094745057924409792e+00,2.245706788368943219e+00,1.137402145204069459e+00,6.152816061212181609e+00,-8.217417298193679942e-01,6.035902257630349155e+00
8.452301534356237767e+00,-6.536906390475022421e-02,-4.947868549057843346e-01,-8.554940072405767260e-02,1.978375065546362332e+00,-2.774848639412968998e-01,2.012151345459411711e-01,1.424041160837715703e-01,-1.584201620754181472e-01,-9.735970525734362058e-01,5.571942765696813460e-01,-5.892985750018142621e-01,1.520008388707118296e+00,-3.096094071813477733e+00,2.257991405819189890e+00,1.166685110236725054e+00,6.127485386040373072e+00,-8.112592340525984769e-01,5.996185933302541571e+00
8.458972648432288466e+00,-6.448796847539159383e-02,-4.957933600979052557e-01,-9.201820071050526018e-02,1.982228319122314897e+00,-2.814341132150176561e-01,2.114884073251475649e-01,1.217478424262091186e-01,-1.433168158136402526e-01,-9.657168514202816301e-01,5.979803450397330744e-01,-5.946740964440544452e-01,1.559872951267427199e+00,-3.096499970850243422e+00,2.269934140183357485e+00,1.195764268250052886e+00,6.099783631056714839e+00,-8.002319959581811748e-01,5.954958160514117083e+00
8.465643762508339165e+00,-6.374467546680867569e-02,-4.966988459772637698e-01,-9.843378548589004629e-02,1.986353027269754268e+00,-2.854189738346430971e-01,2.220266925527572544e-01,1.010919936583410950e-01,-1.281349613303113255e-01,-9.576433717028942638e-01,6.385737327842750943e-01,-5.999742601486600657e-01,1.599457442373343419e+00,-3.095967510764312536e+00,2.281526809627075991e+00,1.224628104111879834e+00,6.069721580983812537e+00,-7.886683998577527221e-01,5.912220874724646080e+00
8.472314876584389864e+00,-6.313916120141493948e-02,-4.975027966566677451e-01,-1.047948705436210631e-01,1.990747852157835229e+00,-2.894389312085272614e-01,2.328280882677290498e-01,8.044281287784249557e-02,-1.128769611485183622e-01,-9.493780882818909639e-01,6.789587326103434517e-01,-6.051955165788036606e-01,1.638751799712538038e+00,-3.094501785136821947e+00,2.292761265467615495e+00,1.253265098676326517e+00,6.037310966902081688e+00,-7.765770462525706241e-01,5.867976502816391715e+00
8.478985990660440564e+00,-6.267136046903484803e-02,-4.982047121906382769e-01,-1.111001814723967668e-01,1.995411351439269954e+00,-2.934934472586177567e-01,2.438906254398545137e-01,5.980650808540499686e-02,-9.754523202917253499e-02,-9.409225528623705870e-01,7.191197187281417325e-01,-6.103343742802573857e-01,1.677745978808709904e+00,-3.092108221859337647e+00,2.303629396627388193e+00,1.281663733979980346e+00,6.002564461586779920e+00,-7.639667469924452670e-01,5.822227965532157157e+00
8.485657104736491263e+00,-6.234116676845280480e-02,-4.988041089363678959e-01,-1.173484544687742742e-01,2.000341978814293764e+00,-2.975819608125913063e-01,2.552122680997409576e-01,3.918924996670014593e-02,-8.214224470527675681e-02,-9.322783939686334342e-01,7.590411530165309673e-01,-6.153874012749763756e-01,1.716429956323765271e+00,-3.088792579461393295e+00,2.314123134099205004e+00,1.309812498463615471e+00,5.965495674453133113e+00,-7.508465203613068351e-01,5.774978679728723030e+00
8.492328218812541962e+00,-6.214843256367394431e-02,-4.993005199128042193e-01,-1.235384368494593932e-01,2.005538084636315332e+00,-3.017038880051811645e-01,2.667909134908923452e-01,1.859716969926145103e-02,-6.667052358633523967e-02,-9.234473168839683055e-01,7.987075912535196442e-01,-6.203512264216258787e-01,1.754793733374464981e+00,-3.084560943308698455e+00,2.324234455421030354e+00,1.337699892217069531e+00,5.926119146111613389e+00,-7.372255860817805706e-01,5.726232560443837549e+00
8.498999332888592662e+00,-6.209296955473291024e-02,-4.996934951576638140e-01,-1.296688875630783166e-01,2.010997916559008836e+00,-3.058586226884817405e-01,2.786243922439417542e-01,-1.963643214846211293e-03,-5.113264643289322509e-02,-9.144311035553863709e-01,8.381036893091575735e-01,-6.252225407425219261e-01,1.792827338862240660e+00,-3.079419721673940735e+00,2.333955389158068883e+00,1.365314432244902676e+00,5.884450342535632927e+00,-7.231133602411284889e-01,5.675994022775216585e+00
8.505670446964643361e+00,-6.217454896287047394e-02,-4.999826020821732109e-01,-1.357385777011898553e-01,2.016719620224580289e+00,-3.100455368509704157e-01,2.907104685731456417e-01,-2.248714308970412024e-02,-3.553124400118035098e-02,-9.052316124631744065e-01,8.772142092981722872e-01,-6.299980987164615076e-01,1.830520832814849896e+00,-3.073375641682273951e+00,2.343278019389912536e+00,1.392644657750377490e+00,5.840505648844125375e+00,-7.085194501411334889e-01,5.624267983569854579e+00
8.512341561040694060e+00,-6.239290182989859490e-02,-5.001674258233421710e-01,-1.417462910083181482e-01,2.022701239992952260e+00,-3.142639810450464921e-01,3.030468404952176842e-01,-4.296733016879433764e-02,-1.986899965778088362e-02,-8.958507784551243969e-01,9.160240256899168099e-01,-6.346747195369553118e-01,1.867864309738731077e+00,-3.066435745133597734e+00,2.352194490200546717e+00,1.419679135435391926e+00,5.794302362701515108e+00,-6.934536490743111736e-01,5.571059862921968531e+00
8.519012675116744759e+00,-6.274771933157317905e-02,-5.002475695935618694e-01,-1.476908243907555929e-01,2.028940719711533447e+00,-3.185132848228662827e-01,3.156311400705369419e-01,-6.339825270994214890e-02,-4.148648964352907864e-03,-8.862906125453744455e-01,9.545181313729889094e-01,-6.392492883353686484e-01,1.904847901980690761e+00,-3.058607384203757107e+00,2.360697010168912424e+00,1.446406464813842607e+00,5.745858687337936033e+00,-6.779259310289595941e-01,5.516375585478226817e+00
8.525683789192795459e+00,-6.323865310477741475e-02,-5.002226550273410899e-01,-1.535709884239111478e-01,2.035435903525322221e+00,-3.227927571801822437e-01,3.284609336668276036e-01,-8.377400904121390379e-02,1.162702076758048708e-02,-8.765532016777664026e-01,9.926816436720388159e-01,-6.437187573685141384e-01,1.941461783097627958e+00,-3.049898217026848268e+00,2.368777856857883446e+00,1.472815283536068165e+00,5.695193724192496809e+00,-6.619464453256742598e-01,5.460221581548791114e+00
8.532354903268846158e+00,-6.386531558831914923e-02,-5.000923225249604975e-01,-1.593856078579524160e-01,2.042184536726946664e+00,-3.271016870080261651e-01,3.415337222453316279e-01,-1.040887495869253221e-01,2.745517095181559952e-02,-8.666407084536408290e-01,1.030499810314232878e+00,-6.480801471702337668e-01,1.977696171233048972e+00,-3.040316203160989161e+00,2.376429381299204557e+00,1.498894272721731591e+00,5.642327465182830792e+00,-6.455255111878077656e-01,5.402604788022721038e+00
8.539026017344896857e+00,-6.462728037714456086e-02,-4.998562315928691269e-01,-1.651335221215229909e-01,2.049184266646363106e+00,-3.314393435519146225e-01,3.548469416695324563e-01,-1.243366788630419495e-01,4.333291223251345414e-02,-8.565553708240487563e-01,1.067958015342925115e+00,-6.523305476665570701e-01,2.013541332499006131e+00,-3.029869598939680664e+00,2.383644012472352358e+00,1.524632162298873883e+00,5.587280784603963824e+00,-6.286736122485367950e-01,5.343532649086672137e+00
8.545697131420947557e+00,-6.552408258975857269e-02,-4.995140611806050956e-01,-1.708135858232816551e-01,2.056432643579802821e+00,-3.358049768783985534e-01,3.683979630364508928e-01,-1.445120574411817849e-01,5.925730501912063186e-02,-8.462995017463241787e-01,1.105041784976056318e+00,-6.564671192540028066e-01,2.048987584362193637e+00,-3.018566952711254636e+00,2.390414261774873594e+00,1.550017736346476660e+00,5.530075430660059688e+00,-6.114013909970925642e-01,5.283013116745548743e+00
8.552368245496998256e+00,-6.655521924864066241e-02,-4.990655100140474754e-01,-1.764246692510322567e-01,2.063927121757614724e+00,-3.401978183486804030e-01,3.821840930305351325e-01,-1.646092038804916058e-01,7.522536005107993695e-02,-8.358754888050106135e-01,1.141736793406844530e+00,-6.604870938406380843e-01,2.084025299032849166e+00,-3.006417099968729634e+00,2.396732727481989844e+00,1.575039838438099915e+00,5.470734016632512464e+00,-5.937196431668275709e-01,5.221054651144075187e+00
8.559039359573048955e+00,-6.772014967343936709e-02,-4.985102969248103588e-01,-1.819656588682104781e-01,2.071665060350615040e+00,-3.446170810990262234e-01,3.962025743001773570e-01,-1.846224966266871159e-01,9.123403899222282121e-02,-8.252857937971496138e-01,1.178028868544355845e+00,-6.643877758495184693e-01,2.118644906855120080e+00,-2.993429158372464371e+00,2.402592099193264108e+00,1.599687376984157750e+00,5.409280011688053058e+00,-5.756393120678153785e-01,5.157666220688296832e+00
8.565710473649099654e+00,-6.901829588672223070e-02,-4.978481611755596892e-01,-1.874354578074765021e-01,2.079643724514509628e+00,-3.490619605277828774e-01,4.104505858568346932e-01,-2.045463758775188934e-01,1.072802550548147549e-01,-8.145329522819333423e-01,1.213903997691553549e+00,-6.681665431841300462e-01,2.152836899697586848e+00,-2.979612522668228181e+00,2.407985162263869494e+00,1.623949330570142013e+00,5.345737731330872045e+00,-5.571714828666034514e-01,5.092857301965974415e+00
8.572381587725150354e+00,-7.044904303205926088e-02,-4.970788627810804883e-01,-1.928329863611937256e-01,2.087860286471993732e+00,-3.535316347886684474e-01,4.249252434967794589e-01,-2.243753454140153814e-01,1.233608736530691363e-01,-8.036195730947713889e-01,1.249348333158486479e+00,-6.718208481555172362e-01,2.186591834342565654e+00,-2.964976859503023476e+00,2.412904802218416300e+00,1.647814753288508571e+00,5.280132327502553125e+00,-5.383273768158981509e-01,5.026637879465134517e+00
8.579052701801201053e+00,-7.201173980420519372e-02,-4.962021828248812105e-01,-1.981571824685393335e-01,2.096311826632067277e+00,-3.580252652901538823e-01,4.396236002454300684e-01,-2.441039743967831077e-01,1.394727130860596853e-01,-7.925483378258201261e-01,1.284348197808266701e+00,-6.753482183707433251e-01,2.219900335872867281e+00,-2.949532102141346535e+00,2.417344009144886563e+00,1.671272780061510588e+00,5.212489778334175483e+00,-5.191183454368051287e-01,4.959018445089988347e+00
8.585723815877251752e+00,-7.370569889114772510e-02,-4.952179237711418214e-01,-2.034070021990275479e-01,2.104995334746124769e+00,-3.625419972006212466e-01,4.545426468243017881e-01,-2.637268991267723850e-01,1.556125452498847705e-01,-7.813220002630192340e-01,1.318890090533557213e+00,-6.787462575824005917e-01,2.252753101054674634e+00,-2.933288445084433871e+00,2.421295882066470728e+00,1.694312631952588077e+00,5.142836877554690211e+00,-4.995558646564802752e-01,4.890009997473353742e+00
8.592394929953302452e+00,-7.553019742778037393e-02,-4.941259097718210813e-01,-2.085814202321857602e-01,2.113907711100330822e+00,-3.670809599590637573e-01,4.696793121404548854e-01,-2.832388247697757433e-01,1.717770963788785021e-01,-7.699433857997759478e-01,1.352960691661206027e+00,-6.820126464988611747e-01,2.285140901715084105e+00,-2.916256338595141884e+00,2.424753633289058463e+00,1.716923621463699590e+00,5.071201223560275473e+00,-4.796515289038726926e-01,4.819624041085370791e+00
8.599066044029353151e+00,-7.748447746095710187e-02,-4.929259869687160900e-01,-2.136794303331738809e-01,2.123045767743813705e+00,-3.716412677910533868e-01,4.850304637985096701e-01,-3.026345270441495039e-01,1.879630478157757745e-01,-7.584153908073287820e-01,1.386546868282909628e+00,-6.851451435550172109e-01,2.317054588113092173e+00,-2.898446483131117635e+00,2.427710592722078342e+00,1.739095157816158865e+00,4.997611208148959427e+00,-4.594170451663729393e-01,4.747872585137522528e+00
8.605737158105403850e+00,-7.956774642568267830e-02,-4.916180237902890715e-01,-2.187000458240918599e-01,2.132406229752162208e+00,-3.762220202297406058e-01,5.005929086350772161e-01,-3.219088538710612180e-01,2.041670368105934497e-01,-7.467409819719652564e-01,1.419635679509585913e+00,-6.881415856432395728e-01,2.348485092302553312e+00,-2.879869823688985253e+00,2.430160212170438427e+00,1.760816752212364333e+00,4.922096004925513135e+00,-4.388642270100857612e-01,4.674768142281912731e+00
8.612408272181454549e+00,-8.177917763218646441e-02,-4.902019112430767711e-01,-2.236423000507544168e-01,2.141985736525723105e+00,-3.808223026415579193e-01,5.163633932756264144e-01,-3.410567269867401108e-01,2.203856573480256209e-01,-7.349231955972029828e-01,1.452214381647318753e+00,-6.909998888043444865e-01,2.379423431485772511e+00,-2.860537544062229820e+00,2.432096069595396148e+00,1.782078023076035356e+00,4.844685557381269270e+00,-4.180049885666291543e-01,4.600323727105290139e+00
8.619079386257505249e+00,-8.411791076361919972e-02,-4.886775631974716871e-01,-2.285052468446862883e-01,2.151780843122145903e+00,-3.854411867564435656e-01,5.323386047136655641e-01,-3.600731435161234062e-01,2.366154610031834249e-01,-7.229651368710898751e-01,1.484270433292702585e+00,-6.937180488783238896e-01,2.409860711356388130e+00,-2.840461061015693289e+00,2.433511873341926091e+00,1.802868701268232066e+00,4.765410566654116664e+00,-3.968513384891707574e-01,4.524552854417533965e+00
8.625750500333555948e+00,-8.658305238412050686e-02,-4.870449166677150998e-01,-2.332879609801216669e-01,2.161788021622652156e+00,-3.900777312022296606e-01,5.485151709122051411e-01,-3.789531775073857744e-01,2.528529578253877474e-01,-7.108699790987980105e-01,1.515791500345482046e+00,-6.962941421146812138e-01,2.439788129430116026e+00,-2.819652018379299907e+00,2.434401466330594399e+00,1.823178635276896609e+00,4.684302478973570771e+00,-3.754153738806006446e-01,4.447469537334562517e+00
8.632421614409606647e+00,-8.917367645699245116e-02,-4.853039320858928973e-01,-2.379895386257646905e-01,2.172003662531473811e+00,-3.947309820429947269e-01,5.648896614273792860e-01,-3.976919814267954600e-01,2.690946172498231981e-01,-6.986409629006899991e-01,1.546765460936410541e+00,-6.987263257421597595e-01,2.469196978362055983e+00,-2.798122281063982975e+00,2.434758830211531944e+00,1.842997796377214170e+00,4.601393472796363682e+00,-3.537092741965894849e-01,4.369088285155465101e+00
8.639092728485657346e+00,-9.188882487270866317e-02,-4.834545935697567298e-01,-2.426090977910853319e-01,2.182424076207853059e+00,-3.993999733210807923e-01,5.814585880541582874e-01,-4.162847876133995428e-01,2.853368690367673599e-01,-6.862813953760669161e-01,1.577180410268263833e+00,-7.010128384977296623e-01,2.498078649249131811e+00,-2.775883929002648465e+00,2.434578089478343532e+00,1.862316283760371061e+00,4.516716445637946720e+00,-3.317452951264097116e-01,4.289424101033906034e+00
8.645763842561708046e+00,-9.472750798649615112e-02,-4.814969091841976856e-01,-2.471457787669269768e-01,2.193045494330067235e+00,-4.040837276024766833e-01,5.982184054940352658e-01,-4.347269096930546084e-01,3.015761042381108759e-01,-6.737946492328126258e-01,1.607024665368009808e+00,-7.031520011146866755e-01,2.526424634916308420e+00,-2.752949251018990573e+00,2.433853515539858847e+00,1.881124329628290681e+00,4.430305000605335053e+00,-3.095357624543859654e-01,4.208492479443945555e+00
8.652434956637758745e+00,-9.768870516520856973e-02,-4.794309111961672087e-01,-2.515987445601868822e-01,2.203864071390833068e+00,-4.087812565253599595e-01,6.151655120445767011e-01,-4.530137439513096109e-01,3.178086761909159064e-01,-6.611841618831709733e-01,1.636286769748146241e+00,-7.051422167697394272e-01,2.554226533185225634e+00,-2.729330738627239406e+00,2.432579530747305707e+00,1.899412304251668182e+00,4.342193432637185602e+00,-2.870930659047566946e-01,4.126309403440340695e+00
8.659106070713809444e+00,-1.007713653432234790e-01,-4.772566563228945458e-01,-2.559671813223600156e-01,2.214875886223517831e+00,-4.134915613514412169e-01,6.322962503107256715e-01,-4.711407706647191551e-01,3.340309015376652368e-01,-6.484534345059080884e-01,1.664955497975294296e+00,-7.069819714889952200e-01,2.581476050123861388e+00,-2.705041079765587941e+00,2.430750712375022715e+00,1.917170720989093136e+00,4.252416714456639824e+00,-2.644296529728672462e-01,4.042891341713726661e+00
8.665777184789860144e+00,-1.039744075870803058e-01,-4.749742259732027683e-01,-2.602502987717099092e-01,2.226076943558492172e+00,-4.182136335199192478e-01,6.496069079376911581e-01,-4.891035553901179056e-01,3.502390612729141539e-01,-6.356060310751379117e-01,1.693019860144135080e+00,-7.086698345127425691e-01,2.608165003275872085e+00,-2.680093152466421547e+00,2.428361796552316321e+00,1.934390241264579924e+00,4.161010482243058028e+00,-2.415580227454452444e-01,3.958255245441005599e+00
8.672448298865910843e+00,-1.072967216685780933e-01,-4.725837264817528971e-01,-2.644473306088556686e-01,2.237463175609033961e+00,-4.229464552037081049e-01,6.670937183653542490e-01,-5.068977502115026290e-01,3.664294018160197952e-01,-6.226455773560630735e-01,1.720469106254864045e+00,-7.102044586189945052e-01,2.634285324868257394e+00,-2.654500018466244615e+00,2.425407682144438581e+00,1.951061679501199908e+00,4.068011021028482332e+00,-2.184907197129212220e-01,3.872418544931207851e+00
8.679119412941961542e+00,-1.107371686460464355e-01,-4.700852893360550899e-01,-2.685575349255412414e-01,2.249030443686081515e+00,-4.276889998676908222e-01,6.847528616039376681e-01,-5.245190949440393657e-01,3.825981361095462385e-01,-6.095757598679915068e-01,1.747292730492265855e+00,-7.115845804057221446e-01,2.659829064995922643e+00,-2.628274916758390312e+00,2.421883434580560657e+00,1.967176008008301835e+00,3.973455249825268876e+00,-1.952403275765768331e-01,3.785399146067778275e+00
8.685790527018012241e+00,-1.142945814535063498e-01,-4.674790713960573219e-01,-2.725801946063876047e-01,2.260774539841219788e+00,-4.324402328287130781e-01,7.025804650308978827e-01,-5.419634182949306656e-01,3.987414447430627229e-01,-5.964003248148789238e-01,1.773480475404752177e+00,-7.128090205317776373e-01,2.684788394781875809e+00,-2.601431257091464389e+00,2.417784289626597971e+00,1.982724361819967029e+00,3.877380706490791695e+00,-1.718194630534022327e-01,3.697215426547398209e+00
8.692461641094062941e+00,-1.179677654974323892e-01,-4.647652551061582371e-01,-2.765146177233982483e-01,2.272691188537194762e+00,-4.371991118170683865e-01,7.205726042087691186e-01,-5.592266389807019067e-01,4.148554771019051790e-01,-5.831230769837828509e-01,1.799022335981547815e+00,-7.138766839164714106e-01,2.709155609511638474e+00,-2.573982613416634813e+00,2.413105657100807377e+00,1.997698043482234898e+00,3.779825532335879146e+00,-1.482407696814402320e-01,3.607886231916456854e+00
8.699132755170113640e+00,-1.217554992608170378e-01,-4.619440486994764727e-01,-2.803601379230101776e-01,2.284776048345290356e+00,-4.419645875391360335e-01,7.387253037238569187e-01,-5.763047668006292534e-01,4.309363525405187634e-01,-5.697478786115481864e-01,1.823908563626347679e+00,-7.147865598978582202e-01,2.732923131740529588e+00,-2.545942717286787449e+00,2.407843124530169909e+00,2.012088527786797698e+00,3.680828456483338229e+00,-1.245169116286072852e-01,3.517430871405793358e+00
8.705803869246164339e+00,-1.256565349142561572e-01,-4.590156863942069232e-01,-2.841161148054829333e-01,2.297024713668861740e+00,-4.467356042409882377e-01,7.570345380455476558e-01,-5.931939036659704678e-01,4.469801615800128580e-01,-5.562786482201041993e-01,1.848129670025852267e+00,-7.155377223497115802e-01,2.756083514372532850e+00,-2.517325451210654208e+00,2.401992460745391078e+00,2.025887466448714314e+00,3.580428779983132692e+00,-1.006605675076007733e-01,3.425869113564601776e+00
8.712474983322215039e+00,-1.296695989337427746e-01,-4.559804285819107350e-01,-2.877819342964085814e-01,2.309432716492316739e+00,-4.515111002725868961e-01,7.754962324060752366e-01,-6.098902445847302900e-01,4.629829671294628524e-01,-5.427193594207445626e-01,1.871676430911483280e+00,-7.161293297572952632e-01,2.778629443709307978e+00,-2.488144841965023168e+00,2.395549619412602915e+00,2.039086692725849304e+00,3.478666359691069410e+00,-7.668442420001736481e-02,3.333221181694530522e+00
8.719146097398265738e+00,-1.337933927248902699e-01,-4.528385620075826012e-01,-2.913570090101468280e-01,2.321995528154836563e+00,-4.562900086523939969e-01,7.941062637004974167e-01,-6.263900786016592948e-01,4.789408057305692967e-01,-5.290740396878016449e-01,1.894539889712832492e+00,-7.165606252519457486e-01,2.800553742468136598e+00,-2.458415053868075795e+00,2.388510742499740935e+00,2.051678225977712433e+00,3.375581591917565571e+00,-5.260117069218350760e-02,3.239507749085047905e+00
8.725817211474316437e+00,-1.380265932532704631e-01,-4.495903999413268792e-01,-2.948407786049767054e-01,2.334708561148102657e+00,-4.610712576320490363e-01,8.128604614067480583e-01,-6.426897896932923793e-01,4.948496888252270076e-01,-5.153467691020967578e-01,1.916711361101262279e+00,-7.168309366046011766e-01,2.821849372767395892e+00,-2.428150382017049580e+00,2.380872163675569197e+00,2.063654276161353440e+00,3.271215395853527497e+00,-2.842349192578130790e-02,3.144749934051040974e+00
8.732488325550367136e+00,-1.423678536805776662e-01,-4.462362823415217949e-01,-2.982327101297682637e-01,2.347567170937297831e+00,-4.658537712608709636e-01,8.317546085254350352e-01,-6.587858576177251235e-01,5.107056040455173473e-01,-5.015416790646334277e-01,1.938182434422212275e+00,-7.169396761783507488e-01,2.842509439078273914e+00,-2.397365245493253028e+00,2.372630411639568671e+00,2.075007248262139115e+00,3.165609196780262202e+00,-4.164062665883982994e-03,3.048969294774253047e+00
8.739159439626417836e+00,-1.468158040063021752e-01,-4.427765760092869374e-01,-3.015322983619693753e-01,2.360566657804610280e+00,-4.706364699499173687e-01,8.507844425392434573e-01,-6.746748587189774771e-01,5.265045165256900805e-01,-4.876629509809553564e-01,1.958944977014793531e+00,-7.168863408401461301e-01,2.862527191141419181e+00,-2.366074180537709459e+00,2.363782213380552388e+00,2.085729746656990180e+00,3.058804909070634626e+00,2.016445861068938417e-02,2.952187823949546708e+00
8.745830553702468535e+00,-1.513690517146243919e-01,-4.392116747341298089e-01,-3.047390661367257447e-01,2.373702268714531716e+00,-4.754182710353063168e-01,8.699456563916962981e-01,-6.903534666857625846e-01,5.422423702356533592e-01,-4.737148149166064970e-01,1.978991137417321688e+00,-7.166705118318245082e-01,2.881896026847235781e+00,-2.334291833700429919e+00,2.354324497362267898e+00,2.095814579407991651e+00,2.950844918988354770e+00,4.454943580398318392e-02,2.854427943237438647e+00
8.752501667778519234e+00,-1.560261824262159369e-01,-4.355419994306383158e-01,-3.078525646669323379e-01,2.386969199200130287e+00,-4.801980893405505268e-01,8.892338994849449119e-01,-7.058184532644250497e-01,5.579150893354353213e-01,-4.597015482242196582e-01,1.998313348457426253e+00,-7.162918546005845322e-01,2.900609495078516176e+00,-2.302032954966542810e+00,2.344254396634148474e+00,2.105254762484146447e+00,2.841772067292972270e+00,6.897826125371631090e-02,2.755712497524762217e+00
8.759172781854569934e+00,-1.607857605546456625e-01,-4.317679982660496685e-01,-3.108723738540350445e-01,2.400362595269571298e+00,-4.849748377376221220e-01,9.086447786964695350e-01,-7.210666889260143320e-01,5.735185795501835937e-01,-4.456274741426486385e-01,2.016904330225515629e+00,-7.157501185891232964e-01,2.918661298514176217e+00,-2.269312390862404438e+00,2.333569251865217353e+00,2.114043523909024280e+00,2.731629631657567003e+00,9.343836177352426997e-02,2.656064748994425351e+00
8.765843895930620633e+00,-1.656463299670765665e-01,-4.278901467785980461e-01,-3.137981025893918918e-01,2.413877555332057945e+00,-4.897474277064859938e-01,9.281738594142741050e-01,-7.360951434872509136e-01,5.890487295650996824e-01,-4.314969603687262012e-01,2.034757092930311373e+00,-7.150451369856110073e-01,2.936045296392756132e+00,-2.236145077544892334e+00,2.322266614299537402e+00,2.122174307832231044e+00,2.620461308906960163e+00,1.179172046539018748e-01,2.555508371006633972e+00
8.772515010006671332e+00,-1.706064146489574829e-01,-4.239089479864779353e-01,-3.166293890460199489e-01,2.427509132142447790e+00,-4.945147698928238356e-01,9.478166665904449451e-01,-7.509008866853937869e-01,6.045014124398572219e-01,-4.173144176020825435e-01,2.051864939635339447e+00,-7.141768264337435834e-01,2.952755507234510191e+00,-2.202546033876956688e+00,2.310344248631295727e+00,2.129640778522557731e+00,2.508311197083478383e+00,1.424023036311434787e-01,2.454067441792698645e+00
8.779186124082722031e+00,-1.756645193723939125e-01,-4.198249324873127297e-01,-3.193659009605436250e-01,2.441252334763710952e+00,-4.992757746637127569e-01,9.675686858126836265e-01,-7.654810887068437264e-01,6.198724870419149990e-01,-4.030842980636173412e-01,2.068221468875222513e+00,-7.131451867030766945e-01,2.968786111520805626e+00,-2.168530354492657963e+00,2.297800135797831267e+00,2.136436824280687485e+00,2.395223777348157057e+00,1.668812248196366310e-01,2.351766437963695999e+00
8.785857238158772731e+00,-1.808191303678879369e-01,-4.156386585480046358e-01,-3.220073359051743300e-01,2.455102130546439554e+00,-5.040293526609370689e-01,9.874253643935891889e-01,-7.798330206694713551e-01,6.351577994981739694e-01,-3.888110939881310735e-01,2.083820577150685693e+00,-7.119503003199422198e-01,2.984131454329581157e+00,-2.134113202854806879e+00,2.284632475688969322e+00,2.142556561269489457e+00,2.281243895724886617e+00,1.913415926046935223e-01,2.248630227835742623e+00
8.792528352234823430e+00,-1.860687159991475104e-01,-4.113507121848327119e-01,-3.245534215495513575e-01,2.469053447124601064e+00,-5.087744153517523849e-01,1.007382112477364311e+00,-7.939540550586094980e-01,6.503531846644482473e-01,-3.744993360916903380e-01,2.098656461301309228e+00,-7.105923321591574027e-01,2.998786047925709575e+00,-2.099309804308354011e+00,2.270839689770853376e+00,2.147994337259762965e+00,2.166416744695132568e+00,2.157710954934943803e-01,2.144684064573856297e+00
8.799199466310874129e+00,-1.914117274406414992e-01,-4.069617072336961239e-01,-3.270039159122704597e-01,2.483101174426700641e+00,-5.135098755767475431e-01,1.027434304163652001e+00,-8.078416661167071577e-01,6.654544676121243452e-01,-3.601535920142887592e-01,2.112723620754976217e+00,-7.090715289968889667e-01,3.012744574304974776e+00,-2.064135439132738892e+00,2.256420423622769178e+00,2.152744735289521483e+00,2.050787844651196234e+00,2.401574919212273729e-01,2.039953579156589036e+00
8.805870580386924829e+00,-1.968465993576058171e-01,-4.024722854103838232e-01,-3.293586076019479059e-01,2.497240166701542030e+00,-5.182346480946363743e-01,1.047577278648174071e+00,-8.214934301866214650e-01,6.804574651314629907e-01,-3.457784647383987942e-01,2.126016859653176105e+00,-7.073882190249006774e-01,3.026001887690567660e+00,-2.028605435596235296e+00,2.241373549385297537e+00,2.156802577234835816e+00,1.934403025215564398e+00,2.644886160101228567e-01,1.934464773163560469e+00
8.812541694462975528e+00,-2.023717505881839074e-01,-3.978831163607520205e-01,-3.316173160476525994e-01,2.511465244557747667e+00,-5.229476501236578478e-01,1.067806341379893942e+00,-8.349070260086239870e-01,6.953579872509391135e-01,-3.313785909839850885e-01,2.138531288851256207e+00,-7.055428113265782564e-01,3.038553016980853894e+00,-1.992735163015525002e+00,2.225698168118201092e+00,2.160162927290281587e+00,1.817308406434384960e+00,2.887523832785565681e-01,1.828244011388013623e+00
8.819212808539026227e+00,-2.079855848273935992e-01,-3.931948977007321266e-01,-3.337798917185575975e-01,2.525771197016208891e+00,-5.276478018793568925e-01,1.088116765234300898e+00,-8.480802349710918620e-01,7.101518387719920611e-01,-3.169586395806207602e-01,2.150262327792803241e+00,-7.035357953150200849e-01,3.050393168147302436e+00,-1.956540024823531621e+00,2.209393612066669288e+00,2.162821095357206680e+00,1.699550379852923232e+00,3.129367962978198969e-01,1.721318014277024133e+00
8.825883922615076926e+00,-2.136864913126094723e-01,-3.884083550460358802e-01,-3.358462163326519923e-01,2.540152783574605611e+00,-5.323340271084998632e-01,1.108503791702540209e+00,-8.610109413150104363e-01,7.248348208185859676e-01,-3.025233098173182311e-01,2.161205706257414150e+00,-7.013677401335820516e-01,3.061517726581394427e+00,-1.920035451648756553e+00,2.192459446834222447e+00,2.164772640337813137e+00,1.581175589481111921e+00,3.370299502939535508e-01,1.613713850201509814e+00
8.832555036691127626e+00,-2.194728455102620823e-01,-3.835242420314748379e-01,-3.378162030543757632e-01,2.554604736283176525e+00,-5.370052536188594239e-01,1.128962632096053520e+00,-8.736971322923743344e-01,7.394027324009675439e-01,-2.880773297706772373e-01,2.171357465981145651e+00,-6.990392940192462490e-01,3.071922259389411103e+00,-1.883236894409078266e+00,2.174895473460956907e+00,2.166013373333364189e+00,1.462230912656924620e+00,3.610200386921744720e-01,1.505458927558500637e+00
8.839226150767178325e+00,-2.253430098034328033e-01,-3.785433403198180669e-01,-3.396897966810310532e-01,2.569121761830858386e+00,-5.416604138046290373e-01,1.149488468766289628e+00,-8.861368982785200465e-01,7.538513719929398338e-01,-2.736254546120572284e-01,2.180713962148967955e+00,-6.965511836291857772e-01,3.081602517633991400e+00,-1.846159817423196570e+00,2.156701730405786943e+00,2.166539360744753395e+00,1.342763440815960108e+00,3.848953586014399741e-01,1.396580986708608751e+00
8.845897264843229024e+00,-2.312953341800517149e-01,-3.734664596000620840e-01,-3.414669738178287561e-01,2.583698543640970069e+00,-5.462984451672275865e-01,1.170076456339260940e+00,-8.983284328386389461e-01,7.681765391220660710e-01,-2.591724648943628528e-01,2.189271864758660868e+00,-6.939042133309685223e-01,3.090554438521344149e+00,-1.808819691542785879e+00,2.137878495431086989e+00,2.166346927273567147e+00,1.222820460175079837e+00,4.086443162366643067e-01,1.287108091750767347e+00
8.852568378919279724e+00,-2.373281569213821496e-01,-3.682944375750737409e-01,-3.431477430414459073e-01,2.598329743975547945e+00,-5.509182908312477700e-01,1.190721722964439344e+00,-9.102700327484810616e-01,7.823740359720946502e-01,-2.447231648191715569e-01,2.197028159855566543e+00,-6.910992644567771626e-01,3.098774147533081891e+00,-1.771231987308367506e+00,2.118426287388708751e+00,2.165432658822153300e+00,1.102449432338366009e+00,4.322554322762680590e-01,1.177068622137570131e+00
8.859239492995330423e+00,-2.434398052904918064e-01,-3.630281399384859831e-01,-3.447321450519515995e-01,2.613010006047494560e+00,-5.555189000553034662e-01,1.211419371577737047e+00,-9.219600979695528054e-01,7.964396689969741594e-01,-2.302823804848382894e-01,2.203980150637725899e+00,-6.881372945221444493e-01,3.106257960501547011e+00,-1.733412168132045794e+00,2.098345867905800688e+00,2.163793405290833860e+00,9.816979748336059908e-01,4.557173471525376440e-01,1.066491264133480055e+00
8.865910607071381122e+00,-2.496285962204085329e-01,-3.576684603407962459e-01,-3.462202528129904033e-01,2.627733956139667537e+00,-5.600992287375651246e-01,1.232164481178112947e+00,-9.333971315788909262e-01,8.103692505457802397e-01,-2.158549581163025088e-01,2.210125458430985290e+00,-6.850193364095868986e-01,3.113002385627696267e+00,-1.695375683510017550e+00,2.077638242969372939e+00,2.161426283270802884e+00,8.606138415873203495e-01,4.790188262726648993e-01,9.554050021191098363e-01
8.872581721147431821e+00,-2.558928370016559928e-01,-3.522163203445951019e-01,-3.476121716800946171e-01,2.642496205730035186e+00,-5.646582399157080712e-01,1.252952108117457053e+00,-9.445797396536848023e-01,8.241586004978648239e-01,-2.014457622772644063e-01,2.215462023533633751e+00,-6.817464975176881214e-01,3.119004125440418385e+00,-1.657137962267941633e+00,2.056304664408388660e+00,2.158328678631117548e+00,7.392449033467498598e-01,5.021487651679273911e-01,8.438391097443980193e-01
8.879252835223482521e+00,-2.622308259688699295e-01,-3.466726693688508831e-01,-3.489080395170158777e-01,2.657291353622031949e+00,-5.691949042610968679e-01,1.273777287403336400e+00,-9.555066311109342569e-01,8.378035479075571779e-01,-1.870596740654791867e-01,2.219988105930309708e+00,-6.783199588760325804e-01,3.124260078696389442e+00,-1.618714405842104131e+00,2.034346631272171635e+00,2.154498248998227616e+00,6.176391280568709341e-01,5.250961945689662791e-01,7.318231409337048188e-01
8.885923949299533220e+00,-2.686408531861946836e-01,-3.410384846221817812e-01,-3.501080267999564510e-01,2.672113988079242830e+00,-5.737082005669337237e-01,1.294635034014240960e+00,-9.661766175024564252e-01,8.512999326577018744e-01,-1.727015892918576379e-01,2.223702285874853857e+00,-6.747409742265807475e-01,3.128767342219374470e+00,-1.580120381599412038e+00,2.011765891103980408e+00,2.149932926126532529e+00,4.958445612008947068e-01,5.478502854047203607e-01,6.193869207458171378e-01
8.892595063375583919e+00,-2.751212011311625627e-01,-3.353147710250938274e-01,-3.512123367096098847e-01,2.686958688963526853e+00,-5.781971162301760003e-01,1.315520344226847937e+00,-9.765886127654045401e-01,8.646436071213429164e-01,-1.583764166441354315e-01,2.226603464341920358e+00,-6.710108690719144287e-01,3.132523212678143487e+00,-1.541371216199061145e+00,1.988564441108902070e+00,2.144630918158696442e+00,3.739093061123469064e-01,5.704003537229900278e-01,5.065605360923224332e-01
8.899266177451634618e+00,-2.816701453767672669e-01,-3.295025611210792293e-01,-3.522212052108943947e-01,2.701820029875730889e+00,-5.826606477269959949e-01,1.336428196954998260e+00,-9.867416329287156396e-01,8.778304378308485756e-01,-1.440890758358167600e-01,2.228690863347176254e+00,-6.671310396909568841e-01,3.135525188301954813e+00,-1.502482188998865764e+00,1.964744529214721425e+00,2.138590711774110531e+00,2.518815042670678461e-01,5.927358655303706092e-01,3.933743263170705884e-01
8.905937291527685318e+00,-2.882859552714263085e-01,-3.236029149765832780e-01,-3.531349011202962185e-01,2.716692580298097237e+00,-5.870978010815617321e-01,1.357353555099857445e+00,-9.966347957756698239e-01,8.908563071537533018e-01,-1.298444957411722944e-01,2.229964026135978106e+00,-6.631029521226581291e-01,3.137770970532772985e+00,-1.463468525509078022e+00,1.940308655025138940e+00,2.131811074224402969e+00,1.298093155634349460e-01,6.148464415494822033e-01,2.798588736405460686e-01
8.912608405603736017e+00,-2.949668946165476258e-01,-3.176169200697557260e-01,-3.539537261607229035e-01,2.731570907737470577e+00,-5.915075923279413672e-01,1.378291366910898486e+00,-1.006267320462978176e+00,9.037171149745830689e-01,-1.156476125170498026e-01,2.230422817240484079e+00,-6.589281411182335013e-01,3.139258465613285587e+00,-1.424345390896661900e+00,1.915259570664123334e+00,2.124291055254487581e+00,7.740898599218060117e-03,6.367218618914070039e-01,1.660449934721734966e-01
8.919279519679786716e+00,-3.017112223414171179e-01,-3.115456911679611585e-01,-3.546780150037859292e-01,2.746449579868483593e+00,-5.958890479649070482e-01,1.399236567357294625e+00,-1.015638527096722310e+00,9.164087803819709332e-01,-1.015033677122256783e-01,2.230067422405203281e+00,-6.546082090625281458e-01,3.139985786109843691e+00,-1.385127883542703886e+00,1.889600281510665170e+00,2.116029988908057380e+00,-1.142756090469316255e-01,6.583520706412964163e-01,5.196372459394127397e-02
8.925950633755837416e+00,-3.085171931751039542e-01,-3.053903701940396953e-01,-3.553081352994343911e-01,2.761323166675769603e+00,-6.002412054034442779e-01,1.420184079509185793e+00,-1.024747836265453627e+00,9.289272433602849821e-01,-8.741670636513154680e-02,2.228898348381031624e+00,-6.501448248650669726e-01,3.139951252369541645e+00,-1.345831028655896544e+00,1.863334046823170942e+00,2.107027495216320823e+00,-2.361921105207213101e-01,6.797271803551657721e-01,-6.235368078079828180e-02
8.932621747831888115e+00,-3.153830583151219225e-01,-2.991521260812401994e-01,-3.558444876928561484e-01,2.776186242594395281e+00,-6.045631134067641632e-01,1.441128815928523155e+00,-1.033594768530946117e+00,9.412684664850661242e-01,-7.339257509068353169e-02,2.226916422587909672e+00,-6.455397228214327932e-01,3.139153393910510292e+00,-1.306469771944787750e+00,1.836464380252482709e+00,2.097283481768722702e+00,-3.579605693761742091e-01,7.008374764659133227e-01,-1.768757670703642315e-01
8.939292861907938814e+00,-3.223070660925414499e-01,-2.928321546168631273e-01,-3.562875058285888130e-01,2.791033388647583990e+00,-6.088538325226253711e-01,1.462065680068888485e+00,-1.042178943876869157e+00,9.534284366215095563e-01,-5.943592015704379783e-02,2.224122792646248570e+00,-6.407947014455250834e-01,3.137590950744757468e+00,-1.267058973351552931e+00,1.808995050243101588e+00,2.086798145164747265e+00,-4.795330292298792818e-01,7.216734215966841282e-01,-2.915708855054410797e-01
8.945963975983989513e+00,-3.292874626332921162e-01,-2.864316782745399137e-01,-3.566376563417613665e-01,2.805859194580878402e+00,-6.131124355077579580e-01,1.482989567683969279e+00,-1.050500081115938400e+00,9.654031666252433919e-01,-4.555168555309213607e-02,2.220518925777373642e+00,-6.359116222734056967e-01,3.135262874632623209e+00,-1.227613400850033232e+00,1.780930080321637909e+00,2.075571972345555682e+00,-6.008616333772485163e-01,7.422256597796454969e-01,-4.064072044242290627e-01
8.952635090060040213e+00,-3.363224925153695533e-01,-2.799519460351705957e-01,-3.568954388364217745e-01,2.820658260991876887e+00,-6.173380077442394143e-01,1.503895368244134723e+00,-1.058557997255865191e+00,9.771886970446604925e-01,-3.174481104742243875e-02,2.216106608073252993e+00,-6.308924086392655450e-01,3.132168330268262579e+00,-1.188147724310642861e+00,1.752273749272048153e+00,2.063605741804619420e+00,-7.218986443627068983e-01,7.624850205784970969e-01,-5.213527196780571860e-01
8.959306204136090912e+00,-3.434103994216779476e-01,-2.733942331965060757e-01,-3.570613858508854266e-01,2.835425201454656818e+00,-6.215296476475828946e-01,1.524777966360712389e+00,-1.066352606824634952e+00,9.887810978240365589e-01,-1.802023023965537707e-02,2.210887943635837516e+00,-6.257390444242698635e-01,3.128306696395294573e+00,-1.148676509434830573e+00,1.723030591197047379e+00,2.050900524676376513e+00,-8.425964634953999610e-01,7.824425231127606351e-01,-6.363752651437704078e-01
8.965977318212141611e+00,-3.505494267882356407e-01,-2.667598411713636430e-01,-3.571360628100643808e-01,2.850154644638023260e+00,-6.256864670664158412e-01,1.545632243217447410e+00,-1.073883921155534882e+00,1.000176470006682194e+00,-4.382868604913159327e-03,2.204865353586425325e+00,-6.204535727788381694e-01,3.123677566852027354e+00,-1.109214211761665236e+00,1.693205395465118279e+00,2.037457685701993704e+00,-9.629076503023847877e-01,8.020893799823208825e-01,-7.514425233390387149e-01
8.972648432288192311e+00,-3.577378184474816480e-01,-2.600500972744740347e-01,-3.571200679647243970e-01,2.864841236416717507e+00,-6.298075916735349500e-01,1.566453078008735567e+00,-1.081152047632494950e+00,1.011370947437347789e+00,9.162358467742437451e-03,2.198041574945483134e+00,-6.150380948191299657e-01,3.118280751545473350e+00,-1.069775170749131199e+00,1.662803206542606382e+00,2.023278884071381345e+00,-1.082784941910956755e+00,8.214170010903746322e-01,-8.665220361367904633e-01
8.979319546364243010e+00,-3.649738192664078729e-01,-2.532663544979984471e-01,-3.570140323176458352e-01,2.879479641974712401e+00,-6.338921613481830475e-01,1.587235349384063410e+00,-1.088157188896132777e+00,1.022360698463132600e+00,2.261054764207298673e-02,2.190419659383413986e+00,-6.094947682983277160e-01,3.112116277353639049e+00,-1.030373603932636994e+00,1.631829323710666246e+00,2.008366074140817137e+00,-1.202181272352126795e+00,8.404169973632839019e-01,-9.815812155745751166e-01
8.985990660440293709e+00,-3.722556757792799265e-01,-2.464099912756778643e-01,-3.568186195366421787e-01,2.894064547899771078e+00,-6.379393305493832322e-01,1.607973936898283940e+00,-1.094899642011165408e+00,1.033141927632118318e+00,3.595680960580246999e-02,2.182002971842846861e+00,-6.038258062534846982e-01,3.105184388955327446e+00,-9.910236011631881059e-01,1.600289300666388748e+00,1.992721506025250111e+00,-1.321049791777128002e+00,8.590811843656889213e-01,-1.096587354755292454e+00
8.992661774516344408e+00,-3.795816368146582853e-01,-2.394824112356870593e-01,-3.565345258544226348e-01,2.908590664268351667e+00,-6.419482686801618598e-01,1.628663722467128094e+00,-1.101379797595591681e+00,1.043710877388951852e+00,4.919627104527540817e-02,2.172795189033040586e+00,-5.980334756285851094e-01,3.097485549586992182e+00,-9.517391189277433217e-01,1.568188945008093693e+00,1.976347726064819454e+00,-1.439343885578739268e+00,8.774015858093837661e-01,-1.211507638834719236e+00
8.999332888592395108e+00,-3.869499541165015710e-01,-2.324850429421703446e-01,-3.561624799552670084e-01,2.923052726720077210e+00,-6.459181604425110468e-01,1.649299591827568801e+00,-1.107598138912307295e+00,1.054063829766618055e+00,6.232407662282576921e-02,2.162800297797049964e+00,-5.921200958745733711e-01,3.089020441725967014e+00,-9.125339747540317514e-01,1.535534317604273946e+00,1.959247577164824339e+00,-1.557017193409664824e+00,8.953704369544638331e-01,-1.326309156092280839e+00
9.006004002668445807e+00,-3.943588829590756184e-01,-2.254193396255093351e-01,-3.557032428485046305e-01,2.937445498520869780e+00,-6.498482061829394807e-01,1.669876436002471820e+00,-1.113555240923681966e+00,1.064197108073591913e+00,7.533539095596522572e-02,2.152022593352419744e+00,-5.860880375270487441e-01,3.079789967699583464e+00,-8.734218417023127401e-01,1.502331731846071827e+00,1.941424199008620066e+00,-1.674023628089672755e+00,9.129801879013375032e-01,-1.440958909080548134e+00
9.012675116744496506e+00,-4.018066827554317988e-01,-2.182867789013669402e-01,-3.551576077287891264e-01,2.951763772613925418e+00,-6.537376222284563276e-01,1.690389152769047554e+00,-1.119251769309648203e+00,1.074107078575636587e+00,8.822540059758218756e-02,2.140466677406105411e+00,-5.799397207623596673e-01,3.069795250219693017e+00,-8.344162429462906871e-01,1.468587752783209410e+00,1.922881028143029081e+00,-1.790317394393825978e+00,9.302235067722067763e-01,-1.555423825849373554e+00
9.019346230820547206e+00,-4.092916176592248378e-01,-2.110888624785133283e-01,-3.545263998231557023e-01,2.966002373657720792e+00,-6.575856412128541217e-01,1.710832648130657940e+00,-1.124688479449992728e+00,1.083790152171438814e+00,1.009893160162880221e-01,2.128137456144489015e+00,-5.736776139328716440e-01,3.059037632842017462e+00,-7.955305464454704989e-01,1.434309196143072951e+00,1.903621797935667992e+00,-1.905853007713818048e+00,9.470932827807053700e-01,-1.669670771240649110e+00
9.026017344896597905e+00,-4.168119571596170525e-01,-2.038271158555055862e-01,-3.538104762248761026e-01,2.980156160050170921e+00,-6.613915123931648488e-01,1.731201837791401577e+00,-1.129866215371377436e+00,1.093242786061313421e+00,1.136223735760356346e-01,2.115040138099348432e+00,-5.673042320820852469e-01,3.047518680349982301e+00,-7.567779597111843337e-01,1.399503127233031829e+00,1.883650538403900399e+00,-2.020585312584648463e+00,9.635826291884680428e-01,-1.783666558249179079e+00
9.032688458972648604e+00,-4.243659766690401347e-01,-1.965030880062632879e-01,-3.530107257141060773e-01,2.994220025938148844e+00,-6.651545019561186933e-01,1.751491648633019427e+00,-1.134785908659790454e+00,1.102461485408189334e+00,1.261198375141805439e-01,2.101180231890699801e+00,-5.608221354404817616e-01,3.035240179062503429e+00,-7.181715246684652332e-01,1.364176859725983348e+00,1.862971575915071565e+00,-2.134469501068683606e+00,9.796848861473004266e-01,-1.897377959445424533e+00
9.039359573048699303e+00,-4.319519581035943800e-01,-1.891183510545819402e-01,-3.521280685653495057e-01,3.008188903211543863e+00,-6.688738933145401688e-01,1.771697020193598426e+00,-1.139448577339029045e+00,1.111442804990109945e+00,1.384770019170993294e-01,2.086563543847503865e+00,-5.542339279027159726e-01,3.022204137065421570e+00,-6.797241126158484192e-01,1.328337954329063653e+00,1.841589532757677006e+00,-2.247461130989725220e+00,9.953936234259596061e-01,-2.010771718455932611e+00
9.046030687124750003e+00,-4.395681904558506048e-01,-1.816744999376631864e-01,-3.511634563417491695e-01,3.022057763481031945e+00,-6.725489873934915597e-01,1.791812906147563833e+00,-1.143855324715899346e+00,1.120183350843463765e+00,1.506891926925337521e-01,2.071196175507235893e+00,-5.475422554870755798e-01,3.008412784366124804e+00,-6.414484192852047961e-01,1.291994217335780570e+00,1.819509326583344855e+00,-2.359516144009156768e+00,1.010702643020260361e+00,-2.123814561496882192e+00
9.052701801200800702e+00,-4.472129703598377581e-01,-1.741731520587116722e-01,-3.501178716762384791e-01,3.035821620038781976e+00,-6.761791029061097191e-01,1.811834275786438964e+00,-1.148007338192781113e+00,1.128679781896169132e+00,1.627517695377672657e-01,2.055084520995427155e+00,-5.407498047778583894e-01,2.993868572971120301e+00,-6.033569600036081670e-01,1.255153699061604788e+00,1.796736169719387988e+00,-2.470590883536814886e+00,1.025605981645611342e+00,-2.236473208956479830e+00
9.059372915276851401e+00,-4.548846026480105609e-01,-1.666159469286634665e-01,-3.489923280395714755e-01,3.049475529801265239e+00,-6.797635766189821238e-01,1.831756115499885373e+00,-1.151905888048308402e+00,1.136928811590021793e+00,1.746601279027827358e-01,2.038235264286295312e+00,-5.338593013515741115e-01,2.978574176886110703e+00,-5.654620649592174697e-01,1.217824692163233191e+00,1.773275568351804665e+00,-2.580642112468893412e+00,1.040097913110874739e+00,-2.348714387021745509e+00
9.066044029352902101e+00,-4.625814008999632465e-01,-1.590045457971518972e-01,-3.477878694952858396e-01,3.063014595233398030e+00,-6.833017636069731449e-01,1.851573430256444608e+00,-1.155552326186754408e+00,1.144927209491459541e+00,1.864097009475459976e-01,2.020655376345636522e+00,-5.268735081876604331e-01,2.962532492038462806e+00,-5.277758745731011558e-01,1.180015729841938255e+00,1.749133321578804523e+00,-2.689627030745623593e+00,1.054172950572658252e+00,-2.460504839345078132e+00
9.072715143428952800e+00,-4.703016879827176533e-01,-1.513406312727403613e-01,-3.465055704416202809e-01,3.076433966253258045e+00,-6.867930374974060559e-01,1.871281245083556533e+00,-1.158948084856966654e+00,1.152671802889944530e+00,1.979959614925403399e-01,2.002352112157202768e+00,-5.197952240645964395e-01,2.945746636121634232e+00,-4.903103349788067167e-01,1.141735583931061004e+00,1.724315520334668950e+00,-2.797503292721356782e+00,1.067825848669163413e+00,-2.571811338746439635e+00
9.079386257505003499e+00,-4.780437965823435276e-01,-1.436259069325632465e-01,-3.451465353404533642e-01,3.089728842116542751e+00,-6.902367907034896444e-01,1.890874606546221415e+00,-1.162094675341453165e+00,1.160159478383205212e+00,2.094144239616828052e-01,1.983333007633864886e+00,-5.126272819421591187e-01,2.928219948361516334e+00,-4.530771936116009257e-01,1.102993262868314783e+00,1.698828546184221411e+00,-2.904229024339670229e+00,1.081051605532728388e+00,-2.682600698946179474e+00
9.086057371581054198e+00,-4.858060697267571060e-01,-1.358620969214177632e-01,-3.437118984333026317e-01,3.102894473280074727e+00,-6.936324346469139313e-01,1.910348584223893642e+00,-1.164993686616451418e+00,1.167387183448575616e+00,2.206606463167868071e-01,1.963605876414840301e+00,-5.053725473306803773e-01,2.909955989204342952e+00,-4.160879949089979490e-01,1.063798009553071022e+00,1.672679069987855538e+00,-3.009762840106540605e+00,1.093845464680319068e+00,-2.792839786324422313e+00
9.092728485657104898e+00,-4.935868612994730453e-01,-1.280509455404254537e-01,-3.422028234444511874e-01,3.115926163243540437e+00,-6.969793999695286235e-01,1.929698272185001784e+00,-1.167646783983689929e+00,1.174351927999635503e+00,2.317302319826560486e-01,1.943178806550422522e+00,-4.980339166480925450e-01,2.890958539926105964e+00,-3.793540761244034165e-01,1.024159299089231867e+00,1.645874050437378555e+00,-3.114063859854232952e+00,1.106202916781261703e+00,-2.902495531702097509e+00
9.099399599733155597e+00,-5.013845365441369495e-01,-1.201942168253725685e-01,-3.406205032712686931e-01,3.128819270368750516e+00,-7.002771367340150377e-01,1.948918790458595840e+00,-1.170055707674571233e+00,1.181050785927440394e+00,2.426188317620081303e-01,1.922060157075564657e+00,-4.906143155655853239e-01,2.871231602163343055e+00,-3.428865632554574105e-01,9.840868364142785207e-01,1.618420732462964029e+00,-3.217091725289118465e+00,1.118119701301527158e+00,-3.011534942139140192e+00
9.106070713809206296e+00,-5.091974725596631890e-01,-1.122936941148059697e-01,-3.389661596617867811e-01,3.141569209675678209e+00,-7.035251146134898770e-01,1.968005286502630291e+00,-1.172222271427624474e+00,1.187480896625538795e+00,2.533221457393330933e-01,1.900258554473817973e+00,-4.831166973427339917e-01,2.850779397365120094e+00,-3.066963670886480031e-01,9.435905538149120808e-01,1.590326645511376924e+00,-3.318806616316435587e+00,1.129591808023990840e+00,-3.119925112745365769e+00
9.112741827885256996e+00,-5.170240587857912740e-01,-1.043511796080186516e-01,-3.372410428796215887e-01,3.154171454614546732e+00,-7.067228230699758029e-01,1.986952936668306302e+00,-1.174148361039921928e+00,1.193639466498047197e+00,2.638359251728314425e-01,1.877782889033129177e+00,-4.755440411528486511e-01,2.829606366166240949e+00,-2.707941793617827386e-01,9.026806083300612515e-01,1.561599601695925710e+00,-3.419169267135231394e+00,1.140615478444159780e+00,-3.227633238499242552e+00
9.119412941961307695e+00,-5.248626974788930255e-01,-9.636849391303778378e-02,-3.354464313563085831e-01,3.166621538813239045e+00,-7.098697715216557569e-01,2.005756947659968592e+00,-1.175835932893328328e+00,1.199523770450021232e+00,2.741559743735949572e-01,1.854642311095058282e+00,-4.678993503995048098e-01,2.807717167681563986e+00,-2.351904690457713443e-01,8.613673790419453802e-01,1.532247693818546974e+00,-3.518140982096603420e+00,1.151187207040780702e+00,-3.334626626069914668e+00
9.126084056037358394e+00,-5.327118041778688973e-01,-8.834747558472202944e-02,-3.335836313311538182e-01,3.178915057799346133e+00,-7.129654894988859404e-01,2.024412557990045158e+00,-1.177287012456317949e+00,1.205131153359385809e+00,2.842781525711478574e-01,1.830846227199011800e+00,-4.601856510249342502e-01,2.785116678721486938e+00,-1.998954787471167727e-01,8.196614642558390784e-01,1.502279293264423554e+00,-3.615683651318926106e+00,1.161303742421055496e+00,-3.440872705637972651e+00
9.132755170113409093e+00,-5.405698081599701332e-01,-8.028998065311115928e-02,-3.316539764786807787e-01,3.191047670696142813e+00,-7.160095267888848536e-01,2.042915039428481627e+00,-1.178503692762219446e+00,1.210459031529687479e+00,2.941983757645498243e-01,1.806404296123113262e+00,-4.524059898112672840e-01,2.761809992928554891e+00,-1.649192212325001350e-01,7.775736785694709052e-01,1.471703047769759909e+00,-3.711759766053310372e+00,1.170962088339928986e+00,-3.546339042710155542e+00
9.139426284189459793e+00,-5.484351528863882219e-01,-7.219788214214878375e-02,-3.296588275237860577e-01,3.203015101891808936e+00,-7.190014535690760766e-01,2.061259698446145094e+00,-1.179488132864669137e+00,1.215504894122922286e+00,3.039126185581517703e-01,1.781326424823457044e+00,-4.445634326753398202e-01,2.737802419835331236e+00,-1.302714760767664792e-01,7.351150498328091754e-01,1.440527879063225658e+00,-3.806332433793002679e+00,1.180159504593295994e+00,-3.650993349923343345e+00
9.146097398265510492e+00,-5.563062964374803077e-01,-6.407306957890428201e-02,-3.275995718446935157e-01,3.214813142681238300e+00,-7.219408605290379422e-01,2.079441877651712289e+00,-1.180242556271136500e+00,1.220266304571724802e+00,3.134169159812282279e-01,1.755622764273387482e+00,-4.366610629579981695e-01,2.713099483843504078e+00,-9.596178643547847997e-02,6.922968159991369497e-01,1.408762980381704999e+00,-3.899365393120532985e+00,1.188893507784774428e+00,-3.754803498833309217e+00
9.152768512341561191e+00,-5.641817119374501477e-01,-5.591744849346715063e-02,-3.254776230638352086e-01,3.226437652879743379e+00,-7.248273589810163564e-01,2.097456957221433438e+00,-1.180769249355318795e+00,1.224740901970187368e+00,3.227073652905936285e-01,1.729303705204684682e+00,-4.287019797086972783e-01,2.687706923124505209e+00,-6.199945594336986332e-02,6.491304218685145511e-01,1.376417813861162909e+00,-3.990823028286147878e+00,1.197161871965881641e+00,-3.857737531683162580e+00
9.159439626417611890e+00,-5.720598879683982396e-01,-4.773293990960840449e-02,-3.232944206267563403e-01,3.237884562408047007e+00,-7.276605809589913321e-01,2.115300356321355491e+00,-1.181070559749292315e+00,1.228926402442595434e+00,3.317801277554170980e-01,1.702379873752351003e+00,-4.206892959662574816e-01,2.661630688441588788e+00,-2.839354573961250239e-02,6.056275157243928842e-01,1.343502107803200118e+00,-4.080670383511881383e+00,1.204962629149513464e+00,-3.959763673147324248e+00
9.166110740493662590e+00,-5.799393289735542689e-01,-3.952147982641442125e-02,-3.210514293691838494e-01,3.249149872847882037e+00,-7.304401793062539339e-01,2.132967534521376773e+00,-1.181148894716210984e+00,1.232820600489381357e+00,3.406314304233782897e-01,1.674862127004946633e+00,-4.126261370366054448e-01,2.634876941893776969e+00,4.847128378835163787e-03,5.617999458647102706e-01,1.310025853818309827e+00,-4.168873177014958742e+00,1.212294069696595811e+00,-4.060850342045794648e+00
9.172781854569713289e+00,-5.878185556496104969e-01,-3.128501869099703514e-02,-3.187501390723693762e-01,3.260229658967622512e+00,-7.331658277514907507e-01,2.150453993200707625e+00,-1.181006719504473779e+00,1.236421370309585210e+00,3.492575678673758288e-01,1.646761548462286173e+00,-4.045156387683789267e-01,2.607452055581668926e+00,3.771399867498148595e-02,5.176597570283487659e-01,1.275999303846536037e+00,-4.255397814745007778e+00,1.219154742575931483e+00,-4.160966163024502507e+00
9.179452968645763988e+00,-5.956961053280056539e-01,-2.302552086247322549e-02,-3.163920640068545453e-01,3.271120070217286457e+00,-7.358372209733667901e-01,2.167755276944130838e+00,-1.180646555684186305e+00,1.239726667099114277e+00,3.576549039119132356e-01,1.618089443402516370e+00,-3.963609458271938890e-01,2.579362610195524042e+00,7.019874805959736008e-02,4.732191867182538036e-01,1.241432967056564918e+00,-4.340211403829128400e+00,1.225543455497312362e+00,-4.260079978196632311e+00
9.186124082721814688e+00,-6.035705323450587523e-01,-1.474496406736708343e-02,-3.139787424647824121e-01,3.281817332192344949e+00,-7.384540746535772637e-01,2.184866974928610706e+00,-1.180070979466787850e+00,1.242734528324157539e+00,3.658198733384463441e-01,1.588857334160438395e+00,-3.881652099694825608e-01,2.550615393525787145e+00,1.022933125482379246e-01,4.284906614224059940e-01,1.206337606624208192e+00,-4.423281765719464076e+00,1.231459274917896085e+00,-4.358160858740533605e+00
9.192795196797865387e+00,-6.114404084008369100e-01,-6.445338846596315729e-03,-3.115117362809090573e-01,3.292317748065743288e+00,-7.410161255183977946e-01,2.201784722299696462e+00,-1.179282620008733851e+00,1.245443074969035502e+00,3.737489835688039275e-01,1.559076955319159463e+00,-3.799315883166821672e-01,2.521217398896426154e+00,1.339898835866828453e-01,3.834867927338572180e-01,1.170724236391291306e+00,-4.504577449037729941e+00,1.236901525922130096e+00,-4.455178116449388881e+00
9.199466310873916086e+00,-6.193043229066583777e-01,1.871352005778037508e-03,-3.089926303424604948e-01,3.302617699987558719e+00,-7.435231313687269417e-01,2.218504201537223608e+00,-1.178284157700094648e+00,1.247850512757839425e+00,3.814388163259353481e-01,1.528760248817063960e+00,-3.716632416306336895e-01,2.491175823521382782e+00,1.652809102440278011e-01,3.382203733711706128e-01,1.134604117406045276e+00,-4.584067742111460397e+00,1.241869791975377835e+00,-4.551101315228037514e+00
9.206137424949966785e+00,-6.271608833211295142e-01,1.020309401185598430e-02,-3.064230320879833824e-01,3.312713650451738268e+00,-7.459748710986147113e-01,2.235021143809786004e+00,-1.177078322438987135e+00,1.249955133349193170e+00,3.888860292711922018e-01,1.497919358972219950e+00,-3.633633325911072021e-01,2.460498066784509774e+00,1.961591012727468275e-01,2.927043731006779836e-01,1.097988754346203466e+00,-4.661722685196636462e+00,1.246363914551499086e+00,-4.645900282532161363e+00
9.212808539026017485e+00,-6.350087154746253404e-01,1.854786158709137434e-02,-3.038045709953622886e-01,3.322602143629376226e+00,-7.483711447023309038e-01,2.251331330317490220e+00,-1.175667891892689498e+00,1.251755315503482846e+00,3.960873576173427058e-01,1.466566627426287184e+00,-3.550350240761463994e-01,2.429191728443419684e+00,2.266174270351308806e-01,2.469519345618453876e-01,1.060889891825909759e+00,-4.737513082381921592e+00,1.250383992634806374e+00,-4.739545120745377815e+00
9.219479653102068184e+00,-6.428464638821286270e-01,2.690361862516935099e-02,-3.011388980591486186e-01,3.332279806668004163e+00,-7.507117732699510881e-01,2.267430593622470791e+00,-1.174055689746363429e+00,1.253249526221931198e+00,4.030396157165931914e-01,1.434714588010087111e+00,-3.466814774462332327e-01,2.397264606757628869e+00,2.566491212955088752e-01,2.009763689973342871e-01,1.023319510587793690e+00,-4.811410513169349201e+00,1.253930382096676954e+00,-4.832006218489433458e+00
9.226150767178118883e+00,-6.506727920443433622e-01,3.526831909038993795e-02,-2.984276852573921612e-01,3.341743350956356551e+00,-7.529965989715294850e-01,2.283314818966657445e+00,-1.172244583940259322e+00,1.254436321856859715e+00,4.097396986227954119e-01,1.402375961533030235e+00,-3.383058508329648273e-01,2.364724696541534499e+00,2.862476828777711368e-01,1.547911518891722515e-01,9.852898235814606664e-01,-4.883387343726837138e+00,1.257003694947378625e+00,-4.923254261862932246e+00
9.232821881254169583e+00,-6.584863827370253109e-01,4.363990761736899482e-02,-2.956726250081295193e-01,3.350989573354156370e+00,-7.552254850298628641e-01,2.298979945576331563e+00,-1.170237484896327729e+00,1.255314349192536927e+00,4.161845836271447219e-01,1.369563650498538676e+00,-3.299112974331738224e-01,2.331580187142580751e+00,3.154068771878215660e-01,1.084099185025788614e-01,9.468132719297405187e-01,-4.953416737807930126e+00,1.259604798463543007e+00,-5.013260245604092447e+00
9.239492995330220282e+00,-6.662859382884263049e-01,5.201632011783019482e-02,-2.928754296157267123e-01,3.360015357386371804e+00,-7.573983156818978602e-01,2.314421967952904335e+00,-1.168037343735111477e+00,1.255882346495992286e+00,4.223713317665763189e-01,1.336290733747813375e+00,-3.215009638092700683e-01,2.297839460345339369e+00,3.441207376004569163e-01,6.184645933917010119e-02,9.079025207842357226e-01,-5.021472667334092144e+00,1.261734814191877607e+00,-5.101995484172671347e+00
9.246164109406270981e+00,-6.740701808448384957e-01,6.039548439432509963e-02,-2.900378307072437600e-01,3.368817674401542561e+00,-7.595149961288190088e-01,2.329636937149509812e+00,-1.165647150483854588e+00,1.256139144537206320e+00,4.282970893041690430e-01,1.302570461034075366e+00,-3.130779881966530009e-01,2.263511088201834554e+00,3.723835667105479530e-01,1.511471550100385031e-02,8.685704550714561378e-01,-5.087529922635497748e+00,1.263395116829735487e+00,-5.189431622746861983e+00
9.252835223482321680e+00,-6.818378526241402060e-01,6.877532076064607480e-02,-2.871615786590284713e-01,3.377393584693654027e+00,-7.615754524748806764e-01,2.344620962032848421e+00,-1.163069932276703966e+00,1.256083667578064444e+00,4.339590891807838524e-01,1.268416247529687624e+00,-3.046454988189625235e-01,2.228603830788875140e+00,4.001899374481476812e-01,-3.177122603272364287e-02,8.288301751312038279e-01,-5.151564122345911656e+00,1.264587332983240886e+00,-5.275540648130320420e+00
9.259506337558372380e+00,-6.895877161573185088e-01,7.715374266872943032e-02,-2.842484420137115775e-01,3.385740238587175543e+00,-7.635796316550136353e-01,2.359370210529849743e+00,-1.160308751547924899e+00,1.255714934329547505e+00,4.393546524372916595e-01,1.233841668268387703e+00,-2.962066122120785572e-01,2.193126633892901189e+00,4.275346940574069610e-01,-7.879713721461545362e-02,7.886949922487179743e-01,-5.213551722947728173e+00,1.265313339803626036e+00,-5.360294899564989279e+00
9.266177451634423079e+00,-6.973185545179176881e-01,8.552865734184178503e-02,-2.813002068878297512e-01,3.393854877484795196e+00,-7.655275013512986559e-01,2.373880910858630955e+00,-1.157366704219061848e+00,1.255032058876516032e+00,4.444811896065902768e-01,1.198860452525083442e+00,-2.877644315575625944e-01,2.157088626623040462e+00,4.544129529392135769e-01,-1.259486538219112273e-01,7.481784240822070275e-01,-5.273470027963212736e+00,1.265575263502712877e+00,-5.443667079445090984e+00
9.272848565710473778e+00,-7.050291715393735004e-01,9.389796641382122666e-02,-2.783186763702486521e-01,3.401734834877465197e+00,-7.674190498983408659e-01,2.388149352743310416e+00,-1.154246917880908274e+00,1.254034251569620562e+00,4.493362020748278285e-01,1.163486478135463020e+00,-2.793220450264583543e-01,2.120499118953022233e+00,4.808201033574530658e-01,-1.732112804313510335e-01,7.072941899874463090e-01,-5.331297196788264081e+00,1.265375477748206245e+00,-5.525630263927979513e+00
9.279519679786524478e+00,-7.127183920202074807e-01,1.022595665741602711e-01,-2.753056699116213646e-01,3.409377537316365281e+00,-7.692542861776430207e-01,2.402171888612177231e+00,-1.150952549971232086e+00,1.252720819883731629e+00,4.539172834110640764e-01,1.127733765757907625e+00,-2.708825241341575318e-01,2.083367599192667896e+00,5.067518080089614685e-01,-2.205703954742552764e-01,6.660562062411524709e-01,-5.387012253165092801e+00,1.264716601939850582e+00,-5.606157913437310292e+00
9.286190793862575177e+00,-7.203850619170515390e-01,1.106113502187029973e-01,-2.722630227050818474e-01,3.416780505346387109e+00,-7.710332395010404127e-01,2.415944934778765152e+00,-1.147486785949152210e+00,1.251091169242382950e+00,4.582221206647336120e-01,1.091616473080100347e+00,-2.624489221071579226e-01,2.045703731389684865e+00,5.322040034572352862e-01,-2.680112563698850980e-01,6.244785811649117280e-01,-5.440595093290371942e+00,1.263601499367332126e+00,-5.685223883054181471e+00
9.292861907938625876e+00,-7.280280485254838618e-01,1.189512061057241277e-01,-2.691925850583837265e-01,3.423941354400808823e+00,-7.727559594832746903e-01,2.429464972605362760e+00,-1.143852837467067785e+00,1.249144803807740400e+00,4.622484956302878589e-01,1.055148888972730736e+00,-2.540242722625459804e-01,2.007517352662516963e+00,5.571729004300269850e-01,-3.155190047351421612e-01,5.825756101514651952e-01,-5.492026493555609790e+00,1.262033275250895814e+00,-5.762802432791918505e+00
9.299533022014676575e+00,-7.356462406486665717e-01,1.272770200171647326e-01,-2.660962217577280686e-01,3.430857795656784948e+00,-7.744225159038164996e-01,2.442728549648500724e+00,-1.140053940541072786e+00,1.246881327235524584e+00,4.659942860782795848e-01,1.018345427592863839e+00,-2.456115864008777683e-01,1.968818470465066861e+00,5.816549839810887246e-01,-3.630786716686320581e-01,5.403617705952443728e-01,-5.541288117916582046e+00,1.260015274665873708e+00,-5.838868237750069135e+00
9.306204136090727275e+00,-7.432385487537744861e-01,1.355866754247843087e-01,-2.629758114234764799e-01,3.437527636851343438e+00,-7.760329985579970113e-01,2.455732280785968058e+00,-1.136093353720728283e+00,1.244300443394482869e+00,4.694574669523723931e-01,9.812206224393279497e-01,-2.372138532133539757e-01,1.929617259784073058e+00,6.056470135162803636e-01,-4.106751831070618586e-01,4.978517167290217316e-01,-5.588362524888928817e+00,1.257551080352059980e+00,-5.913396398143470734e+00
9.312875250166777974e+00,-7.508039051162092026e-01,1.438780541609901154e-01,-2.598332458580088766e-01,3.443948783057575458e+00,-7.775875170975751205e-01,2.468472849324906626e+00,-1.131974356259115133e+00,1.241401957049866223e+00,4.726361115315556582e-01,9.437891203627342129e-01,-2.288340367039297663e-01,1.889924060270050443e+00,6.291460226844065584e-01,-4.582933652519070034e-01,4.550602743686810170e-01,-5.633233174167068924e+00,1.254644510409254066e+00,-5.986362449202037084e+00
9.319546364242828673e+00,-7.583412639516242670e-01,1.521490370941170900e-01,-2.566704293859322639e-01,3.450119237420717688e+00,-7.790862008608274714e-01,2.480947008090560679e+00,-1.127700246284069507e+00,1.238185774510481618e+00,4.755283925570223391e-01,9.060656755325546818e-01,-2.204750746272132189e-01,1.849749373302550737e+00,6.521493191332332628e-01,-5.059179500643060656e-01,4.120024355680248496e-01,-5.675884432863863793e+00,1.251299615880095306e+00,-6.057742370937186926e+00
9.326217478318879373e+00,-7.658496015357328934e-01,1.603975048078806753e-01,-2.534892781869043654e-01,3.456037101853852267e+00,-7.805291986922678893e-01,2.493151580495204023e+00,-1.123274338971491648e+00,1.234651904238871722e+00,4.781325833230827271e-01,8.680651433639223757e-01,-2.121398769428466946e-01,1.809103858990844138e+00,6.746544841310175844e-01,-5.535335808258865509e-01,3.686933531858183066e-01,-5.716301581368400164e+00,1.247520678221499368e+00,-6.127512597770521374e+00
9.332888592394930072e+00,-7.733279163119637367e-01,1.686213382847952524e-01,-2.502917196212889883e-01,3.461700577692962355e+00,-7.819166787521183437e-01,2.505083461586873561e+00,-1.118699964721629359e+00,1.230800457424179317e+00,4.804470587315586294e-01,8.298024744065550795e-01,-2.038313242871404030e-01,1.767998333110722520e+00,6.966593720542466617e-01,-6.011248177635668544e-01,3.251483353669564202e-01,-5.754470818819804379e+00,1.243312206666002950e+00,-6.195650028020972755e+00
9.339559706470980771e+00,-7.807752289869467344e-01,1.768184195932795966e-01,-2.470796915489130163e-01,3.467107966311108846e+00,-7.832488283156426867e-01,2.516739619077443813e+00,-1.113980467339219294e+00,1.226631648517270801e+00,4.824702963090584107e-01,7.912927081985046129e-01,-1.955522664626309082e-01,1.726443763978573021e+00,7.181621097420389788e-01,-6.486761437359620519e-01,2.813828399400466473e-01,-5.790379268194763895e+00,1.238678935474403886e+00,-6.262132033246072815e+00
9.346230820547031470e+00,-7.881905826138781990e-01,1.849866325782059950e-01,-2.438551416411479655e-01,3.472257669691480864e+00,-7.845258535624600738e-01,2.528117094349644489e+00,-1.109119202218374900e+00,1.222145795727757278e+00,4.842008771866450623e-01,7.525509670872130297e-01,-1.873055209463878601e-01,1.684451269263590234e+00,7.391610957179084451e-01,-6.961719699792239258e-01,2.374124687334839834e-01,-5.824014981006836678e+00,1.233625821081054230e+00,-6.326936467433533551e+00
9.352901934623082170e+00,-7.955730426637974695e-01,1.931238635546375648e-01,-2.406200266866005411e-01,3.477148190959145069e+00,-7.857479793559822845e-01,2.539213003442603256e+00,-1.104119534533121394e+00,1.217343321482444729e+00,4.856374870412649702e-01,7.135924500205819143e-01,-1.790938714176528723e-01,1.642032112739212568e+00,7.596549992796433060e-01,-7.435966419100146219e-01,1.932529618122966752e-01,-5.855366941615756105e+00,1.228158039133399493e+00,-6.390041676038991092e+00
9.359573048699132869e+00,-8.029216970848123136e-01,2.012280020044943663e-01,-2.373763118906343506e-01,3.481778134871254426e+00,-7.869154490130838564e-01,2.550024538015526865e+00,-1.098984837434424655e+00,1.212224752844935471e+00,4.867789169985275444e-01,6.744324263105376804e-01,-1.709200663056399949e-01,1.599197700974762881e+00,7.796427594579947717e-01,-7.909344449833244362e-01,1.489201916379423452e-01,-5.884425071145034103e+00,1.222280981427126267e+00,-6.451426504866198286e+00
9.366244162775183568e+00,-8.102356563493187114e-01,2.092969412758874381e-01,-2.341259701690101280e-01,3.486146208265587632e+00,-7.880285240641612399e-01,2.560548966289107220e+00,-1.093718490254607101e+00,1.206790721895945273e+00,4.876240644962376303e-01,6.350862293718062546e-01,-1.627868173580804823e-01,1.555959579968399620e+00,7.991235838450704287e-01,-8.381696106027922699e-01,1.044301571534036466e-01,-5.911180231006431640e+00,1.216000252738597354e+00,-6.511070308785692262e+00
9.372915276851234267e+00,-8.175140534892725297e-01,2.173285792848600462e-01,-2.308709814358996526e-01,3.490251220467248672e+00,-7.890874840037116478e-01,2.570783633964276671e+00,-1.088323876720015848e+00,1.201041966074024803e+00,4.881719341082285113e-01,5.955692504384909602e-01,-1.546967982312382750e-01,1.512329431722456041e+00,8.180969472933152797e-01,-8.852863220811546530e-01,5.979897779588672080e-02,-5.935624226029942108e+00,1.209321667556141788e+00,-6.568952960288156007e+00
9.379586390927284967e+00,-8.247560441195650460e-01,2.253208192192670545e-01,-2.276133318865224964e-01,3.494092083653358660e+00,-7.900926260315772609e-01,2.580725965117928844e+00,-1.082804383172788043e+00,1.194979328476380775e+00,4.884216383280471363e-01,5.558969322610531894e-01,-1.466526431021047405e-01,1.468319070762261092e+00,8.365625904859949058e-01,-9.322687206484370215e-01,1.504288743946369244e-02,-5.957749807198160497e+00,1.202251246711820043e+00,-6.625054857868798663e+00
9.386257505003335666e+00,-8.319608064495659372e-01,2.332715702445240791e-01,-2.243550132747102188e-01,3.497667813175662221e+00,-7.910442647850084441e-01,2.590373463075220428e+00,-1.077163396802594209e+00,1.188603758119437970e+00,4.883723983119645506e-01,5.160847627864451059e-01,-1.386569453033428267e-01,1.423940440599648749e+00,8.545205183802533355e-01,-9.791009115054085665e-01,-2.982177172985234215e-02,-5.977550673984057816e+00,1.194795213915446297e+00,-6.679356934238960264e+00
9.392928619079386365e+00,-8.391275412829201086e-01,2.411787482109702119e-01,-2.210980221856345407e-01,3.500977527840920533e+00,-7.919427320617022925e-01,2.599723711258120851e+00,-1.071404303889180953e+00,1.181916310158873884e+00,4.880235445809277262e-01,4.761482688238891647e-01,-1.307122559817050500e-01,1.379205610142184124e+00,8.719709985238174310e-01,-1.025766969919968075e+00,-7.477855540431432857e-02,-5.995021476291379159e+00,1.186959992192547109e+00,-6.731840664361479654e+00
9.399599733155437065e+00,-8.462554720056304491e-01,2.490402763625469418e-01,-2.178443593040000348e-01,3.504020450148997323e+00,-7.927883765339610589e-01,2.608774374009804387e+00,-1.065530488056557701e+00,1.174918146068878455e+00,4.873745176810110324e-01,4.361030096991132532e-01,-1.228210827805150118e-01,1.334126770049510302e+00,8.889145592463556511e-01,-1.072250947363811990e+00,-1.198109234072790574e-01,-6.010157815996960196e+00,1.178752200228030622e+00,-6.782488073306112142e+00
9.406270847231487764e+00,-8.533438445625703972e-01,2.568540860465552966e-01,-2.145960286779641235e-01,3.506795906488596515e+00,-7.935815634541556474e-01,2.617523197394583168e+00,-1.059545328539669207e+00,1.167610533780304216e+00,4.864248688019352507e-01,3.959645708995494506e-01,-1.149858885468548197e-01,1.288716229037749850e+00,9.053519877268987326e-01,-1.118536877687076547e+00,-1.649022460063722662e-01,-6.022956248094603282e+00,1.170178648617469452e+00,-6.831281743921678640e+00
9.412941961307538463e+00,-8.603919274224429703e-01,2.646181174241750700e-01,-2.113550369790795913e-01,3.509303327290565377e+00,-7.943226743516372812e-01,2.625968009973002282e+00,-1.053452198464374767e+00,1.159994847777543248e+00,4.851742603532894771e-01,3.557485577133263632e-01,-1.072090900640634836e-01,1.242986410133500197e+00,9.212843279383318151e-01,-1.164608783328195951e+00,-2.100358102842216912e-01,-6.033414281440081517e+00,1.161246336027798254e+00,-6.878204824321317190e+00
9.419613075383589162e+00,-8.673990115313394700e-01,2.723303201815120422e-01,-2.081233927585251775e-01,3.511542247138767170e+00,-7.950121067212907455e-01,2.634106723551786544e+00,-1.047254463141537251e+00,1.152072569153843373e+00,4.836224664980657839e-01,3.154705888645342182e-01,-9.949305681015646607e-02,1.196949846878395007e+00,9.367128784704530364e-01,-1.210450681556654473e+00,-2.551948265644226055e-01,-6.041530379097278747e+00,1.151962445269373303e+00,-6.923241035177697178e+00
9.426284189459639862e+00,-8.743644102549517072e-01,2.799886542408629442e-01,-2.049031056999328360e-01,3.513512304838475764e+00,-7.956502737038817497e-01,2.641937333908307650e+00,-1.040955478376043075e+00,1.143845285624877750e+00,4.817693736431346019e-01,2.751462901475629774e-01,-9.184010974269712912e-02,1.150619179485726340e+00,9.516391902328255048e-01,-1.256046590745896196e+00,-3.003624348899648355e-01,-6.047303958285406900e+00,1.142334339281334099e+00,-6.966374676824758083e+00
9.432955303535690561e+00,-8.812874593095592068e-01,2.875910904719337635e-01,-2.016961858690722864e-01,3.515213243442317115e+00,-7.962376037583988042e-01,2.649457921489248413e+00,-1.034558588791539613e+00,1.135314691500393325e+00,4.796149808863649500e-01,2.347912880631070065e-01,-8.425252011080625048e-02,1.104007150950304439e+00,9.660650640388914745e-01,-1.301380536673853117e+00,-3.455217115515896165e-01,-6.050735389927554664e+00,1.132369557032252061e+00,-7.007590636162830400e+00
9.439626417611741260e+00,-8.881675166818956413e-01,2.951356114027327004e-01,-1.985046429607142393e-01,3.516644910233759358e+00,-7.967745403265507065e-01,2.656666652083173652e+00,-1.028067126171678058e+00,1.126482587613713893e+00,4.771594004199967154e-01,1.944212034584957560e-01,-7.673250829470651402e-02,1.057126603112930940e+00,9.799925480727982308e-01,-1.346436558848509435e+00,-3.906556756634076422e-01,-6.051825997800953871e+00,1.122075809338097363e+00,-7.046874393363991018e+00
9.446297531687791960e+00,-8.950039625380095121e-01,3.026202119298447846e-01,-1.953304855429351394e-01,3.517807256668208815e+00,-7.972615414896273567e-01,2.663561777466688429e+00,-1.021484407818657347e+00,1.117350881208992508e+00,4.744028578900293391e-01,1.540516451750587046e-01,-6.928224267352922627e-02,1.009990472680809104e+00,9.934239352404853340e-01,-1.391198716855776674e+00,-4.357472957830654803e-01,-6.050578057289506262e+00,1.111460974599620233e+00,-7.084212028374525794e+00
9.452968645763842659e+00,-9.017961991212246620e-01,3.100429000278168701e-01,-1.921757202991841162e-01,3.518700338271754102e+00,-7.976990796178926590e-01,2.670141636023908749e+00,-1.014813734929801647e+00,1.107921585786041829e+00,4.713456927112821826e-01,1.136982037051040839e-01,-6.190383852174008439e-02,9.626117872052863955e-01,1.006361760406525585e+00,-1.435651096727120324e+00,-4.807794965738048099e-01,-6.046994793739278506e+00,1.100533094461174866e+00,-7.119590227211604727e+00
9.459639759839893358e+00,-9.085436506393518297e-01,3.174016974573696248e-01,-1.890423512683885587e-01,3.519324314497628059e+00,-7.980876410127228926e-01,2.676404653338967154e+00,-1.008058390992963238e+00,1.098196820902609394e+00,4.679883583378845469e-01,7.337644486119432319e-02,-5.459935693482897978e-02,9.150036610182186170e-01,1.018808797518483189e+00,-1.479777817324240852e+00,-5.257351655056772266e-01,-6.041080380417893636e+00,1.089300369393219281e+00,-7.152996288051165052e+00
9.466310873915944057e+00,-9.152457631412360683e-01,3.246946404721410273e-01,-1.859323790834038204e-01,3.519679448540496747e+00,-7.984277255416658559e-01,2.682349342761264133e+00,-1.001221640201464647e+00,1.088178811934047197e+00,4.643314224889556474e-01,3.310190346035096765e-02,-4.737080378470964748e-02,8.671792911285001182e-01,1.030768056620257500e+00,-1.523563036738098564e+00,-5.705971595931520479e-01,-6.032839936078818965e+00,1.077771154200535708e+00,-7.184418127104240881e+00
9.472981987991994757e+00,-9.219020043828136668e-01,3.319197805236848708e-01,-1.828478002081181941e-01,3.519766107108660780e+00,-7.987198462666396104e-01,2.687974305943222841e+00,-9.943067258893478755e-01,1.077869889790222135e+00,4.603755673291964889e-01,-7.109922974139759599e-03,-4.022012870530816686e-02,8.191519530800933646e-01,1.042242780756355014e+00,-1.566990958699581160e+00,-6.153483121663034794e-01,-6.022279522131841034e+00,1.065953953458522507e+00,-7.213844284278867036e+00
9.479653102068045456e+00,-9.285118636828055827e-01,3.390751849644464966e-01,-1.797906061734913241e-01,3.519584760154315095e+00,-7.989645290654682208e-01,2.693278233350286932e+00,-9.873168689876227200e-01,1.067272490589627143e+00,4.561215896042190576e-01,-4.724358049079990796e-02,-3.314922410885334791e-02,7.709349967729335340e-01,1.053236442768755277e+00,-1.610045838999182077e+00,-6.599714396729108312e-01,-6.009406139421085591e+00,1.053857416879683262e+00,-7.241263928625004453e+00
9.486324216144096155e+00,-9.350748517681587435e-01,3.461589377484082797e-01,-1.767627828128492951e-01,3.519135980561998611e+00,-7.991623122469468932e-01,2.698259904742918991e+00,-9.802552665022390421e-01,1.056389155290677451e+00,4.515704007304128242e-01,-8.728366496516692941e-02,-2.615992423328983296e-02,7.225418422483729231e-01,1.063752741988114092e+00,-1.652711991912846790e+00,-7.044493485084958317e-01,-5.994227724612134267e+00,1.041490334612586555e+00,-7.266666863559811951e+00
9.492995330220146855e+00,-9.415905006094409391e-01,3.531691401291480736e-01,-1.737663094967268340e-01,3.518420443795395869e+00,-7.993137461596711013e-01,2.702918189630368673e+00,-9.731250900144784444e-01,1.045222529280079193e+00,4.467230268391404469e-01,-1.272148283296758442e-01,-1.925400422127582223e-02,6.739859754403521030e-01,1.073795600821382257e+00,-1.694973796631382257e+00,-7.487648418716359444e-01,-5.976753146189979660e+00,1.028861632475654764e+00,-7.290043531870777471e+00
9.499666444296197554e+00,-9.480583632462780130e-01,3.601039113549910353e-01,-1.708031583675754250e-01,3.517438927502674062e+00,-7.994193927948181067e-01,2.707252047695985819e+00,-9.659294842044566787e-01,1.033775361918346514e+00,4.415806087751434905e-01,-1.670217847754550400e-01,-1.243317923118714141e-02,6.252809438941036024e-01,1.083369161237536238e+00,-1.736815703690534285e+00,-7.929007266415125654e-01,-5.956992200069735510e+00,1.015980367128056061e+00,-7.311385020494222786e+00
9.506337558372248253e+00,-9.544780136030441842e-01,3.669613893610016997e-01,-1.678752935746239128e-01,3.516192311080542421e+00,-7.994798253831134627e-01,2.711260529193867175e+00,-9.586715653983999275e-01,1.022050506042397000e+00,4.361444020489927409e-01,-2.066893169236431738e-01,-5.699103580550923809e-03,5.764403524535911538e-01,1.092477781153553096e+00,-1.778222241399145753e+00,-8.368398202750387815e-01,-5.934955604822100383e+00,1.002855721180061721e+00,-7.330683065066937232e+00
9.513008672448298952e+00,-9.608490462949277333e-01,3.737397314575068297e-01,-1.649846705092250232e-01,3.514681575197260432e+00,-7.994956279861846760e-01,2.714942775316640411e+00,-9.513544201403548728e-01,1.010050917425287187e+00,4.304157767434605431e-01,-2.462022819635241166e-01,9.466300777443148462e-04,5.274778589194406564e-01,1.101126030722522575e+00,-1.819178022262515348e+00,-8.805649577205161282e-01,-5.910654996515850357e+00,9.894969982452473944e-01,-7.347930054248577036e+00
9.519679786524349652e+00,-9.671710764245570191e-01,3.804371150148719849e-01,-1.621332350409611656e-01,3.512907801274802289e+00,-7.994673950825375019e-01,2.718298018534176297e+00,-9.439811037889906942e-01,9.977796541931345242e-01,4.243962173737497734e-01,-2.855456177549998142e-01,7.502491545976042175e-03,4.784071696787639549e-01,1.109318688526007790e+00,-1.859667749398238090e+00,-9.240589983450360201e-01,-5.884102923179705513e+00,9.759136179369518604e-01,-7.363119033812718151e+00
9.526350900600400351e+00,-9.734437393693483598e-01,3.870517381442493132e-01,-1.593229227548571825e-01,3.510872170930450675e+00,-7.993957311483618211e-01,2.721325582903069140e+00,-9.365546391401015081e-01,9.852398761992475773e-01,4.180873227014401672e-01,-3.247043488928689214e-01,1.396701383864240587e-02,4.292420353084798745e-01,1.117060737672710857e+00,-1.899676222941774295e+00,-9.673048328726771006e-01,-5.855312838886115756e+00,9.621151108113884520e-01,-7.376243710504466478e+00
9.533022014676451050e+00,-9.796666905597581909e-01,3.935818203740022447e-01,-1.565556581899710809e-01,3.508575965378060157e+00,-7.992812502334118996e-01,2.724024884346693209e+00,-9.290780150754615052e-01,9.724348443555862476e-01,4.114908055021498368e-01,-3.636635927303483173e-01,2.033879390552084665e-02,3.799962461536844915e-01,1.124357361805642830e+00,-1.939188346438915023e+00,-1.010285390330569744e+00,-5.824299097459718411e+00,9.481111132599435720e-01,-7.387298455662588026e+00
9.539693128752501750e+00,-9.858396052485974836e-01,4.000256033215305873e-01,-1.538333540797036658e-01,3.506020564789280147e+00,-7.991245755321614297e-01,2.726395430905687256e+00,-9.215541852385988886e-01,9.593679199216224029e-01,4.046084922868208866e-01,-4.024085653594076106e-01,2.661649332056637007e-02,3.306836278826681963e-01,1.131213941019856506e+00,-1.978189133222439278e+00,-1.052983644999940349e+00,-5.791076945813251164e+00,9.339113623530077568e-01,-7.396278308604324891e+00
9.546364242828552449e+00,-9.919621782716276925e-01,4.063813513602130278e-01,-1.511579105941127654e-01,3.503207447615045211e+00,-7.989263389504953627e-01,2.728436822958713037e+00,-9.139860667381031201e-01,9.460425637507041685e-01,3.974423229766272381e-01,-4.409245875454137487e-01,3.279883893621415858e-02,2.813180370200860647e-01,1.137636047693128871e+00,-2.016663712770142336e+00,-1.095382623369191677e+00,-5.755662516914016535e+00,9.195256906379764006e-01,-7.403178979771009693e+00
9.553035356904603148e+00,-9.980341237995697945e-01,4.126473522811769934e-01,-1.485312145845507636e-01,3.500138189867612049e+00,-7.986871806681368202e-01,2.730148753413346618e+00,-9.063765388790250288e-01,9.324623354941101727e-01,3.899943505315173198e-01,-4.791970906136250874e-01,3.888462350283844460e-02,2.319133564600197595e-01,1.143629442231617110e+00,-2.054597337041490057e+00,-1.137465411086078682e+00,-5.718072822383973630e+00,9.049640208937835828e-01,-7.407996853632830891e+00
9.559706470980653847e+00,-1.004055175081765228e+00,4.188219179496148747e-01,-1.459551388309449638e-01,3.496814464363517505e+00,-7.984077486970683202e-01,2.731531007866969230e+00,-8.987284419229447652e-01,9.186308927628832333e-01,3.822667405323663115e-01,-5.172116222850784428e-01,4.487270625309947025e-02,1.824834909604559074e-01,1.149200068733020608e+00,-2.091975386790042801e+00,-1.179215159905967925e+00,-5.678325744736961056e+00,8.902363608446632881e-01,-7.410728991351039241e+00
9.566377585056704547e+00,-1.010025084181667143e+00,4.249033849553775499e-01,-1.434315412920084132e-01,3.493238039927763161e+00,-7.980886984361722503e-01,2.732583464737553314e+00,-8.910445758772302938e-01,9.045519902476368834e-01,3.742617707168033325e-01,-5.549538524595469813e-01,5.076201345087560934e-02,1.330423626207427601e-01,1.154354050569442292e+00,-2.128783377849019054e+00,-1.220615094633374254e+00,-5.636440029256323925e+00,8.753527978355704064e-01,-7.411373133196097029e+00
9.573048699132755246e+00,-1.015943621704325617e+00,4.308901152575463911e-01,-1.409622643587070123e-01,3.489410780559616843e+00,-7.977306922223211805e-01,2.733306095364216315e+00,-8.833276993140293243e-01,8.902294787965632228e-01,3.659818304687771362e-01,-5.924095789430645631e-01,5.655153890456221522e-02,8.360390634386377640e-02,1.159097685892251928e+00,-2.165006967387085091e+00,-1.261648520053665123e+00,-5.592435275516745463e+00,8.603234934718393401e-01,-7.409927700720379207e+00
9.579719813208805945e+00,-1.021810576516134272e+00,4.367804968227240181e-01,-1.385491341112864427e-01,3.485334644560386330e+00,-7.973343988781752545e-01,2.733698964077463600e+00,-8.755805282195013861e-01,8.756673044517644389e-01,3.574294202618930605e-01,-6.295647331177609551e-01,6.224034444450105008e-02,3.418206528489620144e-02,1.163437443061574594e+00,-2.200631960131703035e+00,-1.302298827852081287e+00,-5.546331928553993151e+00,8.451586782257631825e-01,-7.406391798683950256e+00
9.586390927284856645e+00,-1.027625755456959666e+00,4.425729442567522542e-01,-1.361939595801632263e-01,3.481011683623568942e+00,-7.969004932568976018e-01,2.733762228239023262e+00,-8.678057348737826526e-01,8.608695074442347384e-01,3.486071510566721154e-01,-6.664053855516007818e-01,6.782756036432446844e-02,-1.520921371242089926e-02,1.167379956002510433e+00,-2.235644314557247991e+00,-1.342549503517074694e+00,-5.498151269686503362e+00,8.298686460125097586e-01,-7.400765216732342999e+00
9.593062041360907344e+00,-1.033388983044942533e+00,4.482658994295903310e-01,-1.338985320109921384e-01,3.476444041887798431e+00,-7.964296557840682134e-01,2.733496138251196861e+00,-8.600059467621741227e-01,8.458402211476465649e-01,3.395177436517975433e-01,-7.029177515457403214e-01,7.331238582600663189e-02,-6.455598468957812752e-02,1.170932019490909415e+00,-2.270030149035108025e+00,-1.382384133224989320e+00,-5.447915406992988707e+00,8.144637487382129226e-01,-7.393048430824987527e+00
9.599733155436958043e+00,-1.039100101174111224e+00,4.538578320930767296e-01,-1.316646241342215584e-01,3.471633954952979551e+00,-7.959225719969957868e-01,2.732901037535684363e+00,-8.521837455179983589e-01,8.305836709912559623e-01,3.301640279895012298e-01,-7.390881966172400119e-01,7.869408922850157362e-02,-1.138443071558223885e-01,1.174100584370879607e+00,-2.303775747943093144e+00,-1.421786410703161696e+00,-5.395647265450147501e+00,7.989543908226368618e-01,-7.383242604413398524e+00
9.606404269513008742e+00,-1.044758968805067356e+00,4.593472404913039320e-01,-1.294939894394172841e-01,3.466583748860083691e+00,-7.953799320817100948e-01,2.731977362481790017e+00,-8.443416658975889666e-01,8.151041733322070826e-01,3.205489424152691558e-01,-7.749032419148483841e-01,8.397200853969510881e-02,-1.630602506777407701e-01,1.176892752706731660e+00,-2.336867567731380824e+00,-1.460740144068499724e+00,-5.341370576734961517e+00,7.833510236991997333e-01,-7.371349589368079158e+00
9.613075383589059442e+00,-1.050365461648925525e+00,4.647326519633358521e-01,-1.273883614546955922e-01,3.461295839035034128e+00,-7.948024304078449287e-01,2.730725642364015826e+00,-8.364821947878272601e-01,7.994061342875089515e-01,3.106755328919930115e-01,-8.103495695656643960e-01,8.914555159166648313e-02,-2.121898994741532318e-01,1.179315772871802892e+00,-2.369292242942293569e+00,-1.499229262638546167e+00,-5.285109868695999857e+00,7.676641402948828352e-01,-7.357371926653327954e+00
9.619746497665110141e+00,-1.055919471844769308e+00,4.700126235379974982e-01,-1.253494530315414357e-01,3.455772729197169379e+00,-7.941907650616953918e-01,2.729146499228968459e+00,-8.286077702466502215e-01,7.834940485260062371e-01,3.005469521687860746e-01,-8.454140279504548383e-01,9.421419633902283763e-02,-2.612193570147213206e-01,1.181377034576917673e+00,-2.401036592181151619e+00,-1.537237823712096940e+00,-5.226890454498530403e+00,7.519042694928295134e-01,-7.341312846749065812e+00
9.626417611741160840e+00,-1.061420907630779009e+00,4.751857425204739638e-01,-1.233789556353220435e-01,3.450017010232750536e+00,-7.935456373776538230e-01,2.727240647751596914e+00,-8.207207805769178854e-01,7.673724980207227153e-01,2.901664589046942244e-01,-8.800836369054820807e-01,9.917749108025408766e-02,-3.101347506204321092e-01,1.183084063840771805e+00,-2.432087624035592643e+00,-1.574750019316473182e+00,-5.166738421448025420e+00,7.360819705800718538e-01,-7.323176269819255069e+00
9.633088725817211539e+00,-1.066869693009334208e+00,4.802506270704575142e-01,-1.214785386417992774e-01,3.444031359034025019e+00,-7.928677514683081240e-01,2.725008895060724967e+00,-8.128235634340150728e-01,7.510461507618493293e-01,2.795374167474852234e-01,-9.143455928487354001e-01,1.040350546420134026e-01,-3.589222360644717669e-01,1.184444517905238525e+00,-2.462432542940603764e+00,-1.611750182918478824e+00,-5.104680619497150573e+00,7.202078276832613035e-01,-7.302966805626058822e+00
9.639759839893262239e+00,-1.072265767406241688e+00,4.852059267715772006e-01,-1.196498486399293626e-01,3.437818537304335731e+00,-7.921578137534271979e-01,2.722452140533905940e+00,-8.049184049675566222e-01,7.345197594308365829e-01,2.686632933678272384e-01,-9.481872738284348179e-01,1.087865765262241990e-01,-4.075680021715936130e-01,1.185466180097892064e+00,-2.492058754986662183e+00,-1.648222796096175280e+00,-5.040744649441163183e+00,7.042924441948854586e-01,-7.280689753189560243e+00
9.646430953969312938e+00,-1.077609085324371607e+00,4.900503231918501568e-01,-1.178945087412670567e-01,3.431381390329841352e+00,-7.914165324880880759e-01,2.719571375561598892e+00,-7.970075389975334046e-01,7.177981600359163439e-01,2.575476594490779814e-01,-9.815962444917365470e-01,1.134318170200099840e-01,-4.560582754143696627e-01,1.186156954644705497e+00,-2.520953873668242640e+00,-1.684152495168454333e+00,-4.974958850807079003e+00,6.883464371927889847e-01,-7.256351100192448556e+00
9.653102068045363637e+00,-1.082899615991917752e+00,4.947825304349108277e-01,-1.162141178962442511e-01,3.424722845718336739e+00,-7.906446172902038549e-01,2.716367683280686673e+00,-7.890931462252118722e-01,7.008862705094689449e-01,2.461941876329954426e-01,-1.014560260971693717e+00,1.179706072683575635e-01,-5.043793245046999107e-01,1.186524861435478861e+00,-2.549105725570183445e+00,-1.719524077779675419e+00,-4.907352289441714532e+00,6.723804318555796078e-01,-7.229957522129517145e+00
9.659773182121414337e+00,-1.088137343005485924e+00,4.994012956817499016e-01,-1.146102502176315485e-01,3.417845912105761830e+00,-7.898427786676747164e-01,2.712842238277412665e+00,-7.811773534791234264e-01,6.837890892677104260e-01,2.346066514217008958e-01,-1.047067275690366062e+00,1.224028493095221659e-01,-5.525174649786726011e-01,1.186578030744630308e+00,-2.576502355989225723e+00,-1.754322509436351263e+00,-4.837954744804191520e+00,6.564050558765683885e-01,-7.201516381201889416e+00
9.666444296197465036e+00,-1.093322263968304009e+00,5.039053997227249670e-01,-1.130844543114737366e-01,3.410753677830957287e+00,-7.890117275454460177e-01,2.708996306259723763e+00,-7.732622329963916297e-01,6.665116937330488600e-01,2.227889240361715650e-01,-1.079105442076238486e+00,1.267285160731807525e-01,-6.004590637733235869e-01,1.186324697910327686e+00,-2.603132034488133240e+00,-1.788532929993076781e+00,-4.766796696968428115e+00,6.404309338790334927e-01,-7.171035724955691748e+00
9.673115410273515735e+00,-1.098454390123718705e+00,5.082936574795883233e-01,-1.116382526157773114e-01,3.403449309579227311e+00,-7.881521747926824029e-01,2.704831243699143073e+00,-7.653498017397042386e-01,6.490592388196707585e-01,2.107449772316732362e-01,-1.110663119193943560e+00,1.309476513413282417e-01,-6.481905437933516145e-01,1.185773197974368420e+00,-2.628983260379902376e+00,-1.822140660084847985e+00,-4.693909313341247724e+00,6.244686818352872537e-01,-7.138524284665493269e+00
9.679786524349566434e+00,-1.103533745984291992e+00,5.125649185172902467e-01,-1.102731407472482689e-01,3.395936050995329580e+00,-7.872648307503496978e-01,2.700348497442191853e+00,-7.574420207501583180e-01,6.314369553827482440e-01,1.984788800704482270e-01,-1.141728876284459515e+00,1.350603696719618330e-01,-6.956983884662784057e-01,1.184931960285939834e+00,-2.654044768139389276e+00,-1.855131207502894064e+00,-4.619324435102060811e+00,6.085289014924490925e-01,-7.103991473462398787e+00
9.686457638425617134e+00,-1.108560368956674091e+00,5.167180675453167948e-01,-1.089905868563641606e-01,3.388217221266471846e+00,-7.863504047594063184e-01,2.695549604291486823e+00,-7.495407945362149160e-01,6.136501486318011178e-01,1.859947976520654467e-01,-1.172291497213936440e+00,1.390668562856395840e-01,-7.429691462842199501e-01,1.183809503071709734e+00,-2.678305532739963191e+00,-1.887490273511243100e+00,-4.543074563369843943e+00,5.926221748073325912e-01,-7.067447384207216743e+00
9.693128752501667833e+00,-1.113534308962535579e+00,5.207520249083269492e-01,-1.077920309910386232e-01,3.380296213675943573e+00,-7.854096046898979555e-01,2.690436190556570573e+00,-7.416479704989894506e-01,5.957041965087264135e-01,1.732969898018566490e-01,-1.202339984829343900e+00,1.429673669148920356e-01,-7.899894353306531336e-01,1.182414427975234217e+00,-2.701754774912631607e+00,-1.919203759101249851e+00,-4.465192845103594266e+00,5.767590583933064341e-01,-7.028902787108985528e+00
9.699799866577718532e+00,-1.118455628055772921e+00,5.246657470658518951e-01,-1.066788844691922422e-01,3.372176494128002133e+00,-7.844431364711588195e-01,2.685009971574614518e+00,-7.337653383940604401e-01,5.776045480309992541e-01,1.603898097178227400e-01,-1.231863565219190049e+00,1.467622276166945516e-01,-8.367459477904157783e-01,1.180755414568359196e+00,-2.724381966325179150e+00,-1.950257771181242994e+00,-4.385713058742306991e+00,5.609500779816095628e-01,-6.988369127089320898e+00
9.706470980653769232e+00,-1.123324400036271209e+00,5.284582270608242371e-01,-1.056525292604813399e-01,3.363861599644661027e+00,-7.834517036234057707e-01,2.679272751201078329e+00,-7.258946298299726596e-01,5.593567216005870257e-01,1.472777025764737679e-01,-1.260851691877590497e+00,1.504518345480165276e-01,-8.832254544413252750e-01,1.178841214837616391e+00,-2.746176834678835998e+00,-1.980638628698558001e+00,-4.304669599590882356e+00,5.452057228999513949e-01,-6.945858520893053445e+00
9.713142094729819931e+00,-1.128140710060410390e+00,5.321284949767163264e-01,-1.047143173774578578e-01,3.355355136835026286e+00,-7.824360067909380545e-01,2.673226421270491926e+00,-7.180375178036163542e-01,5.409663032791768300e-01,1.339652040980820469e-01,-1.289294049770001616e+00,1.540366537046005124e-01,-9.294148091255964861e-01,1.176680647648117084e+00,-2.767129368720173233e+00,-2.010332868691276254e+00,-4.222097464958111779e+00,5.295364405707975175e-01,-6.901383753946019439e+00
9.719813208805870630e+00,-1.132904654248630294e+00,5.356756183830622131e-01,-1.038655702764426092e-01,3.346660780337834762e+00,-7.813967432772136457e-01,2.666872961027455080e+00,-7.101956162725794330e-01,5.224389450302113769e-01,1.204569390717721289e-01,-1.317180559299035991e+00,1.575172206231248984e-01,-9.753009531995691095e-01,1.174282593188127111e+00,-2.787229823165723985e+00,-2.039327252266897261e+00,-4.138032239053361039e+00,5.139526310321792524e-01,-6.854958276960454455e+00
9.726484322881921329e+00,-1.137616339290234757e+00,5.390987027691376277e-01,-1.031075782683655295e-01,3.337782271237890175e+00,-7.803346065820228050e-01,2.660214436528058446e+00,-7.023704797646445064e-01,5.037803629284196560e-01,1.067576198410118415e-01,-1.344501380168680704e+00,1.608941400468872907e-01,-1.020870919959823375e+00,1.171655987396839294e+00,-2.806468723537062004e+00,-2.067608770505289240e+00,-4.052510077648471487e+00,4.984646414834636996e-01,-6.806596202289176389e+00
9.733155436957972029e+00,-1.142275882045736823e+00,5.423968919655981491e-01,-1.024415999398367305e-01,3.328723415457037760e+00,-7.792502859410227467e-01,2.653253000011833063e+00,-6.945636030244854986e-01,4.849963353373564767e-01,9.287204474995913728e-02,-1.371246915145488021e+00,1.641680855551854168e-01,-1.066111839044256326e+00,1.168809816378399979e+00,-2.824836870904003039e+00,-2.095164650283308561e+00,-3.965567692511458020e+00,4.830827608587890953e-01,-6.756312300029224005e+00
9.739826551034022728e+00,-1.146883409146967736e+00,5.455693685538425264e-01,-1.018688615847254952e-01,3.319488082120426231e+00,-7.781444658678623449e-01,2.645990889244444588e+00,-6.867764206976743058e-01,4.660927010556277228e-01,7.880509655122663881e-02,-1.397407813715132230e+00,1.673397991566265008e-01,-1.111010940806257619e+00,1.165753110804968351e+00,-2.842325346533567831e+00,-2.121982360018329850e+00,-3.877242335618963587e+00,4.678172144307285452e-01,-6.704121993876173136e+00
9.746497665110073427e+00,-1.151439056595187971e+00,5.486153542629170765e-01,-1.013905566464714247e-01,3.310080201898706331e+00,-7.770178256991324695e-01,2.638430426831303688e+00,-6.790103070520630002e-01,4.470753574324389801e-01,6.456174077562176761e-02,-1.422974975632942396e+00,1.704100908465082109e-01,-1.155555560660399328e+00,1.162494940311530334e+00,-2.858925516442603953e+00,-2.148049615328267770e+00,-3.787571783154052074e+00,4.526781584466663677e-01,-6.650041356730310937e+00
9.753168779186124127e+00,-1.155942969357486083e+00,5.515341103537428902e-01,-1.010078451714030157e-01,3.300503765326908923e+00,-7.758710391424058495e-01,2.630574019502267546e+00,-6.712665757365623431e-01,4.279502584530714415e-01,5.014702406439675020e-02,-1.447939554366998172e+00,1.733798381285474033e-01,-1.199733143398049373e+00,1.159044407885525763e+00,-2.874629035851713699e+00,-2.173354384605393097e+00,-3.696594319296463205e+00,4.376756748005803388e-01,-6.594087106055765091e+00
9.759839893262174826e+00,-1.160395300961674092e+00,5.543249379904737761e-01,-1.007218532733140659e-01,3.290762821100714497e+00,-7.747047738275589790e-01,2.622424157367676756e+00,-6.635464795773687863e-01,4.087234127949916362e-01,3.556607246460985472e-02,-1.472292960432404429e+00,1.762499855012142347e-01,-1.243531247471149070e+00,1.155410644253922703e+00,-2.889427853538379054e+00,-2.197884894501456632e+00,-3.604348719812222157e+00,4.228197657425931677e-01,-6.536276598994100517e+00
9.766511007338225525e+00,-1.164796213089963173e+00,5.569871785987899893e-01,-1.005336726095138328e-01,3.280861474350853069e+00,-7.735196908616706057e-01,2.613983413145910095e+00,-6.558512104116321906e-01,3.894008818552799900e-01,2.082408968821858331e-02,-1.496026864615434215e+00,1.790215439088519989e-01,-1.286937549242597179e+00,1.151602802270748072e+00,-2.903314216087126809e+00,-2.221629635321618945e+00,-3.510874235449885639e+00,4.081203486290034821e-01,-6.476627827233803814e+00
9.773182121414276224e+00,-1.169145875171642812e+00,5.595202142109387822e-01,-1.004443598686356465e-01,3.270803884896353431e+00,-7.723164443876664453e-01,2.605254441362711226e+00,-6.481818989585546031e-01,3.699887777500251995e-01,5.926355335471089614e-03,-1.519133201086294349e+00,1.816955901579825894e-01,-1.329939847201592862e+00,1.147630051307781951e+00,-2.916280672034603061e+00,-2.244577366324684853e+00,-3.416210575150351758e+00,3.935872507150778299e-01,-6.415159411637139542e+00
9.779853235490326924e+00,-1.173444463975034324e+00,5.619234677973379277e-01,-1.004549362703875681e-01,3.260594265477418485e+00,-7.710956811470018879e-01,2.596239977522508902e+00,-6.405396147278950014e-01,3.504932612864504193e-01,-9.121776916715562677e-03,-1.541604170399273332e+00,1.842732662989561843e-01,-1.372526066142346846e+00,1.143501571651328153e+00,-2.928320075907570263e+00,-2.266717120927293827e+00,-3.320397889077704612e+00,3.792302039932724522e-01,-6.351890596626151186e+00
9.786524349566377623e+00,-1.177692163198946984e+00,5.641964035845632441e-01,-1.005663870775244939e-01,3.250236879968638526e+00,-7.698580400465573348e-01,2.586942837251992255e+00,-6.329253659658269360e-01,3.309205399084468313e-01,-2.431488116078622808e-02,-1.563432242379109383e+00,1.867557789733751417e-01,-1.414684261304510970e+00,1.139226548907806613e+00,-2.939425592151712507e+00,-2.288038211809569233e+00,-3.223476751478248303e+00,3.650588400791529020e-01,-6.286841244329462342e+00
9.793195463642428322e+00,-1.181889163063918557e+00,5.663385273595383795e-01,-1.007796611202415871e-01,3.239736041573367586e+00,-7.686041517300264969e-01,2.577365915416184983e+00,-6.253400996380618082e-01,3.112768656162662739e-01,-3.964746113829908936e-02,-1.584610158892465259e+00,1.891443987275507332e-01,-1.456402622473809805e+00,1.134814168421167002e+00,-2.949590698949281276e+00,-2.308530235919895368e+00,-3.125488143375350525e+00,3.510826851476500643e-01,-6.220031828491730863e+00
9.799866577718479022e+00,-1.186035659903435180e+00,5.683493867597703142e-01,-1.010956703332126783e-01,3.229096110999968516e+00,-7.673346381539739580e-01,2.567512185207325270e+00,-6.177847014502023670e-01,2.915685328611461458e-01,-5.511395215270659120e-02,-1.605130936503406769e+00,1.914404592923393822e-01,-1.497669478041193436e+00,1.130273609704632642e+00,-2.958809191923734261e+00,-2.328183079376567655e+00,-3.026473435107302823e+00,3.373111549218212879e-01,-6.151483428147857424e+00
9.806537691794529721e+00,-1.190131855755448109e+00,5.702285715494519458e-01,-1.015152893055073779e-01,3.218321494620741241e+00,-7.660501121688263471e-01,2.557384697206776192e+00,-6.102599959051442369e-01,2.718018764155626932e-01,-7.070872301451547326e-02,-1.624987869011926822e+00,1.936453568297554217e-01,-1.538473299019095908e+00,1.125614040889908463e+00,-2.967075187729326657e+00,-2.346986922263937902e+00,-2.926474368715882957e+00,3.237535497167054466e-01,-6.081217721063694626e+00
9.813208805870580420e+00,-1.194177957954361213e+00,5.719757138812808783e-01,-1.020393548435819947e-01,3.207416642614320246e+00,-7.647511771049849694e-01,2.546986578420326719e+00,-6.027667463974810680e-01,2.519832692199712176e-01,-8.642607801805046730e-02,-1.644174529874457891e+00,1.957605491466914427e-01,-1.578802703013064246e+00,1.120844613196354977e+00,-2.974383127523925197e+00,-2.364932243320873262e+00,-2.825533040193214163e+00,3.104190495404676176e-01,-6.009256976945769324e+00
9.819879919946631119e+00,-1.198174178723796945e+00,5.735904885438382061e-01,-1.026686655475620158e-01,3.196386047092293570e+00,-7.634384263643039237e-01,2.536321031287116501e+00,-5.953056553447075849e-01,2.321191202067336423e-01,-1.022602589491585778e-01,-1.662684774505544416e+00,1.977875548761540703e-01,-1.618646458147424028e+00,1.115974455423105027e+00,-2.980727780323180198e+00,-2.382009824519338181e+00,-2.723691881594397568e+00,2.973167092552551072e-01,-5.935624050421883346e+00
9.826551034022681819e+00,-1.202120734770353305e+00,5.750726131943708630e-01,-1.034039814010301594e-01,3.185234240210903955e+00,-7.621124430171308806e-01,2.525391332662551225e+00,-5.878773643550812000e-01,2.122158721020919181e-01,-1.182054471230692405e-01,-1.680512742459730591e+00,1.997279526264536531e-01,-1.657993486943286854e+00,1.111012668466826669e+00,-2.986104246234241977e+00,-2.398210755530833183e+00,-2.620993643023914466e+00,2.844554538000387822e-01,-5.860342373795175419e+00
9.833222148098732518e+00,-1.206017846878587818e+00,5.764218485768471956e-01,-1.042460233744920417e-01,3.173965792268561792e+00,-7.607737994051279040e-01,2.514200832775512762e+00,-5.804824544319848734e-01,1.922799992069818553e-01,-1.342557654516689514e-01,-1.697652859492879474e+00,2.015833800986954472e-01,-1.696832870147483296e+00,1.105968319867774330e+00,-2.990507959567447749e+00,-2.413526438078753777e+00,-2.517481374503220959e+00,2.718440734776437218e-01,-5.783435949574029067e+00
9.839893262174783217e+00,-1.209865739507513194e+00,5.776379987251354375e-01,-1.051954730427365203e-01,3.162585309790029164e+00,-7.594230567500948048e-01,2.502752954160173182e+00,-5.731214462145486355e-01,1.723180051574796923e-01,-1.504052805394340830e-01,-1.714099839502172262e+00,2.033555331730723947e-01,-1.735153850510961604e+00,1.100850438387057650e+00,-2.993934691824167160e+00,-2.427948590174452193e+00,-2.413198407727535688e+00,2.594912193083320773e-01,-5.704929342780179269e+00
9.846564376250833917e+00,-1.213664640388788740e+00,5.787209111511765203e-01,-1.062529722162779550e-01,3.151097433598063713e+00,-7.580607647689709960e-01,2.491051190562794559e+00,-5.657948002543453647e-01,1.523364206657409903e-01,-1.666480048072330744e-01,-1.729848686344045428e+00,2.050461649644029771e-01,-1.772945836515095408e+00,1.095668008617638467e+00,-2.996380554559259224e+00,-2.441469250235023036e+00,-2.308188337719528249e+00,2.474053984519626326e-01,-5.624847673037796980e+00
9.853235490326884616e+00,-1.217414780126905072e+00,5.796704770180256538e-01,-1.074191225870398531e-01,3.139506836873344753e+00,-7.566874612952674273e-01,2.479099105823841409e+00,-5.585029173279192349e-01,1.323418012422826751e-01,-1.829778986431752630e-01,-1.744894695529408679e+00,2.066570848473227862e-01,-1.810198406044515540e+00,1.090429965631928733e+00,-2.997842002116566373e+00,-2.454080781080877127e+00,-2.202495004387992061e+00,2.355949697011350263e-01,-5.543216606446221384e+00
9.859906604402935315e+00,-1.221116391801550627e+00,5.804866312976348919e-01,-1.086944853884993512e-01,3.127818223203501447e+00,-7.553036719070675975e-01,2.466900332735772583e+00,-5.512461387848831551e-01,1.123407249004191866e-01,-1.993888725797515193e-01,-1.759233455795558232e+00,2.081901574517101838e-01,-1.846901310004996688e+00,1.085145189668515586e+00,-2.998315834235878441e+00,-2.465775873811068220e+00,-2.096162473999124032e+00,2.240681390471874757e-01,-5.460062347239007963e+00
9.866577718478986014e+00,-1.224769710572431780e+00,5.811693529132717639e-01,-1.100795810704137401e-01,3.116036324622067699e+00,-7.539099095618647661e-01,2.454458571876883433e+00,-5.440247469313324036e-01,9.233978984375806887e-02,-2.158747894963919389e-01,-1.772860850554205392e+00,2.096473016287186408e-01,-1.883044475885019109e+00,1.079822500860761147e+00,-2.997799198529989440e+00,-2.476547551554647786e+00,-1.989235020568573598e+00,2.128329553213961223e-01,-5.375411629232310418e+00
9.873248832555036714e+00,-1.228374973286758154e+00,5.817186648664489645e-01,-1.115748889883464018e-01,3.104165899638190673e+00,-7.525066742383582641e-01,2.441777590421593036e+00,-5.368389654482761397e-01,7.234561213760531961e-02,-2.324294668466395652e-01,-1.785773059215121750e+00,2.110304893880407817e-01,-1.918618011259544787e+00,1.074470654009851867e+00,-2.996289592830314596e+00,-2.486389173096029026e+00,-1.881757107182187694e+00,2.018973059132540548e-01,-5.289291707065480352e+00
9.879919946631087413e+00,-1.231932418089648040e+00,5.821346343482741714e-01,-1.131808471081176132e-01,3.092211731257921148e+00,-7.510944525854601483e-01,2.428861220927523767e+00,-5.296889598447704905e-01,5.236482336514347580e-02,-2.490466789090962640e-01,-1.797966558384979985e+00,2.123417448068409819e-01,-1.953612207234747933e+00,1.069098333404958856e+00,-2.993784867399776228e+00,-2.495294436372732960e+00,-1.773773367253313138e+00,1.912689125679927216e-01,-5.201730347236850349e+00
9.886591060707138112e+00,-1.235442284037654659e+00,5.824173728351125234e-01,-1.148978517253507747e-01,3.080178624997938375e+00,-7.496737175786604146e-01,2.415713360099847051e+00,-5.225748379454673298e-01,3.240406826934000284e-02,-2.657201590612383590e-01,-1.809438122940932869e+00,2.135831429109306123e-01,-1.988017541832162838e+00,1.063714147693012979e+00,-2.990283227011639955e+00,-2.503257381843680740e+00,-1.665328585725013522e+00,1.809553272652633105e-01,-5.112755818938129693e+00
9.893262174783188811e+00,-1.238904810715678151e+00,5.825670361684738285e-01,-1.167262572002653320e-01,3.068071406892509678e+00,-7.482449281839521626e-01,2.402337967533207053e+00,-5.154966504121806237e-01,1.247000238138329387e-02,-2.824436020753063881e-01,-1.820184826978674675e+00,2.147568085287331341e-01,-2.021824683311140181e+00,1.058326624800750348e+00,-2.985783232892984529e+00,-2.510272395726396155e+00,-1.556467680224805417e+00,1.709639281809769429e-01,-5.022396884690156327e+00
9.899933288859239511e+00,-1.242320237857448273e+00,5.825838246190373493e-01,-1.186663757078505188e-01,3.055894921494569427e+00,-7.468085290294866896e-01,2.388739064431738335e+00,-5.084543912991867920e-01,-7.430710363342307723e-03,-2.992106664353154089e-01,-1.830204044634600402e+00,2.158649151185781934e-01,-2.055024493428073917e+00,1.052944206911417435e+00,-2.980283804531695058e+00,-2.516334213101492079e+00,-1.447235682180354255e+00,1.613019157341661902e-01,-4.930682790783834868e+00
9.906604402935290210e+00,-1.245688804969842245e+00,5.824679829347335636e-01,-1.207184770035653054e-01,3.043654029871707856e+00,-7.453649500851478038e-01,2.374920732307514548e+00,-5.014479986418165502e-01,-2.729140002091995365e-02,-3.160149766743548527e-01,-1.839493450781917838e+00,2.169096835699135251e-01,-2.087608030631318279e+00,1.047575245498769458e+00,-2.973784221345740164e+00,-2.521437920882860784e+00,-1.337677717903894115e+00,1.519763087208176877e-01,-4.837643257529139262e+00
9.913275517011340909e+00,-1.249010750961226934e+00,5.822198003728028537e-01,-1.228827882047100473e-01,3.031353607597962796e+00,-7.439146063501925754e-01,2.360887111657932191e+00,-4.944773550779821281e-01,-4.710539304520322545e-02,-3.328501257312290740e-01,-1.848051021600466193e+00,2.178933809790551679e-01,-2.119566553190325386e+00,1.042227996420768799e+00,-2.966284124213637075e+00,-2.525578960651958305e+00,-1.227838989653786683e+00,1.429939405364357707e-01,-4.743308469316042775e+00
9.919946631087391609e+00,-1.252286313774062076e+00,5.818396107157776109e-01,-1.251594935875542380e-01,3.018998542742211022e+00,-7.424578975491664679e-01,2.346642400622419355e+00,-4.875422885022446251e-01,-6.686601470388320312e-02,-3.497096773255621849e-01,-1.855875035020148056e+00,2.188183193999783116e-01,-2.150891522257945443e+00,1.036910615075387287e+00,-2.957783516865184037e+00,-2.528753131354914530e+00,-1.117764756680943661e+00,1.343614554892054169e-01,-4.647709064490675779e+00
9.926617745163442308e+00,-1.255515730021971921e+00,5.813277922713090407e-01,-1.275487344003911616e-01,3.006593733854037609e+00,-7.409952078362129768e-01,2.332190853618959281e+00,-4.806425727519674229e-01,-8.656659150335527242e-02,-3.665871683504272616e-01,-1.862964071037892078e+00,2.196868545708685061e-01,-2.181574604864528144e+00,1.031631151620982623e+00,-2.948282767131312543e+00,-2.530956591860844984e+00,-1.007500316268469698e+00,1.260853052054353718e-01,-4.550876125050410614e+00
9.933288859239493007e+00,-1.258699234631496910e+00,5.806847678557928161e-01,-1.300506086926063454e-01,2.994144087947900434e+00,-7.395269055079582987e-01,2.317536779960860382e+00,-4.737779283251418727e-01,-1.062004536214632422e-01,-3.834761112815848749e-01,-1.869317011908125048e+00,2.205013846169968650e-01,-2.211607676842709758e+00,1.026397546263550398e+00,-2.937782608052234679e+00,-2.532185863380105317e+00,-8.970909847724126696e-01,1.181717451289903131e-01,-4.452841166161529252e+00
9.939959973315543706e+00,-1.261837060488747664e+00,5.799110047617447306e-01,-1.326651711598546279e-01,2.981654518486455352e+00,-7.380533427251499967e-01,2.302684542454251915e+00,-4.669480231294178552e-01,-1.257609373471391678e-01,-4.003699966023664403e-01,-1.874933042206797573e+00,2.212643487305324397e-01,-2.240982825681687274e+00,1.021217624613282471e+00,-2.926284138843019189e+00,-2.532437831741234824e+00,-7.865820786719546209e-01,1.106268311165046203e-01,-4.353636125503339116e+00
9.946631087391594406e+00,-1.264929438091147329e+00,5.790070147088749453e-01,-1.353924330054907810e-01,2.969129943363877366e+00,-7.365748552431410356e-01,2.287638555976780452e+00,-4.601524732618745839e-01,-1.452413875260303300e-01,-4.172622952432893384e-01,-1.879811648769041277e+00,2.219782258280142972e-01,-2.269692353309822774e+00,1.016099093112616814e+00,-2.913788825715701414e+00,-2.531709749525199893e+00,-6.760188956368035074e-01,1.034564161297650831e-01,-4.253293352442428343e+00
9.953302201467645105e+00,-1.267976595204487467e+00,5.779733537788366293e-01,-1.382323618182917380e-01,2.956575282890002043e+00,-7.350917621514421185e-01,2.272403286037975256e+00,-4.533908438190502599e-01,-1.646351600111147229e-01,-4.341464610354220932e-01,-1.883952620500606967e+00,2.226455331860303644e-01,-2.297728778804501992e+00,1.011049534538130734e+00,-2.900298502557304481e+00,-2.529999238055951949e+00,-5.654466956200657757e-01,9.666614702708042905e-02,-4.151845597041095459e+00
9.959973315543695804e+00,-1.270978756525476872e+00,5.768106223336086913e-01,-1.411848814666129270e-01,2.943995457776174440e+00,-7.336043656224116027e-01,2.256983247321801667e+00,-4.466626497367278681e-01,-1.839356241173585316e-01,-4.510159331765432600e-01,-1.887356048063273395e+00,2.232688250558718668e-01,-2.325084841028083549e+00,1.006076403578454848e+00,-2.885815371462954637e+00,-2.527304289245968061e+00,-4.549106819845951666e-01,9.026146145495483886e-02,-4.049325998903917423e+00
9.966644429619746504e+00,-1.273936143350002714e+00,5.755194649174905086e-01,-1.442498720090252262e-01,2.931395387123576057e+00,-7.321129506692787281e-01,2.241383002211844389e+00,-4.399673566589449303e-01,-2.031361650794647478e-01,-4.678641387091451720e-01,-1.890022323434495499e+00,2.238506912577665486e-01,-2.351753501188972972e+00,1.001187022490432232e+00,-2.870342003123511176e+00,-2.523623267295856287e+00,-3.444559826706961037e-01,8.424758484170258299e-02,-3.945768075866354252e+00
9.973315543695797203e+00,-1.276848973247270980e+00,5.741005701426983299e-01,-1.474271696215201100e-01,2.918779986414953509e+00,-7.306177849135997437e-01,2.225607159299706428e+00,-4.333043818357438237e-01,-2.222301865116803332e-01,-4.846844950092500381e-01,-1.891952139341560368e+00,2.243937557554071816e-01,-2.377727945326641112e+00,9.963885768356277595e-01,-2.853881337067178947e+00,-2.518954910246952394e+00,-2.341276314135258829e-01,7.862952749433427257e-02,-3.841205712529883076e+00
9.979986657771847902e+00,-1.279717459740043806e+00,5.725546705585442542e-01,-1.507165665413499334e-01,2.906154165510507426e+00,-7.291191183622973693e-01,2.209660371877037566e+00,-4.266730950490614793e-01,-2.412111128687695893e-01,-5.014704122851276757e-01,-1.893146488570650376e+00,2.249006752114530161e-01,-2.403001586719741400e+00,9.916881112993451985e-01,-2.836436681754505251e+00,-2.513298331385989570e+00,-1.239705490177274161e-01,7.341208180016867146e-02,-3.735673148647355113e+00
9.986657771847898601e+00,-1.282541811991136260e+00,5.708825425041946788e-01,-1.541178110275820135e-01,2.893522826648818658e+00,-7.276171831943784030e-01,2.193547336411795001e+00,-4.200728195662445374e-01,-2.600723919071020740e-01,-5.182152960848643852e-01,-1.893606663151185865e+00,2.253741375247419465e-01,-2.427568068216193531e+00,9.870925255941576104e-01,-2.818011714526339695e+00,-2.506653020500876572e+00,-1.402952469759455312e-02,6.859981953440663638e-02,-3.629204967363232726e+00
9.993328885923949301e+00,-1.285322234496368177e+00,5.690850059450209830e-01,-1.576306073383785811e-01,2.880890862453620027e+00,-7.261121935574987862e-01,2.177272791009195796e+00,-4.135028331206128671e-01,-2.788074971449213679e-01,-5.349125498118267874e-01,-1.893334253415928981e+00,2.258168603498469929e-01,-2.451421264484392459e+00,9.826085704500093776e-01,-2.798610481404451455e+00,-2.499018844986943488e+00,9.565080250955726449e-02,6.419708927509826246e-02,-3.521836083312796184e+00
1.000000000000000000e+01,-1.288058926784146907e+00,5.671629242925315673e-01,-1.612546157251182055e-01,2.868263153947276489e+00,-7.246043453744266394e-01,2.160841513857939766e+00,-4.069623689184540538e-01,-2.974099303207706768e-01,-5.515555772469844520e-01,-1.892331146937370701e+00,2.262315895998196491e-01,-2.474555284184519532e+00,9.782428436928947146e-01,-2.778237396744277277e+00,-2.490396050802609285e+00,2.050259622486909628e-01,6.020801392656727202e-02,-3.413601730584808536e+00
